Date,Open,High,Low,Close,Adj Close,Volume
2000-06-09,11.053719,11.621901,10.795455,11.311983,11.217306,7867662
2000-06-12,11.208678,12.086777,11.157025,11.931818,11.831953,1204676
2000-06-13,11.983471,12.035124,11.363636,11.725207,11.627071,594715
2000-06-14,11.466942,11.673554,11.415289,11.570248,11.473409,605363
2000-06-15,11.466942,11.828512,11.466942,11.621901,11.524630,517880
2000-06-16,11.570248,11.725207,11.570248,11.621901,11.524630,155606
2000-06-19,11.828512,12.551653,11.776860,12.448347,12.344159,1053184
2000-06-20,12.448347,12.913223,12.396694,12.861570,12.753923,678568
2000-06-21,12.758264,13.171488,12.396694,12.603306,12.497821,376552
2000-06-22,13.016529,13.119835,12.603306,12.706612,12.600262,287980
2000-06-23,12.603306,12.603306,12.035124,12.293388,12.190497,182105
2000-06-26,12.241736,13.016529,12.035124,12.861570,12.753923,339889
2000-06-27,12.654959,13.481405,12.654959,13.119835,13.010027,470327
2000-06-28,13.119835,13.429752,12.964876,13.119835,13.010027,434874
2000-06-29,13.016529,13.016529,12.706612,12.809917,12.702703,319440
2000-06-30,12.809917,13.378099,12.500000,13.378099,13.266129,279631
2000-07-03,13.223140,13.223140,13.016529,13.068182,12.958806,47795
2000-07-05,12.913223,14.049587,12.913223,13.378099,13.266129,595925
2000-07-06,13.378099,13.584711,13.119835,13.326446,13.214909,84458
2000-07-07,13.326446,13.636364,13.223140,13.533058,13.419791,286165
2000-07-10,13.378099,14.204545,13.223140,13.894628,13.778335,522841
2000-07-11,13.946281,14.049587,13.533058,14.049587,13.931997,229053
2000-07-12,14.359504,16.115702,14.101240,14.669421,14.546643,983125
2000-07-13,14.772727,15.650826,14.514463,15.392562,15.263732,91234
2000-07-14,15.392562,15.392562,14.876033,14.876033,14.751526,128381
2000-07-17,14.876033,15.134298,14.721074,15.030992,14.905188,67518
2000-07-18,14.979339,15.185950,13.119835,15.082645,14.956409,278905
2000-07-19,14.876033,14.876033,14.049587,14.256198,14.136879,56991
2000-07-20,14.256198,14.359504,13.946281,13.946281,13.829556,76351
2000-07-21,14.152893,14.669421,14.152893,14.462810,14.341762,140239
2000-07-24,14.462810,14.617769,14.462810,14.617769,14.495424,63525
2000-07-25,14.876033,14.876033,14.514463,14.514463,14.392982,49126
2000-07-26,14.514463,15.495868,14.152893,15.289256,15.161291,199166
2000-07-27,15.082645,15.082645,14.462810,14.669421,14.546643,134431
2000-07-28,14.876033,14.876033,14.359504,14.359504,14.239320,69817
2000-07-31,14.359504,14.359504,13.842975,14.256198,14.136879,61105
2000-08-01,14.256198,15.289256,14.256198,14.979339,14.853968,279389
2000-08-02,14.979339,15.185950,14.927686,15.030992,14.905188,148709
2000-08-03,14.876033,15.599174,14.876033,15.547521,15.417394,297902
2000-08-04,15.547521,15.805785,15.444215,15.702479,15.571055,49126
2000-08-07,15.702479,16.373966,15.702479,16.115702,15.980820,133584
2000-08-08,16.115702,16.735537,16.115702,16.580580,16.441807,30976
2000-08-09,16.735537,17.458677,16.528927,17.200413,17.056452,146894
2000-08-10,17.045456,17.975206,16.528927,16.735537,16.595467,402809
2000-08-11,16.632231,16.942148,16.219007,16.632231,16.493025,153186
2000-08-14,16.528927,17.148760,16.528927,16.838842,16.697908,157421
2000-08-15,16.942148,17.045456,16.632231,16.787189,16.646687,103939
2000-08-16,16.632231,16.632231,15.857438,15.857438,15.724717,73810
2000-08-17,15.702479,16.115702,15.495868,16.012398,15.878380,45133
2000-08-18,16.012398,16.012398,15.340909,15.392562,15.263732,436689
2000-08-21,14.876033,14.876033,13.636364,14.049587,13.931997,253374
2000-08-22,14.049587,16.942148,13.739669,16.632231,16.493025,473594
2000-08-23,16.735537,16.942148,16.322313,16.735537,16.595467,115313
2000-08-24,16.632231,16.632231,16.012398,16.012398,15.878380,152702
2000-08-25,15.805785,16.735537,15.805785,16.632231,16.493025,169158
2000-08-28,16.632231,16.632231,15.392562,16.064051,15.929601,213323
2000-08-29,16.064051,16.735537,15.805785,16.735537,16.595467,189244
2000-08-30,16.942148,17.561983,16.942148,17.407024,17.261333,71511
2000-08-31,18.181818,20.867769,18.078512,19.628099,19.463820,517880
2000-09-01,19.628099,19.628099,19.008265,19.266529,19.105276,43439
2000-09-05,19.318182,19.731405,18.801653,19.524794,19.361378,351021
2000-09-06,19.524794,20.247934,19.524794,19.989670,19.822363,185856
2000-09-07,19.989670,20.041323,19.008265,19.008265,18.849173,101035
2000-09-08,19.214876,19.576447,19.111570,19.421488,19.258938,147378
2000-09-11,19.318182,20.247934,19.318182,19.628099,19.463820,180653
2000-09-12,19.628099,23.347107,19.628099,22.520660,22.332170,189123
2000-09-13,22.623966,22.623966,21.177687,21.487602,21.307758,257125
2000-09-14,21.694216,23.088842,21.694216,22.159092,21.973629,80949
2000-09-15,22.210745,22.210745,21.332645,21.694216,21.512644,299959
2000-09-18,21.590908,22.004131,20.971073,21.280993,21.102879,77561
2000-09-19,21.280993,22.262398,21.280993,22.262398,22.076071,442739
2000-09-20,22.107437,22.107437,21.797522,22.004131,21.819965,158994
2000-09-21,22.210745,22.623966,22.004131,22.623966,22.434612,277090
2000-09-22,22.210745,25.206612,22.107437,24.793388,24.585876,583220
2000-09-25,24.793388,24.793388,23.811983,23.811983,23.612686,84821
2000-09-26,23.657024,23.708677,23.243801,23.657024,23.459024,176297
2000-09-27,23.657024,24.690083,23.657024,23.966942,23.766348,150403
2000-09-28,24.586777,24.896694,24.173553,24.741735,24.534657,209330
2000-09-29,24.638430,26.859505,24.638430,26.549587,26.327377,497794
2000-10-02,26.859505,27.995869,26.859505,27.530993,27.300568,161172
2000-10-03,27.582645,27.892563,27.272726,27.685949,27.454227,166375
2000-10-04,27.272726,27.272726,24.586777,24.948347,24.739538,284229
2000-10-05,24.793388,24.896694,21.590908,23.966942,23.766348,538813
2000-10-06,23.657024,23.708677,22.469007,22.623966,22.434612,256520
2000-10-09,22.675619,22.675619,21.952478,22.004131,21.819965,67276
2000-10-10,21.797522,22.675619,21.797522,22.623966,22.434612,170368
2000-10-11,22.520660,23.347107,22.159092,23.192148,22.998039,235345
2000-10-12,23.243801,24.173553,23.243801,24.018595,23.817568,187066
2000-10-13,24.018595,24.276859,23.657024,23.708677,23.510244,187792
2000-10-16,23.708677,23.863636,23.553719,23.863636,23.663906,56628
2000-10-17,23.863636,24.431818,23.140495,24.276859,24.073671,91718
2000-10-18,24.328512,26.033058,23.140495,25.000000,24.790760,359854
2000-10-19,25.051653,25.826447,23.760330,24.070248,23.868788,352836
2000-10-20,24.173553,24.173553,23.553719,23.760330,23.561464,71269
2000-10-23,24.380165,24.793388,23.553719,24.070248,23.868788,136488
2000-10-24,23.966942,25.206612,23.966942,24.690083,24.483437,339889
2000-10-25,24.690083,24.793388,24.535124,24.741735,24.534657,71874
2000-10-26,24.690083,26.033058,24.380165,25.206612,24.995642,263296
2000-10-27,25.000000,25.000000,22.727274,22.882231,22.690716,230021
2000-10-30,23.037189,23.450413,22.055784,23.295456,23.100481,457743
2000-10-31,23.450413,23.553719,23.088842,23.295456,23.100481,7707579
2000-11-01,23.140495,23.192148,21.384298,21.487602,21.307758,3626128
2000-11-02,21.487602,22.107437,21.280993,21.694216,21.512644,566522
2000-11-03,21.384298,22.933884,20.867769,22.107437,21.922405,641784
2000-11-06,22.107437,22.985537,21.487602,22.107437,21.922405,721886
2000-11-07,21.900826,22.675619,21.900826,22.314051,22.127291,285318
2000-11-08,22.210745,22.675619,21.849174,22.210745,22.024849,387442
2000-11-09,22.210745,23.347107,22.107437,22.675619,22.485832,482669
2000-11-10,22.778927,23.605371,22.778927,23.347107,23.151701,594957
2000-11-13,23.140495,23.140495,21.022726,22.314051,22.127291,358886
2000-11-14,22.520660,23.140495,22.520660,22.985537,22.793156,172546
2000-11-15,23.243801,23.243801,22.882231,22.933884,22.741936,319077
2000-11-16,22.933884,23.140495,22.417355,22.469007,22.280951,199287
2000-11-17,22.520660,22.520660,21.487602,22.107437,21.922405,142538
2000-11-20,21.900826,21.900826,20.041323,21.074381,20.897997,246235
2000-11-21,21.126034,21.487602,20.764463,21.177687,21.000437,423984
2000-11-22,21.229340,21.229340,20.712811,20.712811,20.539452,71027
2000-11-24,20.712811,20.919420,20.712811,20.919420,20.744333,16456
2000-11-27,21.074381,22.210745,21.074381,22.107437,21.922405,330330
2000-11-28,22.004131,22.107437,21.900826,21.900826,21.717524,81796
2000-11-29,21.900826,22.262398,21.849174,22.159092,21.973629,110957
2000-11-30,22.314051,24.896694,22.314051,24.431818,24.227333,867086
2000-12-01,25.000000,25.000000,23.966942,23.966942,23.766348,429187
2000-12-04,22.933884,23.371901,22.107437,23.140495,22.946817,537966
2000-12-05,23.140495,23.966942,23.016529,23.966942,23.766348,413094
2000-12-06,23.966942,25.206612,23.966942,24.669420,24.462946,443949
2000-12-07,24.669420,24.884298,24.132231,24.834711,24.626854,95953
2000-12-08,24.710745,28.347107,24.710745,27.958677,27.724674,543048
2000-12-11,27.768595,27.768595,25.826447,26.446281,26.224936,319319
2000-12-12,26.859505,26.942148,26.198347,26.198347,25.979076,170489
2000-12-13,26.198347,26.388430,25.950413,26.024794,25.806976,200497
2000-12-14,25.991735,25.991735,25.016529,25.016529,24.807150,63283
2000-12-15,25.041323,25.743801,25.000000,25.371901,25.159548,279026
2000-12-18,26.033058,28.677687,26.033058,26.446281,26.224936,553454
2000-12-19,27.066116,27.107437,26.239670,26.239670,26.020054,287496
2000-12-20,26.115702,27.438017,25.867769,27.355371,27.126417,149556
2000-12-21,27.355371,27.479340,26.446281,26.446281,26.224936,78771
2000-12-22,26.652893,28.181818,26.652893,27.685949,27.454227,106117
2000-12-26,27.892563,30.371901,27.892563,28.595041,28.355711,341583
2000-12-27,28.801653,29.504131,27.933884,29.421488,29.175241,207515
2000-12-28,29.752066,30.743801,29.752066,30.206612,29.953794,353441
2000-12-29,30.165289,30.702478,28.925619,28.925619,28.683523,528528
2001-01-02,29.008265,29.297522,27.190083,27.264463,27.036270,321981
2001-01-03,27.264463,27.685949,26.024794,26.033058,25.815172,231473
2001-01-04,25.826447,25.826447,21.983471,22.363636,22.176460,665379
2001-01-05,22.933884,24.140495,22.561983,23.909092,23.708982,331782
2001-01-08,23.917355,23.966942,23.041323,23.214876,23.020576,186703
2001-01-09,23.223141,23.223141,22.479340,22.479340,22.291197,354046
2001-01-10,22.685949,24.338842,22.685949,23.966942,23.766348,274186
2001-01-11,24.173553,24.256199,23.347107,23.429752,23.233654,76472
2001-01-12,23.347107,23.760330,22.561983,22.570248,22.381344,59290
2001-01-16,22.561983,22.644629,21.983471,22.107437,21.922405,67518
2001-01-17,22.107437,22.495869,18.347107,20.661158,20.488232,1371656
2001-01-18,20.661158,21.322313,20.247934,20.950413,20.775066,543653
2001-01-19,20.909092,21.487602,19.214876,20.661158,20.488232,663564
2001-01-22,20.669420,21.033058,20.165289,20.247934,20.078466,430760
2001-01-23,20.661158,22.438017,20.595041,22.347107,22.160070,744876
2001-01-24,23.140495,23.140495,21.685949,21.719007,21.537228,285318
2001-01-25,21.611570,21.694216,20.661158,21.487602,21.307758,123783
2001-01-26,22.024794,22.909092,21.404959,22.314051,22.127291,329846
2001-01-29,22.314051,22.636364,22.148760,22.272726,22.086311,99220
2001-01-30,22.272726,22.280993,21.694216,21.900826,21.717524,144595
2001-01-31,21.900826,22.041323,20.619835,20.710745,20.537403,254342
2001-02-01,20.661158,21.280993,20.578512,21.090908,20.914385,373406
2001-02-02,21.115702,21.487602,20.867769,20.909092,20.734091,153428
2001-02-05,21.487602,21.570248,21.322313,21.413223,21.234003,178959
2001-02-06,22.107437,22.561983,21.983471,22.148760,21.963383,194084
2001-02-07,22.024794,22.933884,21.942148,22.735537,22.545248,153186
2001-02-08,22.768595,23.016529,22.727274,22.727274,22.537056,37510
2001-02-09,22.735537,22.735537,22.396694,22.545456,22.356758,55176
2001-02-12,22.644629,23.347107,22.644629,22.975206,22.782913,317746
2001-02-13,22.975206,23.157024,22.727274,23.148760,22.955013,285681
2001-02-14,23.140495,23.140495,22.727274,22.735537,22.545248,63646
2001-02-15,22.809917,22.809917,22.727274,22.727274,22.537056,45375
2001-02-16,22.727274,23.264463,22.644629,23.264463,23.069748,45254
2001-02-20,23.471073,23.471073,22.685949,22.727274,22.537056,157179
2001-02-21,22.727274,22.809917,21.074381,21.487602,21.307758,187066
2001-02-22,22.727274,22.909092,22.314051,22.520660,22.332170,303468
2001-02-23,23.553719,23.760330,22.975206,23.082645,22.889452,207394
2001-02-26,23.016529,23.223141,22.900826,23.165289,22.971405,172183
2001-02-27,23.165289,23.429752,23.132231,23.429752,23.233654,111320
2001-02-28,23.429752,23.512398,23.140495,23.264463,23.069748,60016
2001-03-01,23.471073,23.520660,23.190083,23.280993,23.086140,22506
2001-03-02,23.487602,23.487602,22.892563,23.305784,23.110723,95348
2001-03-05,23.181818,23.181818,22.842976,22.842976,22.651789,26499
2001-03-06,23.049587,23.305784,21.074381,21.223141,21.045511,137577
2001-03-07,21.280993,21.487602,20.330580,20.661158,20.488232,339042
2001-03-08,20.661158,21.363636,20.619835,20.743801,20.570183,620972
2001-03-09,20.752066,20.867769,18.842976,20.123966,19.955536,598587
2001-03-12,19.958677,21.487602,19.669420,20.537189,20.365301,113377
2001-03-13,21.280993,21.280993,19.710745,19.859505,19.693289,224576
2001-03-14,20.454544,20.454544,19.876034,19.876034,19.709679,33638
2001-03-15,20.454544,20.950413,20.256199,20.619835,20.447254,127292
2001-03-16,20.743801,22.603306,20.743801,22.404959,22.217438,193358
2001-03-19,22.479340,22.479340,22.024794,22.322313,22.135485,249986
2001-03-20,22.933884,23.305784,22.776859,22.785124,22.594421,77803
2001-03-21,22.851240,23.322313,22.768595,23.140495,22.946817,99341
2001-03-22,23.057852,23.140495,22.247934,22.404959,22.217438,311817
2001-03-23,22.314051,22.314051,21.694216,21.826447,21.643768,222277
2001-03-26,21.900826,21.983471,21.157024,21.710745,21.529034,388531
2001-03-27,21.735537,21.983471,21.322313,21.694216,21.512644,207999
2001-03-28,21.900826,22.322313,21.487602,21.652893,21.471666,258940
2001-03-29,22.148760,22.314051,21.487602,21.694216,21.512644,135520
2001-03-30,21.900826,23.553719,21.900826,23.553719,23.356583,167464
2001-04-02,23.553719,23.553719,22.644629,22.809917,22.619007,73084
2001-04-03,22.727274,22.727274,21.446281,21.578512,21.397907,198924
2001-04-04,21.652893,23.801653,21.652893,23.305784,23.110723,282051
2001-04-05,23.223141,23.347107,22.876034,22.876034,22.684570,102729
2001-04-06,22.975206,23.057852,21.900826,22.148760,21.963383,70906
2001-04-09,22.355371,22.661158,22.107437,22.462811,22.274805,491502
2001-04-10,22.644629,23.429752,21.776859,23.140495,22.946817,129470
2001-04-11,23.347107,23.347107,22.652893,22.727274,22.537056,89903
2001-04-12,22.727274,23.057852,21.876034,22.454544,22.266607,110352
2001-04-16,22.561983,23.057852,22.537189,23.057852,22.864866,39930
2001-04-17,23.264463,24.793388,23.206612,24.710745,24.503925,149919
2001-04-18,25.413223,25.413223,23.966942,24.049587,23.848301,361669
2001-04-19,24.090908,24.090908,23.132231,23.140495,22.946817,391798
2001-04-20,23.148760,23.181818,22.066116,22.694216,22.504274,94985
2001-04-23,22.743801,23.049587,22.132231,22.438017,22.250219,65340
2001-04-24,23.140495,23.719007,22.214876,22.413223,22.225634,391556
2001-04-25,22.413223,24.958677,22.404959,24.628099,24.421972,220946
2001-04-26,24.049587,24.338842,23.528927,23.528927,23.331999,67276
2001-04-27,23.512398,24.214876,23.264463,23.752066,23.553270,125235
2001-04-30,23.752066,24.090908,23.553719,23.586777,23.389364,241395
2001-05-01,23.595041,25.330580,23.388430,24.628099,24.421972,199166
2001-05-02,24.545456,24.545456,23.057852,23.355371,23.159895,168190
2001-05-03,23.966942,23.966942,23.016529,23.115702,22.922232,383691
2001-05-04,23.016529,23.057852,22.809917,22.900826,22.709154,64251
2001-05-07,22.694216,22.966942,22.380165,22.545456,22.356758,126082
2001-05-08,22.520660,22.644629,21.652893,22.314051,22.127291,181016
2001-05-09,22.148760,22.272726,20.834711,20.942148,20.766870,399542
2001-05-10,20.909092,20.950413,18.429752,20.760330,20.586575,1186647
2001-05-11,21.157024,21.239670,20.578512,20.826447,20.652138,284955
2001-05-14,20.661158,20.661158,19.628099,19.818182,19.652311,415756
2001-05-15,19.834711,19.851240,19.504131,19.793388,19.627726,303347
2001-05-16,19.876034,20.454544,19.876034,20.322313,20.152224,164923
2001-05-17,20.322313,20.595041,19.148760,19.462811,19.299913,421806
2001-05-18,20.661158,21.157024,18.595041,19.008265,18.849173,798842
2001-05-21,19.586777,19.834711,19.256199,19.380165,19.217960,527197
2001-05-22,19.388430,20.140495,18.388430,19.008265,18.849173,963765
2001-05-23,19.090908,19.380165,17.561983,18.181818,18.029642,978043
2001-05-24,18.471073,19.008265,18.264463,18.876034,18.718048,666226
2001-05-25,18.859505,20.000000,18.760330,19.504131,19.340889,444796
2001-05-29,19.710745,20.165289,19.545456,20.000000,19.832607,255068
2001-05-30,20.247934,21.859505,20.247934,21.644629,21.463470,516065
2001-05-31,22.520660,22.975206,21.074381,21.082645,20.906191,462341
2001-06-01,21.487602,21.694216,21.074381,21.074381,20.897997,273823
2001-06-04,21.074381,22.107437,20.900826,21.479340,21.299566,184162
2001-06-05,21.487602,21.776859,21.371901,21.528927,21.348738,253616
2001-06-06,21.487602,22.438017,21.487602,22.363636,22.176460,207273
2001-06-07,22.396694,23.966942,22.314051,22.727274,22.537056,484968
2001-06-08,21.487602,22.272726,21.487602,21.801653,21.619181,231715
2001-06-11,21.983471,21.983471,21.322313,21.487602,21.307758,95106
2001-06-12,21.652893,22.727274,21.652893,22.669420,22.479685,126687
2001-06-13,22.669420,22.975206,21.735537,22.768595,22.578030,227359
2001-06-14,22.975206,23.966942,22.950413,23.148760,22.955013,348843
2001-06-15,23.181818,23.553719,23.140495,23.347107,23.151701,70664
2001-06-18,23.347107,23.884298,23.297522,23.842976,23.643419,205458
2001-06-19,23.719007,24.363636,23.719007,24.090908,23.889277,209209
2001-06-20,24.297522,24.297522,22.644629,23.471073,23.274630,442255
2001-06-21,23.553719,23.595041,23.140495,23.140495,22.946817,913913
2001-06-22,23.223141,23.305784,22.826447,22.826447,22.635397,106480
2001-06-25,22.809917,23.231405,22.809917,23.231405,23.036966,271887
2001-06-26,23.231405,23.553719,22.933884,23.479340,23.282825,224939
2001-06-27,23.636364,24.363636,23.636364,24.363636,24.159721,433664
2001-06-28,24.157024,24.694216,24.049587,24.338842,24.135136,220341
2001-06-29,24.462811,25.289255,24.380165,24.380165,24.176113,1006115
2001-07-02,24.586777,24.917355,24.008265,24.115702,23.913862,464640
2001-07-03,24.297522,24.371901,23.966942,24.148760,23.946644,104060
2001-07-05,24.214876,24.752066,23.760330,24.066116,23.864693,220462
2001-07-06,24.066116,24.173553,23.595041,24.099174,23.897474,224334
2001-07-09,24.305784,24.842976,24.305784,24.752066,24.544901,163108
2001-07-10,24.628099,25.123966,24.619835,24.958677,24.749783,112409
2001-07-11,25.619835,26.363636,25.619835,25.884298,25.667656,329725
2001-07-12,26.322313,26.570248,25.661158,25.743801,25.528336,313027
2001-07-13,25.619835,25.776859,25.413223,25.619835,25.405407,225907
2001-07-16,25.826447,26.115702,25.413223,26.033058,25.815172,237281
2001-07-17,26.033058,27.520660,26.016529,27.479340,27.249348,413578
2001-07-18,27.438017,29.214876,27.438017,28.305784,28.068876,882332
2001-07-19,28.305784,28.413223,28.016529,28.272726,28.036095,389862
2001-07-20,28.247934,28.247934,27.685949,27.809917,27.577158,368687
2001-07-23,27.727274,27.727274,27.066116,27.272726,27.044464,416240
2001-07-24,27.190083,27.338842,26.198347,26.785124,26.560942,366872
2001-07-25,26.578512,27.644629,26.322313,26.413223,26.192154,408859
2001-07-26,26.446281,27.181818,25.041323,25.685949,25.470968,639606
2001-07-27,25.785124,27.107437,25.785124,26.859505,26.634701,371712
2001-07-30,27.066116,27.066116,25.628099,25.950413,25.733217,203764
2001-07-31,25.942148,26.818182,25.785124,26.446281,26.224936,354167
2001-08-01,26.570248,27.537189,26.264463,26.595041,26.372450,148104
2001-08-02,26.801653,27.355371,24.462811,24.793388,24.585876,328031
2001-08-03,24.793388,24.793388,24.214876,24.793388,24.585876,192027
2001-08-06,24.793388,24.793388,24.256199,24.561983,24.356409,95590
2001-08-07,24.561983,24.793388,24.280993,24.289255,24.085962,219010
2001-08-08,24.289255,24.289255,23.553719,23.702478,23.504097,223124
2001-08-09,23.801653,24.297522,23.553719,23.644629,23.446732,221672
2001-08-10,24.173553,24.173553,23.471073,23.727274,23.528685,408859
2001-08-13,23.809917,24.884298,23.809917,24.768595,24.561291,115313
2001-08-14,24.710745,25.057852,24.561983,24.685949,24.479338,101882
2001-08-15,24.545456,25.090908,24.545456,24.710745,24.503925,267773
2001-08-16,24.710745,24.917355,24.710745,24.710745,24.503925,207878
2001-08-17,24.504131,27.685949,24.338842,25.578512,25.364429,739673
2001-08-20,25.454544,26.545456,25.454544,26.421488,26.200350,259303
2001-08-21,26.446281,26.611570,26.008265,26.454544,26.233130,334323
2001-08-22,26.446281,26.735537,26.429752,26.652893,26.429819,103576
2001-08-23,26.694216,27.438017,26.694216,27.330580,27.101833,308550
2001-08-24,27.338842,27.603306,27.264463,27.272726,27.044464,205942
2001-08-27,27.280993,27.471073,27.074381,27.247934,27.019880,159115
2001-08-28,27.247934,27.264463,26.570248,26.694216,26.470795,168553
2001-08-29,26.900826,27.388430,26.652893,26.776859,26.552748,100430
2001-08-30,26.859505,27.975206,26.776859,26.859505,26.634701,223003
2001-08-31,26.859505,26.942148,25.826447,25.826447,25.610289,142175
2001-09-04,25.619835,26.652893,25.619835,26.611570,26.388842,159115
2001-09-05,26.528927,26.553719,25.471073,25.611570,25.397211,245630
2001-09-06,25.818182,26.363636,25.537189,26.239670,26.020054,144353
2001-09-07,24.793388,24.793388,23.776859,24.380165,24.176113,516307
2001-09-10,24.586777,24.785124,24.206612,24.363636,24.159721,114708
2001-09-17,23.760330,25.041323,23.760330,24.148760,23.946644,127413
2001-09-18,24.148760,24.173553,23.363636,23.429752,23.233654,150403
2001-09-19,23.429752,23.570248,22.190083,22.719007,22.528858,283019
2001-09-20,22.892563,24.173553,22.396694,23.636364,23.438536,318230
2001-09-21,23.429752,23.801653,23.140495,23.223141,23.028772,294998
2001-09-24,23.347107,24.214876,23.165289,23.578512,23.381168,374616
2001-09-25,23.760330,25.330580,23.371901,25.033058,24.823542,289674
2001-09-26,24.834711,24.842976,23.966942,24.297522,24.094160,324159
2001-09-27,24.090908,25.206612,24.090908,25.206612,24.995642,681835
2001-09-28,25.165289,25.619835,24.214876,24.578512,24.372799,300806
2001-10-01,24.586777,24.669420,23.553719,23.966942,23.766348,199045
2001-10-02,23.966942,24.347107,23.677687,23.677687,23.479513,171578
2001-10-03,23.454544,24.173553,23.388430,23.396694,23.200872,140481
2001-10-04,23.140495,23.289255,22.314051,23.016529,22.823889,522478
2001-10-05,22.520660,22.520660,21.694216,22.033058,21.848650,849783
2001-10-08,21.826447,21.983471,21.487602,21.586777,21.406103,852566
2001-10-09,21.818182,22.752066,21.801653,22.148760,21.963383,2500465
2001-10-10,22.190083,22.305784,21.611570,22.107437,21.922405,11522346
2001-10-11,22.148760,22.148760,20.578512,21.033058,20.857019,3515655
2001-10-12,21.239670,21.553719,20.909092,21.090908,20.914385,1477773
2001-10-15,21.090908,21.818182,20.991735,21.487602,21.307758,1480919
2001-10-16,21.818182,21.859505,21.528927,21.528927,21.348738,1357741
2001-10-17,21.694216,21.694216,20.743801,21.487602,21.307758,1353627
2001-10-18,21.404959,21.487602,21.198347,21.322313,21.143854,625570
2001-10-19,21.322313,21.487602,21.115702,21.115702,20.938971,566764
2001-10-22,21.322313,21.595041,21.280993,21.454544,21.274977,1069761
2001-10-23,21.570248,21.611570,20.710745,20.842976,20.668528,565433
2001-10-24,20.842976,21.074381,19.338842,19.462811,19.299913,1784266
2001-10-25,19.611570,20.165289,19.421488,19.421488,19.258938,1469908
2001-10-26,19.917355,20.867769,19.421488,20.661158,20.488232,1438569
2001-10-29,20.867769,20.909092,20.462811,20.520660,20.348909,960619
2001-10-30,20.330580,20.454544,20.041323,20.206612,20.037489,355619
2001-10-31,20.000000,20.661158,19.710745,20.661158,20.488232,925166
2001-11-01,20.661158,20.727274,20.247934,20.661158,20.488232,1503788
2001-11-02,20.867769,20.867769,20.371901,20.661158,20.488232,1070245
2001-11-05,20.661158,21.074381,20.537189,20.809917,20.635746,580195
2001-11-06,20.867769,21.421488,20.743801,21.090908,20.914385,540870
2001-11-07,20.991735,21.000000,20.314051,20.495869,20.324326,553817
2001-11-08,20.413223,20.454544,19.173553,19.586777,19.422842,770044
2001-11-09,19.578512,19.578512,18.859505,18.966942,18.808195,846637
2001-11-12,19.173553,19.504131,18.512398,19.338842,19.176983,441408
2001-11-13,19.504131,19.917355,19.338842,19.710745,19.545773,261239
2001-11-14,19.793388,20.024794,19.669420,19.834711,19.668701,589754
2001-11-15,19.628099,20.008265,19.090908,20.008265,19.840803,534336
2001-11-16,20.008265,20.008265,19.421488,19.487602,19.324499,820259
2001-11-19,19.421488,19.628099,19.140495,19.586777,19.422842,678931
2001-11-20,19.669420,20.702478,19.421488,20.702478,20.529207,1970364
2001-11-21,20.619835,21.074381,20.297522,20.727274,20.553795,652311
2001-11-23,20.826447,21.074381,20.743801,20.909092,20.734091,168432
2001-11-26,20.950413,21.066116,20.330580,20.834711,20.660332,289795
2001-11-27,20.826447,21.107437,20.495869,21.016529,20.840630,634040
2001-11-28,20.983471,21.099174,20.462811,20.743801,20.570183,425194
2001-11-29,20.661158,21.239670,20.413223,20.975206,20.799652,263901
2001-11-30,21.157024,21.735537,20.743801,21.165289,20.988144,651464
2001-12-03,21.074381,21.280993,20.842976,20.900826,20.725893,309881
2001-12-04,20.909092,21.099174,20.289255,20.429752,20.258762,316536
2001-12-05,20.619835,21.859505,20.495869,21.421488,21.242199,634766
2001-12-06,21.322313,21.330580,20.247934,20.537189,20.365301,430397
2001-12-07,20.123966,21.322313,19.752066,20.991735,20.816042,1165593
2001-12-10,20.909092,21.239670,20.157024,20.165289,19.996513,399905
2001-12-11,20.330580,20.743801,19.958677,20.537189,20.365301,773916
2001-12-12,20.495869,20.495869,20.041323,20.082645,19.914560,449152
2001-12-13,20.082645,20.661158,19.685949,20.661158,20.488232,844096
2001-12-14,20.652893,20.652893,19.892563,20.330580,20.160421,707971
2001-12-17,20.330580,20.454544,19.818182,19.917355,19.750654,297297
2001-12-18,19.925619,20.074381,19.669420,19.719007,19.553967,275759
2001-12-19,19.876034,20.330580,19.504131,19.834711,19.668701,563981
2001-12-20,20.000000,20.165289,19.752066,19.991735,19.824411,237886
2001-12-21,19.933884,20.669420,19.917355,20.454544,20.283348,487509
2001-12-24,20.462811,21.066116,20.462811,20.867769,20.693113,273581
2001-12-26,20.867769,21.611570,20.785124,21.016529,20.840630,441408
2001-12-27,21.008265,21.239670,20.867769,20.925619,20.750479,508684
2001-12-28,21.074381,21.380165,20.371901,20.471073,20.299738,407891
2001-12-31,20.636364,21.487602,20.611570,21.074381,20.897997,528528
2002-01-02,21.033058,21.115702,20.661158,20.867769,20.693113,381029
2002-01-03,20.785124,20.785124,19.917355,19.966942,19.799826,362274
2002-01-04,20.289255,20.793388,20.066116,20.214876,20.045685,583462
2002-01-07,20.247934,20.355371,19.752066,19.834711,19.668701,346302
2002-01-08,20.041323,20.041323,19.338842,19.404959,19.242546,483758
2002-01-09,19.404959,19.710745,19.272726,19.413223,19.250742,938113
2002-01-10,19.421488,19.545456,19.231405,19.479340,19.316305,215622
2002-01-11,19.421488,19.421488,18.966942,19.132231,18.972101,687643
2002-01-14,19.421488,19.669420,19.231405,19.628099,19.463820,712932
2002-01-15,19.603306,19.603306,18.719007,19.330580,19.168791,552607
2002-01-16,19.421488,19.685949,19.380165,19.578512,19.414648,336622
2002-01-17,19.628099,19.669420,19.173553,19.586777,19.422842,274186
2002-01-18,19.421488,20.371901,19.421488,20.082645,19.914560,556721
2002-01-22,20.661158,20.661158,20.057852,20.330580,20.160421,463067
2002-01-23,20.330580,20.760330,20.330580,20.553719,20.381691,575597
2002-01-24,20.661158,20.867769,20.438017,20.578512,20.406279,225181
2002-01-25,20.586777,20.619835,20.462811,20.561983,20.389887,221793
2002-01-28,20.247934,20.578512,19.834711,20.272726,20.103050,290400
2002-01-29,20.272726,20.289255,19.685949,20.082645,19.914560,180774
2002-01-30,20.057852,20.057852,19.297522,19.661158,19.496601,380787
2002-01-31,19.628099,19.628099,19.198347,19.413223,19.250742,449394
2002-02-01,19.413223,19.776859,19.256199,19.264463,19.103228,211508
2002-02-04,19.214876,19.380165,19.090908,19.256199,19.095032,195294
2002-02-05,19.173553,19.173553,18.677687,19.132231,18.972101,1015069
2002-02-06,19.132231,19.628099,18.900826,18.925619,18.767220,297297
2002-02-07,18.719007,19.008265,18.140495,18.628099,18.472189,475893
2002-02-08,18.719007,18.909092,18.429752,18.851240,18.693462,197109
2002-02-11,19.057852,20.000000,19.057852,19.636364,19.472015,951423
2002-02-12,19.586777,19.611570,19.016529,19.148760,18.988491,1032977
2002-02-13,19.008265,19.338842,18.801653,18.900826,18.742632,466213
2002-02-14,18.900826,19.297522,18.578512,18.809917,18.652485,299354
2002-02-15,18.809917,18.809917,18.338842,18.595041,18.439407,881122
2002-02-19,18.595041,18.677687,18.388430,18.388430,18.234526,933394
2002-02-20,18.388430,18.884298,18.388430,18.818182,18.660681,713658
2002-02-21,19.421488,19.793388,18.842976,19.099174,18.939322,775731
2002-02-22,19.099174,19.421488,19.099174,19.256199,19.095032,287980
2002-02-25,19.256199,19.256199,19.008265,19.132231,18.972101,203764
2002-02-26,19.214876,19.214876,18.231405,18.661158,18.504971,430397
2002-02-27,18.719007,18.719007,18.264463,18.330580,18.177160,520542
2002-02-28,18.330580,18.595041,17.809917,18.429752,18.275503,345939
2002-03-01,18.595041,18.743801,17.338842,17.396694,17.251091,954569
2002-03-04,17.438017,17.851240,16.768595,16.818182,16.677420,1174184
2002-03-05,17.148760,17.851240,16.793388,17.024794,16.882303,1065647
2002-03-06,17.190083,17.603306,17.190083,17.355371,17.210114,954811
2002-03-07,17.355371,17.479340,17.140495,17.239670,17.095381,494648
2002-03-08,17.404959,17.727274,17.024794,17.628099,17.480558,492712
2002-03-11,17.834711,17.892563,17.438017,17.520660,17.374020,692967
2002-03-12,17.603306,17.603306,17.165289,17.347107,17.201918,863577
2002-03-13,17.355371,18.206612,17.264463,17.966942,17.816565,812273
2002-03-14,18.264463,18.471073,18.148760,18.363636,18.209940,414183
2002-03-15,18.570248,19.793388,18.570248,18.925619,18.767220,1094929
2002-03-18,19.173553,19.173553,18.231405,18.966942,18.808195,762179
2002-03-19,19.008265,19.008265,18.305784,18.388430,18.234526,507111
2002-03-20,18.842976,18.925619,18.107437,18.388430,18.234526,530706
2002-03-21,18.471073,18.669420,18.016529,18.239670,18.087011,276364
2002-03-22,18.264463,18.347107,17.809917,18.115702,17.964081,283624
2002-03-25,18.157024,18.272726,18.033058,18.107437,17.955885,684134
2002-03-26,18.157024,18.264463,17.438017,17.768595,17.619879,539176
2002-03-27,17.702478,18.429752,17.702478,18.305784,18.152573,458590
2002-03-28,18.347107,18.595041,18.148760,18.272726,18.119791,517638
2002-04-01,18.272726,18.413223,18.066116,18.181818,18.029642,778514
2002-04-02,18.181818,18.256199,18.074381,18.157024,18.005056,760606
2002-04-03,18.157024,18.173553,17.983471,18.107437,17.955885,149435
2002-04-04,18.115702,18.677687,18.115702,18.578512,18.423018,1235652
2002-04-05,18.925619,19.297522,18.636364,19.090908,18.931124,900361
2002-04-08,19.090908,19.900826,19.024794,19.834711,19.668701,1118282
2002-04-09,19.834711,20.785124,19.834711,20.570248,20.398083,1395735
2002-04-10,20.661158,21.727274,20.611570,21.289255,21.111073,1843919
2002-04-11,21.289255,21.644629,21.074381,21.115702,20.938971,598708
2002-04-12,21.115702,21.280993,20.851240,21.082645,20.906191,336622
2002-04-15,21.082645,21.859505,21.082645,21.462811,21.283175,775852
2002-04-16,21.404959,21.636364,21.280993,21.280993,21.102879,620488
2002-04-17,21.090908,22.066116,21.090908,21.983471,21.799477,932426
2002-04-18,21.975206,22.066116,21.611570,21.702478,21.520836,450725
2002-04-19,21.776859,22.768595,21.776859,22.702478,22.512466,843491
2002-04-22,22.702478,22.892563,22.066116,22.446281,22.258415,638759
2002-04-23,22.652893,22.677687,21.487602,21.735537,21.553617,788315
2002-04-24,21.983471,22.644629,21.851240,22.066116,21.881432,904717
2002-04-25,22.314051,23.545456,22.231405,23.305784,23.110723,1733446
2002-04-26,23.553719,23.586777,22.958677,23.305784,23.110723,856801
2002-04-29,23.347107,23.429752,22.603306,22.851240,22.659985,635613
2002-04-30,22.851240,24.173553,22.809917,23.983471,23.782738,1101705
2002-05-01,24.132231,24.586777,24.008265,24.570248,24.364603,1020151
2002-05-02,24.586777,24.586777,23.123966,23.429752,23.233654,639243
2002-05-03,23.553719,23.760330,23.223141,23.388430,23.192677,290521
2002-05-06,23.429752,23.719007,23.140495,23.421488,23.225458,241274
2002-05-07,23.429752,23.553719,23.140495,23.330580,23.135311,818565
2002-05-08,23.537189,23.859505,22.793388,23.619835,23.422146,659208
2002-05-09,23.719007,23.966942,23.371901,23.371901,23.176287,303952
2002-05-10,23.371901,23.801653,23.347107,23.371901,23.176287,241637
2002-05-13,23.388430,23.553719,22.975206,23.016529,22.823889,432333
2002-05-14,22.975206,23.347107,22.743801,23.123966,22.930428,398453
2002-05-15,22.975206,23.966942,22.892563,23.719007,23.520489,384538
2002-05-16,23.710745,23.801653,22.314051,22.892563,22.700960,914397
2002-05-17,23.016529,23.347107,22.603306,22.925619,22.733740,161414
2002-05-20,22.809917,22.818182,22.314051,22.586777,22.397734,193600
2002-05-21,22.586777,23.016529,22.272726,22.892563,22.700960,332992
2002-05-22,22.809917,22.966942,22.685949,22.842976,22.651789,555148
2002-05-23,22.842976,23.024794,22.768595,23.024794,22.832085,226512
2002-05-24,23.024794,23.024794,22.338842,22.719007,22.528858,462099
2002-05-28,22.719007,22.942148,22.561983,22.900826,22.709154,204732
2002-05-29,22.900826,24.173553,22.900826,24.173553,23.971230,521510
2002-05-30,24.173553,25.247934,24.173553,24.462811,24.258066,1299782
2002-05-31,24.545456,24.669420,23.966942,24.330580,24.126942,492712
2002-06-03,24.330580,24.330580,23.553719,23.842976,23.643419,365299
2002-06-04,23.925619,23.966942,23.223141,23.495869,23.299217,310849
2002-06-05,23.495869,24.297522,23.495869,24.132231,23.930254,413941
2002-06-06,24.049587,24.322313,23.785124,24.008265,23.807323,154638
2002-06-07,24.008265,24.793388,23.801653,24.710745,24.503925,618189
2002-06-10,24.752066,24.793388,24.305784,24.561983,24.356409,437052
2002-06-11,24.793388,24.958677,24.297522,24.322313,24.118744,537966
2002-06-12,24.338842,24.710745,23.851240,24.016529,23.815519,758307
2002-06-13,23.966942,24.049587,23.495869,23.809917,23.610638,480612
2002-06-14,23.636364,24.380165,23.140495,24.380165,24.176113,294877
2002-06-17,24.413223,24.685949,24.214876,24.297522,24.094160,256641
2002-06-18,24.297522,24.586777,23.925619,24.132231,23.930254,318835
2002-06-19,24.049587,24.669420,23.553719,24.090908,23.889277,330693
2002-06-20,24.090908,24.090908,23.561983,23.636364,23.438536,400631
2002-06-21,23.429752,23.553719,23.223141,23.355371,23.159895,249502
2002-06-24,23.347107,23.429752,21.818182,22.066116,21.881432,816992
2002-06-25,22.074381,22.396694,21.553719,21.727274,21.545425,346907
2002-06-26,21.570248,21.958677,21.074381,21.743801,21.561813,1295668
2002-06-27,21.735537,21.884298,21.611570,21.776859,21.594595,631257
2002-06-28,21.859505,22.231405,21.793388,22.148760,21.963383,360822
2002-07-01,22.024794,22.148760,21.694216,21.942148,21.758501,468512
2002-07-02,22.090908,22.090908,21.247934,21.884298,21.701136,670461
2002-07-03,21.818182,21.818182,21.115702,21.429752,21.250393,330935
2002-07-05,21.487602,21.966942,21.487602,21.925619,21.742109,132132
2002-07-08,22.024794,22.727274,21.818182,21.900826,21.717524,499609
2002-07-09,21.776859,22.016529,20.702478,20.702478,20.529207,372559
2002-07-10,20.413223,21.066116,20.247934,20.570248,20.398083,327184
2002-07-11,20.570248,20.727274,19.834711,20.727274,20.553795,240790
2002-07-12,20.702478,21.074381,20.388430,20.520660,20.348909,270314
2002-07-15,20.495869,20.495869,19.256199,20.148760,19.980122,225423
2002-07-16,20.082645,20.198347,19.380165,19.380165,19.217960,409464
2002-07-17,19.669420,20.041323,19.380165,20.041323,19.873585,627022
2002-07-18,20.140495,20.685949,20.000000,20.165289,19.996513,722128
2002-07-19,20.041323,20.041323,19.206612,19.752066,19.586748,181379
2002-07-22,19.214876,19.338842,17.768595,18.082645,17.931301,424952
2002-07-23,17.768595,18.181818,17.520660,17.776859,17.628073,438141
2002-07-24,17.148760,18.966942,17.148760,18.677687,18.521362,690789
2002-07-25,18.768595,19.380165,18.512398,18.991735,18.832781,566885
2002-07-26,18.966942,19.090908,18.719007,19.008265,18.849173,458348
2002-07-29,19.049587,19.669420,19.033058,19.297522,19.136009,435479
2002-07-30,18.966942,19.867769,18.809917,19.247934,19.086836,476256
2002-07-31,19.173553,20.628099,19.173553,20.454544,20.283348,936298
2002-08-01,20.454544,21.033058,20.082645,20.727274,20.553795,213928
2002-08-02,20.578512,20.661158,20.123966,20.165289,19.996513,190091
2002-08-05,20.165289,20.495869,19.586777,20.090908,19.922754,294514
2002-08-06,20.247934,20.487602,20.074381,20.247934,20.078466,213081
2002-08-07,20.454544,20.619835,19.917355,20.512398,20.340717,186219
2002-08-08,20.512398,21.446281,20.512398,21.429752,21.250393,213323
2002-08-09,20.743801,20.752066,19.776859,19.842976,19.676897,839619
2002-08-12,19.628099,19.917355,19.049587,19.165289,19.004883,362879
2002-08-13,18.595041,19.247934,18.586777,18.652893,18.496775,312543
2002-08-14,18.661158,19.504131,18.661158,19.504131,19.340889,180532
2002-08-15,19.504131,19.644629,18.867769,19.016529,18.857368,358644
2002-08-16,18.966942,19.256199,18.966942,19.057852,18.898344,406197
2002-08-19,19.049587,19.793388,18.842976,19.793388,19.627726,151371
2002-08-20,19.710745,19.710745,19.173553,19.214876,19.054054,262328
2002-08-21,19.256199,19.842976,19.256199,19.669420,19.504795,732534
2002-08-22,19.669420,20.206612,19.628099,20.024794,19.857193,240790
2002-08-23,19.917355,20.041323,19.710745,19.776859,19.611334,68607
2002-08-26,20.082645,20.107437,19.338842,19.958677,19.791630,170973
2002-08-27,19.966942,20.008265,19.173553,19.694216,19.529383,512919
2002-08-28,19.628099,19.752066,18.016529,18.512398,18.357456,1233474
2002-08-29,18.595041,19.752066,18.553719,19.595041,19.431038,672639
2002-08-30,19.595041,19.768595,19.371901,19.752066,19.586748,164923
2002-09-03,19.421488,19.429752,18.347107,18.677687,18.521362,278421
2002-09-04,18.677687,18.727274,18.206612,18.578512,18.423018,201344
2002-09-05,18.388430,19.181818,18.347107,18.991735,18.832781,311817
2002-09-06,19.504131,19.504131,18.785124,19.256199,19.095032,358523
2002-09-09,19.256199,20.041323,19.173553,19.834711,19.668701,496947
2002-09-10,19.834711,19.876034,19.495869,19.669420,19.504795,149798
2002-09-11,19.628099,19.917355,19.586777,19.595041,19.431038,171094
2002-09-12,19.504131,19.710745,19.264463,19.338842,19.176983,140481
2002-09-13,19.305784,19.917355,19.173553,19.917355,19.750654,602701
2002-09-16,19.917355,20.330580,19.876034,20.165289,19.996513,385385
2002-09-17,20.247934,20.413223,19.628099,19.669420,19.504795,213565
2002-09-18,19.628099,20.000000,19.545456,19.752066,19.586748,289311
2002-09-19,19.710745,20.000000,19.586777,19.917355,19.750654,309639
2002-09-20,19.917355,19.917355,19.528927,19.694216,19.529383,246719
2002-09-23,19.644629,20.016529,19.553719,19.851240,19.685093,454355
2002-09-24,19.834711,20.082645,19.752066,20.033058,19.865389,558778
2002-09-25,20.057852,20.710745,19.933884,20.537189,20.365301,451330
2002-09-26,20.561983,21.735537,20.537189,21.735537,21.553617,684255
2002-09-27,21.677687,22.644629,20.661158,22.314051,22.127291,652916
2002-09-30,22.231405,22.644629,21.487602,22.008265,21.824064,667557
2002-10-01,22.008265,22.107437,21.900826,22.066116,21.881432,634040
2002-10-02,22.000000,22.520660,21.983471,22.223141,22.037142,404624
2002-10-03,22.016529,22.305784,21.983471,22.264463,22.078117,370139
2002-10-04,22.190083,22.487602,22.148760,22.396694,22.209242,375100
2002-10-07,22.314051,22.743801,22.090908,22.115702,21.930601,363605
2002-10-08,21.909092,22.314051,21.909092,22.157024,21.971579,278663
2002-10-09,22.107437,22.537189,22.082645,22.082645,21.897821,227601
2002-10-10,22.314051,22.396694,21.471073,21.471073,21.291368,425920
2002-10-11,21.652893,21.892563,21.404959,21.487602,21.307758,579590
2002-10-14,21.380165,21.834711,21.322313,21.776859,21.594595,573903
2002-10-15,22.148760,22.628099,22.066116,22.429752,22.242023,264748
2002-10-16,22.223141,22.396694,21.983471,22.272726,22.086311,257367
2002-10-17,22.644629,23.016529,21.297522,21.628099,21.447081,519695
2002-10-18,21.239670,22.066116,21.157024,21.834711,21.651962,310849
2002-10-21,21.834711,21.859505,21.404959,21.702478,21.520836,333476
2002-10-22,21.702478,21.818182,21.404959,21.528927,21.348738,180290
2002-10-23,21.537189,21.818182,21.198347,21.801653,21.619181,300322
2002-10-24,22.008265,22.305784,20.578512,21.900826,21.717524,1080288
2002-10-25,21.487602,22.677687,21.487602,22.570248,22.381344,463551
2002-10-28,22.578512,22.578512,20.462811,21.016529,20.840630,911614
2002-10-29,21.024794,21.363636,20.661158,21.090908,20.914385,559504
2002-10-30,21.090908,21.157024,20.495869,20.661158,20.488232,842886
2002-10-31,20.702478,20.785124,18.553719,19.421488,19.258938,1447523
2002-11-01,19.628099,20.537189,18.876034,19.297522,19.136009,2110240
2002-11-04,19.421488,19.776859,19.008265,19.008265,18.849173,755524
2002-11-05,19.016529,19.016529,18.181818,18.801653,18.644291,870595
2002-11-06,18.842976,19.404959,18.611570,18.760330,18.603313,436568
2002-11-07,18.677687,19.504131,18.512398,18.842976,18.685266,590117
2002-11-08,15.330579,17.190083,15.289256,17.008265,16.865911,5203121
2002-11-11,17.008265,17.760330,15.950413,16.396694,16.259460,2030017
2002-11-12,16.528927,16.694216,16.033058,16.570248,16.431561,1662540
2002-11-13,16.900826,17.975206,16.876034,17.190083,17.046207,1215203
2002-11-14,17.561983,17.933884,17.314051,17.760330,17.611683,731808
2002-11-15,17.487602,18.181818,17.487602,17.991735,17.841152,509047
2002-11-18,18.181818,18.479340,18.033058,18.438017,18.283697,496705
2002-11-19,17.561983,18.289255,17.479340,17.975206,17.824760,606210
2002-11-20,17.851240,18.347107,17.768595,18.206612,18.054230,325611
2002-11-21,18.206612,18.305784,17.272726,17.495869,17.349434,844338
2002-11-22,17.438017,17.586777,16.983471,17.289255,17.144550,703010
2002-11-25,17.082645,17.214876,16.033058,16.033058,15.898868,1690370
2002-11-26,16.041323,16.694216,15.958678,16.487602,16.349607,1339470
2002-11-27,16.818182,17.190083,16.702478,17.000000,16.857716,446853
2002-11-29,17.024794,17.107437,16.925619,16.983471,16.841326,65461
2002-12-02,17.066116,17.074381,16.404959,16.528927,16.390587,528649
2002-12-03,16.537189,16.900826,16.363636,16.446281,16.308632,886809
2002-12-04,16.363636,17.578512,16.363636,17.578512,17.431387,644930
2002-12-05,17.727274,17.735537,16.942148,17.256199,17.111771,400752
2002-12-06,17.264463,18.099174,17.264463,17.454544,17.308456,579953
2002-12-09,17.371901,17.685949,16.942148,16.942148,16.800348,478797
2002-12-10,17.024794,17.388430,16.628099,16.735537,16.595467,387926
2002-12-11,16.735537,17.024794,16.454544,16.677687,16.538101,440803
2002-12-12,16.570248,17.024794,16.561983,16.785124,16.644638,585519
2002-12-13,16.785124,16.859505,16.495869,16.628099,16.488928,319198
2002-12-16,16.636364,16.859505,16.528927,16.628099,16.488928,329604
2002-12-17,16.628099,16.628099,16.280993,16.471073,16.333216,556721
2002-12-18,16.404959,17.090908,16.363636,17.090908,16.947863,516912
2002-12-19,17.008265,17.297522,16.752066,16.842976,16.702005,427372
2002-12-20,16.842976,16.942148,16.479340,16.710745,16.570883,239580
2002-12-23,16.652893,16.900826,16.487602,16.760330,16.620052,160204
2002-12-24,16.768595,16.917355,16.702478,16.776859,16.636444,51546
2002-12-26,16.570248,16.900826,16.561983,16.752066,16.611856,83853
2002-12-27,16.735537,16.925619,16.570248,16.677687,16.538101,172062
2002-12-30,16.677687,16.942148,16.479340,16.942148,16.800348,347996
2002-12-31,16.983471,17.148760,16.694216,17.016529,16.874107,347149
2003-01-02,17.107437,17.107437,16.603306,16.909092,16.767569,514371
2003-01-03,16.900826,16.900826,16.198347,16.479340,16.341413,832480
2003-01-06,16.363636,16.479340,16.214876,16.446281,16.308632,629805
2003-01-07,16.446281,16.471073,16.115702,16.115702,15.980820,387321
2003-01-08,16.074381,16.074381,15.000000,15.206612,15.079338,1230933
2003-01-09,15.371901,15.487603,15.206612,15.404959,15.276025,811184
2003-01-10,14.462810,14.801653,13.280992,14.214876,14.095903,3313827
2003-01-13,14.421488,14.537190,14.132231,14.132231,14.013949,1683231
2003-01-14,14.214876,14.256198,14.049587,14.214876,14.095903,902418
2003-01-15,14.289256,14.289256,14.000000,14.049587,13.931997,1004542
2003-01-16,14.132231,14.504132,14.132231,14.446281,14.325372,1030799
2003-01-17,14.396694,15.537190,14.314050,15.462810,15.333391,1614261
2003-01-21,15.462810,15.462810,14.900826,14.925620,14.800698,692362
2003-01-22,14.958678,15.256198,14.834711,15.256198,15.128510,615406
2003-01-23,15.867769,15.867769,15.264463,15.396694,15.267830,1031525
2003-01-24,15.413223,15.454545,14.983471,15.123967,14.997385,618310
2003-01-27,15.041322,15.107438,14.710744,14.892562,14.767917,485936
2003-01-28,14.942149,15.289256,14.917355,15.289256,15.161291,461131
2003-01-29,15.247934,15.438017,15.107438,15.363636,15.235048,321981
2003-01-30,15.471074,15.578512,15.165289,15.330579,15.202268,453750
2003-01-31,15.289256,16.074381,15.289256,15.719008,15.587446,946462
2003-02-03,15.809917,15.909091,15.289256,15.495868,15.366173,760848
2003-02-04,15.487603,15.487603,15.066116,15.190083,15.062947,571241
2003-02-05,15.190083,15.305785,14.851240,14.942149,14.817089,480128
2003-02-06,14.834711,14.867769,14.586777,14.661157,14.538448,349932
2003-02-07,14.867769,14.950413,14.528926,14.619835,14.497473,419144
2003-02-10,14.710744,14.834711,14.504132,14.710744,14.587621,305767
2003-02-11,14.710744,14.859504,14.446281,14.462810,14.341762,323433
2003-02-12,14.421488,14.462810,14.041322,14.090909,13.972974,379456
2003-02-13,14.132231,14.132231,13.702479,13.950413,13.833653,417934
2003-02-14,13.950413,14.132231,13.090909,14.041322,13.923801,1615592
2003-02-18,14.256198,14.793388,14.148760,14.710744,14.587621,863093
2003-02-19,14.793388,15.140496,14.793388,14.842975,14.718744,646261
2003-02-20,14.727273,14.975207,14.644628,14.752066,14.628596,315931
2003-02-21,14.710744,14.958678,14.462810,14.958678,14.833480,529133
2003-02-24,15.041322,15.041322,14.669421,14.710744,14.587621,483395
2003-02-25,14.421488,14.975207,14.289256,14.900826,14.776113,394097
2003-02-26,14.900826,15.347107,14.801653,15.173554,15.046557,483032
2003-02-27,15.380165,15.528926,15.115702,15.396694,15.267830,818565
2003-02-28,15.396694,15.628099,15.231405,15.495868,15.366173,351142
2003-03-03,15.487603,15.909091,15.388430,15.454545,15.325196,503723
2003-03-04,15.586777,15.586777,15.074380,15.074380,14.948213,216711
2003-03-05,14.917355,15.512397,14.917355,15.487603,15.357978,295845
2003-03-06,15.528926,15.644628,15.314050,15.537190,15.407150,316415
2003-03-07,15.537190,15.603306,15.371901,15.446281,15.317002,327547
2003-03-10,15.446281,15.446281,14.884298,14.958678,14.833480,339768
2003-03-11,14.876033,14.958678,14.578512,14.727273,14.604012,496463
2003-03-12,14.710744,14.752066,14.380165,14.710744,14.587621,693330
2003-03-13,14.768595,14.834711,14.297521,14.545455,14.423715,835263
2003-03-14,14.669421,14.685950,14.132231,14.223140,14.104097,1137763
2003-03-17,14.148760,14.446281,13.884298,14.404959,14.284394,1190277
2003-03-18,14.504132,14.727273,14.338843,14.545455,14.423715,716320
2003-03-19,14.545455,14.776860,14.462810,14.528926,14.407324,693814
2003-03-20,14.537190,14.867769,14.305785,14.528926,14.407324,591569
2003-03-21,14.710744,14.793388,14.512397,14.760331,14.636793,417087
2003-03-24,14.570248,14.570248,14.289256,14.462810,14.341762,327063
2003-03-25,15.438017,15.801653,15.322314,15.702479,15.571055,2058331
2003-03-26,15.677686,16.165289,15.619835,16.099174,15.964431,1613777
2003-03-27,16.099174,16.545456,15.991736,16.528927,16.390587,1938904
2003-03-28,17.347107,17.347107,16.694216,17.033058,16.890497,11551870
2003-03-31,16.611570,17.074381,16.537189,16.933884,16.792154,2064623
2003-04-01,16.942148,16.942148,16.388430,16.776859,16.636444,1043020
2003-04-02,17.024794,17.479340,16.776859,17.280993,17.136356,1323498
2003-04-03,17.355371,17.520660,17.190083,17.363636,17.218309,606694
2003-04-04,17.454544,17.479340,16.735537,16.785124,16.644638,702647
2003-04-07,17.115702,17.239670,17.066116,17.140495,16.997036,1057056
2003-04-08,17.140495,17.181818,16.950413,17.074381,16.931475,692846
2003-04-09,17.074381,17.338842,16.735537,16.826447,16.685616,728904
2003-04-10,16.826447,16.826447,16.239670,16.280993,16.144726,1142240
2003-04-11,16.322313,16.322313,16.099174,16.198347,16.062773,795091
2003-04-14,16.322313,16.561983,16.157024,16.528927,16.390587,379577
2003-04-15,16.528927,16.528927,15.247934,15.586777,15.456322,2562296
2003-04-16,15.586777,15.619835,14.876033,14.884298,14.759723,1300266
2003-04-17,15.074380,15.289256,14.710744,15.239669,15.112119,1112474
2003-04-21,15.239669,15.239669,14.876033,14.933884,14.808892,516670
2003-04-22,14.628099,15.223140,14.628099,15.173554,15.046557,542685
2003-04-23,15.181818,15.206612,14.876033,15.140496,15.013776,709907
2003-04-24,15.289256,15.495868,15.041322,15.413223,15.284221,1234805
2003-04-25,15.413223,15.619835,15.297521,15.619835,15.489102,989659
2003-04-28,15.537190,15.570248,15.289256,15.454545,15.325196,494890
2003-04-29,15.495868,15.495868,15.041322,15.289256,15.161291,385627
2003-04-30,15.289256,15.809917,15.165289,15.702479,15.571055,466213
2003-05-01,15.578512,15.578512,15.280992,15.561983,15.431735,628958
2003-05-02,15.561983,16.115702,15.429752,15.983471,15.849695,473957
2003-05-05,16.190083,16.247934,15.851240,16.033058,15.898868,497431
2003-05-06,15.826446,16.074381,15.826446,15.950413,15.816914,389862
2003-05-07,15.950413,16.057852,15.619835,15.702479,15.571055,964249
2003-05-08,15.438017,15.611570,15.289256,15.454545,15.325196,860431
2003-05-09,15.371901,15.454545,15.247934,15.454545,15.325196,1369478
2003-05-12,15.347107,15.892562,15.347107,15.793388,15.661203,472384
2003-05-13,15.801653,16.057852,15.710744,16.000000,15.866086,400994
2003-05-14,16.239670,16.446281,16.165289,16.413223,16.275850,757339
2003-05-15,16.611570,16.735537,16.115702,16.603306,16.464342,978164
2003-05-16,16.603306,17.049587,16.603306,16.735537,16.595467,859221
2003-05-19,16.570248,16.752066,16.338842,16.487602,16.349607,503844
2003-05-20,16.528927,16.619835,16.446281,16.578512,16.439756,280478
2003-05-21,16.578512,16.818182,16.363636,16.669420,16.529903,590359
2003-05-22,16.528927,16.834711,16.487602,16.776859,16.636444,404019
2003-05-23,16.793388,16.801653,16.570248,16.611570,16.472538,268862
2003-05-27,16.735537,16.983471,16.636364,16.834711,16.693811,385022
2003-05-28,16.826447,16.942148,16.710745,16.851240,16.710201,933394
2003-05-29,16.900826,17.107437,16.768595,17.008265,16.865911,311212
2003-05-30,17.066116,17.355371,16.859505,17.214876,17.070795,565312
2003-06-02,17.181818,17.355371,16.652893,16.677687,16.538101,741125
2003-06-03,16.636364,16.909092,16.528927,16.537189,16.398779,895642
2003-06-04,16.528927,16.528927,16.190083,16.330580,16.193899,1224157
2003-06-05,16.140495,16.305784,15.735537,15.760331,15.628423,1772166
2003-06-06,15.842975,16.033058,15.710744,15.801653,15.669399,1134859
2003-06-09,15.859504,16.033058,15.809917,15.876033,15.743156,1079562
2003-06-10,15.950413,16.272726,15.867769,16.231405,16.095554,786016
2003-06-11,16.322313,16.537189,16.214876,16.471073,16.333216,619641
2003-06-12,16.677687,16.677687,16.314051,16.355371,16.218483,676027
2003-06-13,16.355371,16.363636,15.090909,15.404959,15.276025,2519341
2003-06-16,15.454545,15.867769,15.396694,15.842975,15.710375,910646
2003-06-17,16.049587,16.404959,15.909091,16.404959,16.267656,728057
2003-06-18,16.363636,16.776859,16.157024,16.768595,16.628248,989538
2003-06-19,16.776859,16.900826,16.512398,16.652893,16.513515,703494
2003-06-20,16.900826,17.099174,16.570248,17.057852,16.915085,668888
2003-06-23,17.140495,17.140495,16.165289,16.272726,16.136530,1016037
2003-06-24,16.570248,16.570248,16.041323,16.396694,16.259460,1119855
2003-06-25,16.462811,16.611570,16.404959,16.429752,16.292242,433906
2003-06-26,16.404959,16.528927,16.347107,16.429752,16.292242,430397
2003-06-27,16.446281,16.446281,16.157024,16.280993,16.144726,421685
2003-06-30,16.297522,16.462811,15.867769,15.942149,15.808720,702768
2003-07-01,15.942149,16.115702,15.785124,15.851240,15.718572,965096
2003-07-02,15.842975,15.950413,15.842975,15.909091,15.775938,1218470
2003-07-03,15.909091,16.033058,15.867769,15.983471,15.849695,331177
2003-07-07,16.115702,16.413223,16.115702,16.247934,16.111946,500456
2003-07-08,16.115702,16.438017,16.115702,16.371901,16.234875,770770
2003-07-09,16.322313,16.446281,16.000000,16.322313,16.185701,420475
2003-07-10,16.280993,16.404959,16.239670,16.280993,16.144726,842160
2003-07-11,16.347107,16.446281,16.074381,16.173553,16.038187,306130
2003-07-14,16.173553,16.173553,15.528926,15.785124,15.653008,1055725
2003-07-15,15.785124,16.578512,15.785124,16.413223,16.275850,1329185
2003-07-16,16.487602,16.487602,15.809917,15.809917,15.677594,674091
2003-07-17,16.016529,16.198347,15.809917,15.834711,15.702181,385022
2003-07-18,15.867769,15.917355,15.702479,15.818182,15.685790,480491
2003-07-21,15.818182,15.818182,15.537190,15.644628,15.513688,417208
2003-07-22,15.619835,15.619835,15.231405,15.438017,15.308806,481701
2003-07-23,15.537190,15.611570,15.082645,15.504132,15.374369,702405
2003-07-24,15.504132,15.702479,15.181818,15.231405,15.103924,802714
2003-07-25,15.289256,15.760331,15.289256,15.652893,15.521884,816145
2003-07-28,15.859504,16.396694,15.859504,16.363636,16.226679,1502336
2003-07-29,17.024794,18.636364,16.834711,17.818182,17.669050,2827891
2003-07-30,18.264463,18.595041,18.066116,18.264463,18.111597,907500
2003-07-31,18.471073,18.520660,18.099174,18.347107,18.193548,1051732
2003-08-01,18.347107,19.049587,18.347107,19.016529,18.857368,1491930
2003-08-04,19.016529,19.016529,18.595041,18.719007,18.562336,908347
2003-08-05,18.842976,18.842976,18.347107,18.371901,18.218134,874104
2003-08-06,18.363636,18.413223,17.826447,17.909092,17.759199,841071
2003-08-07,17.917355,18.371901,17.809917,18.223141,18.070620,317625
2003-08-08,18.214876,18.586777,18.181818,18.289255,18.136181,238854
2003-08-11,18.512398,18.595041,18.264463,18.438017,18.283697,328394
2003-08-12,18.413223,18.512398,18.289255,18.438017,18.283697,312785
2003-08-13,18.438017,18.471073,18.305784,18.413223,18.259111,291368
2003-08-14,18.413223,18.512398,18.099174,18.099174,17.947691,627990
2003-08-15,18.165289,18.272726,18.057852,18.223141,18.070620,202796
2003-08-18,18.223141,18.330580,18.049587,18.247934,18.095205,403898
2003-08-19,18.264463,18.842976,18.181818,18.677687,18.521362,636823
2003-08-20,18.553719,18.611570,18.380165,18.471073,18.316477,232804
2003-08-21,18.760330,18.933884,18.628099,18.809917,18.652485,354409
2003-08-22,18.842976,18.842976,18.388430,18.619835,18.463993,253253
2003-08-25,18.595041,18.809917,18.471073,18.710745,18.554142,239338
2003-08-26,18.702478,18.826447,18.462811,18.785124,18.627899,281204
2003-08-27,18.719007,18.867769,18.421488,18.842976,18.685266,333355
2003-08-28,18.801653,19.297522,18.702478,19.132231,18.972101,298144
2003-08-29,18.950413,19.239670,18.876034,19.000000,18.840977,275759
2003-09-02,19.049587,19.214876,18.892563,19.107437,18.947515,612502
2003-09-03,18.966942,19.371901,18.876034,18.876034,18.718048,460526
2003-09-04,18.925619,19.107437,18.826447,19.000000,18.840977,522599
2003-09-05,19.000000,19.157024,18.727274,18.793388,18.636095,397485
2003-09-08,18.884298,19.297522,18.842976,19.049587,18.890150,433422
2003-09-09,19.049587,19.049587,18.421488,18.421488,18.267307,791461
2003-09-10,18.471073,18.553719,18.272726,18.305784,18.152573,318351
2003-09-11,18.347107,18.553719,18.322313,18.347107,18.193548,432575
2003-09-12,18.388430,18.719007,18.272726,18.636364,18.480385,282535
2003-09-15,18.719007,18.719007,18.314051,18.380165,18.226330,386837
2003-09-16,18.347107,18.388430,17.760330,17.892563,17.742809,1178540
2003-09-17,17.933884,18.033058,17.851240,17.859505,17.710028,650496
2003-09-18,17.933884,18.173553,17.933884,18.057852,17.906713,577412
2003-09-19,18.016529,18.173553,17.842976,18.057852,17.906713,586366
2003-09-22,18.041323,18.264463,17.743801,18.214876,18.062424,354651
2003-09-23,18.099174,18.347107,17.710745,17.710745,17.562513,452903
2003-09-24,17.851240,17.876034,17.561983,17.628099,17.480558,689216
2003-09-25,17.727274,17.809917,17.636364,17.702478,17.554316,418539
2003-09-26,17.520660,17.702478,17.454544,17.628099,17.480558,286528
2003-09-29,17.595041,17.851240,17.561983,17.768595,17.619879,461131
2003-09-30,17.603306,18.090908,17.487602,17.933884,17.783783,554422
2003-10-01,17.975206,17.975206,17.719007,17.876034,17.726418,531190
2003-10-02,17.909092,18.000000,17.776859,17.917355,17.767393,358886
2003-10-03,17.975206,18.049587,17.785124,17.851240,17.701832,266926
2003-10-06,17.933884,18.264463,17.851240,18.132231,17.980471,758186
2003-10-07,18.140495,18.388430,17.900826,18.231405,18.078815,389862
2003-10-08,18.388430,18.735537,18.371901,18.545456,18.390238,353078
2003-10-09,18.652893,19.049587,18.595041,18.710745,18.554142,410069
2003-10-10,18.611570,18.801653,18.305784,18.347107,18.193548,371712
2003-10-13,18.553719,19.049587,18.545456,18.966942,18.808195,377883
2003-10-14,18.966942,18.966942,18.661158,18.719007,18.562336,333113
2003-10-15,17.355371,18.413223,17.355371,17.933884,17.783783,1520486
2003-10-16,17.909092,18.264463,17.909092,18.140495,17.988667,401841
2003-10-17,18.305784,18.305784,17.735537,18.041323,17.890324,270677
2003-10-20,18.016529,18.280993,18.016529,18.280993,18.127987,452661
2003-10-21,17.785124,18.223141,17.512398,18.082645,17.931301,605000
2003-10-22,18.082645,18.082645,17.322313,17.347107,17.201918,882816
2003-10-23,17.347107,17.644629,17.148760,17.487602,17.341238,377399
2003-10-24,18.181818,19.090908,18.181818,19.066116,18.906540,1164746
2003-10-27,19.214876,19.289255,18.801653,19.000000,18.840977,505780
2003-10-28,19.206612,20.107437,19.206612,20.041323,19.873585,1104004
2003-10-29,20.206612,20.355371,20.148760,20.280993,20.111248,639122
2003-10-30,20.330580,20.347107,19.694216,19.809917,19.644115,378730
2003-10-31,19.752066,20.123966,19.685949,19.851240,19.685093,334202
2003-11-03,19.933884,20.223141,19.933884,20.206612,20.037489,453145
2003-11-04,20.082645,20.512398,20.074381,20.438017,20.266958,632830
2003-11-05,20.438017,20.661158,20.322313,20.537189,20.365301,509773
2003-11-06,20.578512,20.652893,20.330580,20.454544,20.283348,344366
2003-11-07,20.520660,20.661158,20.512398,20.595041,20.422668,210903
2003-11-10,20.628099,20.661158,20.256199,20.561983,20.389887,345818
2003-11-11,20.495869,20.652893,20.264463,20.553719,20.381691,260150
2003-11-12,20.578512,20.909092,20.570248,20.909092,20.734091,323554
2003-11-13,20.809917,21.611570,20.809917,21.520660,21.340540,676874
2003-11-14,21.570248,21.950413,21.520660,21.595041,21.414299,347875
2003-11-17,21.487602,21.694216,21.247934,21.652893,21.471666,436931
2003-11-18,21.735537,22.264463,21.710745,22.115702,21.930601,970541
2003-11-19,22.107437,22.644629,22.107437,22.644629,22.455101,893585
2003-11-20,22.603306,22.603306,22.223141,22.223141,22.037142,405350
2003-11-21,22.231405,22.231405,21.776859,21.818182,21.635572,813483
2003-11-24,22.024794,22.694216,22.024794,22.520660,22.332170,495132
2003-11-25,22.603306,22.603306,22.264463,22.305784,22.119093,812999
2003-11-26,22.314051,22.355371,22.123966,22.314051,22.127291,383086
2003-11-28,22.231405,22.528927,22.231405,22.380165,22.192852,116402
2003-12-01,22.380165,22.462811,22.148760,22.223141,22.037142,567248
2003-12-02,22.231405,22.917355,22.231405,22.644629,22.455101,499125
2003-12-03,22.685949,22.842976,22.429752,22.479340,22.291197,434027
2003-12-04,22.504131,22.504131,22.033058,22.148760,21.963383,493075
2003-12-05,22.157024,22.190083,21.669420,21.867769,21.684744,441045
2003-12-08,20.702478,21.396694,20.429752,21.231405,21.053707,805255
2003-12-09,21.438017,21.438017,21.115702,21.239670,21.061901,457985
2003-12-10,21.239670,21.264463,20.983471,21.190083,21.012730,330572
2003-12-11,21.115702,21.677687,21.115702,21.661158,21.479862,317988
2003-12-12,21.578512,21.586777,21.363636,21.380165,21.201221,258698
2003-12-15,21.586777,21.619835,21.099174,21.123966,20.947166,284471
2003-12-16,21.173553,21.545456,20.950413,21.347107,21.168440,262328
2003-12-17,21.487602,21.776859,20.958677,21.743801,21.561813,867691
2003-12-18,21.743801,22.520660,21.743801,22.388430,22.201046,907500
2003-12-19,22.380165,22.380165,22.165289,22.355371,22.168266,319319
2003-12-22,22.314051,22.677687,22.239670,22.479340,22.291197,334807
2003-12-23,22.396694,22.719007,22.066116,22.190083,22.004360,259545
2003-12-24,22.181818,22.272726,22.115702,22.115702,21.930601,125598
2003-12-26,22.190083,22.190083,21.942148,22.082645,21.897821,135036
2003-12-29,22.107437,22.314051,21.975206,22.148760,21.963383,442376
2003-12-30,22.190083,22.247934,21.983471,22.074381,21.889627,361306
2003-12-31,21.983471,22.396694,21.942148,21.966942,21.783087,425194
2004-01-02,22.148760,22.380165,22.132231,22.272726,22.086311,305162
2004-01-05,22.355371,22.520660,22.173553,22.314051,22.127291,702163
2004-01-06,22.314051,22.363636,21.793388,21.801653,21.619181,665621
2004-01-07,21.801653,21.818182,21.371901,21.446281,21.266785,622908
2004-01-08,22.314051,23.603306,22.314051,23.347107,23.151701,1781604
2004-01-09,23.289255,23.305784,22.768595,22.834711,22.643593,334202
2004-01-12,23.925619,24.157024,23.528927,23.752066,23.553270,862972
2004-01-13,24.173553,24.190083,23.884298,23.991735,23.790934,712327
2004-01-14,24.000000,24.520660,23.884298,24.462811,24.258066,396275
2004-01-15,24.462811,25.107437,24.239670,24.694216,24.487534,880638
2004-01-16,24.793388,25.107437,24.793388,24.917355,24.708805,609356
2004-01-20,24.958677,25.512398,24.917355,25.396694,25.184134,847000
2004-01-21,25.396694,25.454544,24.917355,24.983471,24.774368,834053
2004-01-22,24.256199,24.421488,23.123966,24.214876,24.012207,1979076
2004-01-23,24.090908,24.371901,23.892563,24.107437,23.905666,603669
2004-01-26,24.107437,24.148760,23.553719,23.776859,23.577856,707729
2004-01-27,23.264463,23.512398,22.793388,23.289255,23.094334,953843
2004-01-28,23.305784,23.347107,22.719007,22.768595,22.578030,535909
2004-01-29,23.099174,23.223141,22.776859,23.074381,22.881256,360217
2004-01-30,22.975206,23.388430,22.851240,23.355371,23.159895,467060
2004-02-02,23.355371,24.173553,23.355371,23.859505,23.659809,807312
2004-02-03,23.719007,23.743801,23.388430,23.636364,23.438536,464398
2004-02-04,23.644629,23.719007,23.462811,23.504131,23.307411,413215
2004-02-05,23.619835,23.636364,22.661158,23.057852,22.864866,620488
2004-02-06,23.057852,23.512398,22.942148,23.421488,23.225458,315931
2004-02-09,23.429752,23.553719,23.297522,23.305784,23.110723,204611
2004-02-10,23.264463,23.438017,23.123966,23.438017,23.241850,371833
2004-02-11,23.438017,23.661158,23.140495,23.314051,23.118921,378488
2004-02-12,23.396694,23.578512,23.223141,23.289255,23.094334,364210
2004-02-13,23.289255,23.289255,22.917355,22.991735,22.799303,434995
2004-02-17,22.991735,23.206612,22.991735,23.041323,22.848476,311212
2004-02-18,23.388430,23.388430,23.057852,23.173553,22.979599,410190
2004-02-19,23.223141,23.338842,22.925619,22.925619,22.733740,916938
2004-02-20,22.925619,22.933884,22.090908,22.305784,22.119093,452298
2004-02-23,22.305784,22.479340,22.190083,22.413223,22.225634,484484
2004-02-24,22.314051,22.909092,22.066116,22.553719,22.364952,794728
2004-02-25,22.553719,22.611570,22.314051,22.438017,22.250219,623513
2004-02-26,23.966942,23.966942,23.057852,23.140495,22.946817,1978713
2004-02-27,23.347107,23.867769,22.983471,23.181818,22.987795,1835812
2004-03-01,22.991735,22.991735,22.140495,22.644629,22.455101,1585826
2004-03-02,22.644629,23.008265,22.611570,22.669420,22.479685,579227
2004-03-03,22.752066,22.933884,22.479340,22.636364,22.446907,589391
2004-03-04,22.561983,22.876034,22.520660,22.851240,22.659985,769197
2004-03-05,22.809917,23.074381,22.685949,22.925619,22.733740,677963
2004-03-08,23.016529,23.214876,22.636364,22.768595,22.578030,436447
2004-03-09,22.760330,22.842976,22.545456,22.586777,22.397734,385264
2004-03-10,22.520660,22.719007,22.305784,22.314051,22.127291,417934
2004-03-11,22.231405,22.520660,22.074381,22.330580,22.143681,438988
2004-03-12,22.578512,22.727274,22.355371,22.727274,22.537056,397848
2004-03-15,22.702478,22.842976,22.545456,22.727274,22.537056,641542
2004-03-16,22.776859,22.958677,22.537189,22.685949,22.496077,532158
2004-03-17,22.809917,23.157024,22.768595,23.099174,22.905844,523325
2004-03-18,23.107437,23.107437,22.636364,23.008265,22.815695,293546
2004-03-19,22.851240,23.297522,22.727274,23.000000,22.807499,520542
2004-03-22,22.933884,22.933884,22.495869,22.710745,22.520664,424347
2004-03-23,22.694216,22.851240,22.636364,22.727274,22.537056,260755
2004-03-24,22.644629,22.727274,22.322313,22.479340,22.291197,407407
2004-03-25,22.471073,22.611570,22.024794,22.165289,21.979774,620851
2004-03-26,22.231405,22.289255,21.818182,21.917355,21.733915,553212
2004-03-29,22.066116,22.264463,22.008265,22.264463,22.078117,518485
2004-03-30,22.264463,22.661158,22.165289,22.595041,22.405930,376068
2004-03-31,22.520660,23.082645,22.487602,23.000000,22.807499,417087
2004-04-01,23.016529,23.429752,23.000000,23.429752,23.233654,469601
2004-04-02,23.619835,23.818182,23.595041,23.743801,23.545074,523567
2004-04-05,23.785124,23.991735,23.338842,23.380165,23.184483,884268
2004-04-06,23.371901,23.454544,23.223141,23.305784,23.110723,236071
2004-04-07,23.305784,23.512398,23.256199,23.388430,23.192677,469722
2004-04-08,23.429752,23.454544,23.247934,23.305784,23.110723,180532
2004-04-12,23.264463,23.363636,23.123966,23.223141,23.028772,440440
2004-04-13,22.818182,23.090908,22.338842,22.404959,22.217438,1021603
2004-04-14,22.404959,22.404959,21.801653,21.917355,21.733915,955900
2004-04-15,21.925619,22.148760,21.561983,21.727274,21.545425,954327
2004-04-16,21.859505,22.280993,21.578512,22.181818,21.996164,1305106
2004-04-19,21.322313,21.677687,20.504131,20.512398,20.340717,3370576
2004-04-20,20.363636,21.157024,20.363636,20.743801,20.570183,11035321
2004-04-21,21.404959,21.900826,20.966942,21.471073,21.291368,4275656
2004-04-22,21.471073,22.033058,21.429752,22.033058,21.848650,1719773
2004-04-23,21.983471,22.082645,21.074381,21.553719,21.373322,967032
2004-04-26,21.586777,21.983471,21.157024,21.305784,21.127462,1046892
2004-04-27,21.363636,21.504131,21.272726,21.413223,21.234003,626175
2004-04-28,21.487602,21.561983,20.966942,21.082645,20.906191,1118524
2004-04-29,20.785124,21.314051,20.785124,21.074381,20.897997,721765
2004-04-30,21.033058,21.396694,21.033058,21.314051,21.135660,684739
2004-05-03,21.280993,21.735537,21.256199,21.380165,21.201221,973687
2004-05-04,21.280993,21.322313,21.049587,21.256199,21.078293,549703
2004-05-05,21.239670,21.776859,21.214876,21.545456,21.365129,573177
2004-05-06,21.487602,21.487602,21.157024,21.371901,21.193026,607420
2004-05-07,21.132231,21.570248,21.066116,21.082645,20.906191,347391
2004-05-10,20.909092,21.008265,20.289255,20.388430,20.217787,1066978
2004-05-11,20.661158,20.859505,20.471073,20.512398,20.340717,1381941
2004-05-12,20.512398,21.049587,20.413223,20.768595,20.594769,860915
2004-05-13,20.710745,21.280993,20.661158,20.950413,20.775066,518001
2004-05-14,21.033058,21.074381,20.413223,20.727274,20.553795,1391137
2004-05-17,20.727274,20.793388,20.280993,20.669420,20.496426,459074
2004-05-18,20.669420,20.768595,20.611570,20.669420,20.496426,528891
2004-05-19,20.743801,20.834711,20.148760,20.206612,20.037489,860673
2004-05-20,20.206612,20.214876,19.404959,19.958677,19.791630,1830246
2004-05-21,20.041323,20.231405,20.041323,20.181818,20.012903,1048828
2004-05-24,20.743801,21.074381,20.636364,20.702478,20.529207,1382425
2004-05-25,20.785124,20.909092,20.619835,20.768595,20.594769,926134
2004-05-26,20.867769,20.884298,20.619835,20.768595,20.594769,1897038
2004-05-27,20.867769,21.289255,20.785124,21.157024,20.979948,1265539
2004-05-28,21.115702,21.314051,21.074381,21.074381,20.897997,541475
2004-06-01,21.157024,22.173553,21.123966,22.000000,21.815868,1517703
2004-06-02,22.314051,22.561983,22.223141,22.314051,22.127291,1323256
2004-06-03,22.338842,22.396694,21.801653,21.884298,21.701136,909073
2004-06-04,21.884298,22.322313,21.884298,22.024794,21.840454,556600
2004-06-07,22.314051,22.768595,22.223141,22.628099,22.438711,627143
2004-06-08,22.314051,22.396694,22.033058,22.090908,21.906015,424226
2004-06-09,22.206612,22.388430,21.818182,21.826447,21.643768,345576
2004-06-10,21.900826,21.925619,21.429752,21.719007,21.537228,931216
2004-06-14,21.727274,21.793388,21.553719,21.743801,21.561813,537119
2004-06-15,21.859505,21.942148,21.421488,21.694216,21.512644,509410
2004-06-16,21.636364,21.983471,21.636364,21.983471,21.799477,386595
2004-06-17,21.834711,21.859505,21.528927,21.859505,21.676548,908710
2004-06-18,21.694216,22.280993,21.677687,22.024794,21.840454,878460
2004-06-21,21.942148,21.942148,21.553719,21.586777,21.406103,686433
2004-06-22,21.487602,21.537189,20.504131,20.942148,20.766870,1784024
2004-06-23,20.975206,20.975206,20.768595,20.826447,20.652138,813483
2004-06-24,20.842976,20.909092,20.768595,20.793388,20.619356,1104488
2004-06-25,20.826447,21.181818,20.785124,21.115702,20.938971,1407472
2004-06-28,21.239670,21.264463,20.578512,20.661158,20.488232,968000
2004-06-29,20.801653,21.140495,20.661158,21.107437,20.930777,1093235
2004-06-30,21.694216,22.165289,21.545456,22.123966,21.938797,1340075
2004-07-01,22.066116,22.206612,21.917355,22.024794,21.840454,1195722
2004-07-02,21.958677,22.115702,21.801653,22.090908,21.906015,960982
2004-07-06,22.107437,22.107437,21.636364,21.652893,21.471666,796059
2004-07-07,21.801653,22.462811,21.801653,22.223141,22.037142,1419935
2004-07-08,22.314051,22.355371,21.859505,21.917355,21.733915,839498
2004-07-09,21.900826,22.239670,21.859505,22.190083,22.004360,646140
2004-07-12,22.066116,22.347107,22.024794,22.239670,22.053532,702647
2004-07-13,22.066116,22.388430,22.049587,22.330580,22.143681,459679
2004-07-14,22.413223,23.033058,22.413223,22.694216,22.504274,1338018
2004-07-15,22.603306,22.752066,22.272726,22.404959,22.217438,698775
2004-07-16,22.272726,22.628099,21.652893,22.520660,22.332170,1277881
2004-07-19,22.314051,22.438017,22.190083,22.355371,22.168266,1297967
2004-07-20,22.289255,22.661158,22.289255,22.661158,22.471493,897215
2004-07-21,22.520660,22.520660,22.107437,22.115702,21.930601,1077021
2004-07-22,22.115702,22.619835,21.570248,21.900826,21.717524,1284415
2004-07-23,21.942148,22.123966,21.694216,21.735537,21.553617,1097470
2004-07-26,21.942148,22.090908,21.148760,21.512398,21.332348,732776
2004-07-27,21.652893,21.702478,21.157024,21.487602,21.307758,763026
2004-07-28,21.487602,21.487602,19.776859,20.702478,20.529207,2044295
2004-07-29,20.702478,20.760330,20.479340,20.578512,20.406279,752741
2004-07-30,20.578512,20.586777,20.239670,20.338842,20.168613,792671
2004-08-02,20.338842,20.504131,20.140495,20.438017,20.266958,835747
2004-08-03,20.495869,20.586777,20.173553,20.198347,20.029295,1054636
2004-08-04,20.198347,20.264463,19.876034,19.925619,19.758850,1245937
2004-08-05,19.884298,20.000000,19.826447,19.842976,19.676897,611534
2004-08-06,19.710745,19.719007,19.181818,19.338842,19.176983,540265
2004-08-09,19.256199,19.636364,19.256199,19.487602,19.324499,732655
2004-08-10,19.628099,19.950413,19.595041,19.900826,19.734262,745844
2004-08-11,19.851240,20.165289,19.644629,20.082645,19.914560,475409
2004-08-12,20.000000,20.082645,19.446281,19.561983,19.398256,773069
2004-08-13,19.545456,19.694216,19.504131,19.586777,19.422842,495495
2004-08-16,19.917355,20.247934,19.760330,19.859505,19.693289,979858
2004-08-17,20.000000,20.082645,19.628099,19.652893,19.488405,1019062
2004-08-18,19.652893,20.247934,19.487602,20.223141,20.053881,642873
2004-08-19,20.066116,20.099174,19.809917,20.049587,19.881781,533731
2004-08-20,20.049587,20.123966,19.867769,19.991735,19.824411,528407
2004-08-23,20.305784,21.247934,20.280993,20.561983,20.389887,1200804
2004-08-24,20.950413,20.966942,20.438017,20.537189,20.365301,443949
2004-08-25,20.495869,20.669420,20.413223,20.561983,20.389887,366388
2004-08-26,20.495869,20.892563,20.495869,20.842976,20.668528,435237
2004-08-27,20.785124,20.793388,20.487602,20.669420,20.496426,501303
2004-08-30,20.743801,20.809917,20.396694,20.685949,20.512815,473231
2004-08-31,20.826447,20.876034,20.479340,20.661158,20.488232,769560
2004-09-01,20.826447,21.123966,20.826447,21.123966,20.947166,597861
2004-09-02,21.041323,21.049587,20.710745,20.942148,20.766870,437294
2004-09-03,21.057852,21.247934,20.966942,21.041323,20.865215,270556
2004-09-07,20.991735,21.206612,20.776859,20.818182,20.643942,647108
2004-09-08,20.760330,20.909092,20.528927,20.553719,20.381691,518848
2004-09-09,20.553719,20.743801,20.371901,20.429752,20.258762,577049
2004-09-10,20.578512,20.892563,20.305784,20.884298,20.709505,396033
2004-09-13,20.892563,20.900826,20.570248,20.570248,20.398083,429792
2004-09-14,20.578512,20.586777,20.074381,20.487602,20.316128,861157
2004-09-15,20.504131,20.595041,20.363636,20.413223,20.242373,602096
2004-09-16,20.578512,20.661158,20.438017,20.619835,20.447254,310244
2004-09-17,20.619835,20.661158,20.446281,20.570248,20.398083,499246
2004-09-20,20.570248,20.661158,20.206612,20.388430,20.217787,407528
2004-09-21,20.289255,20.462811,20.239670,20.280993,20.111248,445643
2004-09-22,21.570248,22.479340,21.462811,22.371901,22.184656,6386622
2004-09-23,21.900826,22.413223,21.900826,22.074381,21.889627,2631145
2004-09-24,22.123966,22.561983,22.123966,22.512398,22.323977,1293127
2004-09-27,22.561983,22.561983,22.289255,22.454544,22.266607,1230449
2004-09-28,22.495869,22.545456,22.148760,22.173553,21.987968,948277
2004-09-29,22.231405,22.264463,21.785124,21.917355,21.733915,1014827
2004-09-30,21.983471,22.074381,21.768595,22.049587,21.865040,956747
2004-10-01,22.148760,22.801653,22.148760,22.347107,22.160070,1250535
2004-10-04,22.520660,22.752066,22.355371,22.495869,22.307587,1064558
2004-10-05,22.495869,23.066116,22.272726,23.024794,22.832085,1307889
2004-10-06,23.024794,23.388430,22.950413,23.082645,22.889452,961708
2004-10-07,23.264463,23.264463,22.859505,23.082645,22.889452,1025717
2004-10-08,23.082645,23.289255,22.983471,23.264463,23.069748,906774
2004-10-11,23.322313,23.338842,22.578512,22.834711,22.643593,1077384
2004-10-12,22.818182,22.876034,22.702478,22.727274,22.537056,1045803
2004-10-13,22.520660,22.553719,22.148760,22.223141,22.037142,996435
2004-10-14,22.190083,22.272726,21.735537,21.776859,21.594595,937145
2004-10-15,21.776859,21.876034,21.553719,21.561983,21.381517,1186647
2004-10-18,21.528927,21.677687,21.421488,21.586777,21.406103,899635
2004-10-19,21.586777,21.661158,21.082645,21.181818,21.004534,1237951
2004-10-20,21.404959,21.735537,21.173553,21.545456,21.365129,845548
2004-10-21,21.487602,21.611570,21.380165,21.553719,21.373322,559020
2004-10-22,21.404959,22.190083,21.363636,21.900826,21.717524,1083555
2004-10-25,21.818182,21.834711,21.520660,21.628099,21.447081,692725
2004-10-26,21.776859,22.173553,21.611570,22.157024,21.971579,667557
2004-10-27,22.330580,22.619835,21.983471,22.462811,22.274805,1531860
2004-10-28,22.561983,22.586777,22.214876,22.256199,22.069923,739068
2004-10-29,22.256199,22.256199,21.909092,22.165289,21.979774,659813
2004-11-01,22.231405,22.495869,22.132231,22.487602,22.299389,956868
2004-11-02,22.520660,22.735537,22.223141,22.239670,22.053532,707608
2004-11-03,23.140495,23.165289,22.371901,22.809917,22.619007,910525
2004-11-04,23.553719,23.586777,23.049587,23.181818,22.987795,818081
2004-11-05,23.305784,23.305784,22.991735,23.190083,22.995991,811910
2004-11-08,23.016529,23.429752,22.917355,23.123966,22.930428,654731
2004-11-09,23.057852,23.371901,22.892563,23.140495,22.946817,865634
2004-11-10,23.181818,23.223141,22.884298,22.933884,22.741936,826551
2004-11-11,22.727274,22.743801,22.314051,22.429752,22.242023,1991660
2004-11-12,22.619835,22.884298,22.371901,22.884298,22.692766,820622
2004-11-15,22.884298,22.991735,22.644629,22.909092,22.717352,773674
2004-11-16,23.115702,23.132231,22.851240,22.950413,22.758326,1008535
2004-11-17,22.958677,23.049587,22.669420,22.900826,22.709154,822316
2004-11-18,21.735537,22.826447,21.735537,22.553719,22.364952,1226940
2004-11-19,22.586777,22.669420,22.231405,22.322313,22.135485,1786081
2004-11-22,22.247934,22.380165,22.099174,22.330580,22.143681,1115378
2004-11-23,22.322313,22.380165,22.198347,22.314051,22.127291,1007083
2004-11-24,22.479340,22.545456,22.297522,22.479340,22.291197,953722
2004-11-26,22.520660,22.735537,22.396694,22.661158,22.471493,114587
2004-11-29,22.561983,22.652893,22.314051,22.404959,22.217438,824615
2004-11-30,22.438017,22.851240,22.363636,22.851240,22.659985,518606
2004-12-01,22.851240,23.123966,22.776859,23.123966,22.930428,821227
2004-12-02,23.140495,23.148760,22.909092,23.066116,22.873062,1125058
2004-12-03,22.892563,23.140495,22.851240,23.057852,22.864866,705793
2004-12-06,22.975206,22.991735,22.776859,22.917355,22.725544,413941
2004-12-07,22.727274,23.057852,22.727274,22.760330,22.569836,344729
2004-12-08,22.727274,23.049587,22.677687,22.892563,22.700960,885841
2004-12-09,22.876034,23.380165,22.479340,23.297522,23.102530,1637251
2004-12-10,23.305784,23.388430,23.057852,23.264463,23.069748,928554
2004-12-13,23.057852,23.363636,22.966942,22.975206,22.782913,891649
2004-12-14,22.975206,23.305784,22.942148,23.024794,22.832085,1076658
2004-12-15,23.173553,23.388430,23.090908,23.239670,23.045162,745602
2004-12-16,23.280993,23.504131,22.900826,22.958677,22.766521,911493
2004-12-17,22.958677,23.074381,22.851240,22.851240,22.659985,743182
2004-12-20,22.851240,22.851240,22.330580,22.438017,22.250219,964249
2004-12-21,22.438017,22.925619,22.438017,22.925619,22.733740,798721
2004-12-22,22.892563,23.049587,22.892563,23.016529,22.823889,473594
2004-12-23,22.933884,23.066116,22.900826,23.016529,22.823889,343761
2004-12-27,23.057852,23.057852,22.768595,22.876034,22.684570,319682
2004-12-28,22.644629,23.132231,22.371901,23.123966,22.930428,820017
2004-12-29,23.289255,23.338842,23.099174,23.264463,23.069748,647592
2004-12-30,23.264463,23.347107,23.140495,23.256199,23.061554,340615
2004-12-31,23.165289,23.289255,22.991735,23.041323,22.848476,166738
2005-01-03,23.049587,23.049587,22.809917,22.900826,22.709154,646987
2005-01-04,23.066116,23.198347,22.735537,22.892563,22.700960,1088879
2005-01-05,22.851240,22.851240,22.355371,22.363636,22.176460,662354
2005-01-06,22.429752,22.528927,22.289255,22.528927,22.340368,489445
2005-01-07,22.396694,22.603306,22.280993,22.322313,22.135485,615285
2005-01-10,22.363636,22.793388,22.355371,22.537189,22.348562,689700
2005-01-11,22.545456,22.545456,22.289255,22.396694,22.209242,770044
2005-01-12,23.925619,24.115702,23.429752,23.719007,23.520489,2748031
2005-01-13,24.173553,24.305784,23.644629,23.801653,23.602442,2002792
2005-01-14,23.801653,24.239670,23.752066,24.132231,23.930254,1151194
2005-01-18,24.173553,24.190083,23.884298,24.041323,23.840105,2371600
2005-01-19,23.966942,24.231405,23.884298,24.173553,23.971230,659571
2005-01-20,24.173553,24.586777,24.033058,24.355371,24.151525,930490
2005-01-21,24.297522,24.322313,23.834711,23.966942,23.766348,925045
2005-01-24,24.578512,24.578512,23.925619,24.057852,23.856497,1635678
2005-01-25,24.082645,24.181818,23.553719,23.702478,23.504097,1098680
2005-01-26,23.909092,24.132231,23.785124,24.000000,23.799129,770286
2005-01-27,23.768595,24.082645,23.760330,23.917355,23.717175,889108
2005-01-28,23.892563,23.950413,23.760330,23.801653,23.602442,512193
2005-01-31,23.950413,23.983471,23.776859,23.950413,23.749956,641663
2005-02-01,23.991735,24.685949,23.966942,24.561983,24.356409,1104125
2005-02-02,24.628099,25.024794,24.380165,24.917355,24.708805,1568039
2005-02-03,24.776859,24.793388,24.553719,24.743801,24.536705,825704
2005-02-04,24.752066,25.305784,24.644629,25.289255,25.077593,1137279
2005-02-07,25.289255,25.471073,24.958677,25.454544,25.241499,992079
2005-02-08,25.479340,25.619835,25.214876,25.504131,25.290670,814088
2005-02-09,25.421488,25.421488,25.066116,25.206612,24.995642,1032372
2005-02-10,25.388430,25.388430,25.165289,25.206612,24.995642,1129414
2005-02-11,25.206612,25.859505,25.173553,25.842976,25.626680,993410
2005-02-14,26.016529,26.280993,25.851240,26.198347,25.979076,1191245
2005-02-15,25.826447,25.834711,25.512398,25.578512,25.364429,1668106
2005-02-16,25.578512,25.991735,25.520660,25.991735,25.774195,1393073
2005-02-17,25.991735,25.991735,25.330580,25.371901,25.159548,1077142
2005-02-18,25.371901,25.628099,25.214876,25.595041,25.380821,715231
2005-02-22,25.537189,25.570248,25.247934,25.347107,25.134962,1071213
2005-02-23,25.355371,25.933884,25.289255,25.867769,25.651266,1217865
2005-02-24,25.909092,26.347107,25.619835,26.157024,25.938101,1428768
2005-02-25,26.157024,26.611570,25.876034,26.611570,26.388842,1424533
2005-02-28,26.702478,26.991735,26.413223,26.752066,26.528160,1113563
2005-03-01,26.966942,26.966942,26.570248,26.760330,26.536356,946583
2005-03-02,26.760330,27.066116,26.504131,26.785124,26.560942,948882
2005-03-03,26.900826,27.264463,26.834711,27.115702,26.888754,1055120
2005-03-04,27.190083,27.214876,26.826447,26.975206,26.749434,1462406
2005-03-07,27.256199,27.413223,27.049587,27.413223,27.183784,1487453
2005-03-08,27.438017,27.520660,27.181818,27.247934,27.019880,854744
2005-03-09,27.247934,27.438017,26.925619,27.305784,27.077246,855228
2005-03-10,27.272726,27.595041,27.272726,27.553719,27.323105,800052
2005-03-11,27.685949,28.099174,27.553719,27.595041,27.364080,1249567
2005-03-14,27.603306,27.859505,27.338842,27.512398,27.282129,661507
2005-03-15,27.768595,27.776859,27.198347,27.338842,27.110027,805618
2005-03-16,27.272726,27.314051,26.966942,27.115702,26.888754,987965
2005-03-17,27.123966,27.123966,26.793388,26.917355,26.692066,798721
2005-03-18,26.818182,27.214876,26.785124,26.942148,26.716652,1261909
2005-03-21,26.958677,27.082645,26.776859,26.958677,26.733044,559988
2005-03-22,27.057852,27.438017,27.057852,27.223141,26.995293,1087911
2005-03-23,27.041323,27.355371,26.884298,27.165289,26.937925,1223794
2005-03-24,27.272726,27.834711,27.190083,27.760330,27.527987,968605
2005-03-28,28.057852,28.462811,27.933884,28.140495,27.904970,1031888
2005-03-29,29.752066,30.024794,28.669420,28.785124,28.544203,3709618
2005-03-30,28.884298,28.917355,28.652893,28.834711,28.593376,666589
2005-03-31,29.041323,29.041323,28.528927,28.851240,28.609766,1036970
2005-04-01,28.966942,29.123966,28.801653,28.909092,28.667133,1076658
2005-04-04,29.049587,29.049587,28.595041,28.652893,28.413078,725395
2005-04-05,28.652893,28.702478,28.314051,28.661158,28.421274,903991
2005-04-06,28.661158,29.008265,28.661158,28.842976,28.601570,816750
2005-04-07,29.049587,29.429752,28.867769,29.314051,29.068703,765930
2005-04-08,29.380165,29.595041,29.338842,29.429752,29.183435,1334388
2005-04-11,29.438017,29.801653,29.363636,29.702478,29.453880,802956
2005-04-12,29.669420,29.710745,29.338842,29.504131,29.257193,1232990
2005-04-13,29.504131,29.776859,29.338842,29.479340,29.232609,678568
2005-04-14,29.628099,29.694216,28.884298,28.892563,28.650743,811547
2005-04-15,28.842976,29.297522,28.760330,29.132231,28.888405,1424654
2005-04-18,29.173553,29.181818,27.966942,28.173553,27.937752,1370688
2005-04-19,28.264463,28.719007,28.099174,28.611570,28.372103,801141
2005-04-20,28.454544,28.595041,27.966942,28.008265,27.773846,750684
2005-04-21,28.429752,28.537189,27.388430,27.685949,27.454227,1500158
2005-04-22,27.768595,28.074381,27.495869,27.801653,27.568964,955900
2005-04-25,27.801653,28.347107,27.801653,28.239670,28.003315,747417
2005-04-26,28.231405,28.446281,27.892563,27.933884,27.700087,897336
2005-04-27,27.975206,28.033058,27.429752,27.545456,27.314911,1133286
2005-04-28,27.768595,28.752066,27.694216,28.553719,28.314735,2774651
2005-04-29,28.933884,30.256199,28.801653,30.123966,29.871840,1931281
2005-05-02,30.578512,30.760330,30.016529,30.239670,29.986574,1609905
2005-05-03,30.371901,30.380165,29.776859,29.834711,29.585005,1246542
2005-05-04,30.082645,30.198347,30.000000,30.041323,29.789888,848452
2005-05-05,30.107437,30.107437,29.578512,29.677687,29.429296,937266
2005-05-06,29.834711,30.074381,29.595041,30.057852,29.806278,743424
2005-05-09,30.049587,30.661158,29.719007,30.487602,30.232433,964007
2005-05-10,30.520660,30.685949,30.247934,30.380165,30.125895,853050
2005-05-11,30.553719,30.636364,30.082645,30.289255,30.035746,1097349
2005-05-12,30.206612,30.520660,29.785124,29.801653,29.552225,860068
2005-05-13,29.752066,29.760330,28.520660,28.892563,28.650743,940654
2005-05-16,29.049587,29.834711,29.049587,29.719007,29.470270,1194512
2005-05-17,29.752066,29.793388,29.347107,29.685949,29.437489,725032
2005-05-18,29.743801,30.198347,29.743801,30.115702,29.863644,936782
2005-05-19,30.165289,30.206612,29.942148,30.074381,29.822670,459074
2005-05-20,30.000000,30.066116,29.636364,29.950413,29.699739,412489
2005-05-23,29.925619,29.925619,29.504131,29.578512,29.330952,886325
2005-05-24,29.578512,29.586777,29.090908,29.165289,28.921186,942227
2005-05-25,29.008265,29.173553,28.809917,29.132231,28.888405,725395
2005-05-26,29.099174,29.520660,29.041323,29.471073,29.224411,890802
2005-05-27,29.421488,29.743801,29.396694,29.619835,29.371927,490534
2005-05-31,29.628099,30.256199,29.628099,30.057852,29.806278,786016
2005-06-01,30.066116,30.322313,30.000000,30.157024,29.904621,846879
2005-06-02,30.165289,30.619835,30.049587,30.595041,30.338972,889350
2005-06-03,30.413223,30.702478,30.371901,30.586777,30.330776,765083
2005-06-06,30.702478,31.330580,30.528927,31.289255,31.027376,1164141
2005-06-07,31.223141,31.661158,31.198347,31.413223,31.150307,1358104
2005-06-08,31.495869,31.528927,31.099174,31.305784,31.043766,600281
2005-06-09,31.322313,31.347107,30.917355,30.917355,30.658588,1596111
2005-06-10,31.115702,31.206612,30.636364,30.991735,30.732346,763873
2005-06-13,31.090908,31.578512,30.975206,31.578512,31.314213,857043
2005-06-14,31.611570,31.851240,31.388430,31.826447,31.560072,908710
2005-06-15,31.809917,31.884298,31.471073,31.785124,31.519094,883663
2005-06-16,31.727274,31.900826,31.487602,31.652893,31.387970,805860
2005-06-17,31.735537,31.776859,31.338842,31.338842,31.076548,714747
2005-06-20,31.157024,31.446281,31.074381,31.347107,31.084743,494406
2005-06-21,31.355371,31.512398,31.123966,31.322313,31.060158,758670
2005-06-22,31.528927,31.809917,30.942148,31.198347,30.937229,940775
2005-06-23,31.181818,31.421488,30.826447,30.917355,30.658588,823405
2005-06-24,30.933884,31.090908,30.520660,30.826447,30.568441,1034671
2005-06-27,30.785124,31.223141,30.619835,30.933884,30.674978,791098
2005-06-28,30.991735,31.495869,30.983471,31.396694,31.133915,540144
2005-06-29,31.429752,31.487602,31.206612,31.214876,30.953619,503481
2005-06-30,31.355371,31.429752,31.123966,31.231405,30.970011,615406
2005-07-01,31.438017,31.462811,30.801653,31.000000,30.740541,491260
2005-07-05,31.074381,31.115702,30.785124,30.876034,30.617613,628353
2005-07-06,30.884298,30.884298,30.413223,30.537189,30.281605,1320715
2005-07-07,30.537189,31.057852,30.206612,30.933884,30.674978,1008172
2005-07-08,30.933884,30.933884,30.652893,30.801653,30.543854,636339
2005-07-11,30.785124,30.909092,30.537189,30.619835,30.363558,899393
2005-07-12,30.495869,30.512398,29.752066,30.082645,29.830866,1118524
2005-07-13,29.768595,29.768595,26.983471,28.760330,28.519617,4138321
2005-07-14,29.132231,29.322313,29.049587,29.198347,28.953968,1719773
2005-07-15,29.140495,29.380165,29.140495,29.181818,28.937576,914518
2005-07-18,29.140495,29.752066,29.074381,29.661158,29.412905,744392
2005-07-19,29.752066,29.809917,29.380165,29.743801,29.494856,1356289
2005-07-20,29.669420,29.809917,29.669420,29.785124,29.535833,801262
2005-07-21,29.702478,29.719007,29.099174,29.173553,28.929382,916575
2005-07-22,28.966942,29.479340,28.966942,29.322313,29.076897,694298
2005-07-25,29.752066,29.917355,29.165289,29.198347,28.953968,891407
2005-07-26,29.264463,29.495869,29.107437,29.297522,29.052313,720797
2005-07-27,29.338842,29.512398,29.173553,29.223141,28.978554,451451
2005-07-28,29.140495,29.355371,28.595041,29.115702,28.872015,1367663
2005-07-29,30.578512,32.173553,30.305784,31.909092,31.642025,4477363
2005-08-01,32.223141,32.223141,31.438017,31.438017,31.174892,1002727
2005-08-02,31.735537,32.148762,31.322313,31.636364,31.371580,1006115
2005-08-03,31.644629,31.644629,31.223141,31.305784,31.043766,742093
2005-08-04,31.338842,31.429752,31.173553,31.173553,30.912643,610929
2005-08-05,31.272726,31.314051,30.909092,30.950413,30.691370,468391
2005-08-08,31.074381,31.338842,30.942148,30.950413,30.691370,459800
2005-08-09,31.082645,31.099174,30.743801,30.801653,30.543854,515097
2005-08-10,30.942148,31.033058,30.727274,30.892563,30.634005,691273
2005-08-11,30.884298,30.975206,30.669420,30.826447,30.568441,582010
2005-08-12,30.826447,30.826447,30.479340,30.545456,30.289803,450241
2005-08-15,30.454544,30.570248,30.264463,30.545456,30.289803,416724
2005-08-16,30.479340,30.636364,30.223141,30.256199,30.002966,368687
2005-08-17,30.380165,30.404959,30.165289,30.190083,29.937403,671792
2005-08-18,30.190083,30.231405,29.661158,29.760330,29.511248,933757
2005-08-19,29.834711,29.917355,29.404959,29.421488,29.175241,914639
2005-08-22,29.586777,29.661158,29.338842,29.504131,29.257193,756492
2005-08-23,29.404959,29.801653,29.289255,29.743801,29.494856,737132
2005-08-24,29.793388,30.206612,29.793388,30.008265,29.757107,940412
2005-08-25,30.000000,30.132231,29.876034,29.958677,29.707935,537845
2005-08-26,29.958677,29.966942,29.710745,29.842976,29.593201,432091
2005-08-29,29.793388,29.942148,29.586777,29.933884,29.683348,576928
2005-08-30,29.975206,30.388430,29.818182,30.347107,30.093113,778151
2005-08-31,30.371901,30.438017,30.140495,30.438017,30.183262,886325
2005-09-01,30.289255,30.438017,30.016529,30.165289,29.912817,619036
2005-09-02,30.256199,30.338842,29.867769,29.867769,29.617786,331177
2005-09-06,29.975206,30.380165,29.966942,30.363636,30.109505,780692
2005-09-07,30.471073,30.628099,30.223141,30.438017,30.183262,646624
2005-09-08,30.446281,30.446281,29.834711,29.892563,29.642374,1334146
2005-09-09,29.950413,30.520660,29.909092,30.297522,30.043943,973203
2005-09-12,30.355371,31.396694,30.355371,31.247934,30.986401,1631080
2005-09-13,31.305784,31.314051,30.859505,31.066116,30.806105,836473
2005-09-14,31.066116,31.140495,30.710745,30.892563,30.634005,532037
2005-09-15,30.933884,31.570248,30.933884,31.479340,31.215870,1161600
2005-09-16,32.388432,32.586777,31.603306,32.561981,32.289448,3404819
2005-09-19,32.479340,32.661156,31.644629,31.859505,31.592854,1374439
2005-09-20,31.983471,32.074379,31.785124,31.892563,31.625633,1165835
2005-09-21,31.702478,31.702478,31.297522,31.330580,31.068354,637428
2005-09-22,31.338842,31.363636,30.909092,31.289255,31.027376,882332
2005-09-23,31.256199,32.165291,31.256199,31.917355,31.650219,593384
2005-09-26,31.859505,32.190083,31.297522,32.041321,31.773148,807070
2005-09-27,32.016529,32.404961,32.016529,32.272728,32.002617,999218
2005-09-28,31.983471,32.132233,31.305784,31.454544,31.191282,1179871
2005-09-29,31.454544,31.826447,31.173553,31.826447,31.560072,863456
2005-09-30,31.694216,32.190083,31.595041,32.074379,31.805929,635492
2005-10-03,32.173553,32.173553,31.884298,32.165291,31.896080,550066
2005-10-04,32.107437,32.330578,31.685949,31.694216,31.428947,720918
2005-10-05,31.735537,31.818182,31.214876,31.280993,31.019182,937508
2005-10-06,31.272726,31.421488,30.553719,30.809917,30.552050,680020
2005-10-07,30.950413,31.289255,30.942148,31.206612,30.945423,463914
2005-10-10,31.214876,31.528927,31.190083,31.297522,31.035574,449394
2005-10-11,31.305784,31.404959,30.818182,30.818182,30.560246,1213630
2005-10-12,30.909092,30.942148,30.314051,30.636364,30.379950,994015
2005-10-13,30.512398,30.578512,29.495869,29.512398,29.265390,1724855
2005-10-14,29.793388,30.512398,29.768595,30.371901,30.117699,1178782
2005-10-17,30.165289,30.702478,30.165289,30.685949,30.429119,373164
2005-10-18,30.578512,31.090908,30.578512,30.752066,30.494682,734712
2005-10-19,30.578512,30.719007,30.446281,30.702478,30.445511,938113
2005-10-20,30.785124,31.074381,30.570248,30.909092,30.650394,693693
2005-10-21,30.950413,31.181818,30.950413,30.991735,30.732346,1364396
2005-10-24,31.074381,31.123966,30.479340,30.619835,30.363558,917422
2005-10-25,30.644629,30.652893,29.793388,30.041323,29.789888,1155308
2005-10-26,29.917355,30.024794,29.438017,29.438017,29.191631,1350723
2005-10-27,29.958677,30.785124,29.752066,30.264463,30.011162,2624611
2005-10-28,30.165289,30.743801,29.842976,30.495869,30.240629,873499
2005-10-31,30.537189,30.719007,30.504131,30.669420,30.412729,673728
2005-11-01,30.743801,30.991735,30.636364,30.818182,30.560246,880638
2005-11-02,30.818182,31.057852,30.330580,30.429752,30.175066,732655
2005-11-03,30.520660,30.793388,30.314051,30.471073,30.216042,766535
2005-11-04,30.677687,30.867769,30.363636,30.520660,30.265213,582736
2005-11-07,30.702478,30.975206,30.528927,30.619835,30.363558,522962
2005-11-08,30.661158,30.710745,30.330580,30.421488,30.166872,920447
2005-11-09,30.380165,30.520660,30.115702,30.247934,29.994770,692483
2005-11-10,30.231405,30.942148,30.223141,30.644629,30.388144,1080772
2005-11-11,30.719007,31.090908,30.719007,30.909092,30.650394,250107
2005-11-14,30.958677,30.958677,30.239670,30.380165,30.125895,803803
2005-11-15,30.388430,31.644629,30.132231,31.636364,31.371580,3042908
2005-11-16,31.900826,32.140495,31.793388,31.933884,31.666609,1124695
2005-11-17,32.066116,32.355373,31.933884,32.231403,31.961639,741367
2005-11-18,32.314049,32.314049,31.685949,31.876034,31.609243,470690
2005-11-21,32.132233,32.247932,31.966942,32.231403,31.961639,452419
2005-11-22,32.314049,32.438019,32.173553,32.396694,32.125546,588302
2005-11-23,32.421490,32.595039,32.305786,32.479340,32.207500,451814
2005-11-25,32.471073,32.553719,32.239670,32.504131,32.232082,112288
2005-11-28,32.595039,32.834709,32.471073,32.743801,32.469749,947430
2005-11-29,32.809917,33.214874,32.809917,33.074379,32.797558,879065
2005-11-30,33.000000,33.264462,33.000000,33.132233,32.854927,882453
2005-12-01,33.214874,33.652893,33.074379,33.545456,33.264694,721402
2005-12-02,33.429752,33.644627,33.388432,33.628098,33.346642,561924
2005-12-05,33.479340,33.487602,32.719009,32.942150,32.666435,1080409
2005-12-06,32.793388,33.239670,32.570248,32.644627,32.371403,579953
2005-12-07,32.603306,32.793388,32.157024,32.264462,31.994421,717651
2005-12-08,32.413223,32.909092,32.231403,32.909092,32.633656,1952456
2005-12-09,32.925621,33.231403,32.884296,33.066116,32.789364,442739
2005-12-12,33.173553,33.264462,32.619835,32.975208,32.699219,410069
2005-12-13,32.851238,33.380165,32.801655,33.223141,32.945076,476135
2005-12-14,33.223141,33.231403,32.628098,32.834709,32.559895,610203
2005-12-15,32.842976,32.867767,32.404961,32.644627,32.371403,840345
2005-12-16,32.702480,32.809917,32.272728,32.272728,32.002617,778030
2005-12-19,32.314049,32.495869,31.983471,32.033058,31.764954,942590
2005-12-20,32.082645,32.619835,31.983471,32.404961,32.133743,922988
2005-12-21,32.512398,32.512398,32.190083,32.305786,32.035400,402567
2005-12-22,32.305786,32.479340,31.876034,32.016529,31.748562,707608
2005-12-23,32.173553,32.396694,31.909092,32.082645,31.814125,384538
2005-12-27,32.165291,32.404961,31.702478,31.752066,31.486313,332266
2005-12-28,31.752066,31.958677,31.644629,31.752066,31.486313,428340
2005-12-29,31.818182,32.247932,31.752066,31.966942,31.699390,497310
2005-12-30,31.801653,31.801653,31.652893,31.685949,31.420750,535425
2006-01-03,31.892563,31.892563,31.314051,31.727274,31.461729,619157
2006-01-04,31.694216,31.851240,31.355371,31.537189,31.273235,1098680
2006-01-05,31.454544,31.834711,31.223141,31.818182,31.551876,1076174
2006-01-06,32.016529,32.198345,31.818182,31.983471,31.715782,938113
2006-01-09,32.768597,32.768597,31.413223,31.677687,31.412556,980342
2006-01-10,31.082645,31.082645,29.545456,30.785124,30.527464,4710409
2006-01-11,30.826447,31.636364,30.826447,31.000000,30.740541,2069100
2006-01-12,31.000000,31.479340,30.983471,31.322313,31.060158,1151799
2006-01-13,31.570248,32.272728,31.504131,32.090908,31.822319,1203950
2006-01-17,31.859505,32.016529,31.446281,32.016529,31.748562,787831
2006-01-18,31.818182,32.214874,31.727274,31.776859,31.510899,664774
2006-01-19,31.727274,31.834711,31.016529,31.305784,31.043766,1255859
2006-01-20,31.280993,31.280993,30.603306,30.628099,30.371754,921778
2006-01-23,30.669420,30.983471,30.495869,30.495869,30.240629,736285
2006-01-24,30.487602,30.578512,29.859505,30.537189,30.281605,1701260
2006-01-25,30.578512,30.661158,30.107437,30.396694,30.142284,1070124
2006-01-26,30.561983,30.752066,30.371901,30.553719,30.297995,574629
2006-01-27,30.553719,30.900826,30.421488,30.611570,30.355364,661628
2006-01-30,30.413223,30.421488,29.743801,29.950413,29.699739,1737318
2006-01-31,29.545456,30.082645,29.454544,30.074381,29.822670,1458776
2006-02-01,30.272726,30.776859,30.247934,30.611570,30.355364,1149258
2006-02-02,30.545456,30.636364,30.033058,30.066116,29.814474,834658
2006-02-03,29.884298,29.958677,29.570248,29.586777,29.339146,1156881
2006-02-06,29.752066,30.115702,29.355371,30.115702,29.863644,1546743
2006-02-07,30.082645,30.264463,29.553719,29.603306,29.355537,598345
2006-02-08,29.462811,29.586777,29.264463,29.338842,29.093287,1174910
2006-02-09,29.338842,30.008265,29.338842,29.495869,29.248999,454718
2006-02-10,29.421488,29.553719,29.214876,29.322313,29.076897,514008
2006-02-13,29.280993,29.520660,29.198347,29.297522,29.052313,749232
2006-02-14,29.297522,29.809917,29.297522,29.752066,29.503052,446490
2006-02-15,29.834711,30.842976,29.785124,30.669420,30.412729,1296636
2006-02-16,30.743801,31.371901,30.743801,31.239670,30.978205,896731
2006-02-17,31.363636,31.727274,31.148760,31.694216,31.428947,573177
2006-02-21,31.834711,32.165291,31.388430,31.495869,31.232260,673607
2006-02-22,31.471073,31.553719,31.247934,31.438017,31.174892,552244
2006-02-23,32.024792,33.024792,31.826447,32.768597,32.494335,1883002
2006-02-24,32.644627,32.644627,31.272726,32.024792,31.756756,1875742
2006-02-27,32.107437,32.115704,31.388430,31.776859,31.510899,868175
2006-02-28,31.826447,31.834711,31.231405,31.338842,31.076548,819291
2006-03-01,31.454544,31.793388,31.454544,31.652893,31.387970,1908775
2006-03-02,32.024792,32.066116,31.157024,31.347107,31.084743,883179
2006-03-03,31.338842,31.338842,30.950413,31.008265,30.748737,631741
2006-03-06,31.099174,31.239670,30.867769,31.008265,30.748737,1026322
2006-03-07,31.115702,31.702478,31.000000,31.198347,30.937229,727089
2006-03-08,31.132231,31.793388,30.975206,31.719007,31.453531,1188825
2006-03-09,31.719007,31.719007,31.008265,31.404959,31.142111,746812
2006-03-10,31.404959,31.818182,31.198347,31.818182,31.551876,778393
2006-03-13,32.479340,32.694214,32.082645,32.198345,31.928858,1870902
2006-03-14,32.214874,32.330578,32.090908,32.330578,32.059982,876766
2006-03-15,32.223141,32.231403,31.966942,31.991735,31.723976,703252
2006-03-16,31.991735,31.991735,31.322313,31.330580,31.068354,1086943
2006-03-17,31.322313,31.322313,30.884298,30.975206,30.715956,1071334
2006-03-20,30.801653,31.413223,30.801653,30.900826,30.642197,730356
2006-03-21,30.900826,31.206612,30.619835,30.768595,30.511074,590238
2006-03-22,30.619835,30.702478,30.314051,30.537189,30.281605,1006599
2006-03-23,30.314051,30.363636,30.115702,30.256199,30.002966,840345
2006-03-24,30.198347,30.512398,30.132231,30.462811,30.207848,446127
2006-03-27,30.545456,30.743801,30.157024,30.173553,29.921013,943800
2006-03-28,30.247934,30.512398,30.123966,30.173553,29.921013,651948
2006-03-29,30.264463,30.421488,29.892563,29.975206,29.724325,993531
2006-03-30,30.008265,30.330580,29.768595,30.033058,29.781693,714626
2006-03-31,29.917355,30.198347,29.809917,29.876034,29.625982,778877
2006-04-03,29.859505,30.049587,29.710745,29.809917,29.560419,1343221
2006-04-04,29.809917,30.074381,29.694216,30.000000,29.748911,1200562
2006-04-05,30.619835,30.644629,30.123966,30.148760,29.896425,1321804
2006-04-06,30.090908,30.322313,29.826447,30.322313,30.068527,969331
2006-04-07,30.322313,30.760330,30.322313,30.595041,30.338972,1089000
2006-04-10,30.561983,30.578512,29.595041,30.008265,29.757107,934846
2006-04-11,30.008265,30.148760,29.586777,29.760330,29.511248,1182654
2006-04-12,29.768595,30.148760,29.768595,30.132231,29.880035,952028
2006-04-13,30.454544,30.991735,30.363636,30.710745,30.453707,1135948
2006-04-17,30.644629,30.644629,30.206612,30.454544,30.199652,624360
2006-04-18,30.471073,30.851240,30.272726,30.735537,30.478292,694903
2006-04-19,30.892563,31.033058,30.578512,31.033058,30.773323,647229
2006-04-20,31.123966,31.132231,30.768595,30.785124,30.527464,729267
2006-04-21,30.975206,31.107437,30.727274,30.942148,30.683174,896247
2006-04-24,30.950413,31.107437,30.793388,30.966942,30.707760,576928
2006-04-25,30.958677,31.148760,30.636364,31.066116,30.806105,726363
2006-04-26,31.446281,31.636364,31.173553,31.289255,31.027376,691031
2006-04-27,31.570248,31.570248,29.446281,29.446281,29.199827,2091606
2006-04-28,30.578512,30.628099,29.752066,29.950413,29.699739,2188527
2006-05-01,29.966942,30.066116,29.198347,29.363636,29.117874,2157309
2006-05-02,29.520660,29.652893,29.231405,29.338842,29.093287,1920875
2006-05-03,29.330580,29.471073,28.933884,29.008265,28.765476,1414732
2006-05-04,29.000000,29.578512,29.000000,29.041323,28.798258,1349755
2006-05-05,29.173553,29.528927,28.876034,29.008265,28.765476,1855051
2006-05-08,28.925619,29.173553,28.917355,29.057852,28.814648,1731389
2006-05-09,29.115702,29.396694,29.090908,29.305784,29.060505,1111385
2006-05-10,29.305784,29.826447,29.272726,29.776859,29.527637,1562594
2006-05-11,29.776859,30.214876,29.776859,29.884298,29.634178,1381578
2006-05-12,29.752066,29.950413,29.264463,29.719007,29.470270,1050159
2006-05-15,29.719007,29.950413,29.619835,29.892563,29.642374,577170
2006-05-16,29.933884,30.363636,29.900826,30.173553,29.921013,500456
2006-05-17,30.082645,30.314051,29.876034,30.082645,29.830866,612139
2006-05-18,30.165289,30.355371,29.876034,30.264463,30.011162,669372
2006-05-19,30.380165,30.380165,30.057852,30.322313,30.068527,1020151
2006-05-22,30.123966,30.396694,30.041323,30.330580,30.076725,819291
2006-05-23,30.404959,30.404959,30.140495,30.148760,29.896425,1504514
2006-05-24,30.206612,30.413223,30.082645,30.396694,30.142284,1313818
2006-05-25,30.561983,30.710745,30.239670,30.305784,30.052135,758912
2006-05-26,30.388430,30.636364,30.247934,30.487602,30.232433,585640
2006-05-30,30.512398,30.991735,30.512398,30.925619,30.666782,940896
2006-05-31,31.107437,31.322313,30.983471,31.157024,30.896252,2764003
2006-06-01,31.198347,31.611570,30.975206,31.586777,31.322407,1018699
2006-06-02,31.586777,31.727274,31.413223,31.636364,31.371580,786137
2006-06-05,31.644629,31.652893,30.909092,30.958677,30.699564,714263
2006-06-06,31.008265,31.181818,30.652893,30.917355,30.658588,540870
2006-06-07,30.867769,31.256199,30.743801,30.975206,30.715956,401720
2006-06-08,31.057852,31.471073,30.909092,31.289255,31.027376,735075
2006-06-09,31.280993,31.371901,30.776859,30.991735,30.732346,750805
2006-06-12,31.074381,31.074381,30.619835,30.710745,30.453707,536877
2006-06-13,30.694216,30.809917,30.173553,30.206612,29.953794,691515
2006-06-14,30.181818,30.214876,29.826447,30.190083,29.937403,640816
2006-06-15,30.297522,30.355371,30.000000,30.181818,29.929207,659692
2006-06-16,30.280993,30.578512,30.247934,30.371901,30.117699,586729
2006-06-19,30.347107,30.380165,29.950413,30.008265,29.757107,414062
2006-06-20,29.958677,30.223141,29.743801,30.140495,29.888231,568216
2006-06-21,30.123966,30.727274,30.024794,30.561983,30.306190,584914
2006-06-22,30.438017,30.438017,29.991735,30.214876,29.961988,767140
2006-06-23,30.057852,30.115702,29.619835,30.066116,29.814474,560230
2006-06-26,30.066116,30.239670,29.859505,30.140495,29.888231,465608
2006-06-27,30.074381,30.074381,29.743801,29.884298,29.634178,409222
2006-06-28,29.917355,29.917355,29.446281,29.553719,29.306366,633798
2006-06-29,29.760330,29.867769,29.545456,29.801653,29.552225,700711
2006-06-30,29.876034,30.413223,29.809917,30.371901,30.117699,661386
2006-07-03,30.446281,30.446281,30.082645,30.388430,30.134090,170852
2006-07-05,30.388430,30.487602,29.809917,30.280993,30.027552,531795
2006-07-06,30.280993,30.438017,30.173553,30.272726,30.019354,373406
2006-07-07,30.289255,30.520660,30.239670,30.413223,30.158676,568579
2006-07-10,30.380165,30.545456,30.115702,30.198347,29.945599,733139
2006-07-11,30.206612,30.264463,29.958677,30.157024,29.904621,949245
2006-07-12,30.239670,30.413223,29.958677,29.991735,29.740715,650496
2006-07-13,30.008265,30.132231,29.917355,29.975206,29.724325,832359
2006-07-14,29.975206,29.975206,29.504131,29.776859,29.527637,453508
2006-07-17,29.710745,29.991735,29.710745,29.834711,29.585005,462341
2006-07-18,29.842976,29.925619,29.677687,29.859505,29.609592,488114
2006-07-19,30.041323,30.595041,30.041323,30.231405,29.978380,602822
2006-07-20,30.314051,31.132231,30.314051,30.710745,30.453707,874346
2006-07-21,30.603306,30.644629,30.272726,30.570248,30.314386,332387
2006-07-24,31.198347,31.239670,30.719007,30.785124,30.527464,569305
2006-07-25,30.743801,30.950413,30.504131,30.818182,30.560246,468875
2006-07-26,30.818182,31.157024,30.735537,31.016529,30.756933,920931
2006-07-27,31.016529,31.223141,30.404959,30.578512,30.322582,929038
2006-07-28,30.719007,30.818182,30.190083,30.413223,30.158676,737011
2006-07-31,30.413223,30.421488,29.925619,29.966942,29.716129,918027
2006-08-01,29.925619,30.363636,29.760330,30.305784,30.052135,852324
2006-08-02,30.471073,30.537189,30.280993,30.413223,30.158676,565796
2006-08-03,30.289255,30.388430,29.991735,30.049587,29.798084,703615
2006-08-04,30.066116,30.438017,29.942148,30.107437,29.855450,891286
2006-08-07,30.107437,30.330580,29.909092,30.049587,29.798084,757581
2006-08-08,30.115702,30.347107,29.826447,29.884298,29.634178,455686
2006-08-09,30.024794,30.115702,29.975206,30.082645,29.830866,1104004
2006-08-10,30.041323,30.404959,29.950413,30.404959,30.150480,794244
2006-08-11,30.272726,30.330580,29.958677,30.206612,29.953794,419265
2006-08-14,30.214876,30.421488,30.190083,30.355371,30.101309,466697
2006-08-15,30.545456,30.669420,30.190083,30.438017,30.183262,429913
2006-08-16,30.578512,30.669420,30.157024,30.165289,29.912817,391798
2006-08-17,30.173553,30.578512,30.140495,30.380165,30.125895,453871
2006-08-18,30.297522,30.438017,30.157024,30.280993,30.027552,299475
2006-08-21,30.256199,30.553719,30.157024,30.322313,30.068527,359854
2006-08-22,30.322313,30.892563,30.322313,30.851240,30.593027,488114
2006-08-23,30.826447,31.008265,30.404959,30.404959,30.150480,544500
2006-08-24,30.454544,30.991735,30.404959,30.925619,30.666782,474804
2006-08-25,30.842976,31.049587,30.586777,30.834711,30.576635,263538
2006-08-28,31.033058,31.512398,30.909092,31.421488,31.158503,614075
2006-08-29,31.404959,32.280991,31.289255,32.140495,31.871490,977075
2006-08-30,32.140495,32.305786,31.983471,32.140495,31.871490,647350
2006-08-31,32.140495,32.247932,31.760330,32.033058,31.764954,329725
2006-09-01,32.033058,32.214874,31.818182,32.107437,31.838711,275880
2006-09-05,32.066116,32.380165,31.636364,31.826447,31.560072,570394
2006-09-06,31.735537,31.776859,31.380165,31.537189,31.273235,330451
2006-09-07,31.446281,31.487602,31.049587,31.165289,30.904448,497189
2006-09-08,31.123966,31.479340,31.123966,31.355371,31.092939,406681
2006-09-11,31.363636,31.768595,31.008265,31.702478,31.437141,922988
2006-09-12,31.735537,32.024792,31.528927,31.900826,31.633827,771738
2006-09-13,31.942148,31.975206,31.570248,31.652893,31.387970,669614
2006-09-14,31.652893,31.652893,31.049587,31.181818,30.920837,495858
2006-09-15,31.231405,31.322313,30.719007,30.826447,30.568441,986634
2006-09-18,30.743801,30.876034,30.338842,30.413223,30.158676,527197
2006-09-19,30.371901,30.669420,30.090908,30.504131,30.248823,921052
2006-09-20,30.619835,31.801653,30.611570,31.636364,31.371580,1405052
2006-09-21,31.603306,31.760330,31.099174,31.289255,31.027376,845427
2006-09-22,31.239670,31.363636,30.743801,30.975206,30.715956,694782
2006-09-25,30.991735,31.173553,30.842976,31.157024,30.896252,942711
2006-09-26,31.157024,31.595041,30.991735,31.520660,31.256844,718014
2006-09-27,31.504131,31.636364,31.272726,31.421488,31.158503,686433
2006-09-28,31.446281,31.652893,31.239670,31.404959,31.142111,786379
2006-09-29,31.322313,31.438017,30.826447,30.867769,30.609417,894916
2006-10-02,30.735537,30.793388,30.322313,30.479340,30.224239,512072
2006-10-03,30.413223,30.495869,30.173553,30.223141,29.970184,445038
2006-10-04,30.140495,30.404959,29.975206,30.380165,30.125895,482911
2006-10-05,30.314051,30.768595,30.264463,30.702478,30.445511,597256
2006-10-06,30.619835,30.702478,30.165289,30.181818,29.929207,813483
2006-10-09,30.140495,30.140495,29.644629,29.826447,29.576811,901813
2006-10-10,29.256199,29.256199,28.685949,29.107437,28.863819,1744941
2006-10-11,29.049587,29.132231,28.876034,29.016529,28.773672,668646
2006-10-12,29.066116,29.413223,29.057852,29.404959,29.158850,656909
2006-10-13,29.322313,29.636364,29.214876,29.595041,29.347342,896247
2006-10-16,29.553719,29.644629,29.297522,29.644629,29.396515,735801
2006-10-17,28.958677,29.247934,27.628099,28.983471,28.740891,3014957
2006-10-18,28.925619,28.933884,28.702478,28.917355,28.675327,1242912
2006-10-19,28.925619,29.049587,28.818182,28.966942,28.724499,1130382
2006-10-20,28.975206,29.107437,28.842976,28.925619,28.683523,692604
2006-10-23,28.859505,29.123966,28.760330,28.909092,28.667133,595199
2006-10-24,28.809917,29.016529,28.520660,28.545456,28.306541,1622368
2006-10-25,28.214876,28.553719,28.214876,28.338842,28.101658,1079925
2006-10-26,25.619835,27.685949,25.619835,26.752066,26.528160,7269075
2006-10-27,26.652893,27.066116,26.652893,27.000000,26.774019,1749539
2006-10-30,26.859505,26.942148,26.652893,26.743801,26.519966,1680811
2006-10-31,26.694216,26.867769,26.644629,26.818182,26.593723,1682626
2006-11-01,26.735537,27.000000,26.495869,26.818182,26.593723,1909985
2006-11-02,26.702478,27.256199,26.652893,27.123966,26.896948,1577840
2006-11-03,26.942148,27.206612,26.859505,27.173553,26.946121,1648746
2006-11-06,27.239670,27.685949,27.198347,27.644629,27.413254,1675608
2006-11-07,27.685949,28.000000,27.636364,27.652893,27.421450,1376496
2006-11-08,27.578512,27.644629,27.173553,27.578512,27.347691,1789106
2006-11-09,27.545456,27.842976,27.033058,27.057852,26.831388,2017796
2006-11-10,27.066116,27.545456,27.066116,27.520660,27.290323,1099406
2006-11-13,27.520660,27.925619,27.512398,27.785124,27.552572,1315875
2006-11-14,27.752066,27.892563,27.553719,27.619835,27.388668,962071
2006-11-15,27.661158,27.776859,27.561983,27.570248,27.339495,1280301
2006-11-16,27.702478,27.702478,27.512398,27.570248,27.339495,995346
2006-11-17,27.570248,28.024794,27.388430,28.024794,27.790237,1779789
2006-11-20,28.016529,28.082645,27.570248,27.710745,27.478817,885962
2006-11-21,27.652893,27.727274,27.520660,27.644629,27.413254,946704
2006-11-22,27.561983,27.876034,27.553719,27.859505,27.626331,640937
2006-11-24,27.752066,27.760330,27.512398,27.735537,27.503401,338921
2006-11-27,27.652893,27.685949,27.280993,27.396694,27.167395,873015
2006-11-28,27.355371,27.545456,27.239670,27.487602,27.257542,887172
2006-11-29,27.520660,28.107437,27.438017,28.107437,27.872189,1192576
2006-11-30,28.107437,29.057852,28.107437,28.925619,28.683523,1659636
2006-12-01,30.024794,30.280993,29.289255,29.578512,29.330952,2580446
2006-12-04,29.611570,29.950413,29.611570,29.710745,29.462076,1475111
2006-12-05,29.727274,29.776859,29.537189,29.611570,29.363733,1347698
2006-12-06,29.619835,29.892563,29.603306,29.768595,29.519444,691515
2006-12-07,29.801653,29.966942,29.727274,29.743801,29.494856,688369
2006-12-08,29.743801,29.785124,29.322313,29.479340,29.232609,1092751
2006-12-11,29.479340,29.752066,29.247934,29.743801,29.494856,513403
2006-12-12,29.743801,29.925619,29.586777,29.628099,29.380123,751289
2006-12-13,29.380165,29.619835,29.314051,29.512398,29.265390,1605307
2006-12-14,29.661158,29.966942,29.586777,29.644629,29.396515,866481
2006-12-15,29.884298,30.000000,29.727274,29.818182,29.568615,903265
2006-12-18,29.826447,30.132231,29.809917,30.107437,29.855450,736769
2006-12-19,30.165289,30.454544,29.983471,30.413223,30.158676,1202982
2006-12-20,30.388430,30.793388,30.173553,30.586777,30.330776,886325
2006-12-21,30.586777,30.785124,30.371901,30.528927,30.273411,829576
2006-12-22,30.528927,30.694216,30.231405,30.462811,30.207848,477950
2006-12-26,30.413223,30.512398,30.198347,30.396694,30.142284,409101
2006-12-27,30.487602,30.570248,30.305784,30.421488,30.166872,423137
2006-12-28,30.330580,30.553719,30.140495,30.388430,30.134090,493559
2006-12-29,30.330580,30.388430,30.173553,30.181818,29.929207,425073
2007-01-03,30.198347,30.603306,29.842976,30.057852,29.806278,1051732
2007-01-04,30.123966,30.272726,29.892563,30.198347,29.945599,754193
2007-01-05,28.793388,30.190083,28.760330,29.710745,29.462076,1002606
2007-01-08,29.727274,29.884298,29.537189,29.776859,29.527637,826672
2007-01-09,29.818182,29.983471,29.570248,29.809917,29.560419,707366
2007-01-10,29.727274,29.851240,29.578512,29.801653,29.552225,560835
2007-01-11,29.859505,30.256199,29.851240,29.958677,29.707935,930369
2007-01-12,29.884298,30.008265,29.776859,29.834711,29.585005,626538
2007-01-16,29.917355,30.570248,29.842976,30.479340,30.224239,735559
2007-01-17,30.363636,30.520660,30.024794,30.148760,29.896425,845064
2007-01-18,30.123966,30.239670,29.834711,29.859505,29.609592,756613
2007-01-19,29.876034,30.140495,29.793388,30.008265,29.757107,778151
2007-01-22,30.008265,30.132231,29.900826,30.041323,29.789888,655457
2007-01-23,29.917355,30.140495,29.867769,29.991735,29.740715,768713
2007-01-24,30.000000,30.066116,29.677687,29.801653,29.552225,806586
2007-01-25,29.727274,29.752066,29.280993,29.388430,29.142460,1060323
2007-01-26,29.421488,29.595041,29.115702,29.438017,29.191631,699138
2007-01-29,29.380165,29.586777,29.297522,29.322313,29.076897,616011
2007-01-30,29.338842,29.677687,29.206612,29.322313,29.076897,541354
2007-01-31,30.041323,30.041323,29.322313,29.545456,29.298172,707971
2007-02-01,29.677687,29.710745,29.421488,29.528927,29.281780,764115
2007-02-02,29.603306,29.809917,29.537189,29.628099,29.380123,704704
2007-02-05,30.173553,31.305784,30.132231,30.702478,30.445511,3396107
2007-02-06,30.785124,30.900826,30.553719,30.619835,30.363558,1746393
2007-02-07,30.702478,30.876034,30.512398,30.809917,30.552050,699380
2007-02-08,30.834711,30.917355,30.537189,30.743801,30.486486,505538
2007-02-09,30.743801,30.900826,30.628099,30.826447,30.568441,446369
2007-02-12,30.876034,31.214876,30.809917,31.173553,30.912643,698412
2007-02-13,31.305784,31.396694,31.173553,31.289255,31.027376,653400
2007-02-14,31.322313,31.611570,31.314051,31.446281,31.183088,863698
2007-02-15,31.446281,31.867769,31.413223,31.644629,31.379774,708939
2007-02-16,31.636364,32.049587,31.256199,31.628099,31.363384,1843798
2007-02-20,31.694216,31.876034,31.520660,31.735537,31.469921,948035
2007-02-21,31.710745,31.991735,31.652893,31.942148,31.674805,959167
2007-02-22,31.950413,32.206612,31.950413,32.099174,31.830517,409343
2007-02-23,32.041321,32.272728,31.892563,32.099174,31.830517,347028
2007-02-26,32.066116,32.066116,31.454544,31.561983,31.297821,749716
2007-02-27,31.157024,31.388430,30.842976,31.066116,30.806105,822437
2007-02-28,30.983471,30.991735,30.471073,30.752066,30.494682,790977
2007-03-01,30.644629,31.041323,30.148760,30.809917,30.552050,769560
2007-03-02,30.685949,30.950413,30.553719,30.677687,30.420925,544379
2007-03-05,30.495869,30.867769,30.214876,30.479340,30.224239,1400091
2007-03-06,30.479340,30.495869,30.099174,30.132231,29.880035,988207
2007-03-07,30.082645,30.438017,29.818182,30.363636,30.109505,1284778
2007-03-08,30.504131,30.942148,30.280993,30.380165,30.125895,1040116
2007-03-09,30.553719,30.636364,30.214876,30.363636,30.109505,454234
2007-03-12,30.388430,30.512398,30.148760,30.396694,30.142284,430155
2007-03-13,30.289255,30.520660,30.157024,30.305784,30.052135,885962
2007-03-14,30.289255,30.537189,29.925619,30.371901,30.117699,827277
2007-03-15,30.388430,30.628099,30.388430,30.545456,30.289803,658361
2007-03-16,30.553719,30.561983,30.330580,30.413223,30.158676,282535
2007-03-19,30.388430,30.471073,27.735537,28.743801,28.503227,10216151
2007-03-20,28.719007,28.727274,27.504131,27.991735,27.757456,5192957
2007-03-21,28.099174,28.479340,27.892563,28.247934,28.011509,2108546
2007-03-22,28.305784,28.942148,28.289255,28.925619,28.683523,1988514
2007-03-23,28.842976,29.024794,28.595041,28.942148,28.699913,674817
2007-03-26,28.851240,29.247934,28.818182,29.190083,28.945772,797390
2007-03-27,29.049587,29.280993,28.925619,29.090908,28.847427,571120
2007-03-28,29.008265,29.363636,28.851240,29.322313,29.076897,629079
2007-03-29,29.396694,29.421488,29.008265,29.140495,28.896601,639969
2007-03-30,29.198347,29.330580,28.950413,29.132231,28.888405,581163
2007-04-02,29.132231,29.355371,29.132231,29.330580,29.085094,917180
2007-04-03,29.380165,29.669420,29.289255,29.462811,29.216217,725032
2007-04-04,29.355371,29.446281,29.132231,29.264463,29.019531,612986
2007-04-05,29.264463,29.487602,29.264463,29.380165,29.134264,673607
2007-04-09,29.446281,29.545456,29.305784,29.355371,29.109678,332145
2007-04-10,29.330580,29.446281,29.190083,29.214876,28.970358,499730
2007-04-11,29.330580,29.958677,29.256199,29.347107,29.101482,1080772
2007-04-12,29.355371,29.776859,29.115702,29.752066,29.503052,586245
2007-04-13,29.776859,29.933884,29.603306,29.669420,29.421099,394823
2007-04-16,29.661158,29.900826,29.462811,29.900826,29.650566,736527
2007-04-17,29.917355,30.016529,29.446281,29.578512,29.330952,799205
2007-04-18,29.578512,29.710745,29.256199,29.322313,29.076897,830786
2007-04-19,29.289255,29.330580,28.966942,29.272726,29.027725,870837
2007-04-20,29.396694,29.404959,29.148760,29.247934,29.003139,588060
2007-04-23,29.173553,29.223141,28.925619,29.157024,28.912991,952149
2007-04-24,29.132231,29.371901,29.074381,29.074381,28.831039,624118
2007-04-25,29.074381,29.247934,28.809917,29.132231,28.888405,935814
2007-04-26,29.586777,30.173553,29.446281,30.123966,29.871840,1985247
2007-04-27,30.165289,30.322313,29.892563,30.280993,30.027552,956505
2007-04-30,30.280993,30.628099,30.033058,30.413223,30.158676,1276429
2007-05-01,30.371901,30.438017,30.041323,30.380165,30.125895,584551
2007-05-02,30.347107,30.719007,30.330580,30.578512,30.322582,399058
2007-05-03,30.512398,30.611570,30.371901,30.380165,30.125895,453024
2007-05-04,30.380165,30.776859,30.272726,30.743801,30.486486,594352
2007-05-07,30.702478,31.206612,30.702478,31.190083,30.929033,832722
2007-05-08,31.115702,31.198347,30.942148,31.057852,30.797909,435963
2007-05-09,31.066116,31.214876,30.933884,31.165289,30.904448,605484
2007-05-10,30.909092,31.057852,30.785124,30.925619,30.666782,598950
2007-05-11,31.008265,31.107437,30.628099,30.925619,30.666782,260392
2007-05-14,30.975206,31.090908,30.694216,30.743801,30.486486,304678
2007-05-15,30.818182,31.148760,30.710745,30.785124,30.527464,412005
2007-05-16,30.760330,31.074381,30.760330,30.966942,30.707760,289553
2007-05-17,30.876034,30.884298,30.347107,30.553719,30.297995,979737
2007-05-18,30.553719,30.677687,30.438017,30.595041,30.338972,553696
2007-05-21,30.578512,30.801653,30.396694,30.801653,30.543854,696960
2007-05-22,30.859505,30.859505,30.570248,30.743801,30.486486,591811
2007-05-23,30.768595,31.016529,30.710745,30.884298,30.625809,501545
2007-05-24,30.760330,30.909092,30.644629,30.768595,30.511074,406197
2007-05-25,30.768595,30.826447,30.595041,30.785124,30.527464,427372
2007-05-29,30.826447,31.198347,30.826447,31.074381,30.814301,429792
2007-05-30,31.033058,31.305784,30.826447,31.206612,30.945423,609114
2007-05-31,31.239670,31.669420,31.157024,31.504131,31.240454,623029
2007-06-01,31.487602,31.776859,31.421488,31.719007,31.453531,402809
2007-06-04,31.652893,31.851240,31.603306,31.776859,31.510899,541717
2007-06-05,31.735537,31.735537,31.471073,31.652893,31.387970,520542
2007-06-06,31.570248,31.570248,31.198347,31.272726,31.010984,337953
2007-06-07,31.123966,31.462811,31.066116,31.247934,30.986401,1432519
2007-06-08,31.297522,31.801653,31.297522,31.735537,31.469921,1189914
2007-06-11,31.694216,31.694216,31.429752,31.586777,31.322407,1473538
2007-06-12,31.636364,31.818182,31.380165,31.404959,31.142111,1350481
2007-06-13,31.446281,31.495869,31.264463,31.446281,31.183088,1889536
2007-06-14,31.512398,32.685951,31.479340,32.438019,32.166523,2307954
2007-06-15,32.636364,33.008263,32.628098,32.801655,32.527119,1425138
2007-06-18,32.892563,32.983471,32.611568,32.628098,32.355011,612502
2007-06-19,32.628098,32.991737,32.595039,32.818184,32.543507,1277276
2007-06-20,32.867767,33.024792,32.677685,32.743801,32.469749,787589
2007-06-21,32.685951,33.578510,32.685951,33.512398,33.231911,2506152
2007-06-22,33.413223,33.652893,33.148762,33.636364,33.354839,1879735
2007-06-25,33.884296,34.479340,33.826447,33.925621,33.641678,1669679
2007-06-26,33.719009,33.719009,32.611568,32.752068,32.477943,2235475
2007-06-27,32.735538,32.809917,32.173553,32.280991,32.010811,2294039
2007-06-28,32.314049,32.685951,32.280991,32.545456,32.273064,857043
2007-06-29,33.595039,33.743801,33.314049,33.429752,33.149960,1637009
2007-07-02,32.644627,33.479340,32.644627,33.297520,33.018833,1482250
2007-07-03,33.305786,33.586777,33.305786,33.570248,33.289276,356587
2007-07-05,33.545456,33.859505,33.454544,33.652893,33.371231,556116
2007-07-06,33.743801,34.123966,33.553719,33.958679,33.674458,561198
2007-07-09,33.884296,33.900826,33.570248,33.826447,33.543331,557810
2007-07-10,33.677685,33.785126,33.438019,33.553719,33.272888,838530
2007-07-11,33.495869,33.785126,33.454544,33.743801,33.461380,1319989
2007-07-12,33.752068,34.685951,33.710743,34.685951,34.395641,1395009
2007-07-13,34.793388,34.793388,34.264462,34.768597,34.477596,609719
2007-07-16,34.785126,35.173553,34.702480,35.173553,34.879166,549340
2007-07-17,35.272728,35.661156,35.099174,35.371902,35.075851,698533
2007-07-18,36.776859,36.776859,35.148762,35.570248,35.272537,2073577
2007-07-19,35.859505,35.867767,35.495869,35.537189,35.239758,1076537
2007-07-20,35.537189,35.743801,35.198345,35.380165,35.084045,826188
2007-07-23,34.702480,34.818184,33.834709,34.024792,33.740017,1927772
2007-07-24,33.776859,34.198345,33.438019,33.578510,33.297470,1354595
2007-07-25,33.636364,33.851238,33.330578,33.396694,33.117176,1572032
2007-07-26,33.099174,33.173553,31.966942,32.132233,31.863298,5195256
2007-07-27,32.132233,32.537189,31.570248,31.983471,31.715782,1651529
2007-07-30,32.148762,32.363636,31.636364,31.652893,31.387970,1359919
2007-07-31,32.231403,32.644627,31.413223,32.148762,31.879688,2853059
2007-08-01,31.239670,31.413223,30.123966,30.528927,30.273411,4095850
2007-08-02,30.537189,30.578512,29.900826,30.107437,29.855450,2774530
2007-08-03,30.041323,30.239670,29.264463,29.322313,29.076897,2299484
2007-08-06,28.586777,29.396694,28.115702,28.512398,28.273760,2921545
2007-08-07,28.512398,28.619835,27.520660,27.644629,27.413254,2411167
2007-08-08,27.685949,28.900826,27.520660,28.809917,28.568789,3895474
2007-08-09,27.479340,28.388430,27.033058,27.661158,27.429644,2819421
2007-08-10,27.694216,28.462811,26.694216,28.314051,28.077072,2422178
2007-08-13,28.760330,28.933884,28.462811,28.561983,28.322929,1244969
2007-08-14,28.512398,28.685949,27.983471,28.024794,27.790237,865150
2007-08-15,27.842976,28.578512,27.719007,27.950413,27.716478,1082950
2007-08-16,27.685949,27.768595,26.570248,27.115702,26.888754,2507846
2007-08-17,27.785124,28.314051,26.760330,26.884298,26.659286,2560360
2007-08-20,26.859505,27.082645,26.603306,26.809917,26.585529,1443046
2007-08-21,26.685949,27.024794,26.661158,26.859505,26.634701,695508
2007-08-22,26.859505,27.710745,26.826447,27.487602,27.257542,1198021
2007-08-23,27.553719,27.611570,27.190083,27.338842,27.110027,798479
2007-08-24,27.231405,27.644629,27.123966,27.619835,27.388668,509652
2007-08-27,27.561983,27.710745,27.429752,27.528927,27.298519,728420
2007-08-28,27.479340,27.553719,27.264463,27.479340,27.249348,1445950
2007-08-29,27.603306,28.330580,27.553719,28.190083,27.954142,1116104
2007-08-30,28.099174,28.776859,28.099174,28.537189,28.298344,744150
2007-08-31,28.743801,28.776859,28.404959,28.702478,28.462250,626659
2007-09-04,28.644629,29.107437,28.570248,28.818182,28.576984,734712
2007-09-05,28.719007,28.768595,28.479340,28.528927,28.290150,746086
2007-09-06,28.512398,28.545456,28.190083,28.404959,28.167219,894916
2007-09-07,28.223141,28.545456,28.099174,28.165289,27.929556,736648
2007-09-10,28.173553,28.355371,27.429752,27.446281,27.216566,2204378
2007-09-11,27.446281,27.619835,27.239670,27.479340,27.249348,1915309
2007-09-12,27.438017,28.371901,27.438017,27.545456,27.314911,1060928
2007-09-13,27.553719,27.553719,26.900826,26.975206,26.749434,573177
2007-09-14,26.859505,26.942148,26.471073,26.942148,26.716652,1120218
2007-09-17,26.942148,27.123966,26.842976,26.958677,26.733044,638638
2007-09-18,26.950413,27.355371,26.892563,27.347107,27.118221,574871
2007-09-19,27.462811,27.479340,27.322313,27.429752,27.200176,554906
2007-09-20,27.438017,27.561983,27.280993,27.371901,27.142809,668283
2007-09-21,27.520660,27.702478,27.157024,27.611570,27.380472,926376
2007-09-24,27.537189,27.570248,26.876034,27.024794,26.798607,1214114
2007-09-25,27.024794,27.024794,26.231405,26.347107,26.126591,1475474
2007-09-26,26.305784,26.495869,25.719007,25.768595,25.552921,1528230
2007-09-27,25.785124,25.842976,25.115702,25.487602,25.274281,1390411
2007-09-28,25.528927,26.082645,25.528927,25.983471,25.765999,1406867
2007-10-01,26.107437,26.719007,26.024794,26.677687,26.454405,1494108
2007-10-02,26.735537,26.826447,26.595041,26.636364,26.413427,850388
2007-10-03,26.520660,26.752066,26.289255,26.727274,26.503576,904112
2007-10-04,26.851240,26.983471,26.388430,26.471073,26.249519,1213267
2007-10-05,26.619835,26.694216,26.239670,26.314051,26.093811,1227545
2007-10-08,26.074381,26.239670,25.471073,25.471073,25.257891,1560658
2007-10-09,25.371901,25.512398,24.842976,25.165289,24.954664,1165109
2007-10-10,24.917355,25.107437,24.719007,25.000000,24.790760,1641849
2007-10-11,25.016529,25.297522,23.933884,24.066116,23.864693,1974115
2007-10-12,24.107437,24.421488,23.900826,24.016529,23.815519,1946648
2007-10-15,24.008265,24.090908,23.239670,23.330580,23.135311,1513105
2007-10-16,23.305784,23.438017,22.892563,23.024794,22.832085,1967460
2007-10-17,23.305784,24.190083,23.305784,23.801653,23.602442,2613116
2007-10-18,23.694216,25.165289,23.570248,24.752066,24.544901,2672285
2007-10-19,24.669420,24.801653,24.297522,24.421488,24.217089,913308
2007-10-22,24.347107,24.917355,24.016529,24.735537,24.528509,1465673
2007-10-23,24.867769,25.074381,24.504131,25.066116,24.856323,909920
2007-10-24,24.933884,24.933884,23.958677,24.438017,24.233480,1054757
2007-10-25,24.454544,24.685949,24.148760,24.413223,24.208893,704946
2007-10-26,24.834711,25.148760,24.371901,24.644629,24.438362,1412191
2007-10-29,24.851240,25.049587,24.561983,24.983471,24.774368,1203466
2007-10-30,24.793388,25.214876,24.504131,25.123966,24.913689,940654
2007-10-31,27.272726,28.305784,25.942148,27.214876,26.987099,4560611
2007-11-01,27.280993,27.958677,26.247934,26.388430,26.167568,2299000
2007-11-02,26.652893,26.809917,26.223141,26.611570,26.388842,1562231
2007-11-05,26.611570,26.867769,25.661158,25.793388,25.577507,1436633
2007-11-06,25.826447,26.504131,25.504131,26.446281,26.224936,1911316
2007-11-07,26.289255,26.363636,25.842976,26.008265,25.790585,1147927
2007-11-08,26.264463,26.264463,25.140495,25.512398,25.298868,1652376
2007-11-09,25.264463,25.652893,25.024794,25.090908,24.880907,855107
2007-11-12,25.157024,25.867769,24.991735,25.355371,25.143156,1047255
2007-11-13,25.578512,25.834711,25.388430,25.834711,25.618484,770044
2007-11-14,25.826447,26.495869,25.512398,26.272726,26.052834,1630959
2007-11-15,26.123966,26.512398,25.809917,26.000000,25.782391,1167771
2007-11-16,26.247934,26.247934,25.289255,25.603306,25.389015,1158333
2007-11-19,25.454544,25.694216,24.975206,25.553719,25.339844,1259610
2007-11-20,25.561983,25.826447,25.347107,25.719007,25.503750,846516
2007-11-21,25.322313,25.702478,24.867769,25.074381,24.864517,1047981
2007-11-23,25.338842,25.595041,25.173553,25.413223,25.200523,1154219
2007-11-26,25.454544,25.809917,24.859505,24.892563,24.684221,736648
2007-11-27,25.041323,25.545456,24.950413,25.429752,25.216915,600039
2007-11-28,25.925619,27.834711,25.429752,27.561983,27.331299,3411958
2007-11-29,27.214876,27.760330,27.214876,27.355371,27.126417,1064558
2007-11-30,27.727274,28.008265,27.355371,27.619835,27.388668,2807684
2007-12-03,27.454544,27.553719,26.925619,27.272726,27.044464,877855
2007-12-04,27.082645,27.355371,26.933884,27.057852,26.831388,466697
2007-12-05,27.297522,27.644629,26.950413,27.396694,27.167395,561198
2007-12-06,27.429752,28.140495,27.123966,28.115702,27.880384,837804
2007-12-07,28.016529,28.338842,27.413223,28.338842,28.101658,1144539
2007-12-10,28.305784,29.917355,28.000000,29.743801,29.494856,1707431
2007-12-11,29.652893,29.801653,28.909092,29.314051,29.068703,2552253
2007-12-12,29.132231,30.628099,29.008265,29.363636,29.117874,2544509
2007-12-13,29.090908,29.495869,28.793388,29.140495,28.896601,1090694
2007-12-14,29.008265,30.115702,28.917355,29.851240,29.601397,1739133
2007-12-17,29.785124,30.107437,29.198347,29.322313,29.076897,2142305
2007-12-18,29.603306,29.685949,28.909092,29.528927,29.281780,1329669
2007-12-19,29.942148,30.033058,29.396694,29.851240,29.601397,1259005
2007-12-20,29.851240,30.628099,29.661158,30.628099,30.371754,1066615
2007-12-21,30.876034,30.876034,30.024794,30.157024,29.904621,1338381
2007-12-24,30.181818,30.611570,29.909092,30.528927,30.273411,357313
2007-12-26,30.396694,30.520660,30.066116,30.289255,30.035746,297660
2007-12-27,30.256199,30.603306,30.214876,30.330580,30.076725,491744
2007-12-28,30.495869,30.561983,29.752066,30.157024,29.904621,640211
2007-12-31,30.123966,30.991735,29.950413,30.462811,30.207848,1152888
2008-01-02,30.429752,30.454544,29.752066,29.958677,29.707935,1975083
2008-01-03,29.983471,30.181818,29.057852,29.190083,28.945772,1527988
2008-01-04,28.975206,29.000000,28.239670,28.355371,28.118048,2382369
2008-01-07,28.735537,29.090908,28.330580,29.008265,28.765476,1828552
2008-01-08,29.165289,29.429752,28.842976,29.231405,28.986750,1309704
2008-01-09,28.950413,29.388430,28.677687,29.256199,29.011335,1847791
2008-01-10,29.090908,29.355371,28.719007,29.132231,28.888405,1886390
2008-01-11,28.991735,30.049587,28.991735,29.702478,29.453880,1563320
2008-01-14,29.826447,29.983471,29.082645,29.454544,29.208021,1673067
2008-01-15,29.256199,29.446281,28.719007,29.256199,29.011335,1318053
2008-01-16,29.198347,29.768595,29.074381,29.239670,28.994946,1209395
2008-01-17,29.214876,29.396694,27.933884,28.256199,28.019705,1921117
2008-01-18,28.363636,28.512398,27.330580,27.859505,27.626331,1378553
2008-01-22,26.793388,28.595041,26.520660,27.190083,26.962511,1596595
2008-01-23,26.859505,27.231405,26.090908,27.000000,26.774019,2834546
2008-01-24,27.090908,27.090908,26.314051,26.578512,26.356060,2325620
2008-01-25,26.735537,26.834711,26.289255,26.438017,26.216742,1291433
2008-01-28,26.396694,26.735537,26.173553,26.570248,26.347864,903386
2008-01-29,26.760330,26.991735,26.206612,26.652893,26.429819,860673
2008-01-30,26.446281,26.694216,25.842976,25.842976,25.626680,714868
2008-01-31,25.528927,26.760330,25.429752,26.495869,26.274109,1401785
2008-02-01,26.520660,26.859505,25.876034,26.239670,26.020054,1624062
2008-02-04,26.082645,26.652893,25.958677,26.528927,26.306890,1171159
2008-02-05,26.157024,26.793388,25.909092,26.380165,26.159372,1119371
2008-02-06,26.429752,26.760330,26.049587,26.115702,25.897123,699138
2008-02-07,26.090908,26.355371,25.487602,25.884298,25.667656,765446
2008-02-08,25.809917,25.900826,25.123966,25.661158,25.446383,1789711
2008-02-11,25.735537,25.743801,24.950413,25.487602,25.274281,1174789
2008-02-12,25.537189,25.743801,25.148760,25.561983,25.348040,1209153
2008-02-13,25.545456,25.710745,25.272726,25.669420,25.454576,1019788
2008-02-14,25.603306,25.603306,24.619835,25.123966,24.913689,1994201
2008-02-15,24.975206,26.082645,24.900826,26.049587,25.831562,1695089
2008-02-19,26.206612,26.727274,26.206612,26.330580,26.110203,858979
2008-02-20,26.115702,26.322313,25.776859,26.322313,26.102005,1027169
2008-02-21,26.280993,26.471073,25.537189,25.826447,25.610289,1491809
2008-02-22,25.595041,27.272726,25.454544,26.942148,26.716652,4050838
2008-02-25,26.966942,27.371901,26.685949,27.231405,27.003489,2138191
2008-02-26,27.181818,28.033058,27.099174,27.371901,27.142809,1523753
2008-02-27,27.231405,27.413223,26.611570,26.677687,26.454405,1114652
2008-02-28,26.479340,26.661158,26.041323,26.454544,26.233130,1302565
2008-02-29,26.157024,26.570248,25.628099,25.677687,25.462774,1137642
2008-03-03,25.619835,26.239670,25.578512,26.231405,26.011858,930369
2008-03-04,25.950413,26.818182,25.785124,26.603306,26.380646,2725767
2008-03-05,26.818182,26.818182,26.330580,26.471073,26.249519,1216655
2008-03-06,26.388430,26.669420,26.247934,26.305784,26.085615,967637
2008-03-07,26.115702,26.495869,25.561983,25.677687,25.462774,1187736
2008-03-10,25.768595,26.066116,25.685949,25.752066,25.536531,714505
2008-03-11,26.239670,26.380165,25.165289,25.512398,25.298868,1761639
2008-03-12,25.157024,27.033058,25.157024,26.619835,26.397038,1556786
2008-03-13,26.247934,26.388430,25.793388,26.132231,25.913513,1113079
2008-03-14,26.363636,26.752066,26.140495,26.380165,26.159372,1521212
2008-03-17,26.132231,26.148760,25.157024,25.165289,24.954664,1122396
2008-03-18,25.528927,25.859505,25.148760,25.776859,25.561117,1094082
2008-03-19,25.859505,26.314051,25.809917,25.925619,25.708632,760485
2008-03-20,25.900826,26.198347,25.471073,26.115702,25.897123,1382062
2008-03-24,26.272726,26.338842,25.933884,26.115702,25.897123,663685
2008-03-25,26.297522,26.462811,26.033058,26.231405,26.011858,808280
2008-03-26,25.950413,26.330580,25.950413,26.140495,25.921709,686796
2008-03-27,26.099174,27.760330,26.099174,27.429752,27.200176,2441901
2008-03-28,27.454544,28.190083,27.305784,27.826447,27.593550,1475958
2008-03-31,27.909092,28.256199,27.595041,27.743801,27.511597,1454420
2008-04-01,27.950413,29.272726,27.917355,29.256199,29.011335,1217744
2008-04-02,29.214876,29.900826,29.041323,29.512398,29.265390,1562715
2008-04-03,29.355371,29.776859,29.297522,29.752066,29.503052,1301476
2008-04-04,29.785124,30.173553,29.520660,30.107437,29.855450,789767
2008-04-07,30.338842,30.338842,29.933884,30.008265,29.757107,862609
2008-04-08,29.933884,31.024794,29.933884,30.942148,30.683174,1747119
2008-04-09,30.867769,31.173553,30.016529,30.190083,29.937403,1233353
2008-04-10,30.280993,30.652893,30.190083,30.347107,30.093113,804166
2008-04-11,30.090908,30.355371,29.611570,29.652893,29.404709,599192
2008-04-14,29.603306,29.958677,29.330580,29.669420,29.421099,1058266
2008-04-15,29.900826,30.239670,29.578512,30.016529,29.765303,1130503
2008-04-16,30.305784,30.644629,30.173553,30.578512,30.322582,749958
2008-04-17,30.512398,30.661158,29.966942,30.206612,29.953794,675543
2008-04-18,30.553719,30.578512,30.024794,30.132231,29.880035,619762
2008-04-21,29.876034,30.314051,29.876034,30.173553,29.921013,434874
2008-04-22,30.000000,30.049587,29.661158,29.719007,29.470270,356950
2008-04-23,29.793388,30.619835,29.727274,30.570248,30.314386,539297
2008-04-24,30.537189,30.818182,29.859505,30.462811,30.207848,606573
2008-04-25,30.636364,33.099174,30.636364,32.314049,32.043591,2895893
2008-04-28,32.528927,32.727272,31.545456,32.371902,32.100964,1156639
2008-04-29,31.487602,32.322315,30.991735,32.148762,31.879688,1606154
2008-04-30,31.826447,32.214874,30.239670,31.016529,30.756933,2843258
2008-05-01,29.933884,30.553719,28.991735,30.082645,29.830866,2298153
2008-05-02,30.479340,30.479340,29.834711,29.859505,29.609592,892496
2008-05-05,29.925619,30.413223,29.752066,29.859505,29.609592,968121
2008-05-06,29.652893,29.652893,28.528927,29.082645,28.839235,1579655
2008-05-07,29.256199,29.462811,28.760330,28.867769,28.626158,768229
2008-05-08,29.082645,29.520660,29.074381,29.206612,28.962164,549098
2008-05-09,29.297522,30.008265,29.057852,29.942148,29.691544,1048949
2008-05-12,29.925619,30.834711,29.925619,30.826447,30.568441,733986
2008-05-13,30.826447,30.826447,30.181818,30.628099,30.371754,832722
2008-05-14,30.809917,30.876034,30.595041,30.760330,30.502878,707487
2008-05-15,30.826447,30.925619,30.388430,30.884298,30.625809,383933
2008-05-16,30.942148,31.016529,30.611570,30.851240,30.593027,733865
2008-05-19,30.884298,31.082645,30.454544,30.578512,30.322582,1287682
2008-05-20,30.644629,30.719007,30.123966,30.380165,30.125895,1222826
2008-05-21,30.371901,30.570248,29.190083,29.487602,29.240803,1696541
2008-05-22,29.462811,29.595041,29.231405,29.487602,29.240803,1560658
2008-05-23,29.619835,29.702478,29.173553,29.330580,29.085094,388289
2008-05-27,29.528927,29.537189,29.066116,29.495869,29.248999,505538
2008-05-28,29.504131,29.528927,29.057852,29.363636,29.117874,604395
2008-05-29,29.371901,30.082645,29.223141,29.710745,29.462076,886567
2008-05-30,29.652893,29.826447,29.611570,29.776859,29.527637,717651
2008-06-02,29.669420,30.024794,29.512398,29.768595,29.519444,816266
2008-06-03,29.909092,30.140495,29.595041,29.752066,29.503052,1107271
2008-06-04,29.702478,30.132231,29.570248,29.743801,29.494856,913187
2008-06-05,29.909092,30.603306,29.710745,30.495869,30.240629,1473296
2008-06-06,30.289255,30.438017,28.768595,29.107437,28.863819,2366034
2008-06-09,29.041323,29.429752,28.809917,29.132231,28.888405,1143571
2008-06-10,28.991735,29.057852,28.578512,28.611570,28.372103,1233837
2008-06-11,28.561983,28.752066,26.776859,27.049587,26.823193,3690258
2008-06-12,28.347107,29.305784,27.338842,28.925619,28.683523,2518615
2008-06-13,28.818182,28.975206,28.371901,28.619835,28.380297,1129414
2008-06-16,28.471073,28.619835,27.975206,28.305784,28.068876,939807
2008-06-17,28.338842,28.545456,27.702478,27.834711,27.601746,930974
2008-06-18,27.809917,28.504131,27.595041,27.834711,27.601746,835626
2008-06-19,27.719007,28.181818,27.157024,28.041323,27.806627,1378311
2008-06-20,27.801653,27.942148,27.479340,27.537189,27.306713,854260
2008-06-23,27.561983,27.876034,27.438017,27.487602,27.257542,768834
2008-06-24,27.264463,27.603306,27.181818,27.289255,27.060854,1150226
2008-06-25,27.438017,28.033058,27.305784,27.652893,27.421450,657030
2008-06-26,27.330580,28.322313,27.330580,27.842976,27.609940,1106424
2008-06-27,27.826447,27.958677,27.338842,27.603306,27.372276,961224
2008-06-30,27.520660,27.619835,27.190083,27.256199,27.028074,870958
2008-07-01,27.305784,28.644629,27.305784,28.280993,28.044291,1586794
2008-07-02,28.297522,28.909092,28.057852,28.677687,28.437666,1631685
2008-07-03,28.677687,28.834711,28.024794,28.223141,27.986923,547767
2008-07-07,28.404959,28.595041,27.181818,27.396694,27.167395,1217986
2008-07-08,27.355371,28.198347,27.231405,28.107437,27.872189,978164
2008-07-09,28.157024,29.024794,27.867769,28.909092,28.667133,1540330
2008-07-10,29.074381,29.132231,28.082645,28.669420,28.429468,1115741
2008-07-11,28.429752,28.925619,28.000000,28.801653,28.560595,1208790
2008-07-14,29.049587,29.338842,28.041323,28.206612,27.970533,832722
2008-07-15,27.917355,28.545456,27.289255,28.206612,27.970533,758428
2008-07-16,28.239670,29.223141,28.157024,29.066116,28.822844,1659878
2008-07-17,29.305784,30.330580,28.991735,30.190083,29.937403,1513952
2008-07-18,30.330580,30.421488,29.396694,29.644629,29.396515,1201893
2008-07-21,29.677687,29.958677,28.950413,29.231405,28.986750,1036486
2008-07-22,29.000000,29.438017,28.859505,29.338842,29.093287,796543
2008-07-23,29.322313,29.347107,28.132231,28.636364,28.396688,1940961
2008-07-24,28.595041,28.752066,27.975206,28.016529,27.782042,1476684
2008-07-25,28.157024,28.752066,28.016529,28.677687,28.437666,1273525
2008-07-28,28.462811,29.280993,26.859505,26.859505,26.634701,1508991
2008-07-29,24.793388,27.338842,24.793388,25.859505,25.643070,3829771
2008-07-30,26.115702,26.297522,24.842976,25.479340,25.266087,2643729
2008-07-31,25.371901,27.520660,25.355371,27.256199,27.028074,3048474
2008-08-01,27.256199,27.256199,26.322313,27.049587,26.823193,2012714
2008-08-04,26.991735,27.404959,26.884298,27.132231,26.905144,1615471
2008-08-05,27.223141,27.586777,26.652893,27.404959,27.175589,1712634
2008-08-06,27.404959,27.677687,26.991735,27.479340,27.249348,1313818
2008-08-07,27.429752,28.024794,27.247934,27.694216,27.462425,1660846
2008-08-08,27.603306,28.743801,27.570248,28.636364,28.396688,1429615
2008-08-11,28.553719,28.975206,28.223141,28.685949,28.445858,989175
2008-08-12,28.669420,28.727274,28.090908,28.330580,28.093464,970057
2008-08-13,28.280993,28.644629,27.801653,28.198347,27.962337,1041568
2008-08-14,28.157024,29.090908,27.743801,28.884298,28.642548,1571185
2008-08-15,28.983471,29.429752,28.760330,29.289255,29.044115,942227
2008-08-18,29.338842,29.363636,28.446281,28.553719,28.314735,774884
2008-08-19,28.462811,28.793388,28.181818,28.553719,28.314735,695387
2008-08-20,28.570248,28.752066,28.115702,28.479340,28.240978,495979
2008-08-21,28.363636,28.636364,28.107437,28.512398,28.273760,387321
2008-08-22,28.628099,29.008265,28.462811,28.586777,28.347517,839619
2008-08-25,28.363636,28.454544,27.479340,27.694216,27.462425,1233232
2008-08-26,27.528927,28.024794,27.528927,27.884298,27.650917,614075
2008-08-27,27.933884,28.892563,27.702478,28.512398,28.273760,1504756
2008-08-28,28.619835,28.909092,28.512398,28.801653,28.560595,438988
2008-08-29,28.677687,28.950413,28.421488,28.520660,28.281954,513040
2008-09-02,28.735537,29.446281,28.578512,28.710745,28.470448,672034
2008-09-03,28.702478,29.396694,28.578512,29.247934,29.003139,1261788
2008-09-04,29.074381,29.190083,28.603306,28.809917,28.568789,763631
2008-09-05,28.743801,28.752066,28.123966,28.520660,28.281954,570031
2008-09-08,29.165289,29.396694,28.694216,29.289255,29.044115,876161
2008-09-09,29.322313,29.719007,29.057852,29.181818,28.937576,703494
2008-09-10,29.231405,29.231405,28.545456,28.727274,28.486837,667557
2008-09-11,28.652893,28.826447,28.198347,28.322313,28.085266,910767
2008-09-12,28.264463,28.826447,28.033058,28.611570,28.372103,863698
2008-09-15,28.008265,28.371901,27.247934,27.247934,27.019880,943195
2008-09-16,26.818182,26.818182,25.826447,26.611570,26.388842,2107941
2008-09-17,26.338842,26.537189,25.264463,25.479340,25.266087,2379828
2008-09-18,25.512398,26.801653,25.280993,26.239670,26.020054,1861585
2008-09-19,26.884298,27.867769,24.884298,25.404959,25.192329,2697090
2008-09-22,25.289255,25.727274,25.239670,25.347107,25.134962,1360524
2008-09-23,25.206612,25.429752,24.603306,24.785124,24.577682,1837506
2008-09-24,24.752066,24.867769,24.082645,24.214876,24.012207,1602403
2008-09-25,24.322313,24.561983,23.942148,24.371901,24.167917,1809071
2008-09-26,24.223141,25.090908,24.198347,24.975206,24.766172,1150710
2008-09-29,24.702478,24.702478,23.338842,24.024794,23.823715,2361194
2008-09-30,24.223141,24.421488,23.404959,24.223141,24.020403,1243275
2008-10-01,23.148760,23.454544,21.892563,22.264463,22.078117,2402092
2008-10-02,22.173553,22.454544,21.809917,22.289255,22.102703,1694484
2008-10-03,22.479340,22.842976,21.867769,21.892563,21.709330,2222044
2008-10-06,21.669420,21.785124,19.768595,20.553719,20.381691,2399672
2008-10-07,19.909092,20.413223,17.925619,18.033058,17.882128,3168143
2008-10-08,18.140495,18.859505,17.595041,18.181818,18.029642,2969340
2008-10-09,18.479340,18.479340,15.495868,15.677686,15.546470,2399672
2008-10-10,15.289256,17.809917,12.528926,13.743802,13.628772,5218004
2008-10-13,14.454545,15.702479,14.214876,15.677686,15.546470,3683361
2008-10-14,16.314051,16.710745,14.950413,15.347107,15.218657,2555641
2008-10-15,15.206612,15.239669,14.520661,14.603306,14.481082,2048772
2008-10-16,15.165289,15.165289,13.537190,14.611570,14.489277,1955602
2008-10-17,14.388430,15.338843,14.256198,14.776860,14.653184,1815000
2008-10-20,15.082645,15.314050,14.677686,15.066116,14.940019,1795640
2008-10-21,14.892562,15.719008,14.801653,15.123967,14.997385,2243945
2008-10-22,14.760331,14.966942,13.636364,13.925620,13.809068,1574452
2008-10-23,13.950413,14.272727,12.677686,13.132231,13.022319,1645600
2008-10-24,12.644628,13.396694,12.314050,13.157025,13.046906,2140127
2008-10-27,12.933884,12.991736,12.049587,12.066116,11.965128,1724976
2008-10-28,12.355372,12.793388,11.727273,12.743802,12.637141,1785597
2008-10-29,12.818182,13.842975,12.338843,13.446281,13.333741,1823712
2008-10-30,14.652893,16.917355,13.950413,16.413223,16.275850,3623587
2008-10-31,16.371901,17.421488,15.628099,16.942148,16.800348,3220657
2008-11-03,16.933884,17.338842,16.545456,16.809917,16.669226,1645358
2008-11-04,17.016529,17.190083,15.991736,17.123966,16.980644,2643850
2008-11-05,16.966942,17.487602,16.206612,16.322313,16.185701,1855414
2008-11-06,16.165289,16.471073,15.586777,15.933884,15.800523,1111627
2008-11-07,16.024794,16.115702,15.438017,15.619835,15.489102,1511774
2008-11-10,16.016529,16.107437,14.429752,14.611570,14.489277,1703801
2008-11-11,14.471074,14.818182,13.198347,13.727273,13.612381,2111692
2008-11-12,13.512397,13.958678,13.280992,13.421488,13.309155,1738286
2008-11-13,13.479339,15.016529,13.082645,14.950413,14.825283,2641188
2008-11-14,14.768595,15.487603,14.710744,14.851240,14.726941,3149388
2008-11-17,14.768595,15.355372,14.264463,14.264463,14.145075,1733325
2008-11-18,13.876033,14.396694,13.181818,13.702479,13.587794,2091969
2008-11-19,14.033058,14.115702,12.239669,12.247934,12.145424,1871386
2008-11-20,12.173554,12.198347,9.347107,9.413223,9.334438,6856223
2008-11-21,9.586777,10.049587,8.652893,9.380165,9.301657,5666430
2008-11-24,9.438017,10.190083,8.983471,10.107438,10.022842,3148420
2008-11-25,10.099174,10.595041,10.033058,10.495868,10.408021,3353273
2008-11-26,10.330579,10.669421,10.148760,10.495868,10.408021,3126035
2008-11-28,10.256198,10.793388,10.256198,10.793388,10.703052,495495
2008-12-01,10.446281,10.462810,9.619835,10.082645,9.998258,2768964
2008-12-02,9.917355,10.685950,9.851240,10.578512,10.489974,2679908
2008-12-03,10.413223,11.578512,10.388430,11.371901,11.276722,2909566
2008-12-04,11.173554,11.578512,10.429752,10.719008,10.629294,2591820
2008-12-05,10.603306,11.223140,10.347107,11.165289,11.071839,1586673
2008-12-08,11.388430,12.057851,11.181818,12.000000,11.899565,3173709
2008-12-09,11.876033,12.669421,11.818182,12.297521,12.194595,2788324
2008-12-10,12.388430,13.016529,12.231405,12.487603,12.383086,1645963
2008-12-11,12.669421,13.314050,12.214876,12.446281,12.342111,1427679
2008-12-12,12.115702,12.702479,11.958678,12.644628,12.538796,1600830
2008-12-15,12.644628,12.652893,10.942149,11.024793,10.932519,1999767
2008-12-16,11.272727,11.314050,10.272727,10.727273,10.637489,3386911
2008-12-17,10.545455,10.942149,10.388430,10.867769,10.776810,2422057
2008-12-18,10.867769,11.537190,10.685950,11.148760,11.055449,2524665
2008-12-19,11.280992,11.917355,11.024793,11.644628,11.547167,3511178
2008-12-22,11.677686,11.743802,10.727273,11.066116,10.973497,1456235
2008-12-23,11.132231,11.561983,10.942149,11.008264,10.916128,825946
2008-12-24,10.966942,11.347107,10.570248,11.280992,11.186574,556116
2008-12-26,11.305785,11.561983,11.132231,11.495868,11.399652,419628
2008-12-29,11.462810,11.462810,10.636364,11.016529,10.924325,1072544
2008-12-30,11.049587,11.768595,11.024793,11.752066,11.653706,965822
2008-12-31,11.801653,12.140496,11.545455,12.049587,11.948737,1620069
2009-01-02,12.066116,12.380165,11.636364,12.206612,12.104446,1420903
2009-01-05,12.239669,12.479339,11.677686,12.396694,12.292938,1524237
2009-01-06,12.429752,13.371901,12.165289,13.338843,13.227202,2151259
2009-01-07,13.132231,14.537190,13.132231,14.049587,13.931997,2855479
2009-01-08,13.958678,15.347107,13.677686,14.851240,14.726941,2481347
2009-01-09,14.933884,15.165289,13.925620,14.793388,14.669573,2267782
2009-01-12,14.834711,15.016529,13.760331,13.892562,13.776286,1670768
2009-01-13,13.925620,14.537190,13.785124,14.123967,14.005754,1735261
2009-01-14,13.892562,14.644628,13.884298,14.462810,14.341762,2730002
2009-01-15,14.454545,14.479339,12.876033,14.181818,14.063122,3682877
2009-01-16,14.404959,14.958678,14.198347,14.900826,14.776113,4185269
2009-01-20,14.752066,14.752066,13.479339,13.768595,13.653357,3033349
2009-01-21,14.049587,14.793388,13.859504,14.719008,14.595816,2366518
2009-01-22,14.404959,14.942149,14.297521,14.702479,14.579425,1791405
2009-01-23,14.669421,14.942149,13.925620,14.619835,14.497473,1389201
2009-01-26,14.735537,15.462810,14.710744,15.214876,15.087533,1240371
2009-01-27,15.297521,16.157024,15.297521,15.966942,15.833304,1671131
2009-01-28,16.148760,16.801653,16.148760,16.595041,16.456146,1720620
2009-01-29,16.421488,16.471073,15.330579,15.586777,15.456322,1822381
2009-01-30,15.595041,15.702479,14.785124,15.404959,15.276025,1763817
2009-02-02,15.140496,15.760331,14.900826,15.685950,15.554665,1303654
2009-02-03,15.537190,16.495869,15.528926,16.371901,16.234875,1706463
2009-02-04,16.454544,16.520660,15.380165,15.859504,15.726766,2000009
2009-02-05,15.719008,16.859505,15.586777,16.586777,16.447952,1115136
2009-02-06,16.644629,17.851240,16.537189,17.719007,17.570705,2145935
2009-02-09,17.710745,17.710745,16.942148,17.132231,16.988840,2642640
2009-02-10,16.719007,17.322313,16.247934,16.396694,16.259460,2928684
2009-02-11,16.603306,16.884298,16.355371,16.719007,16.579075,1476563
2009-02-12,16.438017,16.586777,16.074381,16.553719,16.415171,2099592
2009-02-13,16.438017,16.727274,16.264463,16.454544,16.316826,2218656
2009-02-17,16.049587,16.066116,15.413223,15.611570,15.480907,2902306
2009-02-18,15.785124,15.867769,14.677686,15.297521,15.169486,2510387
2009-02-19,15.223140,15.801653,15.123967,15.454545,15.325196,2095115
2009-02-20,15.735537,15.876033,14.157025,14.826446,14.702353,4640350
2009-02-23,14.958678,15.049587,12.702479,13.446281,13.333741,4835765
2009-02-24,13.636364,15.264463,13.545455,15.033058,14.907237,4163126
2009-02-25,14.975207,15.438017,14.446281,15.024793,14.899041,3095906
2009-02-26,15.082645,15.619835,14.066116,14.198347,14.079513,5133425
2009-02-27,13.876033,14.834711,13.429752,13.520661,13.407498,3653958
2009-03-02,13.115702,13.264463,11.586777,11.661157,11.563558,4234516
2009-03-03,11.661157,12.289256,11.090909,11.578512,11.481605,5615005
2009-03-04,11.537190,12.487603,11.537190,12.256198,12.153618,1808103
2009-03-05,11.983471,12.066116,11.314050,11.380165,11.284918,2353934
2009-03-06,11.669421,11.966942,11.107438,11.528926,11.432433,2628604
2009-03-09,11.561983,11.735537,10.710744,10.842975,10.752223,1825648
2009-03-10,12.099174,12.347107,11.049587,11.322314,11.227551,2259191
2009-03-11,11.413223,11.661157,11.033058,11.074380,10.981691,1962620
2009-03-12,11.099174,11.876033,10.768595,11.752066,11.653706,1381215
2009-03-13,11.685950,11.909091,11.495868,11.785124,11.686487,1123969
2009-03-16,12.066116,12.123967,11.528926,11.545455,11.448824,1738770
2009-03-17,11.570248,11.694215,11.000000,11.685950,11.588143,1403479
2009-03-18,11.429752,11.818182,11.082645,11.578512,11.481605,2408747
2009-03-19,11.702479,11.743802,11.297521,11.479339,11.383261,809611
2009-03-20,11.528926,11.768595,11.388430,11.528926,11.432433,1854325
2009-03-23,11.776860,12.867769,11.669421,12.867769,12.760071,3024879
2009-03-24,12.636364,12.925620,12.429752,12.429752,12.325720,1393678
2009-03-25,12.520661,13.256198,12.338843,12.809917,12.702703,1900184
2009-03-26,12.966942,13.561983,12.966942,13.553719,13.440279,1498585
2009-03-27,13.371901,13.512397,12.818182,12.892562,12.784656,1289981
2009-03-30,12.545455,12.735537,12.049587,12.446281,12.342111,1316117
2009-03-31,12.694215,12.942149,12.404959,12.677686,12.571578,937145
2009-04-01,12.454545,13.090909,11.528926,12.347107,12.243766,1762123
2009-04-02,12.685950,13.603306,12.685950,13.429752,13.317350,3056460
2009-04-03,13.462810,13.760331,13.371901,13.677686,13.563209,1648383
2009-04-06,13.677686,14.396694,13.504132,13.710744,13.595990,1719047
2009-04-07,13.454545,13.595041,13.016529,13.123967,13.014125,1270137
2009-04-08,12.909091,13.057851,11.809917,12.190083,12.088057,3893054
2009-04-09,12.495868,12.925620,12.471074,12.809917,12.702703,2607550
2009-04-13,12.743802,13.636364,12.661157,13.396694,13.284569,2358532
2009-04-14,13.388430,15.537190,13.388430,15.322314,15.194072,4754574
2009-04-15,15.173554,15.181818,13.826446,14.454545,14.333566,3757897
2009-04-16,14.628099,15.016529,14.214876,14.628099,14.505668,2020095
2009-04-17,14.669421,15.256198,14.611570,14.694215,14.571230,1943623
2009-04-20,14.644628,15.603306,14.454545,15.041322,14.915432,4846897
2009-04-21,15.239669,15.966942,14.570248,14.851240,14.726941,3654321
2009-04-22,14.710744,15.371901,14.429752,14.975207,14.849871,1825527
2009-04-23,15.000000,15.231405,14.396694,14.685950,14.563034,1623578
2009-04-24,14.842975,16.785124,14.842975,16.561983,16.423365,4226651
2009-04-27,16.628099,18.033058,16.231405,17.404959,17.259285,4955071
2009-04-28,17.190083,18.272726,17.016529,17.611570,17.464169,2492358
2009-04-29,17.727274,19.099174,17.404959,18.471073,18.316477,3670051
2009-04-30,18.595041,19.314051,18.504131,18.876034,18.718048,3356540
2009-05-01,18.884298,19.107437,18.388430,18.669420,18.513165,2638042
2009-05-04,18.429752,18.958677,17.123966,18.578512,18.423018,3773506
2009-05-05,18.495869,20.099174,18.363636,19.950413,19.783436,2638768
2009-05-06,19.768595,20.479340,19.578512,19.867769,19.701483,2043690
2009-05-07,20.024794,21.074381,19.553719,19.752066,19.586748,2955546
2009-05-08,19.958677,20.661158,19.727274,20.289255,20.119442,1870418
2009-05-11,20.809917,20.892563,20.024794,20.462811,20.291544,2639131
2009-05-12,20.578512,20.793388,19.487602,19.917355,19.750654,1705132
2009-05-13,19.719007,20.487602,19.347107,19.504131,19.340889,1789711
2009-05-14,19.520660,19.842976,18.735537,19.512398,19.349087,2196150
2009-05-15,19.537189,19.966942,18.809917,18.892563,18.734440,2443474
2009-05-18,19.082645,20.099174,18.454544,20.057852,19.889975,2833336
2009-05-19,20.074381,21.165289,19.842976,20.884298,20.709505,2492237
2009-05-20,21.107437,22.851240,20.793388,22.512398,22.323977,7968213
2009-05-21,22.322313,23.586777,21.190083,21.479340,21.299566,5985265
2009-05-22,21.661158,21.727274,20.603306,21.000000,20.824238,2130447
2009-05-26,20.826447,21.991735,20.520660,21.900826,21.717524,2005454
2009-05-27,21.685949,22.082645,21.388430,21.537189,21.356932,1297967
2009-05-28,21.975206,21.991735,21.090908,21.471073,21.291368,1154219
2009-05-29,21.595041,21.842976,21.223141,21.809917,21.627377,1455146
2009-06-01,23.495869,23.677687,23.033058,23.363636,23.168091,2114596
2009-06-02,23.297522,23.793388,22.950413,23.338842,23.143505,1527746
2009-06-03,23.132231,23.297522,22.231405,22.512398,22.323977,1414006
2009-06-04,22.611570,22.611570,21.925619,22.314051,22.127291,1417636
2009-06-05,22.619835,22.702478,21.826447,22.314051,22.127291,1091057
2009-06-08,21.983471,22.983471,21.537189,22.694216,22.504274,1294821
2009-06-09,22.851240,23.206612,21.826447,23.140495,22.946817,1964435
2009-06-10,23.231405,23.231405,22.685949,22.925619,22.733740,1474143
2009-06-11,22.818182,23.628099,22.818182,22.975206,22.782913,1979318
2009-06-12,22.942148,22.942148,21.066116,21.314051,21.135660,3346134
2009-06-15,20.942148,21.628099,19.793388,21.388430,21.209417,4072134
2009-06-16,21.611570,22.355371,20.396694,20.694216,20.521013,2901217
2009-06-17,20.735537,21.371901,20.487602,20.528927,20.357107,2336510
2009-06-18,20.652893,21.404959,20.033058,21.355371,21.176636,2091727
2009-06-19,21.652893,22.148760,20.826447,21.024794,20.848824,1512742
2009-06-22,20.809917,20.876034,20.132231,20.132231,19.963732,1710093
2009-06-23,20.190083,20.314051,19.305784,19.454544,19.291718,1918697
2009-06-24,19.545456,20.876034,19.545456,20.347107,20.176809,1938904
2009-06-25,20.289255,21.768595,20.289255,21.487602,21.307758,1982827
2009-06-26,21.429752,21.429752,20.702478,21.090908,20.914385,2608639
2009-06-29,21.115702,21.363636,20.330580,21.264463,21.086489,1121670
2009-06-30,21.264463,21.719007,20.768595,20.867769,20.693113,1189430
2009-07-01,20.826447,21.528927,20.752066,21.190083,21.012730,985424
2009-07-02,20.859505,20.900826,20.181818,20.826447,20.652138,1675366
2009-07-06,20.603306,20.876034,20.181818,20.760330,20.586575,1374923
2009-07-07,20.768595,22.305784,20.768595,21.933884,21.750305,2465617
2009-07-08,22.016529,22.231405,21.024794,22.123966,21.938797,2759163
2009-07-09,22.256199,22.314051,21.033058,21.776859,21.594595,1904298
2009-07-10,21.735537,22.173553,21.057852,21.305784,21.127462,945978
2009-07-13,21.471073,21.702478,20.570248,21.462811,21.283175,1358225
2009-07-14,21.355371,21.851240,21.082645,21.801653,21.619181,1002485
2009-07-15,22.057852,22.801653,21.834711,22.611570,22.422319,1088153
2009-07-16,22.611570,23.842976,22.297522,23.677687,23.479513,1331968
2009-07-17,23.743801,23.884298,23.173553,23.735537,23.536879,1286109
2009-07-20,23.909092,24.545456,23.809917,24.115702,23.913862,1802537
2009-07-21,24.198347,24.429752,23.561983,24.247934,24.044989,1675608
2009-07-22,23.586777,23.975206,23.016529,23.132231,22.938623,1274130
2009-07-23,23.231405,23.669420,23.115702,23.223141,23.028772,1992023
2009-07-24,23.157024,23.752066,22.958677,23.719007,23.520489,1233595
2009-07-27,23.190083,23.545456,22.471073,23.322313,23.127115,1854809
2009-07-28,23.966942,24.925619,23.884298,24.066116,23.864693,3160520
2009-07-29,24.462811,24.760330,24.008265,24.578512,24.372799,2702293
2009-07-30,24.785124,25.438017,24.297522,24.776859,24.569487,2165658
2009-07-31,25.330580,25.330580,22.826447,23.404959,23.209068,3792503
2009-08-03,24.016529,25.991735,23.950413,25.958677,25.741413,4044667
2009-08-04,25.685949,25.768595,25.231405,25.586777,25.372625,2545477
2009-08-05,25.760330,26.000000,25.471073,25.826447,25.610289,1572758
2009-08-06,25.793388,26.033058,25.289255,25.446281,25.233305,1903572
2009-08-07,25.413223,25.785124,24.504131,25.330580,25.118572,1642333
2009-08-10,25.132231,25.983471,25.016529,25.520660,25.307062,1155550
2009-08-11,25.504131,25.661158,24.925619,25.545456,25.331650,1190640
2009-08-12,25.561983,25.644629,25.082645,25.223141,25.012032,939081
2009-08-13,25.438017,25.669420,24.768595,25.578512,25.364429,1155792
2009-08-14,25.619835,25.735537,24.685949,25.024794,24.815346,1396824
2009-08-17,24.586777,25.413223,24.570248,25.214876,25.003838,1091783
2009-08-18,25.247934,25.454544,24.595041,24.991735,24.782564,589391
2009-08-19,24.826447,25.371901,24.413223,25.322313,25.110374,1207338
2009-08-20,25.380165,25.479340,24.900826,25.066116,24.856323,649165
2009-08-21,25.280993,25.322313,24.710745,24.917355,24.708805,899635
2009-08-24,24.900826,24.942148,24.413223,24.603306,24.397385,599071
2009-08-25,24.685949,25.082645,24.421488,25.008265,24.798954,876645
2009-08-26,24.983471,25.388430,24.636364,24.917355,24.708805,851719
2009-08-27,24.975206,25.528927,24.429752,25.338842,25.126766,1292038
2009-08-28,25.628099,25.793388,25.429752,25.719007,25.503750,1084886
2009-08-31,25.413223,25.719007,24.917355,25.429752,25.216915,880396
2009-09-01,25.223141,25.760330,24.462811,24.537189,24.331823,1108844
2009-09-02,24.479340,24.652893,23.917355,24.148760,23.946644,945736
2009-09-03,24.330580,24.966942,23.727274,24.347107,24.143332,866239
2009-09-04,24.396694,24.471073,23.983471,24.404959,24.200699,512435
2009-09-08,24.520660,24.743801,24.090908,24.471073,24.266260,905927
2009-09-09,24.462811,25.247934,24.421488,24.876034,24.667831,724911
2009-09-10,24.925619,26.016529,24.702478,25.900826,25.684046,1024386
2009-09-11,26.000000,27.190083,25.752066,26.735537,26.511770,1858076
2009-09-14,26.867769,28.578512,26.694216,28.495869,28.257368,3541549
2009-09-15,28.388430,29.338842,27.991735,29.000000,28.757280,2190221
2009-09-16,29.033058,29.033058,28.355371,28.925619,28.683523,1034550
2009-09-17,28.933884,29.066116,28.082645,28.371901,28.134438,1140546
2009-09-18,28.454544,28.702478,27.842976,28.322313,28.085266,1016037
2009-09-21,27.966942,28.446281,27.752066,28.190083,27.954142,1153856
2009-09-22,28.280993,28.404959,27.661158,28.090908,27.855797,1653102
2009-09-23,28.289255,28.289255,27.289255,27.347107,27.118221,1512863
2009-09-24,27.314051,27.347107,26.371901,26.462811,26.241327,1363186
2009-09-25,26.355371,26.595041,25.462811,25.719007,25.503750,2353692
2009-09-28,25.702478,26.644629,25.669420,26.438017,26.216742,731203
2009-09-29,26.553719,26.578512,26.024794,26.297522,26.077421,787831
2009-09-30,26.355371,26.719007,25.735537,26.388430,26.167568,1431430
2009-10-01,26.404959,26.512398,25.851240,25.884298,25.667656,1013980
2009-10-02,25.685949,25.991735,25.347107,25.413223,25.200523,802956
2009-10-05,25.586777,26.842976,25.247934,26.462811,26.241327,1568765
2009-10-06,26.752066,27.074381,26.099174,26.925619,26.700262,865271
2009-10-07,26.925619,27.743801,26.578512,27.661158,27.429644,1123485
2009-10-08,27.876034,29.082645,27.694216,28.330580,28.093464,2105521
2009-10-09,28.347107,29.644629,28.206612,29.520660,29.273584,1145144
2009-10-12,29.404959,29.619835,28.760330,29.041323,28.798258,743061
2009-10-13,29.041323,29.115702,28.504131,28.661158,28.421274,549945
2009-10-14,29.066116,29.743801,28.892563,29.512398,29.265390,841918
2009-10-15,29.322313,29.991735,29.314051,29.760330,29.511248,843491
2009-10-16,29.619835,29.900826,29.132231,29.289255,29.044115,613833
2009-10-19,29.413223,30.388430,29.413223,30.247934,29.994770,1425017
2009-10-20,30.223141,30.305784,29.842976,29.950413,29.699739,1191608
2009-10-21,29.983471,30.471073,29.305784,29.314051,29.068703,697686
2009-10-22,29.214876,29.487602,28.793388,29.297522,29.052313,1187615
2009-10-23,29.462811,29.595041,28.826447,28.851240,28.609766,1078836
2009-10-26,28.950413,29.809917,28.603306,28.710745,28.470448,1533312
2009-10-27,28.611570,28.636364,26.966942,27.438017,27.208370,2587464
2009-10-28,27.404959,27.471073,25.090908,25.280993,25.069401,4453768
2009-10-29,26.619835,28.107437,26.355371,27.619835,27.388668,3439667
2009-10-30,27.413223,27.446281,25.429752,25.851240,25.634874,2672769
2009-11-02,26.049587,27.280993,26.033058,27.099174,26.872364,2699510
2009-11-03,27.099174,27.685949,26.983471,27.322313,27.093636,1835570
2009-11-04,27.719007,28.495869,27.247934,27.404959,27.175589,2132020
2009-11-05,27.752066,28.057852,27.380165,27.884298,27.650917,914397
2009-11-06,27.553719,27.909092,26.636364,26.909092,26.683872,1703317
2009-11-09,27.123966,27.462811,26.818182,26.942148,26.716652,963523
2009-11-10,26.694216,27.611570,26.694216,27.561983,27.331299,951544
2009-11-11,27.842976,27.917355,27.347107,27.719007,27.487009,706398
2009-11-12,27.636364,27.917355,27.066116,27.123966,26.896948,731687
2009-11-13,27.305784,27.793388,27.157024,27.404959,27.175589,590117
2009-11-16,27.702478,27.966942,27.264463,27.421488,27.191980,546436
2009-11-17,27.223141,27.404959,27.099174,27.297522,27.069052,336501
2009-11-18,27.330580,27.355371,26.545456,26.644629,26.421623,557568
2009-11-19,26.553719,26.619835,25.586777,26.132231,25.913513,1245453
2009-11-20,25.925619,25.991735,25.355371,25.438017,25.225111,1406625
2009-11-23,25.966942,26.586777,25.677687,26.239670,26.020054,1258037
2009-11-24,26.239670,26.553719,25.760330,26.446281,26.224936,1082466
2009-11-25,26.446281,26.446281,26.123966,26.223141,26.003662,448910
2009-11-27,25.429752,26.123966,25.214876,25.776859,25.561117,395549
2009-11-30,25.702478,25.859505,24.809917,25.214876,25.003838,1687466
2009-12-01,25.479340,25.694216,25.049587,25.347107,25.134962,1147443
2009-12-02,25.330580,25.396694,24.652893,24.809917,24.602268,1325313
2009-12-03,24.917355,25.413223,24.661158,24.694216,24.487534,967395
2009-12-04,25.123966,25.619835,24.743801,25.082645,24.872713,900724
2009-12-07,25.231405,26.181818,25.231405,25.429752,25.216915,1172611
2009-12-08,25.148760,25.438017,24.909092,25.264463,25.053009,1519881
2009-12-09,25.157024,25.206612,24.256199,24.462811,24.258066,1614503
2009-12-10,24.619835,25.413223,24.471073,25.289255,25.077593,1687224
2009-12-11,25.347107,26.322313,25.347107,25.950413,25.733217,1354595
2009-12-14,26.140495,27.132231,26.132231,26.942148,26.716652,1579655
2009-12-15,26.851240,27.826447,26.528927,27.661158,27.429644,1490236
2009-12-16,27.867769,29.049587,27.793388,29.000000,28.757280,2456905
2009-12-17,28.504131,28.942148,27.991735,28.314051,28.077072,1586431
2009-12-18,28.636364,28.809917,28.157024,28.628099,28.388493,2074303
2009-12-21,28.933884,30.024794,28.933884,29.264463,29.019531,1170070
2009-12-22,29.247934,30.314051,29.198347,30.190083,29.937403,1055846
2009-12-23,30.363636,31.148760,30.206612,30.776859,30.519268,922625
2009-12-24,31.057852,31.057852,30.330580,30.677687,30.420925,381755
2009-12-28,30.942148,31.404959,30.636364,31.066116,30.806105,1064074
2009-12-29,31.107437,31.107437,30.190083,30.479340,30.224239,611534
2009-12-30,30.438017,30.520660,29.702478,30.057852,29.806278,784806
2009-12-31,30.074381,30.123966,29.396694,29.421488,29.175241,667315
2010-01-04,29.380165,30.016529,29.363636,29.818182,29.568615,1205281
2010-01-05,29.892563,30.636364,29.644629,29.859505,29.609592,1172732
2010-01-06,29.867769,30.107437,29.628099,29.752066,29.503052,1211694
2010-01-07,29.628099,30.297522,29.628099,30.264463,30.011162,2277704
2010-01-08,30.347107,31.537189,30.297522,31.487602,31.224062,1855656
2010-01-11,31.487602,31.702478,30.851240,31.041323,30.781519,1560174
2010-01-12,30.694216,30.785124,29.735537,30.066116,29.814474,1260215
2010-01-13,30.289255,32.429752,30.247934,32.264462,31.994421,2986401
2010-01-14,31.917355,33.082645,31.909092,32.966942,32.691021,2014892
2010-01-15,32.950413,33.148762,31.438017,31.677687,31.412556,2005333
2010-01-19,31.595041,31.595041,29.380165,30.834711,30.576635,4793415
2010-01-20,29.826447,29.942148,28.809917,28.851240,28.609766,4480630
2010-01-21,28.884298,29.132231,27.578512,27.669420,27.437838,3047385
2010-01-22,27.735537,28.438017,26.760330,27.016529,26.790411,2463076
2010-01-25,27.322313,27.495869,26.876034,27.033058,26.806801,1054878
2010-01-26,26.925619,28.404959,26.793388,28.033058,27.798431,2219261
2010-01-27,28.066116,28.214876,27.148760,27.595041,27.364080,1931281
2010-01-28,27.644629,27.644629,27.049587,27.314051,27.085442,1611478
2010-01-29,27.446281,27.867769,26.884298,26.958677,26.733044,1656127
2010-02-01,27.033058,27.396694,26.512398,27.090908,26.864168,1408440
2010-02-02,27.123966,28.636364,26.917355,28.586777,28.347517,2131778
2010-02-03,28.446281,28.619835,28.074381,28.247934,28.011509,925408
2010-02-04,27.933884,28.066116,26.760330,26.842976,26.618311,2100439
2010-02-05,26.826447,26.884298,25.619835,26.272726,26.052834,3119380
2010-02-08,26.272726,26.471073,25.842976,26.181818,25.962687,1681779
2010-02-09,26.578512,27.049587,25.884298,27.000000,26.774019,1600709
2010-02-10,26.859505,27.256199,26.661158,27.000000,26.774019,1153251
2010-02-11,26.876034,27.611570,26.719007,27.611570,27.380472,1268685
2010-02-12,27.231405,28.173553,27.024794,28.173553,27.937752,1312245
2010-02-16,28.479340,28.752066,27.966942,28.652893,28.413078,1469666
2010-02-17,28.652893,29.024794,28.421488,28.743801,28.503227,1880340
2010-02-18,31.107437,31.404959,29.256199,30.008265,29.757107,4649304
2010-02-19,30.016529,30.479340,29.859505,30.396694,30.142284,1879614
2010-02-22,30.528927,30.578512,29.685949,29.752066,29.503052,1209274
2010-02-23,29.611570,29.694216,28.628099,28.702478,28.462250,1374076
2010-02-24,28.768595,28.892563,27.958677,28.016529,27.782042,1217502
2010-02-25,27.355371,27.719007,26.983471,27.669420,27.437838,2492600
2010-02-26,27.685949,28.421488,27.586777,28.322313,28.085266,2235475
2010-03-01,28.487602,29.462811,28.363636,29.305784,29.060505,1798544
2010-03-02,29.338842,30.041323,29.074381,29.834711,29.585005,1958990
2010-03-03,29.801653,30.157024,29.413223,29.644629,29.396515,1157002
2010-03-04,29.611570,30.297522,29.338842,30.272726,30.019354,1625272
2010-03-05,30.380165,30.636364,30.165289,30.636364,30.379950,847847
2010-03-08,30.545456,31.454544,30.363636,30.768595,30.511074,2052765
2010-03-09,30.636364,30.636364,29.446281,29.545456,29.298172,1521333
2010-03-10,29.545456,29.561983,28.801653,29.330580,29.085094,2184776
2010-03-11,29.115702,29.892563,29.082645,29.752066,29.503052,1844403
2010-03-12,30.024794,30.132231,28.785124,29.595041,29.347342,1576751
2010-03-15,29.520660,31.338842,29.272726,31.181818,30.920837,2898071
2010-03-16,31.371901,32.033058,31.115702,31.619835,31.355188,1730179
2010-03-17,31.669420,31.842976,30.545456,31.264463,31.002792,1764301
2010-03-18,31.181818,32.396694,30.859505,31.074381,30.814301,2070310
2010-03-19,31.537189,31.801653,30.975206,31.537189,31.273235,2297911
2010-03-22,32.082645,33.752068,32.082645,33.479340,33.199131,4437070
2010-03-23,33.719009,33.719009,32.595039,32.859505,32.584484,2052523
2010-03-24,32.628098,32.677685,31.314051,31.404959,31.142111,2940784
2010-03-25,31.495869,31.793388,30.892563,31.115702,30.855274,2094147
2010-03-26,31.148760,31.512398,30.727274,31.181818,30.920837,1032493
2010-03-29,31.363636,31.545456,31.033058,31.181818,30.920837,1558964
2010-03-30,31.289255,31.363636,30.694216,30.785124,30.527464,1186405
2010-03-31,30.611570,30.702478,29.991735,30.520660,30.265213,1339591
2010-04-01,30.479340,31.826447,30.355371,31.694216,31.428947,1831698
2010-04-05,31.876034,32.181816,31.371901,31.512398,31.248652,749958
2010-04-06,31.413223,31.892563,31.338842,31.685949,31.420750,769318
2010-04-07,31.685949,31.760330,31.165289,31.603306,31.338799,855228
2010-04-08,31.404959,32.049587,30.768595,31.975206,31.707586,1322167
2010-04-09,32.024792,32.561981,31.892563,32.256199,31.986227,1615713
2010-04-12,32.256199,32.801655,32.256199,32.694214,32.420574,1214114
2010-04-13,32.694214,32.892563,32.338844,32.727272,32.453358,1541177
2010-04-14,32.809917,33.049587,32.206612,32.479340,32.207500,2693702
2010-04-15,32.347107,32.909092,32.198345,32.495869,32.223892,2339656
2010-04-16,32.297520,32.661156,31.545456,32.363636,32.092766,2119315
2010-04-19,32.380165,33.223141,32.347107,32.942150,32.666435,1887842
2010-04-20,33.247932,34.719009,33.099174,34.214874,33.928509,4644343
2010-04-21,34.214874,34.644627,33.487602,33.735538,33.453186,4294290
2010-04-22,33.355373,34.016529,33.206612,33.834709,33.551525,3954643
2010-04-23,34.909092,34.958679,33.380165,34.033058,33.748215,4140015
2010-04-26,33.710743,33.809917,33.066116,33.239670,32.961468,2915011
2010-04-27,32.842976,33.933884,32.842976,33.148762,32.871319,2666235
2010-04-28,33.247932,33.570248,32.966942,33.264462,32.986050,1562957
2010-04-29,33.669422,34.537189,33.644627,34.305786,34.018658,1676092
2010-04-30,34.272728,34.752068,33.702480,33.768597,33.485966,2021789
2010-05-03,34.057850,34.768597,33.884296,34.520660,34.231735,1260094
2010-05-04,33.801655,34.231403,33.363636,33.553719,33.272888,2261248
2010-05-05,33.322315,34.016529,32.603306,33.504131,33.223713,1921238
2010-05-06,33.413223,33.876034,29.752066,32.528927,32.256672,2893231
2010-05-07,32.404961,33.000000,31.297522,31.561983,31.297821,2879195
2010-05-10,32.851238,33.603306,32.834709,33.553719,33.272888,1559206
2010-05-11,33.057850,33.619835,32.842976,33.115704,32.838539,2150775
2010-05-12,33.438019,34.165291,33.123966,33.793388,33.510551,1999525
2010-05-13,33.826447,34.355373,33.363636,33.446281,33.166348,1565619
2010-05-14,33.272728,34.264462,32.834709,33.462811,33.182739,2253625
2010-05-17,33.727272,34.090908,32.280991,33.421490,33.141766,2734842
2010-05-18,33.917355,33.917355,32.553719,32.776859,32.502529,1581470
2010-05-19,32.628098,33.181816,32.429752,32.975208,32.699219,1701986
2010-05-20,32.380165,32.669422,31.280993,31.314051,31.051964,1879493
2010-05-21,31.008265,32.380165,30.413223,31.545456,31.281433,2029412
2010-05-24,31.495869,32.404961,31.173553,31.867769,31.601048,1580502
2010-05-25,30.966942,31.198347,30.586777,31.099174,30.838886,1843556
2010-05-26,31.347107,32.157024,31.247934,31.776859,31.510899,3095664
2010-05-27,32.520660,33.140495,32.454544,33.049587,32.772976,1899942
2010-05-28,33.057850,33.057850,32.165291,32.214874,31.945248,1878646
2010-06-01,31.925619,32.355373,31.471073,31.512398,31.248652,1818146
2010-06-02,31.619835,33.049587,31.619835,33.049587,32.772976,2062324
2010-06-03,32.950413,33.727272,32.876034,33.702480,33.420403,1764301
2010-06-04,32.876034,33.347107,31.644629,31.867769,31.601048,1753895
2010-06-07,32.107437,32.289257,31.338842,31.338842,31.076548,1028984
2010-06-08,31.330580,31.512398,30.157024,30.628099,30.371754,1929224
2010-06-09,30.760330,31.239670,30.198347,30.338842,30.084917,2396889
2010-06-10,30.884298,31.099174,30.636364,31.024794,30.765127,1616923
2010-06-11,30.644629,31.454544,30.504131,31.115702,30.855274,1438811
2010-06-14,31.305784,31.710745,31.099174,31.140495,30.879862,1322893
2010-06-15,31.694216,31.958677,31.454544,31.925619,31.658413,1084160
2010-06-16,31.561983,31.842976,31.297522,31.570248,31.306017,922625
2010-06-17,31.611570,31.768595,30.818182,30.884298,30.625809,1557028
2010-06-18,30.900826,30.909092,30.173553,30.355371,30.101309,1802900
2010-06-21,30.595041,30.776859,28.487602,28.694216,28.454056,3718814
2010-06-22,28.685949,28.925619,27.818182,28.016529,27.782042,3461326
2010-06-23,27.950413,29.115702,27.743801,28.685949,28.445858,2409715
2010-06-24,28.603306,28.793388,27.661158,27.735537,27.503401,1662177
2010-06-25,27.793388,28.570248,27.677687,28.305784,28.068876,2293555
2010-06-28,28.446281,28.628099,28.049587,28.115702,27.880384,1597200
2010-06-29,27.553719,27.966942,27.446281,27.752066,27.519791,3263491
2010-06-30,27.735537,28.239670,27.545456,27.942148,27.708282,2471425
2010-07-01,27.801653,27.884298,25.975206,26.264463,26.044640,3023790
2010-07-02,26.504131,26.561983,25.834711,26.000000,25.782391,1612083
2010-07-06,26.289255,27.231405,26.264463,26.619835,26.397038,2004970
2010-07-07,26.603306,27.140495,26.586777,27.041323,26.814997,1960200
2010-07-08,27.347107,27.685949,27.000000,27.280993,27.052660,1455630
2010-07-09,27.322313,27.537189,26.826447,27.041323,26.814997,1052942
2010-07-12,26.966942,27.016529,26.454544,26.652893,26.429819,984940
2010-07-13,26.925619,27.123966,26.818182,27.049587,26.823193,959046
2010-07-14,26.900826,27.743801,26.818182,27.355371,27.126417,1383151
2010-07-15,27.322313,27.859505,27.198347,27.768595,27.536182,968726
2010-07-16,27.512398,27.826447,26.826447,26.909092,26.683872,1230086
2010-07-19,27.082645,27.099174,26.247934,26.330580,26.110203,821227
2010-07-20,25.752066,26.198347,25.661158,26.123966,25.905319,1253197
2010-07-21,26.371901,26.371901,24.727274,24.826447,24.618658,2356596
2010-07-22,25.165289,25.669420,24.537189,24.727274,24.520315,2402455
2010-07-23,24.652893,25.338842,24.537189,25.107437,24.897297,1871870
2010-07-26,25.090908,26.016529,24.942148,25.991735,25.774195,1731147
2010-07-27,26.074381,26.603306,25.702478,26.181818,25.962687,1581228
2010-07-28,26.198347,26.338842,25.429752,25.454544,25.241499,1688434
2010-07-29,26.438017,26.438017,24.471073,24.876034,24.667831,2783968
2010-07-30,24.793388,26.867769,24.702478,26.801653,26.577333,3852398
2010-08-02,27.247934,27.727274,25.561983,25.933884,25.716827,2816275
2010-08-03,25.768595,26.247934,25.090908,25.909092,25.692242,1435060
2010-08-04,26.057852,28.190083,26.057852,27.892563,27.659113,3611487
2010-08-05,27.628099,28.041323,27.289255,27.570248,27.339495,1562957
2010-08-06,27.280993,27.479340,26.685949,27.421488,27.191980,1492535
2010-08-09,27.537189,27.884298,27.330580,27.826447,27.593550,696113
2010-08-10,27.545456,27.760330,27.074381,27.570248,27.339495,1088395
2010-08-11,26.818182,27.024794,25.834711,25.958677,25.741413,1490357
2010-08-12,25.512398,25.917355,25.330580,25.413223,25.200523,1258158
2010-08-13,25.330580,25.355371,24.917355,24.933884,24.725197,1067583
2010-08-16,24.834711,25.082645,24.388430,24.793388,24.585876,1004179
2010-08-17,25.123966,25.330580,24.735537,24.975206,24.766172,1147927
2010-08-18,24.900826,25.016529,24.396694,24.983471,24.774368,1102189
2010-08-19,24.743801,24.842976,23.975206,24.016529,23.815519,1556181
2010-08-20,23.975206,24.033058,23.553719,23.867769,23.668005,1331000
2010-08-23,24.000000,24.190083,23.231405,23.404959,23.209068,1340680
2010-08-24,23.016529,23.016529,22.330580,22.578512,22.389538,1811612
2010-08-25,22.413223,22.942148,22.355371,22.834711,22.643593,946220
2010-08-26,22.900826,23.041323,22.099174,22.099174,21.914213,1251866
2010-08-27,22.305784,22.330580,21.752066,22.256199,22.069923,2239952
2010-08-30,22.140495,22.272726,21.685949,21.710745,21.529034,1402027
2010-08-31,21.611570,21.801653,21.181818,21.545456,21.365129,3717967
2010-09-01,21.727274,22.479340,21.487602,22.380165,22.192852,2461382
2010-09-02,22.446281,23.123966,22.148760,23.057852,22.864866,1755105
2010-09-03,23.363636,24.264463,23.363636,23.743801,23.545074,1970364
2010-09-07,23.578512,23.702478,23.123966,23.404959,23.209068,1818267
2010-09-08,23.462811,23.603306,23.347107,23.404959,23.209068,1412675
2010-09-09,23.644629,24.950413,23.644629,24.578512,24.372799,3776894
2010-09-10,24.578512,25.033058,24.330580,24.743801,24.536705,1843556
2010-09-13,24.983471,24.983471,24.446281,24.595041,24.389191,1814879
2010-09-14,24.471073,25.090908,24.000000,24.743801,24.536705,1804594
2010-09-15,24.603306,25.826447,24.528927,25.421488,25.208719,4122349
2010-09-16,25.438017,25.495869,25.132231,25.421488,25.208719,2383821
2010-09-17,25.628099,25.760330,25.214876,25.462811,25.249697,2204620
2010-09-20,25.512398,26.479340,25.404959,26.214876,25.995468,3259377
2010-09-21,26.628099,26.900826,25.776859,25.842976,25.626680,2663089
2010-09-22,25.685949,25.909092,25.396694,25.528927,25.315260,1776764
2010-09-23,25.256199,25.859505,24.909092,25.198347,24.987446,1713118
2010-09-24,25.644629,25.644629,24.950413,25.132231,24.921883,1876952
2010-09-27,25.041323,25.735537,24.793388,25.528927,25.315260,1884696
2010-09-28,25.512398,25.512398,24.958677,25.190083,24.979252,2050224
2010-09-29,25.074381,26.057852,24.793388,25.760330,25.544725,2377650
2010-09-30,25.876034,26.454544,25.438017,25.595041,25.380821,2258707
2010-10-01,25.785124,25.884298,25.041323,25.280993,25.069401,1622973
2010-10-04,25.132231,25.876034,25.000000,25.239670,25.028423,1574331
2010-10-05,25.495869,26.123966,25.371901,26.041323,25.823366,1613535
2010-10-06,26.033058,26.462811,25.876034,26.206612,25.987272,2334453
2010-10-07,26.355371,26.685949,26.181818,26.388430,26.167568,1669679
2010-10-08,26.388430,26.892563,26.280993,26.743801,26.519966,1412917
2010-10-11,26.727274,27.074381,26.603306,26.950413,26.724848,1011560
2010-10-12,26.801653,26.966942,26.396694,26.876034,26.651091,1309099
2010-10-13,26.933884,27.016529,26.413223,26.768595,26.544552,1292764
2010-10-14,26.760330,26.958677,25.975206,26.297522,26.077421,1002727
2010-10-15,26.619835,26.743801,25.991735,26.338842,26.118397,948035
2010-10-18,26.297522,26.644629,26.297522,26.603306,26.380646,765930
2010-10-19,26.214876,26.338842,25.173553,25.272726,25.061203,1908170
2010-10-20,25.438017,25.966942,25.000000,25.330580,25.118572,2378134
2010-10-21,25.512398,25.793388,25.000000,25.305784,25.093985,1787654
2010-10-22,25.438017,25.842976,25.338842,25.446281,25.233305,1212057
2010-10-25,25.694216,25.933884,25.115702,25.223141,25.012032,1259610
2010-10-26,25.115702,25.752066,24.884298,25.438017,25.225111,2095115
2010-10-27,25.181818,25.512398,24.809917,25.074381,24.864517,1304501
2010-10-28,25.280993,25.925619,24.033058,24.206612,24.004011,4454615
2010-10-29,24.173553,25.132231,24.115702,24.859505,24.651440,3650933
2010-11-01,25.016529,25.694216,24.462811,24.702478,24.495728,1774344
2010-11-02,24.884298,25.363636,24.595041,25.305784,25.093985,1484065
2010-11-03,25.322313,25.644629,24.661158,25.115702,24.905493,1493140
2010-11-04,25.438017,26.049587,25.330580,26.016529,25.798780,1912526
2010-11-05,26.057852,26.743801,26.016529,26.652893,26.429819,1750023
2010-11-08,26.900826,27.190083,26.611570,26.900826,26.675676,1325797
2010-11-09,27.057852,27.057852,26.413223,26.545456,26.323280,1601314
2010-11-10,26.545456,27.570248,26.462811,27.520660,27.290323,1666775
2010-11-11,27.223141,27.586777,26.958677,27.578512,27.347691,1537668
2010-11-12,27.371901,27.818182,26.768595,27.181818,26.954317,1294458
2010-11-15,27.280993,27.438017,27.049587,27.165289,26.937925,1204313
2010-11-16,26.975206,27.140495,26.297522,26.446281,26.224936,1885180
2010-11-17,26.454544,26.818182,26.190083,26.231405,26.011858,1331121
2010-11-18,26.595041,26.942148,26.305784,26.785124,26.560942,1145023
2010-11-19,26.710745,26.991735,26.586777,26.958677,26.733044,832722
2010-11-22,26.859505,27.041323,26.495869,26.917355,26.692066,1220527
2010-11-23,26.603306,26.859505,26.314051,26.611570,26.388842,1098922
2010-11-24,26.793388,27.173553,26.512398,26.966942,26.741240,686312
2010-11-26,26.735537,26.942148,26.578512,26.628099,26.405231,354409
2010-11-29,26.504131,26.867769,26.198347,26.776859,26.552748,645051
2010-11-30,26.553719,26.652893,26.214876,26.330580,26.110203,967637
2010-12-01,26.735537,26.842976,26.165289,26.280993,26.061031,1132197
2010-12-02,26.305784,26.520660,26.148760,26.471073,26.249519,1240129
2010-12-03,26.322313,26.636364,26.066116,26.578512,26.356060,1333662
2010-12-06,26.471073,26.685949,26.338842,26.363636,26.142982,1107997
2010-12-07,26.603306,26.809917,26.355371,26.388430,26.167568,906532
2010-12-08,26.388430,26.504131,26.132231,26.239670,26.020054,1368026
2010-12-09,26.388430,26.471073,26.066116,26.148760,25.929905,1470634
2010-12-10,24.876034,31.314051,24.719007,29.661158,29.412905,23103740
2010-12-13,29.735537,29.735537,27.619835,28.603306,28.363907,6521174
2010-12-14,28.595041,29.429752,28.595041,29.082645,28.839235,2341471
2010-12-15,29.024794,30.024794,28.917355,29.909092,29.658764,2495988
2010-12-16,29.876034,31.388430,29.752066,31.355371,31.092939,3030445
2010-12-17,31.347107,31.404959,30.305784,30.322313,30.068527,4651119
2010-12-20,30.570248,30.603306,29.768595,30.132231,29.880035,1732115
2010-12-21,30.214876,30.966942,30.157024,30.520660,30.265213,1135464
2010-12-22,30.231405,30.942148,30.231405,30.685949,30.429119,870958
2010-12-23,30.611570,30.859505,30.446281,30.570248,30.314386,672155
2010-12-27,30.413223,30.413223,29.752066,30.016529,29.765303,605242
2010-12-28,30.066116,30.066116,29.528927,29.719007,29.470270,917301
2010-12-29,29.743801,30.512398,29.719007,30.438017,30.183262,801141
2010-12-30,30.471073,31.338842,30.330580,31.049587,30.789715,954569
2010-12-31,30.950413,31.198347,30.818182,30.884298,30.625809,784564
2011-01-03,31.181818,31.975206,31.024794,31.950413,31.683001,1898490
2011-01-04,31.975206,32.074379,31.099174,31.338842,31.076548,1535853
2011-01-05,31.256199,32.090908,31.157024,32.074379,31.805929,1289860
2011-01-06,32.000000,32.421490,31.950413,32.057850,31.789537,1361613
2011-01-07,32.033058,32.049587,31.049587,31.429752,31.166697,1980044
2011-01-10,31.347107,31.462811,30.330580,30.413223,30.158676,3034559
2011-01-11,30.661158,31.446281,30.000000,30.867769,30.609417,2241404
2011-01-12,31.611570,31.801653,30.842976,31.140495,30.879862,1565014
2011-01-13,31.115702,31.512398,30.909092,31.223141,30.961815,716078
2011-01-14,31.074381,31.363636,30.925619,31.330580,31.068354,520784
2011-01-18,31.305784,31.338842,30.644629,30.975206,30.715956,1276308
2011-01-19,30.900826,30.933884,29.297522,29.735537,29.486662,2120888
2011-01-20,29.752066,30.272726,29.016529,29.636364,29.388319,1694847
2011-01-21,29.983471,29.983471,28.685949,28.776859,28.536007,2453275
2011-01-24,28.876034,29.057852,28.611570,28.876034,28.634352,2140611
2011-01-25,28.652893,29.561983,28.652893,29.123966,28.880209,975381
2011-01-26,29.115702,29.809917,29.008265,29.636364,29.388319,1039390
2011-01-27,29.644629,29.743801,29.132231,29.264463,29.019531,1123485
2011-01-28,29.322313,29.446281,28.735537,28.892563,28.650743,641542
2011-01-31,28.966942,29.239670,28.702478,29.024794,28.781866,1005631
2011-02-01,29.289255,30.024794,29.165289,29.272726,29.027725,1342011
2011-02-02,29.099174,29.942148,28.975206,29.842976,29.593201,1016763
2011-02-03,29.719007,30.553719,29.355371,30.297522,30.043943,1433003
2011-02-04,30.355371,30.578512,30.008265,30.471073,30.216042,633798
2011-02-07,30.413223,30.743801,30.223141,30.272726,30.019354,1640276
2011-02-08,30.347107,31.272726,30.256199,31.214876,30.953619,1176362
2011-02-09,31.165289,31.537189,30.628099,31.355371,31.092939,1762970
2011-02-10,31.132231,31.214876,30.595041,30.876034,30.617613,1742884
2011-02-11,30.710745,30.958677,30.264463,30.512398,30.257021,1376012
2011-02-14,30.553719,31.338842,30.214876,31.099174,30.838886,1409045
2011-02-15,31.082645,31.619835,31.008265,31.380165,31.117525,797148
2011-02-16,31.495869,32.355373,31.446281,32.165291,31.896080,1821050
2011-02-17,32.008263,32.628098,32.008263,32.314049,32.043591,677237
2011-02-18,32.297520,32.297520,31.719007,31.801653,31.535484,2037277
2011-02-22,31.520660,31.793388,30.909092,30.991735,30.732346,829697
2011-02-23,30.966942,31.570248,30.652893,31.371901,31.109329,1375407
2011-02-24,31.347107,31.859505,30.900826,31.280993,31.019182,1336082
2011-02-25,31.561983,34.132233,31.545456,33.016529,32.740192,3925482
2011-02-28,33.338844,34.842976,33.115704,33.776859,33.494160,3784275
2011-03-01,33.173553,33.884296,33.033058,33.181816,32.904099,2362162
2011-03-02,33.206612,33.966942,32.719009,33.669422,33.387623,1515041
2011-03-03,33.991737,34.190083,33.628098,34.173553,33.887535,1104609
2011-03-04,34.074379,34.429752,33.859505,34.082645,33.797386,1128325
2011-03-07,34.289257,34.413223,32.950413,33.446281,33.166348,1751354
2011-03-08,33.595039,34.950413,33.272728,34.793388,34.502182,2365187
2011-03-09,34.669422,35.123966,34.165291,34.173553,33.887535,2463802
2011-03-10,33.809917,33.818184,32.694214,33.082645,32.805756,2486550
2011-03-11,33.024792,33.165291,32.652893,32.735538,32.461555,1553398
2011-03-14,32.561981,32.834709,31.801653,31.983471,31.715782,2243219
2011-03-15,31.123966,32.595039,31.123966,32.231403,31.961639,2454364
2011-03-16,32.123966,33.123966,31.694216,31.727274,31.461729,2289925
2011-03-17,32.297520,32.347107,31.669420,31.867769,31.601048,764962
2011-03-18,32.256199,32.487602,31.677687,31.975206,31.707586,2118226
2011-03-21,32.363636,32.462811,31.338842,31.694216,31.428947,1917850
2011-03-22,31.644629,31.958677,31.363636,31.454544,31.191282,1105698
2011-03-23,31.413223,31.884298,31.413223,31.545456,31.281433,772706
2011-03-24,31.710745,32.305786,31.380165,32.231403,31.961639,1724371
2011-03-25,32.239670,32.933884,32.082645,32.181816,31.912466,1506329
2011-03-28,32.314049,32.528927,32.016529,32.446281,32.174717,1318053
2011-03-29,32.388432,33.181816,32.090908,33.132233,32.854927,1656248
2011-03-30,33.297520,33.677685,33.074379,33.322315,33.043419,2046594
2011-03-31,33.322315,33.347107,32.859505,33.049587,32.772976,1155913
2011-04-01,33.355373,33.537189,33.024792,33.371902,33.092590,2735447
2011-04-04,33.537189,33.917355,33.404961,33.595039,33.313862,1133286
2011-04-05,33.504131,33.661156,33.198345,33.454544,33.174541,974776
2011-04-06,33.578510,33.876034,33.206612,33.727272,33.444988,1360040
2011-04-07,33.677685,33.958679,33.487602,33.595039,33.313862,1164141
2011-04-08,33.727272,33.925621,33.049587,33.305786,33.027031,685828
2011-04-11,30.950413,31.231405,18.454544,21.396694,21.217611,54096559
2011-04-12,23.991735,26.115702,23.140495,26.016529,25.798780,40534032
2011-04-13,27.462811,28.355371,25.495869,27.132231,26.905144,30249516
2011-04-14,26.735537,27.611570,26.454544,26.958677,26.733044,7539147
2011-04-15,27.082645,27.479340,25.942148,26.363636,26.142982,10211190
2011-04-18,22.619835,25.553719,22.603306,25.206612,24.995642,20233741
2011-04-19,25.396694,26.272726,25.247934,25.785124,25.569311,5849503
2011-04-20,26.057852,26.297522,25.280993,25.528927,25.315260,4931234
2011-04-21,25.586777,25.619835,25.256199,25.363636,25.151352,4002317
2011-04-25,24.735537,25.727274,24.710745,25.355371,25.143156,5370948
2011-04-26,24.958677,25.628099,24.892563,25.396694,25.184134,4831893
2011-04-27,25.619835,26.206612,25.280993,25.909092,25.692242,4209469
2011-04-28,26.446281,26.644629,24.958677,25.884298,25.667656,7632438
2011-04-29,25.776859,25.834711,24.975206,25.396694,25.184134,3110910
2011-05-02,25.512398,25.537189,24.950413,24.975206,24.766172,10133145
2011-05-03,24.760330,24.760330,23.752066,23.884298,23.684395,5548092
2011-05-04,23.892563,24.578512,23.818182,24.438017,24.233480,3883011
2011-05-05,24.322313,25.123966,23.884298,24.520660,24.315432,2742465
2011-05-06,24.793388,25.330580,24.462811,25.314051,25.102182,2884640
2011-05-09,25.264463,25.702478,25.000000,25.685949,25.470968,5193562
2011-05-10,25.528927,26.074381,25.446281,25.537189,25.323452,2907388
2011-05-11,25.512398,25.669420,24.537189,24.561983,24.356409,3341778
2011-05-12,24.561983,24.801653,24.380165,24.553719,24.348213,2420000
2011-05-13,24.438017,24.504131,23.520660,23.801653,23.602442,3062389
2011-05-16,23.743801,24.421488,23.603306,23.768595,23.569660,1664718
2011-05-17,23.537189,24.190083,23.214876,23.239670,23.045162,2303477
2011-05-18,23.289255,23.644629,23.181818,23.628099,23.430342,1569733
2011-05-19,23.280993,23.760330,22.743801,23.694216,23.495905,2844468
2011-05-20,23.561983,23.595041,23.140495,23.330580,23.135311,1779789
2011-05-23,22.958677,23.495869,22.520660,23.314051,23.118921,2782395
2011-05-24,23.495869,23.677687,23.223141,23.347107,23.151701,2094631
2011-05-25,23.289255,23.785124,23.132231,23.504131,23.307411,1632774
2011-05-26,23.371901,23.685949,23.347107,23.669420,23.471315,1972300
2011-05-27,23.710745,23.958677,23.578512,23.677687,23.479513,1673551
2011-05-31,23.958677,23.958677,23.528927,23.669420,23.471315,1188704
2011-06-01,23.661158,23.834711,22.975206,23.057852,22.864866,1515162
2011-06-02,23.190083,23.272726,22.909092,23.057852,22.864866,1471481
2011-06-03,22.752066,22.842976,22.024794,22.057852,21.873236,2462471
2011-06-06,22.057852,22.057852,20.256199,21.016529,20.840630,5211228
2011-06-07,21.214876,21.570248,20.975206,21.305784,21.127462,1646810
2011-06-08,21.239670,21.446281,21.057852,21.074381,20.897997,1448733
2011-06-09,21.107437,21.925619,20.933884,21.504131,21.324150,1453815
2011-06-10,21.305784,21.454544,20.909092,21.280993,21.102879,2205467
2011-06-13,21.280993,21.520660,21.099174,21.289255,21.111073,2116411
2011-06-14,21.479340,21.933884,21.239670,21.644629,21.463470,1869208
2011-06-15,21.371901,21.719007,21.000000,21.033058,20.857019,1628055
2011-06-16,21.016529,21.404959,20.471073,20.652893,20.480036,2030864
2011-06-17,20.818182,20.876034,20.446281,20.661158,20.488232,2830069
2011-06-20,20.669420,20.917355,20.421488,20.702478,20.529207,2460656
2011-06-21,20.892563,21.892563,20.818182,21.743801,21.561813,2650021
2011-06-22,21.677687,21.719007,20.983471,21.016529,20.840630,2202563
2011-06-23,20.661158,20.752066,19.917355,20.685949,20.512815,3519164
2011-06-24,20.743801,20.801653,19.966942,20.057852,19.889975,4462117
2011-06-27,20.107437,20.338842,19.644629,20.231405,20.062077,3014473
2011-06-28,20.355371,21.049587,20.247934,20.909092,20.734091,1977140
2011-06-29,20.909092,20.950413,20.528927,20.578512,20.406279,1854083
2011-06-30,20.727274,21.586777,20.727274,21.223141,21.045511,2936670
2011-07-01,21.123966,21.727274,20.603306,21.652893,21.471666,1364154
2011-07-05,21.611570,21.801653,21.132231,21.264463,21.086489,1035760
2011-07-06,21.223141,21.636364,20.661158,21.595041,21.414299,1756315
2011-07-07,21.983471,22.644629,21.818182,22.008265,21.824064,1985126
2011-07-08,21.685949,21.826447,21.454544,21.801653,21.619181,1267112
2011-07-11,21.528927,21.595041,20.909092,21.264463,21.086489,1538878
2011-07-12,21.132231,21.636364,21.107437,21.165289,20.988144,2000735
2011-07-13,21.347107,21.793388,21.140495,21.173553,20.996338,1134496
2011-07-14,21.322313,21.628099,20.669420,20.834711,20.660332,1498706
2011-07-15,20.925619,21.090908,20.702478,21.066116,20.889801,1114289
2011-07-18,20.917355,21.008265,20.173553,20.719007,20.545597,2812645
2011-07-19,20.884298,22.066116,20.867769,21.876034,21.692940,3281036
2011-07-20,21.892563,21.892563,21.355371,21.578512,21.397907,2654014
2011-07-21,21.760330,22.462811,21.743801,22.173553,21.987968,3007334
2011-07-22,22.231405,22.454544,21.876034,22.314051,22.127291,1843072
2011-07-25,21.132231,21.628099,20.892563,21.247934,21.070097,4138563
2011-07-26,21.264463,21.537189,21.181818,21.396694,21.217611,1876710
2011-07-27,21.289255,21.421488,20.305784,20.421488,20.250568,2417459
2011-07-28,20.404959,21.223141,20.289255,20.553719,20.381691,3141765
2011-07-29,21.834711,22.834711,21.049587,21.355371,21.176636,7008804
2011-08-01,21.578512,21.809917,19.090908,20.132231,19.963732,7069062
2011-08-02,20.867769,21.371901,19.669420,19.669420,19.504795,4304454
2011-08-03,19.735537,20.123966,19.214876,19.892563,19.726070,4249278
2011-08-04,19.512398,19.545456,18.380165,18.404959,18.250916,5230467
2011-08-05,18.760330,18.851240,17.148760,17.884298,17.734613,4274809
2011-08-08,17.297522,17.991735,14.958678,14.991736,14.866261,5027671
2011-08-09,15.719008,16.809917,14.545455,15.768595,15.636618,5490375
2011-08-10,15.371901,16.123966,15.107438,15.487603,15.357978,5905889
2011-08-11,15.611570,16.884298,15.611570,16.611570,16.472538,3221383
2011-08-12,16.702478,16.983471,16.148760,16.537189,16.398779,1819719
2011-08-15,16.669420,17.487602,16.669420,17.471073,17.324846,2171950
2011-08-16,17.264463,17.561983,17.074381,17.413223,17.267481,1422355
2011-08-17,17.512398,17.826447,17.330580,17.528927,17.382215,1519518
2011-08-18,16.801653,16.867769,15.876033,16.140495,16.005405,2884882
2011-08-19,15.892562,16.661158,15.809917,16.132231,15.997211,2409352
2011-08-22,16.570248,16.801653,15.280992,15.330579,15.202268,1737923
2011-08-23,15.462810,16.049587,15.272727,15.983471,15.849695,1357499
2011-08-24,16.008265,16.206612,15.743802,16.066116,15.931649,1397187
2011-08-25,16.181818,16.314051,15.495868,15.611570,15.480907,2704229
2011-08-26,15.446281,16.066116,15.132231,16.024794,15.890672,2344375
2011-08-29,16.314051,17.107437,16.314051,17.066116,16.923279,2414434
2011-08-30,16.958677,17.619835,16.884298,17.528927,17.382215,2412740
2011-08-31,17.685949,17.727274,16.644629,16.826447,16.685616,2426171
2011-09-01,16.892563,17.132231,16.173553,16.272726,16.136530,1776643
2011-09-02,15.842975,15.917355,15.132231,15.239669,15.112119,1620069
2011-09-06,14.702479,15.140496,14.545455,14.942149,14.817089,2506394
2011-09-07,15.181818,15.842975,15.173554,15.776860,15.644814,1997226
2011-09-08,15.644628,15.776860,14.991736,15.140496,15.013776,1622247
2011-09-09,14.925620,15.239669,14.504132,14.595041,14.472886,2441175
2011-09-12,14.305785,14.809917,14.057851,14.793388,14.669573,2367002
2011-09-13,14.818182,15.008264,14.545455,14.917355,14.792501,1746393
2011-09-14,15.041322,15.066116,14.628099,14.834711,14.710550,2003760
2011-09-15,15.033058,15.512397,14.966942,15.462810,15.333391,1398881
2011-09-16,15.578512,15.619835,15.206612,15.537190,15.407150,1591271
2011-09-19,15.173554,15.239669,14.727273,15.033058,14.907237,1665081
2011-09-20,15.074380,15.330579,14.801653,14.826446,14.702353,1835933
2011-09-21,14.892562,15.082645,14.115702,14.115702,13.997559,1775554
2011-09-22,13.578512,13.834711,13.148760,13.438017,13.325545,1434697
2011-09-23,13.371901,13.975207,13.314050,13.884298,13.768092,1288892
2011-09-26,14.082645,14.140496,13.520661,14.066116,13.948388,958925
2011-09-27,14.413223,14.826446,14.099174,14.247934,14.128684,874951
2011-09-28,14.338843,14.371901,13.438017,13.446281,13.333741,1270984
2011-09-29,13.743802,14.322314,13.570248,14.214876,14.095903,2643608
2011-09-30,13.933884,14.165289,13.727273,13.752066,13.636966,2132262
2011-10-03,13.619835,13.677686,12.636364,12.636364,12.530602,2450613
2011-10-04,12.479339,13.107438,12.247934,12.975207,12.866610,2181872
2011-10-05,12.661157,13.107438,12.074380,13.008264,12.899389,4481840
2011-10-06,13.000000,13.793388,12.834711,13.586777,13.473061,2482315
2011-10-07,13.685950,13.942149,13.404959,13.628099,13.514037,2108304
2011-10-10,14.008264,14.520661,13.884298,14.446281,14.325372,1706947
2011-10-11,14.239669,14.785124,14.214876,14.652893,14.530253,1550615
2011-10-12,14.801653,15.363636,14.785124,14.909091,14.784307,2249874
2011-10-13,14.842975,15.462810,14.280992,15.305785,15.177682,2175822
2011-10-14,15.570248,16.438017,15.545455,16.388430,16.251265,2940905
2011-10-17,16.239670,16.280993,15.504132,15.553719,15.423540,3256715
2011-10-18,15.719008,15.966942,15.363636,15.578512,15.448126,2599806
2011-10-19,15.603306,15.661157,14.892562,14.958678,14.833480,1860496
2011-10-20,15.041322,15.066116,14.190083,14.859504,14.735135,2512081
2011-10-21,15.099174,15.537190,15.008264,15.421488,15.292416,1792978
2011-10-24,15.553719,16.487602,15.553719,16.347107,16.210287,1484549
2011-10-25,16.322313,16.826447,15.661157,16.545456,16.406977,2758800
2011-10-26,16.785124,16.925619,16.239670,16.760330,16.620052,1916035
2011-10-27,14.884298,15.289256,14.099174,14.842975,14.718744,10526395
2011-10-28,14.479339,15.256198,14.355372,14.801653,14.677769,3358839
2011-10-31,14.669421,15.008264,14.355372,14.446281,14.325372,2369785
2011-11-01,14.115702,15.115702,14.090909,14.917355,14.792501,4083750
2011-11-02,15.256198,16.157024,14.942149,16.123966,15.989015,3777983
2011-11-03,15.710744,16.280993,15.570248,15.991736,15.857892,3328952
2011-11-04,15.867769,16.123966,15.512397,15.842975,15.710375,1842709
2011-11-07,16.090908,16.454544,15.553719,16.355371,16.218483,2921061
2011-11-08,16.545456,17.206612,16.380165,17.041323,16.898693,3417161
2011-11-09,16.619835,16.768595,16.231405,16.487602,16.349607,2447104
2011-11-10,16.760330,16.867769,16.214876,16.801653,16.661030,2784089
2011-11-11,17.016529,17.743801,17.016529,17.677687,17.529732,2241525
2011-11-14,17.826447,18.115702,17.314051,17.380165,17.234699,2891537
2011-11-15,17.355371,17.669420,16.925619,17.413223,17.267481,1830004
2011-11-16,17.214876,17.214876,16.462811,16.504131,16.365997,1711545
2011-11-17,16.429752,16.462811,15.859504,16.049587,15.915258,2566773
2011-11-18,16.223141,16.636364,15.942149,15.991736,15.857892,1839442
2011-11-21,15.752066,15.958678,15.371901,15.553719,15.423540,1865094
2011-11-22,15.471074,15.561983,14.809917,14.909091,14.784307,2199659
2011-11-23,14.719008,14.760331,14.057851,14.421488,14.300785,2432100
2011-11-25,14.396694,14.586777,14.289256,14.388430,14.268003,700348
2011-11-28,14.892562,15.314050,14.685950,15.214876,15.087533,2261248
2011-11-29,15.214876,15.512397,15.016529,15.280992,15.153095,2041391
2011-11-30,15.842975,16.446281,15.702479,16.421488,16.284046,2420484
2011-12-01,16.363636,16.768595,16.181818,16.388430,16.251265,1401906
2011-12-02,16.462811,16.677687,15.330579,15.512397,15.382564,2358774
2011-12-05,15.892562,16.404959,15.685950,15.801653,15.669399,2613600
2011-12-06,15.809917,15.909091,15.123967,15.504132,15.374369,1531497
2011-12-07,15.322314,15.661157,15.181818,15.603306,15.472712,1556060
2011-12-08,15.495868,15.561983,14.462810,14.561983,14.440104,2938727
2011-12-09,14.702479,15.041322,14.537190,14.553719,14.431910,2019490
2011-12-12,14.380165,14.528926,14.074380,14.404959,14.284394,1748087
2011-12-13,14.578512,14.719008,13.842975,14.024793,13.907411,1479588
2011-12-14,13.842975,14.074380,13.669421,13.768595,13.653357,1523995
2011-12-15,13.933884,13.966942,13.305785,13.743802,13.628772,2741860
2011-12-16,13.801653,14.272727,13.752066,13.834711,13.718920,3374811
2011-12-19,13.917355,14.008264,13.198347,13.280992,13.169835,2246486
2011-12-20,13.570248,13.942149,13.537190,13.586777,13.473061,1682384
2011-12-21,13.545455,13.768595,13.314050,13.727273,13.612381,1908533
2011-12-22,13.809917,14.322314,13.727273,14.090909,13.972974,1326644
2011-12-23,14.198347,14.264463,14.049587,14.231405,14.112294,672518
2011-12-27,14.214876,14.338843,14.074380,14.214876,14.095903,903628
2011-12-28,14.214876,14.314050,13.793388,13.834711,13.718920,861641
2011-12-29,13.917355,14.140496,13.867769,14.049587,13.931997,665258
2011-12-30,14.049587,14.462810,14.033058,14.421488,14.300785,1132560
2012-01-03,14.553719,14.776860,14.082645,14.231405,14.112294,1876831
2012-01-04,14.223140,14.330579,13.892562,14.173554,14.054927,1414853
2012-01-05,14.016529,14.578512,13.900826,14.421488,14.300785,1698356
2012-01-06,14.438017,15.371901,14.214876,15.132231,15.005580,2503006
2012-01-09,15.132231,15.214876,14.702479,14.933884,14.808892,1610994
2012-01-10,15.082645,15.123967,14.297521,14.438017,14.317176,2721532
2012-01-11,14.272727,14.842975,14.090909,14.793388,14.669573,2380433
2012-01-12,14.809917,14.925620,14.181818,14.247934,14.128684,1573968
2012-01-13,14.090909,14.206612,13.727273,13.801653,13.686138,1725460
2012-01-17,14.016529,14.123967,13.760331,13.793388,13.677943,1506692
2012-01-18,13.785124,14.107438,13.528926,14.074380,13.956583,2080716
2012-01-19,14.033058,14.446281,13.859504,13.867769,13.751701,3076909
2012-01-20,13.867769,14.479339,13.867769,14.280992,14.161465,2994992
2012-01-23,14.314050,14.636364,14.190083,14.520661,14.399129,2951069
2012-01-24,14.454545,15.305785,14.347107,15.190083,15.062947,3175645
2012-01-25,15.206612,16.033058,15.033058,15.892562,15.759547,3609914
2012-01-26,15.950413,16.041323,15.239669,15.396694,15.267830,2927958
2012-01-27,15.347107,16.024794,15.280992,15.884298,15.751352,1956328
2012-01-30,15.735537,15.801653,15.495868,15.603306,15.472712,1429494
2012-01-31,15.743802,15.991736,15.355372,15.454545,15.325196,1576751
2012-02-01,15.561983,16.000000,15.504132,15.603306,15.472712,1970969
2012-02-02,15.611570,15.743802,15.371901,15.677686,15.546470,1412312
2012-02-03,15.966942,16.578512,15.958678,16.537189,16.398779,2670954
2012-02-06,16.925619,17.264463,16.123966,16.338842,16.202093,2837329
2012-02-07,16.280993,16.504131,16.008265,16.438017,16.300436,1904056
2012-02-08,16.479340,16.586777,16.214876,16.462811,16.325024,2105279
2012-02-09,16.479340,16.669420,16.272726,16.404959,16.267656,2407537
2012-02-10,16.198347,16.727274,16.115702,16.553719,16.415171,2795584
2012-02-13,16.735537,16.884298,16.454544,16.644629,16.505320,1971211
2012-02-14,16.661158,17.057852,16.561983,17.033058,16.890497,2654256
2012-02-15,17.157024,17.206612,16.942148,17.157024,17.013426,3315521
2012-02-16,17.107437,17.429752,17.016529,17.413223,17.267481,2751903
2012-02-17,17.454544,17.479340,16.975206,17.132231,16.988840,2202805
2012-02-21,17.272726,17.619835,16.966942,17.074381,16.931475,3414499
2012-02-22,19.066116,19.942148,17.867769,19.710745,19.545773,9983831
2012-02-23,19.925619,20.743801,19.892563,20.404959,20.234177,4378385
2012-02-24,20.462811,21.157024,20.264463,20.752066,20.578379,3046417
2012-02-27,20.694216,21.231405,20.471073,21.066116,20.889801,2852817
2012-02-28,20.355371,21.107437,20.123966,21.074381,20.897997,4398229
2012-02-29,21.132231,21.272726,20.735537,20.859505,20.684919,3604590
2012-03-01,20.859505,21.057852,20.520660,20.586777,20.414473,1872475
2012-03-02,20.578512,20.710745,19.867769,19.983471,19.816217,3265427
2012-03-05,19.983471,20.297522,19.545456,19.884298,19.717875,2317876
2012-03-06,19.743801,19.942148,19.140495,19.256199,19.095032,2000251
2012-03-07,19.355371,20.024794,19.330580,19.760330,19.594944,2796310
2012-03-08,19.884298,19.975206,19.289255,19.404959,19.242546,2582382
2012-03-09,19.404959,20.165289,19.404959,19.735537,19.570358,1968912
2012-03-12,19.661158,19.661158,19.033058,19.247934,19.086836,1841499
2012-03-13,19.404959,19.603306,19.173553,19.570248,19.406452,2149928
2012-03-14,19.512398,19.834711,19.330580,19.561983,19.398256,1358346
2012-03-15,19.561983,19.991735,19.438017,19.900826,19.734262,2160334
2012-03-16,19.842976,20.280993,19.537189,20.206612,20.037489,3121921
2012-03-19,20.140495,20.272726,19.801653,19.983471,19.816217,1577598
2012-03-20,19.826447,19.991735,19.008265,19.173553,19.013079,1837627
2012-03-21,19.297522,19.297522,18.479340,19.041323,18.881954,2953005
2012-03-22,18.842976,19.082645,18.471073,18.586777,18.431211,1554487
2012-03-23,18.578512,18.652893,18.280993,18.578512,18.423018,1998073
2012-03-26,18.785124,19.157024,18.785124,18.884298,18.726244,1812338
2012-03-27,18.884298,19.041323,18.487602,18.661158,18.504971,1907323
2012-03-28,18.677687,18.776859,18.148760,18.314051,18.160769,1950762
2012-03-29,18.157024,18.619835,17.685949,18.413223,18.259111,3009391
2012-03-30,18.545456,18.578512,17.958677,18.380165,18.226330,1805683
2012-04-02,18.363636,19.305784,18.256199,19.140495,18.980297,2987853
2012-04-03,19.140495,19.760330,18.983471,19.165289,19.004883,2256529
2012-04-04,18.933884,19.140495,18.628099,19.024794,18.865562,2241646
2012-04-05,19.000000,19.057852,18.537189,18.595041,18.439407,1240734
2012-04-09,18.256199,18.256199,17.884298,18.074381,17.923105,2036914
2012-04-10,18.066116,18.165289,17.429752,17.528927,17.382215,1677423
2012-04-11,17.768595,18.008265,17.570248,17.669420,17.521534,1257553
2012-04-12,17.785124,18.685949,17.735537,18.504131,18.349258,1859891
2012-04-13,18.504131,18.504131,17.842976,18.033058,17.882128,1325555
2012-04-16,18.148760,18.487602,17.933884,18.140495,17.988667,1711787
2012-04-17,18.256199,19.413223,18.247934,19.057852,18.898344,1799512
2012-04-18,18.925619,19.900826,18.917355,19.859505,19.693289,4492125
2012-04-19,19.826447,20.371901,19.404959,19.694216,19.529383,3379167
2012-04-20,19.826447,19.975206,19.223141,19.314051,19.152399,1771682
2012-04-23,19.057852,19.165289,18.619835,18.966942,18.808195,1537063
2012-04-24,18.991735,19.355371,18.719007,19.231405,19.070446,1075569
2012-04-25,19.561983,19.867769,19.289255,19.322313,19.160593,988933
2012-04-26,19.223141,20.016529,19.173553,19.818182,19.652311,2509903
2012-04-27,20.752066,20.752066,19.669420,20.322313,20.152224,4987015
2012-04-30,20.305784,20.421488,19.983471,20.115702,19.947340,2788203
2012-05-01,20.628099,21.487602,20.454544,20.892563,20.717699,3482501
2012-05-02,20.694216,20.867769,20.239670,20.438017,20.266958,2857899
2012-05-03,20.487602,20.504131,19.917355,20.049587,19.881781,1860859
2012-05-04,19.834711,19.917355,19.421488,19.876034,19.709679,1701260
2012-05-07,19.760330,19.950413,19.454544,19.537189,19.373671,1235168
2012-05-08,19.347107,19.570248,18.867769,19.537189,19.373671,2607671
2012-05-09,19.256199,19.520660,18.900826,19.371901,19.209764,1232022
2012-05-10,19.595041,19.867769,19.264463,19.380165,19.217960,1503788
2012-05-11,19.247934,19.528927,18.966942,18.966942,18.808195,1114410
2012-05-14,18.809917,19.057852,18.669420,18.685949,18.529554,1454904
2012-05-15,18.669420,18.768595,18.033058,18.107437,17.955885,2010415
2012-05-16,18.214876,18.305784,17.867769,17.925619,17.775589,1420177
2012-05-17,17.975206,18.090908,17.586777,17.776859,17.628073,1400454
2012-05-18,17.818182,17.884298,17.214876,17.338842,17.193724,1475232
2012-05-21,17.363636,17.619835,17.115702,17.479340,17.333044,1636404
2012-05-22,17.545456,18.256199,17.537189,17.876034,17.726418,1611115
2012-05-23,17.677687,18.041323,17.561983,17.975206,17.824760,1164020
2012-05-24,18.082645,18.793388,17.950413,18.495869,18.341064,1297725
2012-05-25,18.471073,18.900826,18.322313,18.727274,18.570534,1152767
2012-05-29,18.925619,19.123966,18.768595,19.041323,18.881954,744029
2012-05-30,18.809917,18.809917,18.322313,18.495869,18.341064,766414
2012-05-31,18.520660,18.520660,17.851240,18.190083,18.037838,1019425
2012-06-01,17.991735,18.057852,17.636364,17.677687,17.529732,1109691
2012-06-04,17.694216,17.735537,17.123966,17.355371,17.210114,1057903
2012-06-05,17.223141,17.809917,17.223141,17.719007,17.570705,1088395
2012-06-06,17.958677,18.363636,17.892563,18.314051,18.160769,1095171
2012-06-07,18.570248,18.685949,17.809917,17.867769,17.718224,1664839
2012-06-08,17.834711,18.578512,17.710745,18.338842,18.185352,1779426
2012-06-11,18.958677,19.628099,18.892563,19.272726,19.111420,3086347
2012-06-12,19.479340,19.495869,18.735537,18.884298,18.726244,1648988
2012-06-13,18.842976,19.181818,18.553719,18.644629,18.488581,1840410
2012-06-14,18.685949,19.611570,18.644629,19.347107,19.185179,1713360
2012-06-15,19.487602,19.917355,19.330580,19.859505,19.693289,1812580
2012-06-18,19.776859,20.057852,19.553719,19.991735,19.824411,1222463
2012-06-19,20.082645,20.388430,19.958677,20.157024,19.988317,1593691
2012-06-20,20.355371,20.942148,20.214876,20.537189,20.365301,1992023
2012-06-21,20.504131,20.644629,19.942148,20.000000,19.832607,1734172
2012-06-22,20.198347,20.760330,20.041323,20.752066,20.578379,2220229
2012-06-25,20.429752,20.685949,20.074381,20.314051,20.144030,2029291
2012-06-26,20.314051,20.727274,20.008265,20.685949,20.512815,1715296
2012-06-27,20.702478,21.206612,20.685949,21.066116,20.889801,2113870
2012-06-28,20.917355,23.793388,20.917355,22.760330,22.569836,10316581
2012-06-29,23.049587,23.471073,22.933884,23.165289,22.971405,4171233
2012-07-02,23.338842,23.338842,22.669420,23.107437,22.914036,1953908
2012-07-03,23.132231,23.140495,22.512398,22.677687,22.487883,1884212
2012-07-05,22.438017,22.760330,22.123966,22.570248,22.381344,2932798
2012-07-06,22.305784,22.743801,22.214876,22.462811,22.274805,1998073
2012-07-09,22.611570,22.909092,22.471073,22.743801,22.553444,2366155
2012-07-10,22.826447,22.991735,22.495869,22.586777,22.397734,1576872
2012-07-11,22.619835,22.933884,22.528927,22.859505,22.668179,1400091
2012-07-12,22.578512,22.900826,22.090908,22.809917,22.619007,1607848
2012-07-13,22.818182,23.024794,22.801653,22.942148,22.750132,1913736
2012-07-16,22.867769,23.000000,22.528927,22.892563,22.700960,1291796
2012-07-17,22.983471,23.008265,22.438017,22.909092,22.717352,1204918
2012-07-18,22.735537,23.132231,22.495869,22.867769,22.676374,2323079
2012-07-19,22.975206,23.066116,22.380165,22.404959,22.217438,1734414
2012-07-20,22.239670,22.628099,22.190083,22.380165,22.192852,1050522
2012-07-23,22.008265,22.008265,21.462811,21.710745,21.529034,1704890
2012-07-24,21.727274,21.727274,20.851240,20.909092,20.734091,2062203
2012-07-25,20.966942,21.132231,20.561983,20.950413,20.775066,1989482
2012-07-26,21.388430,21.487602,18.603306,20.000000,19.832607,8498072
2012-07-27,20.289255,20.652893,19.958677,20.628099,20.455450,1349392
2012-07-30,20.487602,20.586777,20.157024,20.305784,20.135832,1661814
2012-07-31,20.297522,20.561983,20.173553,20.338842,20.168613,1450669
2012-08-01,20.454544,20.636364,20.181818,20.231405,20.062077,1296031
2012-08-02,20.033058,20.041323,19.256199,19.611570,19.447430,1579776
2012-08-03,19.942148,20.033058,19.727274,19.809917,19.644115,812999
2012-08-06,19.834711,19.892563,18.950413,19.694216,19.529383,2128390
2012-08-07,19.818182,20.487602,19.793388,20.157024,19.988317,2262337
2012-08-08,20.016529,20.363636,19.652893,20.148760,19.980122,1766842
2012-08-09,20.074381,20.892563,20.057852,20.677687,20.504622,1088032
2012-08-10,20.570248,20.578512,19.876034,20.289255,20.119442,1221132
2012-08-13,20.214876,20.462811,20.099174,20.272726,20.103050,1672462
2012-08-14,20.380165,20.545456,20.181818,20.347107,20.176809,1137158
2012-08-15,20.330580,20.454544,20.140495,20.421488,20.250568,750563
2012-08-16,20.429752,21.016529,20.272726,20.859505,20.684919,742819
2012-08-17,20.834711,21.363636,20.826447,21.280993,21.102879,1120218
2012-08-20,21.206612,21.454544,21.049587,21.371901,21.193026,2132988
2012-08-21,21.396694,21.909092,21.396694,21.504131,21.324150,1604218
2012-08-22,21.479340,21.636364,21.173553,21.413223,21.234003,594594
2012-08-23,21.330580,21.553719,21.206612,21.487602,21.307758,1082103
2012-08-24,21.380165,21.776859,21.322313,21.735537,21.553617,886688
2012-08-27,21.785124,22.363636,21.545456,22.264463,22.078117,1763938
2012-08-28,22.198347,22.595041,22.132231,22.438017,22.250219,1930434
2012-08-29,22.413223,22.636364,22.157024,22.446281,22.258415,616132
2012-08-30,22.338842,22.479340,22.173553,22.355371,22.168266,720918
2012-08-31,22.512398,22.586777,22.148760,22.347107,22.160070,672760
2012-09-04,22.396694,22.702478,22.280993,22.677687,22.487883,1095897
2012-09-05,22.669420,22.752066,22.471073,22.512398,22.323977,1305106
2012-09-06,22.561983,23.644629,22.561983,23.280993,23.086140,1731873
2012-09-07,23.223141,23.223141,22.884298,22.884298,22.692766,1559448
2012-09-10,22.909092,22.925619,22.520660,22.578512,22.389538,1076174
2012-09-11,22.611570,22.735537,22.479340,22.537189,22.348562,677358
2012-09-12,22.545456,22.892563,22.363636,22.677687,22.487883,1646205
2012-09-13,22.636364,22.958677,22.380165,22.760330,22.569836,1080772
2012-09-14,22.809917,23.867769,22.801653,23.578512,23.381168,1988635
2012-09-17,23.462811,23.776859,23.322313,23.619835,23.422146,944405
2012-09-18,23.619835,24.454544,23.479340,24.115702,23.913862,1533191
2012-09-19,24.099174,24.380165,23.859505,24.272726,24.069572,918511
2012-09-20,24.066116,24.165289,23.669420,23.900826,23.700785,1074480
2012-09-21,24.066116,24.173553,23.661158,23.710745,23.512295,1283326
2012-09-24,23.586777,24.033058,23.578512,23.793388,23.594246,903386
2012-09-25,23.884298,24.024794,23.504131,23.512398,23.315607,954327
2012-09-26,23.876034,23.876034,23.272726,23.578512,23.381168,930127
2012-09-27,23.694216,23.983471,23.545456,23.859505,23.659809,920810
2012-09-28,23.818182,24.247934,23.595041,24.082645,23.881083,765688
2012-10-01,24.280993,24.677687,24.041323,24.595041,24.389191,1441836
2012-10-02,24.636364,24.793388,24.206612,24.619835,24.413776,1383877
2012-10-03,24.611570,24.785124,24.404959,24.586777,24.380995,1153493
2012-10-04,24.429752,24.520660,22.975206,24.057852,23.856497,2128027
2012-10-05,24.247934,24.297522,23.685949,23.933884,23.733566,1454057
2012-10-08,23.933884,24.008265,23.413223,23.826447,23.627028,1648746
2012-10-09,23.760330,23.793388,22.983471,23.041323,22.848476,1606638
2012-10-10,23.041323,23.314051,22.834711,23.082645,22.889452,2079627
2012-10-11,23.223141,23.586777,23.082645,23.264463,23.069748,1030073
2012-10-12,23.223141,23.388430,22.950413,23.148760,22.955013,1080046
2012-10-15,23.148760,23.727274,23.140495,23.603306,23.405754,845548
2012-10-16,23.677687,23.743801,22.942148,23.454544,23.258238,1299298
2012-10-17,23.487602,23.826447,23.165289,23.214876,23.020576,765446
2012-10-18,23.140495,23.247934,22.760330,22.851240,22.659985,1242428
2012-10-19,22.760330,22.826447,22.314051,22.404959,22.217438,998492
2012-10-22,22.380165,22.719007,22.231405,22.652893,22.463297,649044
2012-10-23,22.413223,22.462811,22.049587,22.330580,22.143681,1066010
2012-10-24,22.413223,22.595041,22.280993,22.371901,22.184656,1164625
2012-10-25,22.528927,22.842976,22.421488,22.842976,22.651789,883542
2012-10-26,22.702478,22.702478,21.760330,22.140495,21.955187,1589214
2012-10-31,22.297522,22.776859,21.785124,22.661158,22.471493,1404205
2012-11-01,22.710745,24.834711,22.322313,24.586777,24.380995,3105586
2012-11-02,24.586777,24.652893,23.983471,24.388430,24.184307,2482557
2012-11-05,24.280993,24.586777,24.223141,24.537189,24.331823,2407416
2012-11-06,24.578512,24.578512,23.000000,23.702478,23.504097,3363558
2012-11-07,24.818182,27.024794,24.719007,25.115702,24.905493,7618281
2012-11-08,25.173553,25.272726,23.504131,23.561983,23.364779,2798125
2012-11-09,23.520660,24.049587,22.884298,23.553719,23.356583,2661758
2012-11-12,23.561983,23.975206,23.520660,23.677687,23.479513,901934
2012-11-13,23.495869,24.115702,23.272726,23.966942,23.766348,3726679
2012-11-14,23.966942,24.123966,22.851240,23.000000,22.807499,3495932
2012-11-15,22.983471,23.363636,22.735537,23.173553,22.979599,1938662
2012-11-16,23.247934,23.710745,23.107437,23.619835,23.422146,1731994
2012-11-19,23.925619,24.380165,23.859505,24.355371,24.151525,1349029
2012-11-20,24.297522,24.363636,23.975206,24.247934,24.044989,984698
2012-11-21,24.338842,24.760330,24.206612,24.628099,24.421972,951181
2012-11-23,24.743801,24.917355,24.611570,24.801653,24.594072,308429
2012-11-26,24.289255,24.429752,23.760330,24.066116,23.864693,1665565
2012-11-27,23.958677,24.280993,23.644629,23.719007,23.520489,1333178
2012-11-28,23.603306,24.115702,23.495869,23.909092,23.708982,1021482
2012-11-29,24.090908,24.479340,24.016529,24.363636,24.159721,1059960
2012-11-30,24.123966,24.462811,24.016529,24.347107,24.143332,989901
2012-12-03,24.380165,24.685949,23.884298,24.553719,24.348213,1441957
2012-12-04,24.578512,24.776859,24.280993,24.330580,24.126942,742698
2012-12-05,24.355371,25.115702,24.115702,24.826447,24.618658,1460470
2012-12-06,24.776859,25.082645,24.611570,24.801653,24.594072,1093961
2012-12-07,24.975206,25.024794,24.479340,24.561983,24.356409,957594
2012-12-10,24.561983,24.586777,24.181818,24.504131,24.299042,829697
2012-12-11,24.504131,25.132231,24.396694,25.082645,24.872713,1113442
2012-12-12,25.305784,25.305784,24.652893,24.685949,24.479338,1200320
2012-12-13,24.595041,24.710745,24.190083,24.471073,24.471073,579106
2012-12-14,24.404959,25.000000,24.396694,24.545456,24.545456,739794
2012-12-17,24.578512,25.082645,24.578512,25.057852,25.057852,858011
2012-12-18,25.190083,26.413223,25.190083,26.016529,26.016529,1825406
2012-12-19,25.859505,26.173553,25.719007,26.000000,26.000000,1475474
2012-12-20,26.041323,26.239670,25.826447,26.165289,26.165289,1130866
2012-12-21,25.975206,26.024794,25.066116,25.380165,25.380165,1805320
2012-12-24,25.371901,25.454544,25.107437,25.305784,25.305784,183194
2012-12-26,25.314051,25.380165,24.809917,24.900826,24.900826,623271
2012-12-27,24.900826,25.082645,24.570248,24.909092,24.909092,655094
2012-12-28,24.743801,24.975206,24.685949,24.743801,24.743801,549945
2012-12-31,24.760330,25.537189,24.719007,25.404959,25.404959,723701
2013-01-02,26.082645,26.223141,25.495869,25.801653,25.801653,1183259
2013-01-03,25.842976,26.735537,25.842976,26.198347,26.198347,1214114
2013-01-04,26.223141,26.950413,26.223141,26.669420,26.669420,2097656
2013-01-07,26.652893,26.975206,26.537189,26.917355,26.917355,1110780
2013-01-08,26.867769,27.528927,26.867769,27.148760,27.148760,1632653
2013-01-09,27.115702,27.545456,26.884298,27.140495,27.140495,931095
2013-01-10,27.272726,27.396694,27.066116,27.289255,27.289255,822679
2013-01-11,27.669420,28.256199,27.669420,27.975206,27.975206,2352240
2013-01-14,27.826447,28.099174,27.727274,27.975206,27.975206,1089484
2013-01-15,27.909092,29.214876,27.801653,29.082645,29.082645,1364759
2013-01-16,28.958677,29.512398,28.735537,29.396694,29.396694,1025354
2013-01-17,29.735537,30.851240,29.570248,30.082645,30.082645,3307172
2013-01-18,30.082645,31.322313,29.933884,31.123966,31.123966,2043448
2013-01-22,31.074381,31.867769,30.975206,31.851240,31.851240,1768536
2013-01-23,31.677687,31.735537,30.966942,31.214876,31.214876,2158156
2013-01-24,31.363636,31.900826,31.338842,31.487602,31.487602,1001154
2013-01-25,31.702478,32.008263,31.545456,31.876034,31.876034,1063348
2013-01-28,31.826447,32.016529,31.727274,31.950413,31.950413,928554
2013-01-29,31.834711,32.000000,30.933884,31.074381,31.074381,1835207
2013-01-30,31.107437,31.842976,30.867769,31.842976,31.842976,1982948
2013-01-31,31.694216,31.785124,31.404959,31.677687,31.677687,721523
2013-02-01,31.727274,31.900826,31.454544,31.818182,31.818182,769681
2013-02-04,31.570248,32.016529,31.223141,31.355371,31.355371,1307526
2013-02-05,31.231405,32.553719,31.057852,31.991735,31.991735,1862190
2013-02-06,31.826447,32.338844,31.818182,32.330578,32.330578,836594
2013-02-07,32.338844,32.586777,32.140495,32.545456,32.545456,849783
2013-02-08,32.619835,33.256199,32.537189,33.190083,33.190083,1613172
2013-02-11,32.289257,33.049587,32.223141,32.826447,32.826447,1301960
2013-02-12,32.694214,32.793388,32.404961,32.454544,32.454544,1554487
2013-02-13,32.586777,34.537189,32.570248,34.471073,34.471073,3791172
2013-02-14,34.322315,34.942150,34.272728,34.818184,34.818184,1916519
2013-02-15,34.752068,35.413223,34.710743,34.950413,34.950413,1655159
2013-02-19,34.859505,35.206612,34.462811,35.173553,35.173553,1068914
2013-02-20,35.173553,35.520660,33.909092,34.033058,34.033058,1064316
2013-02-21,33.851238,34.619835,33.446281,34.297520,34.297520,1930071
2013-02-22,34.322315,35.181816,33.454544,34.512398,34.512398,1778942
2013-02-25,34.661156,35.404961,33.107437,33.123966,33.123966,1970606
2013-02-26,32.768597,33.644627,32.520660,33.371902,33.371902,3163424
2013-02-27,33.256199,34.702480,33.223141,34.471073,34.471073,1716506
2013-02-28,34.355373,35.165291,34.099174,34.925621,34.925621,1641002
2013-03-01,34.752068,35.057850,34.297520,34.719009,34.719009,1440626
2013-03-04,34.570248,34.727272,34.206612,34.487602,34.487602,1041931
2013-03-05,34.768597,35.057850,34.595039,34.793388,34.793388,1590303
2013-03-06,34.942150,35.123966,34.611568,34.694214,34.694214,1248236
2013-03-07,34.710743,35.123966,34.661156,35.024792,35.024792,1361976
2013-03-08,35.123966,35.834709,34.942150,35.462811,35.462811,1722919
2013-03-11,35.487602,35.966942,35.280991,35.842976,35.842976,1307284
2013-03-12,35.785126,36.206612,35.661156,35.925621,35.925621,1083313
2013-03-13,35.884296,35.950413,35.628098,35.727272,35.727272,1727033
2013-03-14,35.727272,36.884296,35.652893,36.628098,36.628098,1577235
2013-03-15,36.628098,36.966942,36.388432,36.719009,36.719009,1240371
2013-03-18,36.727272,36.966942,35.975208,36.644627,36.644627,876766
2013-03-19,36.834709,37.148762,36.247932,36.537189,36.537189,1225972
2013-03-20,36.561981,37.297520,36.561981,37.165291,37.165291,848452
2013-03-21,36.867767,37.347107,36.487602,36.685951,36.685951,601370
2013-03-22,36.917355,37.223141,36.859505,37.140495,37.140495,1031283
2013-03-25,37.330578,38.041321,37.231403,37.735538,37.735538,1593812
2013-03-26,37.859505,38.628098,37.842976,38.487602,38.487602,1216171
2013-03-27,38.842976,39.256199,38.347107,38.619835,38.619835,1234684
2013-03-28,38.652893,39.677685,38.652893,39.165291,39.165291,2034978
2013-04-01,39.165291,39.933884,39.115704,39.694214,39.694214,1344915
2013-04-02,39.776859,40.157024,39.033058,39.239670,39.239670,1876952
2013-04-03,39.347107,39.388432,37.090908,37.404961,37.404961,2640704
2013-04-04,37.404961,37.851238,36.933884,37.223141,37.223141,1266749
2013-04-05,36.644627,37.330578,36.512398,37.041321,37.041321,1235289
2013-04-08,37.066116,37.231403,36.644627,37.008263,37.008263,906169
2013-04-09,37.041321,37.157024,36.247932,36.289257,36.289257,2297306
2013-04-10,34.958679,35.702480,34.066116,34.925621,34.925621,4453647
2013-04-11,34.752068,35.975208,34.752068,35.900826,35.900826,1765148
2013-04-12,35.636364,36.057850,35.347107,35.636364,35.636364,798600
2013-04-15,35.396694,35.471073,34.198345,34.256199,34.256199,1795156
2013-04-16,34.190083,35.123966,33.495869,35.057850,35.057850,2699631
2013-04-17,34.685951,34.743801,33.776859,34.438019,34.438019,1397187
2013-04-18,34.438019,34.479340,33.710743,34.090908,34.090908,939444
2013-04-19,33.892563,34.983471,33.842976,34.636364,34.636364,1801085
2013-04-22,34.685951,34.743801,33.545456,34.545456,34.545456,1194149
2013-04-23,35.140495,35.413223,34.652893,35.090908,35.090908,1601919
2013-04-24,35.082645,35.487602,34.619835,35.371902,35.371902,1835691
2013-04-25,35.553719,35.719009,35.239670,35.256199,35.256199,1243638
2013-04-26,35.454544,36.115704,35.338844,35.975208,35.975208,1660604
2013-04-29,37.016529,39.099174,37.016529,37.264462,37.264462,3154591
2013-04-30,37.537189,37.958679,36.636364,37.661156,37.661156,2834909
2013-05-01,37.520660,37.933884,36.933884,36.958679,36.958679,1432398
2013-05-02,37.066116,38.148762,36.826447,38.057850,38.057850,1097470
2013-05-03,38.322315,38.685951,37.652893,37.702480,37.702480,1119855
2013-05-06,37.611568,38.355373,37.446281,38.157024,38.157024,793518
2013-05-07,38.363636,39.000000,38.148762,38.264462,38.264462,1608695
2013-05-08,38.247932,38.595039,37.471073,38.099174,38.099174,1247510
2013-05-09,38.165291,38.512398,37.685951,37.942150,37.942150,726968
2013-05-10,37.925621,38.363636,37.917355,38.115704,38.115704,497431
2013-05-13,38.181816,38.305786,37.685951,38.074379,38.074379,787347
2013-05-14,38.082645,38.297520,37.743801,38.173553,38.173553,765930
2013-05-15,37.917355,37.917355,37.115704,37.603306,37.603306,1158091
2013-05-16,37.636364,37.933884,37.305786,37.371902,37.371902,971146
2013-05-17,37.586777,37.586777,36.553719,36.909092,36.909092,1263482
2013-05-20,36.900826,37.462811,36.429752,36.619835,36.619835,1326765
2013-05-21,36.677685,37.008263,35.553719,35.727272,35.727272,1734535
2013-05-22,35.685951,36.644627,35.090908,35.289257,35.289257,1376859
2013-05-23,35.057850,36.024792,34.471073,36.016529,36.016529,1563804
2013-05-24,35.735538,35.975208,35.338844,35.735538,35.735538,472384
2013-05-28,36.099174,36.801655,36.057850,36.595039,36.595039,686070
2013-05-29,36.388432,36.661156,35.776859,36.652893,36.652893,1022813
2013-05-30,36.719009,38.917355,36.636364,38.528927,38.528927,2021426
2013-05-31,38.429752,41.148762,38.297520,39.809917,39.809917,3501135
2013-06-03,39.917355,40.165291,39.322315,40.132233,40.132233,1662177
2013-06-04,40.057850,40.735538,39.421490,39.619835,39.619835,2371963
2013-06-05,39.495869,39.504131,38.404961,38.917355,38.917355,1617649
2013-06-06,38.909092,40.148762,38.661156,40.148762,40.148762,1353990
2013-06-07,40.363636,41.322315,40.165291,41.198345,41.198345,1448854
2013-06-10,41.223141,41.834709,41.066116,41.256199,41.256199,1150710
2013-06-11,41.016529,41.016529,40.413223,40.479340,40.479340,742577
2013-06-12,41.380165,42.107437,40.900826,41.280991,41.280991,1824559
2013-06-13,41.231403,42.388432,40.867767,42.297520,42.297520,1719652
2013-06-14,42.264462,42.272728,41.115704,41.214874,41.214874,1084644
2013-06-17,41.404961,41.768597,40.595039,41.041321,41.041321,824494
2013-06-18,40.983471,41.132233,40.074379,40.157024,40.157024,1215566
2013-06-19,40.107437,40.206612,38.586777,38.785126,38.785126,1749902
2013-06-20,38.578510,38.760330,37.768597,37.942150,37.942150,1399244
2013-06-21,38.206612,38.380165,37.322315,37.504131,37.504131,1247510
2013-06-24,37.388432,38.090908,36.330578,37.008263,37.008263,1756799
2013-06-25,37.404961,38.595039,37.140495,38.520660,38.520660,1917971
2013-06-26,38.644627,39.016529,38.231403,38.297520,38.297520,990264
2013-06-27,38.479340,39.487602,38.479340,39.429752,39.429752,1098922
2013-06-28,39.181816,39.314049,38.710743,38.743801,38.743801,1105214
2013-07-01,38.801655,39.305786,38.710743,38.867767,38.867767,804529
2013-07-02,38.809917,39.074379,38.322315,38.462811,38.462811,649165
2013-07-03,37.958679,37.966942,37.239670,37.685951,37.685951,1375891
2013-07-05,37.776859,38.090908,37.512398,37.909092,37.909092,725516
2013-07-08,38.041321,38.198345,37.793388,38.090908,38.090908,942590
2013-07-09,38.297520,40.165291,38.074379,39.669422,39.669422,3253448
2013-07-10,40.066116,40.413223,39.512398,39.768597,39.768597,1595506
2013-07-11,40.314049,40.314049,39.396694,39.512398,39.512398,765809
2013-07-12,39.512398,39.694214,39.371902,39.537189,39.537189,1215082
2013-07-15,39.768597,39.892563,39.066116,39.181816,39.181816,864182
2013-07-16,39.537189,40.595039,39.454544,40.082645,40.082645,2012835
2013-07-17,40.231403,40.338844,38.801655,39.049587,39.049587,1249809
2013-07-18,39.123966,39.628098,38.991737,39.099174,39.099174,1152283
2013-07-19,35.123966,36.355373,34.809917,35.669422,35.669422,10571891
2013-07-22,35.545456,35.669422,34.876034,35.628098,35.628098,2992814
2013-07-23,35.677685,36.049587,35.289257,35.884296,35.884296,2027234
2013-07-24,35.933884,36.033058,35.305786,35.603306,35.603306,943679
2013-07-25,35.561981,35.826447,35.380165,35.710743,35.710743,1666412
2013-07-26,35.537189,36.867767,35.462811,36.859505,36.859505,2258828
2013-07-29,36.743801,39.214874,36.537189,39.033058,39.033058,6064036
2013-07-30,40.933884,41.214874,37.289257,37.669422,37.669422,10892299
2013-07-31,37.628098,38.140495,37.115704,38.066116,38.066116,4388791
2013-08-01,38.520660,38.867767,37.859505,38.016529,38.016529,3399979
2013-08-02,38.008263,38.016529,37.512398,37.760330,37.760330,1219559
2013-08-05,37.785126,38.446281,37.454544,37.950413,37.950413,1368510
2013-08-06,37.958679,37.958679,37.190083,37.247932,37.247932,1470271
2013-08-07,37.272728,37.454544,36.900826,36.983471,36.983471,1269895
2013-08-08,37.008263,37.231403,36.570248,36.652893,36.652893,1198021
2013-08-09,36.661156,36.900826,36.272728,36.314049,36.314049,1773618
2013-08-12,36.256199,36.471073,35.942150,36.157024,36.157024,1812338
2013-08-13,36.256199,36.462811,35.380165,35.438019,35.438019,3121679
2013-08-14,35.371902,35.801655,35.371902,35.545456,35.545456,1231054
2013-08-15,35.016529,35.082645,33.950413,34.619835,34.619835,3120106
2013-08-16,34.446281,34.528927,33.487602,33.512398,33.512398,2065107
2013-08-19,33.479340,33.933884,33.157024,33.429752,33.429752,2158398
2013-08-20,33.454544,33.900826,33.231403,33.785126,33.785126,2216236
2013-08-21,33.727272,34.239670,33.421490,33.867767,33.867767,1602887
2013-08-22,33.950413,34.388432,33.842976,34.173553,34.173553,771617
2013-08-23,34.190083,34.330578,33.801655,34.000000,34.000000,729872
2013-08-26,33.983471,34.388432,33.644627,34.272728,34.272728,1047618
2013-08-27,33.917355,34.074379,33.512398,33.512398,33.512398,911856
2013-08-28,33.578510,33.909092,33.371902,33.603306,33.603306,1311640
2013-08-29,33.561981,33.685951,33.256199,33.305786,33.305786,907258
2013-08-30,33.264462,33.520660,32.371902,32.446281,32.446281,1290949
2013-09-03,32.661156,33.057850,32.000000,32.603306,32.603306,2685958
2013-09-04,32.586777,32.710743,32.090908,32.123966,32.123966,1989845
2013-09-05,32.231403,32.710743,32.066116,32.462811,32.462811,3399132
2013-09-06,32.644627,33.057850,32.157024,32.793388,32.793388,2776950
2013-09-09,31.743801,32.165291,31.239670,31.396694,31.396694,3339842
2013-09-10,31.991735,32.289257,31.818182,32.256199,32.256199,2870725
2013-09-11,32.214874,32.652893,31.809917,32.041321,32.041321,1967702
2013-09-12,31.975206,32.247932,31.363636,31.867769,31.867769,1879735
2013-09-13,32.024792,33.504131,31.942148,33.322315,33.322315,2925659
2013-09-16,33.735538,34.429752,33.421490,33.851238,33.851238,2791107
2013-09-17,33.776859,34.611568,33.702480,34.586777,34.586777,1934790
2013-09-18,34.454544,35.066116,34.090908,34.933884,34.933884,3190770
2013-09-19,34.950413,35.123966,34.016529,34.099174,34.099174,2169409
2013-09-20,34.074379,34.264462,32.917355,32.991737,32.991737,3081991
2013-09-23,33.016529,33.074379,32.371902,32.975208,32.975208,1514315
2013-09-24,32.900826,33.231403,32.471073,32.545456,32.545456,1464584
2013-09-25,32.495869,32.553719,31.975206,32.380165,32.380165,1684925
2013-09-26,32.603306,33.578510,32.520660,33.413223,33.413223,2019006
2013-09-27,33.140495,33.388432,32.793388,33.140495,33.140495,1258400
2013-09-30,32.842976,34.677685,32.842976,34.297520,34.297520,3089130
2013-10-01,34.239670,35.528927,34.090908,34.876034,34.876034,4537863
2013-10-02,34.735538,36.190083,34.702480,35.793388,35.793388,2863586
2013-10-03,35.652893,36.644627,35.652893,36.429752,36.429752,3315279
2013-10-04,36.471073,36.619835,35.950413,36.297520,36.297520,2136497
2013-10-07,36.140495,36.214874,35.710743,35.900826,35.900826,1074722
2013-10-08,36.099174,36.396694,35.925621,36.214874,36.214874,1884575
2013-10-09,36.239670,36.520660,35.768597,36.223141,36.223141,1736592
2013-10-10,36.347107,36.578510,34.917355,35.404961,35.404961,3142612
2013-10-11,35.289257,36.049587,35.082645,35.966942,35.966942,972840
2013-10-14,35.677685,35.925621,34.950413,35.892563,35.892563,1359435
2013-10-15,35.859505,36.082645,35.198345,35.239670,35.239670,1008172
2013-10-16,35.487602,35.834709,35.247932,35.801655,35.801655,984214
2013-10-17,35.710743,36.165291,35.537189,36.148762,36.148762,958683
2013-10-18,36.537189,37.181816,36.099174,36.462811,36.462811,1744941
2013-10-21,36.413223,36.413223,35.090908,35.355373,35.355373,1895828
2013-10-22,35.495869,36.066116,35.421490,35.760330,35.760330,1083676
2013-10-23,35.752068,35.760330,35.008263,35.165291,35.165291,1076416
2013-10-24,35.239670,35.454544,33.925621,34.247932,34.247932,1948221
2013-10-25,34.363636,35.314049,34.256199,35.239670,35.239670,1129656
2013-10-28,35.123966,35.537189,35.024792,35.049587,35.049587,731082
2013-10-29,35.033058,36.330578,34.991737,36.173553,36.173553,1684441
2013-10-30,36.231403,36.619835,35.165291,35.404961,35.404961,1954513
2013-10-31,35.933884,38.140495,35.892563,36.057850,36.057850,4295258
2013-11-01,36.057850,36.380165,34.942150,35.305786,35.305786,1855656
2013-11-04,35.314049,36.330578,34.983471,36.190083,36.190083,1838474
2013-11-05,35.785126,36.115704,34.685951,34.842976,34.842976,2359500
2013-11-06,35.148762,35.471073,34.818184,35.173553,35.173553,2711852
2013-11-07,35.165291,35.355373,33.380165,33.487602,33.487602,2964863
2013-11-08,33.933884,34.785126,33.694214,34.363636,34.363636,3078966
2013-11-11,34.239670,34.809917,34.157024,34.793388,34.793388,1253439
2013-11-12,34.685951,35.008263,34.140495,34.991737,34.991737,1060928
2013-11-13,35.330578,35.950413,35.123966,35.743801,35.743801,3540944
2013-11-14,35.661156,36.099174,35.223141,35.826447,35.826447,1512742
2013-11-15,35.834709,36.057850,35.123966,35.297520,35.297520,1063227
2013-11-18,35.272728,35.322315,33.966942,34.024792,34.024792,3096511
2013-11-19,33.892563,34.024792,32.504131,32.975208,32.975208,5779686
2013-11-20,32.975208,34.190083,32.975208,33.818184,33.818184,2667929
2013-11-21,33.950413,34.173553,33.793388,34.057850,34.057850,885841
2013-11-22,34.066116,34.132233,33.760330,33.958679,33.958679,1533312
2013-11-25,34.107437,34.297520,33.719009,33.851238,33.851238,1010592
2013-11-26,33.776859,34.380165,33.719009,34.214874,34.214874,1230570
2013-11-27,34.322315,34.371902,33.834709,33.892563,33.892563,1474748
2013-11-29,34.115704,34.446281,33.892563,34.090908,34.090908,400389
2013-12-02,34.214874,34.710743,33.925621,34.256199,34.256199,1538273
2013-12-03,34.090908,34.380165,33.743801,34.115704,34.115704,1699687
2013-12-04,34.016529,34.322315,33.776859,34.239670,34.239670,1466157
2013-12-05,34.148762,34.157024,33.719009,34.000000,34.000000,1018457
2013-12-06,34.272728,34.545456,34.000000,34.074379,34.074379,707608
2013-12-09,34.049587,34.355373,33.925621,34.165291,34.165291,804771
2013-12-10,34.016529,34.330578,33.909092,34.256199,34.256199,1156034
2013-12-11,34.297520,34.347107,32.785126,32.834709,32.834709,2185381
2013-12-12,32.710743,32.859505,31.702478,32.347107,32.347107,2202321
2013-12-13,32.421490,32.892563,32.272728,32.487602,32.487602,1257916
2013-12-16,32.537189,32.768597,32.429752,32.454544,32.454544,789767
2013-12-17,32.396694,32.438019,31.206612,31.338842,31.338842,2695033
2013-12-18,31.413223,31.727274,31.140495,31.446281,31.446281,1548921
2013-12-19,31.413223,31.487602,30.181818,30.685949,30.685949,2397615
2013-12-20,30.628099,31.652893,30.628099,31.644629,31.644629,2271896
2013-12-23,31.677687,32.016529,31.239670,31.355371,31.355371,1579776
2013-12-24,31.322313,31.917355,31.264463,31.776859,31.776859,541838
2013-12-26,32.057850,32.264462,31.801653,32.057850,32.057850,767382
2013-12-27,32.107437,32.264462,31.785124,32.057850,32.057850,929522
2013-12-30,32.008263,32.644627,31.834711,32.512398,32.512398,1217986
2013-12-31,32.545456,32.867767,32.363636,32.454544,32.454544,908589
2014-01-02,32.396694,34.214874,32.305786,34.173553,34.173553,2750451
2014-01-03,34.231403,35.727272,34.206612,35.140495,35.140495,4408514
2014-01-06,35.214874,35.330578,34.049587,34.636364,34.636364,2728792
2014-01-07,35.471073,36.760330,35.371902,35.942150,35.942150,4836491
2014-01-08,35.636364,35.727272,34.933884,35.057850,35.057850,3301606
2014-01-09,35.107437,35.380165,34.371902,34.586777,34.586777,1886995
2014-01-10,33.760330,34.446281,33.413223,34.157024,34.157024,2873629
2014-01-13,34.256199,34.347107,33.090908,33.190083,33.190083,2641672
2014-01-14,33.190083,33.603306,33.190083,33.512398,33.512398,2579599
2014-01-15,33.446281,33.917355,33.363636,33.909092,33.909092,2010173
2014-01-16,33.859505,34.272728,33.719009,34.239670,34.239670,1789832
2014-01-17,34.413223,34.413223,33.710743,33.809917,33.809917,1698840
2014-01-21,33.925621,34.041321,32.297520,32.570248,32.570248,2988095
2014-01-22,32.570248,32.909092,32.173553,32.586777,32.586777,1651408
2014-01-23,32.512398,32.925621,32.330578,32.909092,32.909092,2181146
2014-01-24,32.768597,33.181816,32.206612,33.140495,33.140495,4210074
2014-01-27,33.024792,33.586777,32.818184,33.454544,33.454544,2463318
2014-01-28,33.603306,34.603306,33.561981,34.214874,34.214874,2816880
2014-01-29,33.991737,34.123966,33.363636,33.363636,33.363636,2183445
2014-01-30,33.537189,33.793388,33.165291,33.314049,33.314049,1596111
2014-01-31,33.107437,34.900826,33.090908,34.223141,34.223141,3167175
2014-02-03,34.330578,34.330578,33.157024,33.231403,33.231403,3343351
2014-02-04,33.264462,33.603306,32.661156,32.933884,32.933884,2701930
2014-02-05,32.933884,33.024792,31.859505,32.223141,32.223141,2536886
2014-02-06,32.247932,33.413223,32.198345,33.380165,33.380165,2322111
2014-02-07,33.504131,33.570248,32.785126,33.074379,33.074379,1324950
2014-02-10,33.008263,33.231403,32.479340,33.074379,33.074379,1604218
2014-02-11,33.057850,33.685951,32.842976,33.595039,33.595039,1242912
2014-02-12,33.553719,34.305786,33.553719,33.818184,33.818184,1851542
2014-02-13,33.611568,34.462811,33.537189,34.289257,34.289257,1761034
2014-02-14,34.347107,34.611568,33.958679,34.049587,34.049587,1282358
2014-02-18,34.066116,34.537189,33.884296,34.388432,34.388432,1546743
2014-02-19,33.884296,34.884296,33.206612,34.157024,34.157024,3670172
2014-02-20,34.280991,34.520660,33.504131,34.388432,34.388432,1477047
2014-02-21,34.710743,35.024792,34.289257,34.619835,34.619835,1722193
2014-02-24,34.578510,35.528927,34.504131,35.421490,35.421490,1533554
2014-02-25,35.173553,35.280991,33.785126,33.909092,33.909092,2178121
2014-02-26,34.082645,34.462811,33.818184,34.041321,34.041321,1876952
2014-02-27,34.049587,35.066116,34.041321,34.917355,34.917355,2793285
2014-02-28,34.710743,35.247932,34.289257,34.305786,34.305786,2030501
2014-03-03,34.049587,34.446281,33.917355,34.239670,34.239670,2015981
2014-03-04,34.677685,35.082645,34.595039,34.636364,34.636364,1408440
2014-03-05,34.669422,34.793388,33.818184,34.016529,34.016529,1387265
2014-03-06,34.148762,34.214874,33.388432,33.471073,33.471073,1259852
2014-03-07,33.611568,33.776859,33.049587,33.132233,33.132233,1630112
2014-03-10,33.000000,33.107437,32.231403,32.347107,32.347107,2466222
2014-03-11,32.429752,32.776859,31.842976,31.925619,31.925619,2094752
2014-03-12,31.752066,31.752066,30.785124,30.867769,30.867769,3890271
2014-03-13,30.917355,31.033058,30.074381,30.165289,30.165289,3483832
2014-03-14,30.049587,30.347107,29.082645,29.371901,29.371901,4217213
2014-03-17,29.429752,30.000000,29.355371,29.495869,29.495869,2926264
2014-03-18,29.669420,31.115702,29.644629,30.388430,30.388430,3069165
2014-03-19,30.396694,30.859505,30.082645,30.214876,30.214876,1769625
2014-03-20,30.223141,30.504131,30.049587,30.157024,30.157024,1107997
2014-03-21,29.983471,30.479340,29.834711,29.975206,29.975206,1870660
2014-03-24,30.107437,30.239670,29.082645,29.107437,29.107437,1534038
2014-03-25,29.165289,29.702478,29.016529,29.165289,29.165289,2159366
2014-03-26,29.363636,30.636364,29.330580,30.380165,30.380165,2936912
2014-03-27,30.438017,31.421488,30.231405,31.247934,31.247934,2730970
2014-03-28,31.504131,32.628098,31.487602,31.933884,31.933884,4957854
2014-03-31,32.371902,32.504131,32.024792,32.371902,32.371902,1749902
2014-04-01,32.528927,32.669422,32.148762,32.297520,32.297520,1653828
2014-04-02,32.429752,32.801655,32.272728,32.669422,32.669422,1328217
2014-04-03,32.578510,32.735538,32.272728,32.636364,32.636364,1729332
2014-04-04,32.917355,33.305786,31.801653,31.851240,31.851240,1458897
2014-04-07,31.743801,31.909092,30.495869,30.611570,30.611570,1731268
2014-04-08,30.611570,31.404959,30.495869,31.198347,31.198347,1610389
2014-04-09,31.404959,31.677687,30.975206,31.578512,31.578512,1132802
2014-04-10,31.504131,31.553719,29.950413,30.132231,30.132231,2759526
2014-04-11,29.859505,30.165289,29.206612,29.231405,29.231405,1594175
2014-04-14,30.578512,30.578512,29.628099,29.876034,29.876034,1771440
2014-04-15,29.900826,30.157024,29.322313,29.793388,29.793388,1717232
2014-04-16,29.925619,30.057852,29.132231,29.173553,29.173553,1625272
2014-04-17,29.066116,29.710745,28.553719,29.487602,29.487602,1653102
2014-04-21,29.719007,30.074381,29.520660,29.859505,29.859505,1046408
2014-04-22,29.818182,30.479340,29.752066,30.280993,30.280993,1228029
2014-04-23,30.305784,31.148760,30.256199,30.917355,30.917355,2404028
2014-04-24,31.049587,31.413223,30.876034,30.950413,30.950413,1129777
2014-04-25,31.413223,33.123966,31.280993,32.991737,32.991737,3257199
2014-04-28,32.991737,33.107437,32.421490,32.710743,32.710743,1951609
2014-04-29,32.768597,32.801655,31.644629,31.950413,31.950413,2111450
2014-04-30,31.892563,31.950413,31.264463,31.314051,31.314051,2072367
2014-05-01,31.429752,32.578510,31.338842,32.504131,32.504131,1574210
2014-05-02,32.512398,32.884296,32.363636,32.619835,32.619835,1116588
2014-05-05,32.495869,33.074379,32.396694,32.942150,32.942150,2297185
2014-05-06,32.776859,33.454544,32.380165,32.578510,32.578510,2365671
2014-05-07,31.933884,32.586777,30.371901,30.578512,30.578512,5609681
2014-05-08,30.338842,30.834711,29.909092,30.338842,30.338842,2232329
2014-05-09,30.280993,30.553719,29.859505,30.314051,30.314051,2074666
2014-05-12,30.454544,30.933884,30.297522,30.909092,30.909092,2218656
2014-05-13,30.909092,31.388430,30.842976,31.157024,31.157024,1613172
2014-05-14,31.148760,32.099174,31.123966,31.884298,31.884298,2675673
2014-05-15,31.727274,31.834711,31.000000,31.264463,31.264463,1834239
2014-05-16,31.173553,31.347107,30.413223,30.768595,30.768595,1671978
2014-05-19,30.545456,30.950413,30.446281,30.628099,30.628099,1171280
2014-05-20,31.454544,31.512398,31.024794,31.231405,31.231405,3889182
2014-05-21,31.396694,32.619835,31.314051,32.471073,32.471073,4184785
2014-05-22,32.652893,34.024792,32.553719,33.925621,33.925621,4723477
2014-05-23,33.851238,35.413223,33.826447,35.289257,35.289257,4096818
2014-05-27,35.545456,35.595039,34.330578,34.388432,34.388432,3392961
2014-05-28,34.595039,34.727272,34.330578,34.644627,34.644627,2241888
2014-05-29,34.710743,35.049587,34.595039,34.628098,34.628098,1807256
2014-05-30,34.495869,34.710743,34.165291,34.520660,34.520660,1222463
2014-06-02,34.520660,34.669422,33.826447,34.099174,34.099174,1502941
2014-06-03,33.942150,34.851238,33.917355,34.429752,34.429752,1954513
2014-06-04,34.330578,34.892563,34.115704,34.818184,34.818184,1055120
2014-06-05,34.776859,36.892563,34.776859,36.628098,36.628098,3970736
2014-06-06,36.694214,37.404961,36.619835,37.099174,37.099174,2867579
2014-06-09,37.000000,37.280991,36.636364,37.256199,37.256199,1858439
2014-06-10,37.123966,37.206612,36.280991,36.652893,36.652893,2118710
2014-06-11,36.454544,36.454544,35.041321,35.553719,35.553719,3209162
2014-06-12,35.421490,35.669422,34.578510,35.132233,35.132233,2944414
2014-06-13,35.371902,36.082645,34.909092,35.917355,35.917355,2648085
2014-06-16,35.826447,36.669422,35.818184,36.322315,36.322315,1887963
2014-06-17,36.396694,37.041321,36.181816,36.719009,36.719009,2221439
2014-06-18,36.586777,36.710743,35.826447,36.231403,36.231403,2316303
2014-06-19,36.223141,36.504131,35.190083,36.140495,36.140495,1697025
2014-06-20,36.223141,37.305786,36.033058,37.231403,37.231403,2588311
2014-06-23,37.289257,38.561981,36.966942,38.099174,38.099174,2563143
2014-06-24,37.867767,38.090908,37.049587,37.074379,37.074379,1375044
2014-06-25,36.983471,37.752068,36.504131,37.694214,37.694214,2172918
2014-06-26,37.595039,37.677685,35.826447,36.487602,36.487602,2851970
2014-06-27,36.404961,37.752068,36.140495,37.727272,37.727272,2748515
2014-06-30,37.752068,37.768597,36.685951,37.495869,37.495869,2734358
2014-07-01,37.661156,38.512398,37.024792,37.479340,37.479340,2399551
2014-07-02,37.256199,37.851238,36.966942,37.842976,37.842976,1119855
2014-07-03,37.884296,38.148762,37.272728,37.586777,37.586777,1022934
2014-07-07,37.429752,37.528927,35.818184,36.016529,36.016529,1799149
2014-07-08,36.024792,36.024792,34.809917,35.421490,35.421490,2097051
2014-07-09,35.446281,36.314049,35.107437,35.826447,35.826447,1892319
2014-07-10,35.173553,35.793388,34.851238,35.652893,35.652893,1718442
2014-07-11,35.652893,35.809917,34.991737,35.280991,35.280991,1430704
2014-07-14,35.462811,35.677685,34.752068,34.975208,34.975208,2362646
2014-07-15,35.033058,35.528927,34.900826,35.206612,35.206612,1980528
2014-07-16,38.661156,39.338844,37.694214,38.223141,38.223141,5836072
2014-07-17,37.975208,39.008263,36.991737,37.132233,37.132233,3061905
2014-07-18,37.330578,38.115704,36.842976,37.950413,37.950413,1581228
2014-07-21,37.603306,37.851238,36.785126,37.057850,37.057850,1495076
2014-07-22,37.190083,37.925621,35.479340,37.314049,37.314049,3374811
2014-07-23,37.685951,37.727272,36.727272,37.677685,37.677685,1411707
2014-07-24,37.702480,38.272728,37.421490,37.933884,37.933884,1534522
2014-07-25,39.272728,39.950413,38.900826,39.247932,39.247932,2861408
2014-07-28,39.181816,39.719009,38.983471,39.553719,39.553719,1190156
2014-07-29,39.628098,40.223141,39.363636,39.760330,39.760330,1597079
2014-07-30,39.900826,41.322315,39.669422,41.074379,41.074379,3867160
2014-07-31,40.504131,40.561981,39.190083,39.421490,39.421490,3317941
2014-08-01,40.495869,42.479340,38.413223,39.041321,39.041321,5996760
2014-08-04,39.272728,40.024792,39.057850,39.413223,39.413223,2948528
2014-08-05,39.462811,40.421490,39.347107,39.785126,39.785126,2922029
2014-08-06,39.438019,40.314049,39.239670,39.710743,39.710743,1604097
2014-08-07,39.809917,40.619835,39.454544,40.016529,40.016529,2345222
2014-08-08,40.033058,40.214874,38.892563,39.867767,39.867767,1571427
2014-08-11,40.148762,40.752068,39.685951,40.066116,40.066116,1730421
2014-08-12,39.851238,40.322315,39.752068,40.099174,40.099174,1550131
2014-08-13,40.115704,40.917355,40.115704,40.826447,40.826447,1374076
2014-08-14,40.801655,41.892563,40.801655,41.867767,41.867767,1446071
2014-08-15,42.074379,42.487602,41.537189,42.148762,42.148762,1503304
2014-08-18,42.231403,42.785126,41.851238,42.694214,42.694214,1160632
2014-08-19,42.793388,42.859505,42.239670,42.479340,42.479340,1402995
2014-08-20,42.206612,42.851238,41.818184,42.545456,42.545456,1654675
2014-08-21,42.644627,42.768597,41.950413,42.214874,42.214874,1320231
2014-08-22,42.223141,43.330578,42.190083,43.090908,43.090908,1088637
2014-08-25,43.280991,43.289257,42.272728,42.760330,42.760330,1108118
2014-08-26,42.677685,43.826447,42.677685,43.727272,43.727272,1657095
2014-08-27,43.752068,44.636364,43.644627,44.132233,44.132233,1578082
2014-08-28,44.016529,44.388432,43.884296,44.165291,44.165291,1021603
2014-08-29,44.380165,46.033058,44.380165,44.859505,44.859505,1782330
2014-09-02,44.925621,45.000000,44.165291,44.685951,44.685951,1417878
2014-09-03,44.818184,44.900826,43.851238,43.975208,43.975208,1522906
2014-09-04,44.157024,44.157024,41.892563,42.471073,42.471073,3649360
2014-09-05,42.520660,43.264462,42.462811,43.231403,43.231403,1213146
2014-09-08,43.256199,44.413223,43.239670,44.347107,44.347107,1310430
2014-09-09,44.520660,46.239670,44.429752,45.272728,45.272728,2656313
2014-09-10,45.190083,45.768597,44.628098,45.628098,45.628098,1625151
2014-09-11,45.520660,47.239670,45.413223,47.190083,47.190083,2218172
2014-09-12,47.471073,47.702480,46.520660,46.719009,46.719009,2691403
2014-09-15,46.859505,47.322315,46.206612,46.330578,46.330578,1613172
2014-09-16,46.280991,47.123966,46.082645,46.578510,46.578510,1706221
2014-09-17,46.818184,47.206612,46.545456,46.917355,46.917355,1629749
2014-09-18,47.000000,47.289257,46.677685,46.942150,46.942150,1488058
2014-09-19,47.090908,47.628098,46.966942,47.479340,47.479340,1171159
2014-09-22,47.578510,47.644627,46.264462,46.305786,46.305786,1351086
2014-09-23,46.049587,47.297520,45.950413,46.330578,46.330578,1147927
2014-09-24,46.429752,47.338844,46.107437,47.280991,47.280991,612139
2014-09-25,47.033058,47.297520,46.223141,46.429752,46.429752,1401664
2014-09-26,46.454544,46.933884,45.528927,45.636364,45.636364,1705616
2014-09-29,45.280991,46.024792,44.991737,45.917355,45.917355,911735
2014-09-30,46.008263,46.190083,45.157024,45.280991,45.280991,1440505
2014-10-01,45.214874,45.289257,43.595039,44.107437,44.107437,2440812
2014-10-02,44.107437,45.289257,42.917355,45.107437,45.107437,2289078
2014-10-03,45.371902,46.115704,44.818184,45.859505,45.859505,2104311
2014-10-06,46.123966,46.537189,45.157024,45.462811,45.462811,1336929
2014-10-07,45.090908,45.933884,44.801655,45.107437,45.107437,1433003
2014-10-08,45.041321,46.231403,44.404961,45.991737,45.991737,1785113
2014-10-09,45.975208,45.975208,43.933884,43.966942,43.966942,1665444
2014-10-10,43.834709,45.421490,43.611568,44.140495,44.140495,1528109
2014-10-13,44.256199,45.380165,43.652893,43.685951,43.685951,1458050
2014-10-14,44.033058,44.272728,41.851238,42.785126,42.785126,2192278
2014-10-15,41.975208,42.586777,39.735538,41.628098,41.628098,4222658
2014-10-16,41.876034,44.223141,41.090908,43.867767,43.867767,3662670
2014-10-17,44.256199,45.090908,43.479340,44.148762,44.148762,2111208
2014-10-20,44.140495,44.495869,42.983471,44.066116,44.066116,1601677
2014-10-21,44.628098,46.371902,44.355373,46.223141,46.223141,2618198
2014-10-22,46.438019,46.628098,45.537189,45.611568,45.611568,1299661
2014-10-23,46.066116,47.198345,45.735538,46.644627,46.644627,2179452
2014-10-24,46.834709,46.933884,45.867767,46.768597,46.768597,1165109
2014-10-27,46.537189,46.561981,45.264462,46.495869,46.495869,1020514
2014-10-28,46.570248,46.727272,45.471073,45.685951,45.685951,1833997
2014-10-29,45.801655,46.008263,44.661156,45.305786,45.305786,1168376
2014-10-30,45.123966,45.247932,43.487602,43.900826,43.900826,3012416
2014-10-31,44.644627,46.190083,43.239670,45.429752,45.429752,3692557
2014-11-03,45.595039,47.487602,45.429752,45.809917,45.809917,2538459
2014-11-04,46.305786,46.776859,42.016529,43.157024,43.157024,5660017
2014-11-05,43.628098,43.628098,41.396694,41.735538,41.735538,2588311
2014-11-06,41.917355,42.347107,41.380165,41.818184,41.818184,1773618
2014-11-07,41.694214,41.851238,38.157024,39.512398,39.512398,8362673
2014-11-10,40.016529,41.247932,39.553719,39.768597,39.768597,3665211
2014-11-11,39.719009,40.479340,39.719009,40.214874,40.214874,2632476
2014-11-12,39.413223,39.652893,38.644627,38.719009,38.719009,3576034
2014-11-13,38.842976,38.983471,38.033058,38.181816,38.181816,3839814
2014-11-14,38.107437,38.801655,37.214874,37.280991,37.280991,3818639
2014-11-17,37.256199,38.785126,36.975208,38.429752,38.429752,3687959
2014-11-18,38.719009,40.528927,38.404961,40.347107,40.347107,3857722
2014-11-19,40.413223,40.512398,39.157024,39.214874,39.214874,2065349
2014-11-20,38.842976,39.041321,38.446281,38.768597,38.768597,2218535
2014-11-21,39.413223,40.082645,38.925621,39.735538,39.735538,2169167
2014-11-24,39.925621,40.595039,39.611568,39.661156,39.661156,1579171
2014-11-25,39.735538,39.909092,39.206612,39.429752,39.429752,1279091
2014-11-26,39.636364,39.685951,38.826447,39.066116,39.066116,1228513
2014-11-28,38.942150,39.132233,38.495869,38.909092,38.909092,922141
2014-12-01,38.892563,39.256199,37.991737,38.107437,38.107437,1611841
2014-12-02,38.140495,38.950413,38.057850,38.842976,38.842976,1723524
2014-12-03,38.818184,39.173553,38.677685,38.694214,38.694214,1321199
2014-12-04,38.719009,40.768597,38.636364,40.694214,40.694214,2837571
2014-12-05,40.760330,42.413223,40.735538,41.727272,41.727272,2245881
2014-12-08,41.801655,43.057850,41.611568,42.818184,42.818184,2992572
2014-12-09,42.272728,42.644627,41.760330,42.586777,42.586777,1216050
2014-12-10,42.264462,42.694214,41.842976,41.950413,41.950413,1216050
2014-12-11,42.165291,42.950413,42.000000,42.157024,42.157024,1049675
2014-12-12,42.008263,43.024792,41.842976,42.057850,42.057850,1899095
2014-12-15,42.256199,42.495869,41.264462,41.900826,41.900826,1589093
2014-12-16,41.644627,42.975208,41.619835,42.611568,42.611568,2458720
2014-12-17,42.743801,44.223141,42.595039,44.049587,44.049587,2413950
2014-12-18,44.876034,45.512398,44.578510,45.115704,45.115704,2241283
2014-12-19,45.231403,45.636364,44.834709,45.107437,45.107437,2306744
2014-12-22,45.123966,45.727272,45.115704,45.471073,45.471073,852566
2014-12-23,45.595039,45.785126,45.247932,45.446281,45.446281,1411344
2014-12-24,45.545456,46.024792,45.396694,45.752068,45.752068,415877
2014-12-26,45.884296,46.024792,45.504131,45.528927,45.528927,423984
2014-12-29,45.454544,45.710743,45.165291,45.413223,45.413223,545589
2014-12-30,45.322315,45.859505,45.115704,45.388432,45.388432,759638
2014-12-31,45.504131,45.719009,44.446281,44.561981,44.561981,938718
2015-01-02,44.842976,45.090908,43.892563,44.471073,44.471073,736164
2015-01-05,44.132233,44.628098,42.355373,43.082645,43.082645,1687950
2015-01-06,43.099174,44.297520,42.842976,43.495869,43.495869,2096809
2015-01-07,44.223141,45.793388,44.074379,45.041321,45.041321,2045021
2015-01-08,45.983471,46.396694,45.545456,45.876034,45.876034,2283875
2015-01-09,45.950413,46.644627,45.479340,45.520660,45.520660,1559932
2015-01-12,45.876034,46.033058,42.066116,42.289257,42.289257,3071585
2015-01-13,42.752068,43.066116,41.148762,42.049587,42.049587,2977326
2015-01-14,41.239670,42.024792,41.148762,41.917355,41.917355,1997831
2015-01-15,41.991737,42.471073,41.272728,41.512398,41.512398,1515162
2015-01-16,41.272728,41.702480,40.421490,41.454544,41.454544,2249027
2015-01-20,40.495869,40.760330,39.148762,40.082645,40.082645,3580511
2015-01-21,40.107437,41.388432,39.768597,41.157024,41.157024,2128027
2015-01-22,41.256199,41.818184,40.867767,41.611568,41.611568,1239282
2015-01-23,41.429752,41.669422,39.611568,39.669422,39.669422,2480500
2015-01-26,39.809917,40.743801,39.297520,40.702480,40.702480,2873145
2015-01-27,40.057850,41.280991,40.057850,40.735538,40.735538,1354595
2015-01-28,40.991737,41.107437,39.636364,39.809917,39.809917,1758009
2015-01-29,39.785126,39.933884,38.859505,39.859505,39.859505,1957538
2015-01-30,39.611568,39.876034,38.438019,38.900826,38.900826,2067527
2015-02-02,39.214874,39.595039,38.355373,39.190083,39.190083,2319933
2015-02-03,38.950413,40.173553,38.429752,39.173553,39.173553,2829222
2015-02-04,38.785126,39.305786,38.636364,38.867767,38.867767,1343584
2015-02-05,38.867767,39.785126,38.867767,39.586777,39.586777,1846823
2015-02-06,39.727272,39.776859,38.851238,39.123966,39.123966,1618133
2015-02-09,39.000000,39.173553,37.611568,38.024792,38.024792,2061719
2015-02-10,38.247932,38.752068,38.107437,38.611568,38.611568,2236564
2015-02-11,38.570248,39.090908,38.289257,38.702480,38.702480,2407416
2015-02-12,38.851238,39.148762,38.586777,39.024792,39.024792,1183138
2015-02-13,38.925621,39.925621,38.578510,39.785126,39.785126,1482129
2015-02-17,39.768597,40.570248,39.619835,40.545456,40.545456,1315633
2015-02-18,40.545456,40.917355,40.297520,40.421490,40.421490,1455388
2015-02-19,40.421490,41.487602,40.322315,40.942150,40.942150,2052039
2015-02-20,41.206612,42.760330,40.619835,40.892563,40.892563,3447774
2015-02-23,40.760330,40.818184,39.049587,39.289257,39.289257,2855479
2015-02-24,39.388432,40.413223,38.851238,39.652893,39.652893,2275405
2015-02-25,39.652893,39.842976,39.123966,39.421490,39.421490,1502215
2015-02-26,39.330578,40.371902,39.330578,40.322315,40.322315,2478080
2015-02-27,40.322315,40.404961,39.900826,40.099174,40.099174,2047925
2015-03-02,40.090908,42.148762,40.090908,40.867767,40.867767,2370269
2015-03-03,40.628098,41.033058,40.603306,40.983471,40.983471,2231845
2015-03-04,40.760330,43.884296,40.504131,43.570248,43.570248,5356912
2015-03-05,43.421490,43.884296,41.702480,42.280991,42.280991,3884705
2015-03-06,42.363636,42.818184,41.876034,41.966942,41.966942,2102980
2015-03-09,42.082645,42.181816,40.123966,40.471073,40.471073,2954094
2015-03-10,40.066116,40.760330,39.611568,40.231403,40.231403,2252899
2015-03-11,40.487602,41.429752,40.066116,40.950413,40.950413,1631927
2015-03-12,41.165291,41.487602,40.909092,41.322315,41.322315,944526
2015-03-13,41.123966,41.595039,41.000000,41.512398,41.512398,1920512
2015-03-16,41.743801,42.198345,41.553719,42.173553,42.173553,1492777
2015-03-17,41.966942,42.801655,41.760330,42.487602,42.487602,1822260
2015-03-18,42.421490,43.512398,42.305786,43.380165,43.380165,2051797
2015-03-19,43.289257,44.198345,43.190083,44.140495,44.140495,1399123
2015-03-20,44.504131,44.512398,43.661156,43.867767,43.867767,1787533
2015-03-23,43.842976,45.371902,43.842976,45.190083,45.190083,2429801
2015-03-24,45.057850,45.190083,43.561981,43.752068,43.752068,1529440
2015-03-25,43.809917,44.363636,43.413223,43.487602,43.487602,1568765
2015-03-26,43.247932,43.429752,42.669422,43.256199,43.256199,1093114
2015-03-27,43.190083,43.446281,42.727272,42.752068,42.752068,1001759
2015-03-30,43.165291,43.495869,42.975208,43.206612,43.206612,874951
2015-03-31,43.041321,43.264462,42.892563,43.206612,43.206612,1354595
2015-04-01,43.280991,43.289257,41.528927,42.595039,42.595039,1645358
2015-04-02,42.619835,43.776859,42.330578,43.454544,43.454544,1159422
2015-04-06,43.231403,44.512398,43.082645,44.297520,44.297520,1966129
2015-04-07,44.413223,44.909092,43.752068,43.793388,43.793388,1167408
2015-04-08,43.834709,44.421490,43.677685,43.900826,43.900826,854260
2015-04-09,43.801655,44.214874,43.636364,43.727272,43.727272,858132
2015-04-10,43.644627,43.925621,43.388432,43.611568,43.611568,930490
2015-04-13,43.826447,44.148762,43.446281,43.644627,43.644627,954690
2015-04-14,43.570248,43.776859,43.099174,43.586777,43.586777,704462
2015-04-15,44.652893,45.123966,44.371902,44.388432,44.388432,1407109
2015-04-16,44.231403,44.644627,43.512398,43.768597,43.768597,860310
2015-04-17,43.396694,44.082645,42.991737,44.041321,44.041321,940412
2015-04-20,44.314049,44.702480,44.033058,44.454544,44.454544,801141
2015-04-21,44.537189,44.702480,44.223141,44.512398,44.512398,1399849
2015-04-22,44.495869,45.272728,44.314049,44.966942,44.966942,1457929
2015-04-23,44.909092,45.685951,44.628098,45.636364,45.636364,1039753
2015-04-24,45.735538,45.950413,45.553719,45.735538,45.735538,932184
2015-04-27,45.768597,46.074379,44.933884,45.115704,45.115704,931700
2015-04-28,45.272728,45.487602,43.884296,45.173553,45.173553,856801
2015-04-29,45.214874,45.264462,44.338844,44.983471,44.983471,923593
2015-04-30,44.727272,45.214874,44.024792,44.363636,44.363636,1961652
2015-05-01,44.495869,44.578510,43.487602,43.504131,43.504131,1865820
2015-05-04,43.628098,44.446281,43.595039,44.181816,44.181816,2137949
2015-05-05,44.297520,44.429752,42.520660,42.578510,42.578510,1847307
2015-05-06,44.024792,44.024792,40.619835,40.809917,40.809917,2409352
2015-05-07,40.975208,42.041321,40.438019,41.842976,41.842976,2699631
2015-05-08,42.181816,42.644627,41.867767,42.264462,42.264462,979374
2015-05-11,42.206612,42.958679,42.008263,42.710743,42.710743,1189188
2015-05-12,42.479340,42.595039,41.487602,41.917355,41.917355,1362823
2015-05-13,42.099174,42.446281,41.917355,42.066116,42.066116,978890
2015-05-14,42.545456,42.727272,42.272728,42.504131,42.504131,638638
2015-05-15,42.561981,42.628098,42.057850,42.603306,42.603306,768350
2015-05-18,42.479340,43.694214,42.140495,43.685951,43.685951,1016763
2015-05-19,43.793388,44.917355,43.619835,44.685951,44.685951,1963709
2015-05-20,44.842976,45.280991,44.355373,44.851238,44.851238,1603008
2015-05-21,44.867767,45.181816,44.016529,44.148762,44.148762,1471239
2015-05-22,44.016529,44.900826,43.801655,44.446281,44.446281,849904
2015-05-26,44.413223,45.528927,44.289257,45.148762,45.148762,1173700
2015-05-27,45.223141,45.834709,45.157024,45.512398,45.512398,1259610
2015-05-28,45.404961,45.826447,44.735538,45.396694,45.396694,935693
2015-05-29,45.421490,46.380165,44.917355,45.710743,45.710743,1532586
2015-06-01,45.933884,46.140495,45.429752,45.752068,45.752068,1083313
2015-06-02,45.661156,45.950413,45.338844,45.396694,45.396694,659571
2015-06-03,45.595039,45.644627,45.090908,45.115704,45.115704,671429
2015-06-04,44.900826,45.338844,44.685951,44.760330,44.760330,728783
2015-06-05,44.966942,45.016529,44.421490,44.752068,44.752068,827277
2015-06-08,44.793388,44.793388,43.314049,43.603306,43.603306,2142184
2015-06-09,43.685951,44.644627,43.479340,44.512398,44.512398,1201046
2015-06-10,45.099174,45.520660,44.619835,45.074379,45.074379,1061775
2015-06-11,45.173553,45.595039,44.842976,45.033058,45.033058,1144902
2015-06-12,44.917355,45.413223,44.454544,44.628098,44.628098,1152767
2015-06-15,44.388432,45.528927,44.190083,45.462811,45.462811,1190277
2015-06-16,45.363636,45.925621,45.247932,45.595039,45.595039,1293611
2015-06-17,45.669422,46.198345,45.314049,46.016529,46.016529,1568402
2015-06-18,45.768597,46.099174,44.760330,45.950413,45.950413,997040
2015-06-19,46.074379,46.950413,45.925621,46.710743,46.710743,1575904
2015-06-22,47.024792,47.024792,46.512398,46.727272,46.727272,1305953
2015-06-23,46.842976,47.206612,46.413223,46.495869,46.495869,990385
2015-06-24,46.495869,46.545456,45.652893,45.685951,45.685951,1359435
2015-06-25,45.743801,52.363636,45.347107,51.611568,51.611568,10852006
2015-06-26,51.611568,53.570248,51.404961,52.925621,52.925621,6019387
2015-06-29,52.396694,53.719009,52.074379,52.107437,52.107437,3087920
2015-06-30,52.685951,52.826447,51.619835,52.041321,52.041321,2416733
2015-07-01,52.396694,52.876034,51.842976,52.066116,52.066116,1715296
2015-07-02,52.016529,52.421490,51.264462,51.776859,51.776859,2266209
2015-07-06,51.479340,52.801655,51.347107,52.148762,52.148762,2638647
2015-07-07,52.280991,52.371902,50.966942,51.776859,51.776859,1752322
2015-07-08,51.446281,51.603306,50.537189,50.595039,50.595039,1487574
2015-07-09,51.231403,51.454544,50.884296,50.892563,50.892563,2175822
2015-07-10,51.537189,51.636364,50.685951,51.033058,51.033058,2145693
2015-07-13,51.396694,51.933884,50.983471,51.785126,51.785126,1975567
2015-07-14,51.859505,52.644627,51.652893,52.272728,52.272728,1452726
2015-07-15,52.272728,52.421490,51.074379,51.578510,51.578510,1278123
2015-07-16,50.727272,50.876034,49.884296,50.404961,50.404961,2945987
2015-07-17,50.537189,50.628098,49.578510,50.099174,50.099174,1343221
2015-07-20,50.355373,50.363636,49.735538,49.859505,49.859505,1616318
2015-07-21,49.661156,49.834709,48.305786,48.578510,48.578510,2809620
2015-07-22,48.578510,49.181816,48.355373,48.793388,48.793388,1436512
2015-07-23,48.884296,49.049587,48.537189,48.677685,48.677685,1390653
2015-07-24,48.595039,48.752068,47.851238,48.099174,48.099174,1387749
2015-07-27,47.793388,47.801655,47.190083,47.628098,47.628098,1768294
2015-07-28,47.793388,48.520660,47.305786,48.330578,48.330578,1698598
2015-07-29,48.545456,49.148762,48.033058,49.082645,49.082645,1522543
2015-07-30,48.851238,49.148762,48.421490,49.090908,49.090908,1255375
2015-07-31,49.413223,49.859505,48.231403,48.355373,48.355373,2349699
2015-08-03,48.545456,48.909092,47.958679,48.206612,48.206612,1958264
2015-08-04,51.173553,52.016529,48.181816,48.917355,48.917355,3993121
2015-08-05,49.132233,49.694214,45.371902,46.958679,46.958679,5260596
2015-08-06,46.909092,47.785126,46.247932,46.991737,46.991737,2075876
2015-08-07,46.743801,47.173553,46.264462,46.743801,46.743801,1124695
2015-08-10,47.033058,47.685951,46.818184,47.363636,47.363636,1328943
2015-08-11,46.818184,46.917355,46.239670,46.768597,46.768597,1521938
2015-08-12,46.438019,47.148762,45.661156,46.958679,46.958679,1344915
2015-08-13,47.752068,48.553719,46.991737,47.661156,47.661156,1827342
2015-08-14,47.578510,48.107437,47.421490,48.090908,48.090908,1320715
2015-08-17,47.471073,49.586777,47.471073,49.487602,49.487602,2348005
2015-08-18,49.355373,49.776859,48.966942,49.123966,49.123966,1796608
2015-08-19,48.867767,49.264462,48.479340,48.983471,48.983471,1194028
2015-08-20,48.438019,48.785126,46.702480,46.743801,46.743801,1912284
2015-08-21,46.338844,46.743801,45.801655,46.008263,46.008263,1639187
2015-08-24,43.239670,44.396694,42.495869,43.495869,43.495869,2581777
2015-08-25,44.454544,44.504131,42.570248,42.611568,42.611568,1685046
2015-08-26,43.512398,43.537189,42.239670,43.322315,43.322315,1804594
2015-08-27,43.752068,45.479340,43.677685,44.876034,44.876034,1751112
2015-08-28,44.661156,45.462811,44.380165,45.429752,45.429752,1481282
2015-08-31,45.429752,45.570248,44.198345,44.380165,44.380165,1613414
2015-09-01,43.528927,44.041321,42.404961,42.644627,42.644627,1230812
2015-09-02,43.099174,43.363636,42.190083,42.991737,42.991737,1752927
2015-09-03,43.272728,44.471073,43.123966,43.413223,43.413223,1184711
2015-09-04,42.793388,43.603306,42.702480,43.380165,43.380165,1085975
2015-09-08,43.983471,44.247932,43.380165,43.793388,43.793388,1043504
2015-09-09,44.247932,44.322315,42.933884,43.049587,43.049587,797269
2015-09-10,42.991737,43.834709,42.892563,43.107437,43.107437,918632
2015-09-11,42.950413,43.148762,42.495869,42.859505,42.859505,967395
2015-09-14,43.123966,43.322315,42.661156,42.760330,42.760330,812152
2015-09-15,42.669422,42.719009,41.991737,42.611568,42.611568,2286537
2015-09-16,42.520660,42.760330,41.057850,41.495869,41.495869,2502038
2015-09-17,41.595039,42.842976,41.074379,42.190083,42.190083,1759098
2015-09-18,41.685951,42.049587,40.297520,40.371902,40.371902,2490906
2015-09-21,40.884296,41.074379,39.603306,39.760330,39.760330,2051918
2015-09-22,39.297520,39.933884,39.016529,39.586777,39.586777,2240799
2015-09-23,39.669422,40.545456,39.355373,39.826447,39.826447,2064381
2015-09-24,39.413223,39.586777,37.917355,38.289257,38.289257,2452428
2015-09-25,38.677685,38.892563,36.595039,36.776859,36.776859,3156285
2015-09-28,36.512398,36.768597,33.487602,34.355373,34.355373,5459278
2015-09-29,34.561981,34.975208,33.487602,33.752068,33.752068,2275163
2015-09-30,34.280991,35.413223,34.190083,35.347107,35.347107,3157616
2015-10-01,35.338844,35.884296,34.619835,35.363636,35.363636,3819365
2015-10-02,34.413223,35.000000,33.933884,34.884296,34.884296,3623708
2015-10-05,35.330578,37.561981,35.239670,36.140495,36.140495,4537258
2015-10-06,35.942150,36.785126,35.719009,36.223141,36.223141,3135473
2015-10-07,36.322315,36.719009,35.611568,36.561981,36.561981,1913978
2015-10-08,36.528927,36.553719,35.404961,36.231403,36.231403,1667622
2015-10-09,36.305786,36.487602,35.694214,35.801655,35.801655,1501247
2015-10-12,35.834709,36.082645,34.942150,35.512398,35.512398,1698598
2015-10-13,35.338844,36.140495,34.685951,34.760330,34.760330,1920270
2015-10-14,34.892563,35.198345,34.066116,34.446281,34.446281,2042480
2015-10-15,32.595039,34.041321,30.446281,33.603306,33.603306,8034763
2015-10-16,33.801655,35.256199,33.702480,34.644627,34.644627,2781911
2015-10-19,34.545456,34.644627,34.041321,34.487602,34.487602,1193907
2015-10-20,34.495869,35.297520,34.495869,34.669422,34.669422,1559932
2015-10-21,34.809917,34.958679,32.520660,33.512398,33.512398,2745611
2015-10-22,25.685949,25.826447,20.958677,21.735537,21.735537,32850048
2015-10-23,22.314051,24.628099,22.181818,23.727274,23.727274,10452948
2015-10-26,23.446281,23.652893,22.487602,23.495869,23.495869,4876300
2015-10-27,22.851240,23.462811,22.371901,22.537189,22.537189,4132513
2015-10-28,22.495869,23.900826,22.231405,23.578512,23.578512,3860989
2015-10-29,23.504131,24.090908,23.280993,23.785124,23.785124,2782032
2015-10-30,23.809917,24.123966,23.074381,23.173553,23.173553,3437489
2015-11-02,23.115702,23.603306,23.057852,23.487602,23.487602,3193795
2015-11-03,23.099174,23.586777,21.884298,22.628099,22.628099,5367560
2015-11-04,22.619835,24.049587,22.528927,24.024794,24.024794,4512211
2015-11-05,24.024794,25.206612,23.793388,24.834711,24.834711,5943762
2015-11-06,24.900826,26.553719,24.851240,26.148760,26.148760,4962936
2015-11-09,26.107437,26.380165,25.016529,25.157024,25.157024,4017200
2015-11-10,25.008265,25.363636,24.553719,25.173553,25.173553,2490422
2015-11-11,25.272726,25.322313,23.066116,23.239670,23.239670,3648634
2015-11-12,23.099174,23.181818,21.900826,21.917355,21.917355,4059066
2015-11-13,21.776859,22.710745,21.305784,22.396694,22.396694,3611003
2015-11-16,22.413223,22.884298,22.223141,22.611570,22.611570,2923360
2015-11-17,22.834711,22.983471,22.256199,22.644629,22.644629,2458478
2015-11-18,22.719007,23.727274,22.570248,23.611570,23.611570,3053798
2015-11-19,22.909092,22.909092,21.330580,21.752066,21.752066,5771700
2015-11-20,21.867769,22.702478,21.793388,22.512398,22.512398,2903395
2015-11-23,22.256199,23.636364,22.231405,23.190083,23.190083,2427986
2015-11-24,23.074381,24.115702,22.942148,24.016529,24.016529,2486308
2015-11-25,23.966942,24.595041,23.917355,24.074381,24.074381,2059299
2015-11-27,24.181818,24.661158,23.950413,24.363636,24.363636,835868
2015-11-30,24.380165,24.528927,23.768595,23.917355,23.917355,2080111
2015-12-01,24.024794,24.719007,23.909092,24.628099,24.628099,2428349
2015-12-02,24.471073,24.909092,23.528927,23.611570,23.611570,2473603
2015-12-03,23.644629,24.033058,22.628099,22.851240,22.851240,2125244
2015-12-04,22.760330,23.198347,22.537189,23.000000,23.000000,1524116
2015-12-07,23.000000,23.000000,21.446281,21.661158,21.661158,2222770
2015-12-08,21.380165,21.884298,20.768595,21.793388,21.793388,3046175
2015-12-09,21.727274,23.247934,21.727274,22.471073,22.471073,2177153
2015-12-10,22.206612,23.619835,22.066116,23.479340,23.479340,3512267
2015-12-11,23.173553,23.289255,22.322313,22.495869,22.495869,2601863
2015-12-14,22.545456,22.719007,20.239670,20.818182,20.818182,4641318
2015-12-15,21.429752,21.834711,20.991735,21.479340,21.479340,3413168
2015-12-16,21.702478,21.809917,20.752066,21.148760,21.148760,2487155
2015-12-17,21.132231,21.446281,20.851240,21.082645,21.082645,2099108
2015-12-18,20.975206,21.471073,20.710745,20.818182,20.818182,3587529
2015-12-21,20.925619,23.033058,20.892563,23.008265,23.008265,5897419
2015-12-22,22.975206,23.041323,22.008265,22.264463,22.264463,3163424
2015-12-23,22.429752,23.892563,22.330580,23.561983,23.561983,3725711
2015-12-24,23.561983,24.066116,23.330580,23.454544,23.454544,1568765
2015-12-28,23.289255,23.404959,22.057852,22.198347,22.198347,1943018
2015-12-29,22.371901,22.933884,22.123966,22.801653,22.801653,2139038
2015-12-30,22.735537,23.033058,21.743801,21.851240,21.851240,2756138
2015-12-31,21.768595,22.272726,21.702478,21.925619,21.925619,3021612
2016-01-04,21.165289,21.909092,20.851240,21.900826,21.900826,3030203
2016-01-05,21.900826,22.561983,21.553719,21.561983,21.561983,2799577
2016-01-06,20.884298,21.123966,19.115702,19.867769,19.867769,8664568
2016-01-07,19.264463,19.694216,18.727274,18.867769,18.867769,5260475
2016-01-08,18.884298,20.165289,18.884298,18.975206,18.975206,5393091
2016-01-11,19.925619,20.900826,18.727274,18.933884,18.933884,4760140
2016-01-12,19.305784,19.966942,17.512398,18.421488,18.421488,5189569
2016-01-13,18.438017,18.702478,16.264463,16.479340,16.479340,7532008
2016-01-14,16.537189,17.438017,16.214876,17.033058,17.033058,5800498
2016-01-15,16.322313,16.760330,15.702479,16.570248,16.570248,6250134
2016-01-19,16.842976,17.090908,15.512397,15.694215,15.694215,4816526
2016-01-20,15.380165,16.834711,14.586777,16.561983,16.561983,6714532
2016-01-21,16.504131,17.603306,16.404959,16.570248,16.570248,3898499
2016-01-22,16.818182,17.198347,15.818182,16.280993,16.280993,4664066
2016-01-25,16.041323,16.818182,15.876033,16.388430,16.388430,3436400
2016-01-26,16.504131,17.842976,16.438017,17.495869,17.495869,4185632
2016-01-27,17.347107,18.809917,17.256199,18.041323,18.041323,4255570
2016-01-28,18.884298,19.628099,16.495869,16.983471,16.983471,5246197
2016-01-29,17.388430,17.768595,16.917355,17.752066,17.752066,3403125
2016-02-01,17.603306,18.000000,17.074381,17.809917,17.809917,2257497
2016-02-02,17.694216,17.719007,16.958677,17.132231,17.132231,2613358
2016-02-03,17.239670,17.363636,15.983471,16.743801,16.743801,3349643
2016-02-04,16.545456,17.793388,16.371901,17.586777,17.586777,3659161
2016-02-05,17.429752,17.760330,16.636364,16.818182,16.818182,3102803
2016-02-08,16.289255,16.380165,15.082645,15.371901,15.371901,6576108
2016-02-09,15.157025,15.570248,14.859504,15.231405,15.231405,4831651
2016-02-10,15.537190,16.123966,15.206612,15.768595,15.768595,3948109
2016-02-11,15.198347,15.785124,14.809917,15.123967,15.123967,4380321
2016-02-12,15.008264,15.603306,14.545455,15.438017,15.438017,6019992
2016-02-16,11.404959,12.190083,10.628099,12.033058,12.033058,33698500
2016-02-17,11.983471,12.586777,11.983471,12.338843,12.338843,9515561
2016-02-18,12.231405,12.495868,11.785124,12.388430,12.388430,6111952
2016-02-19,12.380165,12.396694,11.661157,12.066116,12.066116,4789785
2016-02-22,12.338843,12.504132,12.132231,12.223140,12.223140,6416509
2016-02-23,12.148760,12.305785,11.595041,12.099174,12.099174,5999301
2016-02-24,11.909091,12.561983,11.669421,12.512397,12.512397,6947941
2016-02-25,12.669421,13.322314,12.462810,12.570248,12.570248,5059494
2016-02-26,12.652893,13.165289,12.603306,12.876033,12.876033,4162642
2016-02-29,12.909091,13.033058,12.495868,12.495868,12.495868,3089009
2016-03-01,12.545455,12.884298,12.322314,12.752066,12.752066,3724743
2016-03-02,12.752066,13.628099,12.652893,13.487603,13.487603,4814711
2016-03-03,13.438017,14.471074,13.280992,14.355372,14.355372,5847809
2016-03-04,14.471074,14.628099,13.702479,13.942149,13.942149,3713490
2016-03-07,13.768595,14.132231,13.570248,13.876033,13.876033,3987434
2016-03-08,13.768595,13.884298,13.330579,13.347107,13.347107,3409659
2016-03-09,13.479339,13.768595,13.223140,13.661157,13.661157,2946350
2016-03-10,13.702479,13.942149,12.842975,12.991736,12.991736,4048418
2016-03-11,13.198347,13.619835,13.057851,13.619835,13.619835,4692259
2016-03-14,13.685950,13.826446,13.355372,13.677686,13.677686,2928684
2016-03-15,13.487603,13.520661,12.479339,12.776860,12.776860,3335970
2016-03-16,12.710744,13.123967,12.611570,12.834711,12.834711,2999348
2016-03-17,12.859504,12.876033,12.495868,12.735537,12.735537,4151752
2016-03-18,12.752066,13.520661,12.735537,13.471074,13.471074,6740547
2016-03-21,13.528926,13.933884,13.157025,13.462810,13.462810,3306325
2016-03-22,13.247934,14.677686,13.223140,14.355372,14.355372,5502475
2016-03-23,14.330579,15.495868,14.330579,14.685950,14.685950,7139847
2016-03-24,14.479339,14.479339,13.818182,14.165289,14.165289,4000260
2016-03-28,14.223140,14.297521,13.760331,14.066116,14.066116,4115452
2016-03-29,14.024793,15.289256,13.842975,15.256198,15.256198,4922885
2016-03-30,15.355372,15.685950,15.041322,15.173554,15.173554,4043336
2016-03-31,15.099174,15.495868,14.983471,15.297521,15.297521,4199426
2016-04-01,15.239669,15.462810,14.983471,15.429752,15.429752,3394050
2016-04-04,15.446281,15.694215,15.107438,15.173554,15.173554,3459148
2016-04-05,14.966942,15.264463,14.876033,15.148760,15.148760,3226344
2016-04-06,15.173554,15.388430,15.016529,15.388430,15.388430,3465198
2016-04-07,15.256198,15.512397,15.157025,15.396694,15.396694,2978778
2016-04-08,15.595041,15.694215,15.280992,15.495868,15.495868,3318304
2016-04-11,15.595041,15.595041,14.909091,15.090909,15.090909,1913010
2016-04-12,15.148760,15.495868,15.041322,15.314050,15.314050,2532530
2016-04-13,15.495868,16.173553,15.454545,16.099174,16.099174,6530007
2016-04-14,16.132231,16.595041,15.958678,16.380165,16.380165,2721411
2016-04-15,16.338842,16.438017,15.495868,16.066116,16.066116,3336333
2016-04-18,15.933884,16.462811,15.785124,16.371901,16.371901,2344375
2016-04-19,16.363636,16.462811,15.809917,15.933884,15.933884,3149993
2016-04-20,15.950413,16.876034,15.363636,16.677687,16.677687,4223868
2016-04-21,16.719007,17.388430,16.694216,16.785124,16.785124,3586077
2016-04-22,20.309999,21.100000,20.309999,20.840000,20.840000,2225100
2016-04-25,20.420000,20.420000,18.680000,19.260000,19.260000,4168400
2016-04-26,19.410000,20.100000,19.350000,20.000000,20.000000,1875800
2016-04-27,20.080000,20.600000,20.040001,20.459999,20.459999,1900900
2016-04-28,20.520000,21.379999,19.910000,19.980000,19.980000,2950700
2016-04-29,19.750000,20.000000,18.549999,19.080000,19.080000,3452800
2016-05-02,16.150000,16.340000,15.080000,15.740000,15.740000,5825700
2016-05-03,13.520000,15.150000,13.130000,14.870000,14.870000,13018500
2016-05-04,14.800000,15.670000,14.670000,15.020000,15.020000,4631100
2016-05-05,15.130000,15.460000,15.020000,15.300000,15.300000,2778800
2016-05-06,15.200000,15.620000,14.740000,14.860000,14.860000,2570300
2016-05-09,14.880000,15.090000,14.680000,14.710000,14.710000,1943200
2016-05-10,14.790000,14.850000,13.870000,14.090000,14.090000,4648800
2016-05-11,14.080000,14.470000,13.950000,14.080000,14.080000,2390000
2016-05-12,14.190000,14.210000,12.360000,12.560000,12.560000,6080400
2016-05-13,12.430000,12.970000,12.390000,12.500000,12.500000,3105800
2016-05-16,12.580000,12.890000,12.300000,12.750000,12.750000,3675800
2016-05-17,12.810000,14.090000,12.810000,13.240000,13.240000,4971700
2016-05-18,13.180000,13.480000,12.540000,12.580000,12.580000,4606000
2016-05-19,12.370000,12.740000,12.250000,12.550000,12.550000,4405200
2016-05-20,12.590000,12.950000,12.450000,12.750000,12.750000,4709100
2016-05-23,12.700000,12.730000,12.270000,12.390000,12.390000,3127400
2016-05-24,12.200000,12.460000,11.810000,12.350000,12.350000,3694400
2016-05-25,12.370000,13.240000,12.220000,13.120000,13.120000,4842500
2016-05-26,13.000000,13.100000,12.650000,12.880000,12.880000,3710700
2016-05-27,12.850000,13.500000,12.850000,13.080000,13.080000,3781800
2016-05-31,13.130000,13.450000,13.030000,13.440000,13.440000,2993500
2016-06-01,13.330000,14.030000,13.270000,13.940000,13.940000,3787000
2016-06-02,13.900000,14.190000,13.680000,14.060000,14.060000,2503800
2016-06-03,14.080000,14.130000,13.590000,13.750000,13.750000,2056400
2016-06-06,13.800000,14.340000,13.620000,14.230000,14.230000,2669700
2016-06-07,14.250000,14.780000,14.200000,14.600000,14.600000,2471000
2016-06-08,14.690000,15.520000,14.690000,15.260000,15.260000,4869100
2016-06-09,15.130000,15.160000,14.550000,14.770000,14.770000,2982000
2016-06-10,14.500000,14.550000,13.940000,14.050000,14.050000,2500700
2016-06-13,13.930000,14.080000,13.210000,13.280000,13.280000,4685800
2016-06-14,13.200000,13.580000,12.960000,13.320000,13.320000,3526300
2016-06-15,13.330000,13.530000,13.170000,13.240000,13.240000,3165500
2016-06-16,13.080000,13.170000,12.740000,13.110000,13.110000,2841900
2016-06-17,13.140000,13.650000,12.970000,13.020000,13.020000,3532400
2016-06-20,13.250000,13.620000,13.170000,13.190000,13.190000,3113700
2016-06-21,13.200000,13.280000,12.660000,13.220000,13.220000,3554300
2016-06-22,13.250000,13.560000,13.070000,13.380000,13.380000,3220400
2016-06-23,13.600000,13.900000,13.500000,13.890000,13.890000,3123400
2016-06-24,13.230000,13.500000,12.740000,13.020000,13.020000,13196700
2016-06-27,12.930000,12.930000,11.870000,12.080000,12.080000,6976300
2016-06-28,12.260000,12.680000,12.000000,12.240000,12.240000,4211100
2016-06-29,12.450000,12.810000,12.290000,12.460000,12.460000,3122900
2016-06-30,12.510000,12.620000,11.700000,12.050000,12.050000,7356600
2016-07-01,12.080000,12.370000,11.860000,12.030000,12.030000,3906900
2016-07-05,11.970000,11.970000,11.430000,11.690000,11.690000,5760800
2016-07-06,11.520000,12.060000,11.430000,11.950000,11.950000,5453500
2016-07-07,12.080000,12.530000,12.010000,12.230000,12.230000,3291400
2016-07-08,12.510000,13.030000,12.430000,12.890000,12.890000,4302100
2016-07-11,12.990000,13.180000,12.750000,13.040000,13.040000,3150000
2016-07-12,13.220000,13.230000,12.720000,12.870000,12.870000,3946000
2016-07-13,13.030000,13.180000,12.690000,12.800000,12.800000,3557900
2016-07-14,13.000000,13.060000,12.580000,12.810000,12.810000,3251400
2016-07-15,12.920000,13.070000,12.740000,12.900000,12.900000,2468500
2016-07-18,12.950000,13.350000,12.850000,13.300000,13.300000,2629100
2016-07-19,13.140000,13.310000,12.680000,12.850000,12.850000,2935700
2016-07-20,12.850000,13.000000,12.730000,12.860000,12.860000,4078500
2016-07-21,12.860000,13.590000,12.810000,13.240000,13.240000,3666400
2016-07-22,13.390000,13.460000,12.710000,12.980000,12.980000,2807400
2016-07-25,12.960000,13.090000,12.650000,12.810000,12.810000,2011800
2016-07-26,12.780000,13.260000,12.680000,13.000000,13.000000,3301900
2016-07-27,12.740000,13.000000,12.460000,12.790000,12.790000,2766700
2016-07-28,12.590000,13.370000,12.410000,13.110000,13.110000,4570900
2016-07-29,12.920000,13.060000,12.370000,12.770000,12.770000,5609700
2016-08-01,12.900000,12.920000,12.380000,12.580000,12.580000,4136600
2016-08-02,12.470000,12.750000,11.820000,12.200000,12.200000,7868000
2016-08-03,10.920000,12.710000,10.530000,12.390000,12.390000,15240400
2016-08-04,12.280000,12.700000,12.240000,12.500000,12.500000,5095300
2016-08-05,12.530000,12.740000,12.400000,12.520000,12.520000,5082400
2016-08-08,12.600000,12.710000,11.900000,11.940000,11.940000,4154200
2016-08-09,11.750000,11.910000,11.420000,11.530000,11.530000,5868800
2016-08-10,11.550000,11.810000,11.250000,11.440000,11.440000,5301100
2016-08-11,11.480000,11.490000,10.800000,10.840000,10.840000,5144000
2016-08-12,11.060000,11.170000,10.840000,10.950000,10.950000,4716400
2016-08-15,11.040000,11.120000,10.850000,11.030000,11.030000,6799300
2016-08-16,11.030000,11.080000,10.770000,10.780000,10.780000,3097700
2016-08-17,10.770000,10.780000,10.020000,10.150000,10.150000,7549600
2016-08-18,10.140000,10.300000,10.010000,10.030000,10.030000,3631200
2016-08-19,10.020000,10.240000,9.660000,10.210000,10.210000,4241900
2016-08-22,10.190000,10.280000,10.070000,10.260000,10.260000,1984300
2016-08-23,10.330000,10.620000,10.280000,10.560000,10.560000,2740300
2016-08-24,10.560000,10.800000,10.210000,10.280000,10.280000,3343800
2016-08-25,10.180000,10.360000,10.060000,10.200000,10.200000,3239200
2016-08-26,10.220000,10.360000,9.990000,10.070000,10.070000,3139500
2016-08-29,10.070000,10.620000,10.030000,10.550000,10.550000,3666200
2016-08-30,10.530000,10.770000,10.410000,10.720000,10.720000,4126200
2016-08-31,10.720000,10.720000,10.180000,10.680000,10.680000,4238200
2016-09-01,10.700000,10.740000,10.070000,10.150000,10.150000,3468300
2016-09-02,10.240000,10.840000,10.090000,10.790000,10.790000,4933300
2016-09-06,10.900000,10.970000,10.480000,10.900000,10.900000,4348500
2016-09-07,10.890000,11.450000,10.880000,11.360000,11.360000,6270900
2016-09-08,11.270000,11.700000,11.010000,11.480000,11.480000,6495100
2016-09-09,11.350000,11.530000,11.000000,11.060000,11.060000,3977000
2016-09-12,10.960000,11.360000,10.730000,11.240000,11.240000,3118700
2016-09-13,11.090000,11.120000,10.520000,10.780000,10.780000,3801200
2016-09-14,11.160000,11.200000,10.470000,10.720000,10.720000,4574600
2016-09-15,10.700000,10.830000,10.420000,10.620000,10.620000,3752400
2016-09-16,10.560000,13.280000,10.520000,12.290000,12.290000,12444500
2016-09-19,11.910000,12.190000,11.030000,11.090000,11.090000,17185600
2016-09-20,11.070000,11.200000,10.300000,10.760000,10.760000,7673400
2016-09-21,10.800000,10.830000,10.000000,10.170000,10.170000,5122800
2016-09-22,10.250000,10.330000,10.040000,10.200000,10.200000,4027200
2016-09-23,10.200000,10.720000,10.170000,10.350000,10.350000,3223900
2016-09-26,10.270000,10.410000,9.810000,10.310000,10.310000,5491400
2016-09-27,10.300000,10.660000,10.250000,10.440000,10.440000,2919100
2016-09-28,10.510000,11.270000,10.320000,11.160000,11.160000,7326900
2016-09-29,11.050000,11.540000,11.000000,11.140000,11.140000,5567100
2016-09-30,11.250000,11.620000,10.670000,11.540000,11.540000,3278800
2016-10-03,11.610000,11.740000,11.070000,11.310000,11.310000,2409200
2016-10-04,11.330000,11.600000,11.000000,11.160000,11.160000,3751900
2016-10-05,11.240000,11.680000,11.060000,11.470000,11.470000,20918400
2016-10-06,11.490000,11.500000,10.810000,10.940000,10.940000,4627400
2016-10-07,10.980000,11.190000,10.620000,10.640000,10.640000,3771500
2016-10-10,10.660000,10.910000,10.650000,10.710000,10.710000,2930700
2016-10-11,10.710000,10.730000,10.130000,10.250000,10.250000,3231700
2016-10-12,10.220000,10.740000,10.160000,10.460000,10.460000,2981700
2016-10-13,10.370000,10.700000,10.280000,10.530000,10.530000,3287300
2016-10-14,10.530000,10.670000,10.000000,10.020000,10.020000,3683600
2016-10-17,10.080000,10.280000,9.940000,10.080000,10.080000,2438300
2016-10-18,10.260000,10.670000,10.150000,10.530000,10.530000,2522400
2016-10-19,10.550000,10.640000,10.180000,10.490000,10.490000,2086100
2016-10-20,10.500000,10.650000,10.310000,10.470000,10.470000,1668500
2016-10-21,10.400000,10.500000,10.110000,10.370000,10.370000,1996000
2016-10-24,10.450000,10.500000,10.270000,10.400000,10.400000,1644800
2016-10-25,10.380000,10.600000,10.220000,10.240000,10.240000,2096500
2016-10-26,10.150000,10.290000,9.980000,10.030000,10.030000,2836400
2016-10-27,6.500000,6.530000,4.880000,5.050000,5.050000,59304600
2016-10-28,5.270000,5.540000,4.940000,5.230000,5.230000,27277100
2016-10-31,5.350000,5.440000,5.200000,5.280000,5.280000,6763900
2016-11-01,5.290000,5.340000,4.750000,4.970000,4.970000,7758100
2016-11-02,5.120000,5.460000,5.100000,5.320000,5.320000,7221100
2016-11-03,5.330000,5.610000,5.100000,5.140000,5.140000,7575300
2016-11-04,5.120000,5.660000,5.040000,5.540000,5.540000,7382300
2016-11-07,5.780000,6.120000,5.750000,6.040000,6.040000,7688000
2016-11-08,6.000000,6.180000,5.730000,5.940000,5.940000,4909300
2016-11-09,4.520000,4.920000,4.150000,4.660000,4.660000,33854200
2016-11-10,4.840000,4.990000,4.750000,4.950000,4.950000,8417500
2016-11-11,4.730000,4.940000,4.730000,4.870000,4.870000,5964300
2016-11-14,4.960000,5.390000,4.920000,5.330000,5.330000,7452100
2016-11-15,5.360000,5.500000,5.170000,5.430000,5.430000,5825900
2016-11-16,5.400000,5.590000,5.330000,5.500000,5.500000,3687600
2016-11-17,5.500000,5.830000,5.470000,5.490000,5.490000,4243800
2016-11-18,5.600000,5.850000,5.540000,5.780000,5.780000,4427100
2016-11-21,5.770000,5.940000,5.670000,5.810000,5.810000,4542000
2016-11-22,5.850000,5.860000,5.690000,5.730000,5.730000,4332200
2016-11-23,5.670000,5.880000,5.510000,5.860000,5.860000,2625500
2016-11-25,5.890000,5.990000,5.770000,5.850000,5.850000,1056400
2016-11-28,5.840000,5.870000,5.380000,5.430000,5.430000,3922000
2016-11-29,5.430000,5.580000,5.350000,5.420000,5.420000,2617200
2016-11-30,5.440000,5.510000,5.350000,5.440000,5.440000,2777300
2016-12-01,5.420000,5.620000,5.380000,5.440000,5.440000,2737000
2016-12-02,5.470000,5.610000,5.330000,5.470000,5.470000,2332300
2016-12-05,5.510000,5.680000,5.400000,5.510000,5.510000,3024000
2016-12-06,5.550000,5.800000,5.430000,5.730000,5.730000,2815300
2016-12-07,5.730000,5.870000,5.580000,5.720000,5.720000,3641600
2016-12-08,5.750000,5.810000,5.540000,5.720000,5.720000,3529700
2016-12-09,5.720000,5.800000,5.580000,5.730000,5.730000,3099000
2016-12-12,5.720000,5.800000,5.490000,5.500000,5.500000,3194100
2016-12-13,5.560000,5.600000,5.360000,5.410000,5.410000,2978400
2016-12-14,5.400000,5.460000,5.290000,5.320000,5.320000,3422900
2016-12-15,5.320000,5.440000,5.240000,5.430000,5.430000,2666700
2016-12-16,5.440000,5.730000,5.310000,5.650000,5.650000,8550100
2016-12-19,5.650000,5.730000,5.520000,5.550000,5.550000,3207600
2016-12-20,5.560000,5.700000,5.500000,5.510000,5.510000,1993500
2016-12-21,5.510000,5.620000,5.410000,5.460000,5.460000,1817600
2016-12-22,5.480000,5.590000,5.360000,5.470000,5.470000,1819000
2016-12-23,5.470000,5.800000,5.390000,5.770000,5.770000,3311400
2016-12-27,5.780000,5.890000,5.680000,5.710000,5.710000,1891400
2016-12-28,5.720000,5.800000,5.620000,5.730000,5.730000,2389600
2016-12-29,5.730000,5.890000,5.690000,5.740000,5.740000,1800100
2016-12-30,5.740000,5.750000,5.560000,5.590000,5.590000,4055700
2017-01-03,5.690000,5.810000,5.410000,5.810000,5.810000,3575400
2017-01-04,5.900000,6.300000,5.820000,6.230000,6.230000,5440900
2017-01-05,6.240000,6.360000,5.900000,6.270000,6.270000,4684800
2017-01-06,6.300000,6.330000,6.110000,6.150000,6.150000,2614900
2017-01-09,6.170000,6.440000,6.070000,6.300000,6.300000,3236600
2017-01-10,6.340000,6.430000,6.250000,6.350000,6.350000,2103300
2017-01-11,6.420000,6.830000,6.300000,6.810000,6.810000,4047900
2017-01-12,6.770000,6.830000,6.440000,6.580000,6.580000,3541500
2017-01-13,6.570000,7.120000,6.560000,6.930000,6.930000,3560700
2017-01-17,6.950000,7.390000,6.790000,7.110000,7.110000,6865800
2017-01-18,7.150000,7.190000,6.680000,6.820000,6.820000,3140100
2017-01-19,6.830000,6.830000,6.400000,6.440000,6.440000,3258100
2017-01-20,6.460000,6.710000,6.440000,6.570000,6.570000,2394600
2017-01-23,6.510000,6.520000,6.170000,6.430000,6.430000,3929000
2017-01-24,6.440000,6.580000,6.330000,6.510000,6.510000,1331100
2017-01-25,6.610000,6.900000,6.580000,6.750000,6.750000,3005500
2017-01-26,6.750000,6.880000,6.680000,6.720000,6.720000,2583000
2017-01-27,6.720000,6.800000,6.500000,6.580000,6.580000,2177600
2017-01-30,6.530000,6.540000,6.190000,6.200000,6.200000,4155100
2017-01-31,6.320000,6.480000,6.230000,6.400000,6.400000,2830700
2017-02-01,6.450000,6.600000,6.320000,6.550000,6.550000,3110900
2017-02-02,6.600000,6.630000,6.430000,6.430000,6.430000,1804200
2017-02-03,6.460000,6.680000,6.460000,6.610000,6.610000,3567700
2017-02-06,6.670000,6.860000,6.510000,6.530000,6.530000,2316100
2017-02-07,6.590000,6.590000,6.160000,6.230000,6.230000,3472400
2017-02-08,6.200000,6.510000,6.090000,6.430000,6.430000,2906600
2017-02-09,6.430000,6.730000,6.400000,6.700000,6.700000,2052900
2017-02-10,6.770000,6.830000,6.540000,6.560000,6.560000,2081500
2017-02-13,6.600000,6.640000,6.390000,6.480000,6.480000,2572600
2017-02-14,6.470000,6.660000,6.420000,6.620000,6.620000,2104800
2017-02-15,6.620000,7.170000,6.610000,7.110000,7.110000,4626500
2017-02-16,7.160000,7.350000,6.910000,7.120000,7.120000,4907900
2017-02-17,7.220000,7.270000,6.790000,6.900000,6.900000,3392400
2017-02-21,8.550000,9.690000,8.550000,9.230000,9.230000,23946900
2017-02-22,9.390000,9.720000,9.080000,9.120000,9.120000,8333100
2017-02-23,9.180000,9.340000,8.760000,8.900000,8.900000,8340800
2017-02-24,8.760000,9.360000,8.750000,9.220000,9.220000,3495900
2017-02-27,9.360000,9.730000,9.230000,9.690000,9.690000,4779800
2017-02-28,9.550000,9.760000,9.440000,9.750000,9.750000,5159900
2017-03-01,9.280000,9.720000,9.120000,9.190000,9.190000,6006700
2017-03-02,9.210000,9.390000,9.100000,9.140000,9.140000,3260600
2017-03-03,9.250000,9.790000,9.230000,9.720000,9.720000,5714400
2017-03-06,9.710000,9.880000,9.450000,9.860000,9.860000,3553700
2017-03-07,9.680000,9.830000,8.930000,8.940000,8.940000,5854100
2017-03-08,9.050000,9.470000,9.050000,9.340000,9.340000,4337100
2017-03-09,9.320000,9.670000,9.230000,9.580000,9.580000,3580500
2017-03-10,9.570000,9.690000,9.270000,9.420000,9.420000,3853000
2017-03-13,9.400000,9.580000,9.300000,9.390000,9.390000,2917400
2017-03-14,9.290000,9.380000,9.030000,9.180000,9.180000,3059300
2017-03-15,9.200000,9.590000,9.050000,9.580000,9.580000,2982300
2017-03-16,9.620000,9.730000,9.280000,9.420000,9.420000,1863800
2017-03-17,9.380000,9.400000,9.170000,9.340000,9.340000,5319400
2017-03-20,9.320000,9.320000,8.750000,8.910000,8.910000,3887500
2017-03-21,8.910000,8.970000,8.120000,8.220000,8.220000,5179200
2017-03-22,8.180000,8.410000,8.020000,8.400000,8.400000,2469500
2017-03-23,8.350000,8.790000,8.300000,8.700000,8.700000,4279700
2017-03-24,8.780000,9.650000,8.780000,9.540000,9.540000,6789800
2017-03-27,9.750000,10.110000,9.500000,9.640000,9.640000,7283700
2017-03-28,9.580000,9.580000,8.810000,9.250000,9.250000,6731500
2017-03-29,9.080000,9.150000,8.800000,8.810000,8.810000,6420800
2017-03-30,8.820000,8.960000,8.570000,8.920000,8.920000,5283100
2017-03-31,8.920000,8.950000,8.770000,8.870000,8.870000,2451900
2017-04-03,8.870000,8.990000,8.600000,8.670000,8.670000,2540500
2017-04-04,8.570000,8.660000,8.090000,8.640000,8.640000,5175400
2017-04-05,8.640000,9.100000,8.640000,9.010000,9.010000,5031200
2017-04-06,9.040000,9.120000,8.810000,8.940000,8.940000,2774900
2017-04-07,8.910000,8.930000,8.740000,8.860000,8.860000,1741400
2017-04-10,8.870000,9.280000,8.810000,9.140000,9.140000,2113600
2017-04-11,9.080000,9.190000,8.970000,9.000000,9.000000,1886300
2017-04-12,9.000000,9.060000,8.730000,8.880000,8.880000,1285500
2017-04-13,8.880000,9.140000,8.780000,9.100000,9.100000,1816600
2017-04-17,8.920000,8.920000,8.300000,8.570000,8.570000,3587900
2017-04-18,8.530000,8.550000,8.350000,8.470000,8.470000,2038100
2017-04-19,8.490000,8.810000,8.480000,8.510000,8.510000,2115600
2017-04-20,8.520000,8.570000,8.070000,8.350000,8.350000,4422300
2017-04-21,8.320000,8.400000,8.170000,8.240000,8.240000,2622300
2017-04-24,8.340000,8.520000,8.200000,8.450000,8.450000,4489900
2017-04-25,8.450000,8.640000,8.340000,8.600000,8.600000,2278500
2017-04-26,8.640000,8.940000,8.280000,8.490000,8.490000,4548600
2017-04-27,8.520000,8.620000,8.180000,8.430000,8.430000,2459200
2017-04-28,8.410000,8.630000,8.320000,8.610000,8.610000,3010400
2017-05-01,8.620000,8.850000,8.350000,8.620000,8.620000,4018600
2017-05-02,9.050000,10.510000,9.050000,10.320000,10.320000,14817000
2017-05-03,10.370000,10.450000,9.580000,9.610000,9.610000,5705400
2017-05-04,9.360000,9.780000,9.140000,9.610000,9.610000,4892300
2017-05-05,9.580000,9.840000,9.500000,9.620000,9.620000,2399500
2017-05-08,9.620000,9.700000,9.430000,9.640000,9.640000,2002200
2017-05-09,9.720000,10.000000,9.650000,9.800000,9.800000,2913500
2017-05-10,9.840000,10.340000,9.790000,10.200000,10.200000,3062600
2017-05-11,10.190000,10.440000,10.010000,10.150000,10.150000,3075000
2017-05-12,10.170000,10.230000,9.960000,10.160000,10.160000,1362600
2017-05-15,10.170000,10.210000,9.950000,10.190000,10.190000,2458500
2017-05-16,10.250000,10.250000,9.770000,9.810000,9.810000,2508300
2017-05-17,9.810000,9.940000,9.610000,9.620000,9.620000,2320300
2017-05-18,9.570000,9.650000,9.300000,9.370000,9.370000,2779600
2017-05-19,9.410000,10.050000,9.400000,9.840000,9.840000,2671100
2017-05-22,9.830000,9.960000,9.630000,9.670000,9.670000,2165000
2017-05-23,9.700000,9.760000,9.530000,9.610000,9.610000,1570000
2017-05-24,9.570000,9.630000,9.390000,9.560000,9.560000,2128400
2017-05-25,9.610000,9.700000,9.440000,9.500000,9.500000,1165400
2017-05-26,9.520000,9.530000,9.270000,9.360000,9.360000,1701500
2017-05-30,9.340000,9.480000,9.150000,9.160000,9.160000,1632900
2017-05-31,9.180000,9.210000,8.510000,8.850000,8.850000,3916600
2017-06-01,8.890000,9.240000,8.830000,9.170000,9.170000,2851500
2017-06-02,9.170000,9.310000,8.730000,8.780000,8.780000,2432600
2017-06-05,8.800000,8.800000,8.390000,8.470000,8.470000,2529500
2017-06-06,8.470000,8.650000,8.210000,8.490000,8.490000,2542900
2017-06-07,8.360000,8.600000,8.260000,8.470000,8.470000,1757500
2017-06-08,8.450000,8.710000,8.330000,8.530000,8.530000,1480300
2017-06-09,8.510000,8.840000,8.300000,8.440000,8.440000,3090700
2017-06-12,8.480000,8.850000,8.480000,8.610000,8.610000,1793300
2017-06-13,8.680000,8.880000,8.640000,8.770000,8.770000,1436900
2017-06-14,8.840000,9.200000,8.840000,9.180000,9.180000,2532400
2017-06-15,9.110000,9.200000,8.870000,8.910000,8.910000,2277800
2017-06-16,8.900000,9.000000,8.720000,8.980000,8.980000,2536800
2017-06-19,9.040000,9.130000,8.770000,9.130000,9.130000,1584700
2017-06-20,9.040000,9.060000,8.800000,8.810000,8.810000,1095500
2017-06-21,8.930000,9.120000,8.750000,8.820000,8.820000,1967900
2017-06-22,8.840000,9.740000,8.820000,9.270000,9.270000,6215200
2017-06-23,9.350000,9.420000,9.150000,9.330000,9.330000,3061800
2017-06-26,9.370000,9.630000,9.270000,9.350000,9.350000,2330100
2017-06-27,9.270000,9.870000,9.270000,9.580000,9.580000,2703800
2017-06-28,9.620000,9.910000,9.480000,9.830000,9.830000,2462200
2017-06-29,9.870000,10.180000,9.860000,10.050000,10.050000,3460400
2017-06-30,10.080000,10.160000,9.760000,9.960000,9.960000,3521800
2017-07-03,9.990000,10.090000,9.820000,9.940000,9.940000,1261200
2017-07-05,9.970000,10.050000,9.800000,9.880000,9.880000,1877000
2017-07-06,9.840000,9.870000,9.280000,9.320000,9.320000,2317000
2017-07-07,9.340000,9.470000,9.090000,9.440000,9.440000,2263700
2017-07-10,9.410000,9.650000,9.290000,9.590000,9.590000,1882800
2017-07-11,9.590000,9.710000,9.370000,9.560000,9.560000,1783600
2017-07-12,9.650000,9.820000,9.540000,9.790000,9.790000,1409000
2017-07-13,9.790000,9.790000,9.210000,9.300000,9.300000,3366300
2017-07-14,9.300000,9.360000,9.190000,9.260000,9.260000,1612700
2017-07-17,9.280000,9.420000,9.200000,9.310000,9.310000,1782100
2017-07-18,9.520000,9.580000,9.200000,9.220000,9.220000,2903200
2017-07-19,9.250000,9.310000,9.020000,9.240000,9.240000,2157800
2017-07-20,9.210000,9.370000,9.150000,9.260000,9.260000,3450600
2017-07-21,9.310000,9.390000,9.140000,9.270000,9.270000,2595000
2017-07-24,9.290000,9.890000,9.220000,9.680000,9.680000,3592700
2017-07-25,9.500000,9.540000,8.630000,8.710000,8.710000,6533300
2017-07-26,8.710000,8.750000,8.400000,8.460000,8.460000,3174400
2017-07-27,7.200000,7.560000,6.980000,7.230000,7.230000,10484400
2017-07-28,7.280000,7.560000,7.220000,7.390000,7.390000,6194600
2017-07-31,7.350000,7.360000,6.990000,7.150000,7.150000,5838300
2017-08-01,7.200000,7.200000,6.820000,6.880000,6.880000,4342700
2017-08-02,6.870000,6.870000,6.360000,6.590000,6.590000,5503500
2017-08-03,6.400000,6.600000,6.400000,6.500000,6.500000,4071800
2017-08-04,6.500000,6.620000,6.460000,6.520000,6.520000,3012100
2017-08-07,6.540000,6.620000,6.390000,6.530000,6.530000,2895800
2017-08-08,6.490000,6.600000,6.280000,6.340000,6.340000,3379600
2017-08-09,6.280000,6.300000,6.030000,6.160000,6.160000,3580600
2017-08-10,6.090000,6.200000,6.040000,6.070000,6.070000,2505100
2017-08-11,6.110000,8.070000,6.100000,7.450000,7.450000,29129100
2017-08-14,7.290000,7.400000,6.730000,7.350000,7.350000,13562600
2017-08-15,7.350000,7.410000,6.770000,6.880000,6.880000,8482900
2017-08-16,6.870000,7.170000,6.850000,6.940000,6.940000,4089300
2017-08-17,6.900000,7.110000,6.790000,6.840000,6.840000,2706200
2017-08-18,6.750000,7.120000,6.730000,7.030000,7.030000,3125600
2017-08-21,7.070000,7.930000,6.990000,7.640000,7.640000,5922300
2017-08-22,7.630000,7.630000,7.220000,7.290000,7.290000,4213700
2017-08-23,7.240000,7.410000,7.080000,7.400000,7.400000,1810700
2017-08-24,7.310000,7.680000,7.290000,7.530000,7.530000,2132400
2017-08-25,7.550000,7.670000,7.470000,7.580000,7.580000,1693300
2017-08-28,7.620000,7.840000,7.580000,7.800000,7.800000,1756500
2017-08-29,7.690000,7.690000,7.340000,7.470000,7.470000,2610800
2017-08-30,7.490000,7.500000,7.160000,7.330000,7.330000,2179700
2017-08-31,7.290000,7.810000,7.270000,7.640000,7.640000,2804400
2017-09-01,7.640000,7.890000,7.550000,7.870000,7.870000,2129700
2017-09-05,7.870000,7.920000,7.630000,7.680000,7.680000,1886900
2017-09-06,7.660000,7.680000,7.070000,7.300000,7.300000,3899700
2017-09-07,7.290000,7.320000,7.030000,7.080000,7.080000,4698900
2017-09-08,7.060000,7.260000,7.040000,7.130000,7.130000,1971000
2017-09-11,7.220000,7.500000,7.200000,7.400000,7.400000,1972100
2017-09-12,7.440000,7.680000,7.430000,7.590000,7.590000,1680800
2017-09-13,7.630000,7.690000,7.320000,7.330000,7.330000,1941600
2017-09-14,7.470000,7.680000,7.270000,7.540000,7.540000,2072600
2017-09-15,7.570000,7.800000,7.470000,7.610000,7.610000,3640400
2017-09-18,7.610000,7.670000,7.110000,7.260000,7.260000,3230100
2017-09-19,7.260000,7.310000,7.000000,7.090000,7.090000,2117900
2017-09-20,7.100000,7.260000,7.040000,7.240000,7.240000,1755800
2017-09-21,7.230000,7.390000,7.160000,7.280000,7.280000,1611500
2017-09-22,7.260000,7.450000,7.150000,7.360000,7.360000,3402700
2017-09-25,7.330000,7.510000,7.190000,7.270000,7.270000,1790200
2017-09-26,7.400000,7.550000,7.270000,7.340000,7.340000,2027800
2017-09-27,7.350000,7.570000,7.340000,7.480000,7.480000,2169500
2017-09-28,7.470000,7.580000,7.350000,7.540000,7.540000,1724500
2017-09-29,7.550000,7.760000,7.550000,7.680000,7.680000,1635300
2017-10-02,7.710000,7.890000,7.600000,7.830000,7.830000,1983800
2017-10-03,7.800000,7.860000,7.420000,7.730000,7.730000,3296500
2017-10-04,7.720000,7.790000,7.360000,7.380000,7.380000,2536200
2017-10-05,7.390000,7.620000,7.290000,7.300000,7.300000,2762900
2017-10-06,7.250000,7.480000,7.020000,7.100000,7.100000,3197700
2017-10-09,7.000000,7.010000,6.600000,6.620000,6.620000,4280800
2017-10-10,6.630000,6.740000,6.280000,6.360000,6.360000,3728500
2017-10-11,6.360000,6.410000,6.180000,6.200000,6.200000,3235400
2017-10-12,6.250000,6.280000,5.940000,6.010000,6.010000,4681600
2017-10-13,5.390000,5.840000,5.320000,5.770000,5.770000,6577500
2017-10-16,5.770000,5.980000,5.770000,5.900000,5.900000,2153100
2017-10-17,5.940000,6.480000,5.810000,6.430000,6.430000,6782900
2017-10-18,6.420000,6.500000,5.950000,5.980000,5.980000,5340500
2017-10-19,5.890000,6.210000,5.890000,6.200000,6.200000,2692300
2017-10-20,6.330000,6.640000,6.220000,6.440000,6.440000,3611000
2017-10-23,6.450000,6.550000,6.390000,6.440000,6.440000,1501300
2017-10-24,6.440000,6.540000,6.210000,6.330000,6.330000,1850600
2017-10-25,6.310000,6.390000,6.010000,6.170000,6.170000,2810800
2017-10-26,6.060000,6.200000,5.800000,5.820000,5.820000,3208300
2017-10-27,5.810000,6.170000,5.790000,5.850000,5.850000,3526900
2017-10-30,5.820000,5.910000,5.710000,5.850000,5.850000,3489700
2017-10-31,5.810000,6.020000,5.800000,5.900000,5.900000,2584500
2017-11-01,5.800000,5.860000,5.260000,5.440000,5.440000,8602100
2017-11-02,4.830000,4.960000,4.450000,4.540000,4.540000,14165300
2017-11-03,4.460000,4.640000,4.320000,4.400000,4.400000,6227400
2017-11-06,4.370000,4.510000,4.290000,4.330000,4.330000,5253500
2017-11-07,4.370000,4.600000,4.330000,4.460000,4.460000,3815200
2017-11-08,4.470000,4.570000,4.400000,4.490000,4.490000,3304000
2017-11-09,4.430000,4.590000,4.420000,4.500000,4.500000,2018300
2017-11-10,4.470000,4.580000,4.350000,4.380000,4.380000,4179200
2017-11-13,4.380000,4.390000,4.250000,4.270000,4.270000,2368800
2017-11-14,4.260000,4.320000,4.090000,4.230000,4.230000,3755100
2017-11-15,4.220000,4.250000,3.950000,4.100000,4.100000,3178100
2017-11-16,4.150000,4.250000,4.080000,4.220000,4.220000,2268900
2017-11-17,4.230000,4.290000,4.090000,4.150000,4.150000,2632000
2017-11-20,4.140000,4.190000,3.930000,3.990000,3.990000,2563500
2017-11-21,3.980000,4.100000,3.850000,4.000000,4.000000,2458800
2017-11-22,4.010000,4.230000,4.000000,4.170000,4.170000,2641900
2017-11-24,4.210000,4.220000,4.160000,4.190000,4.190000,618700
2017-11-27,4.190000,4.290000,4.120000,4.250000,4.250000,1972000
2017-11-28,4.260000,4.300000,4.150000,4.190000,4.190000,1767600
2017-11-29,4.180000,4.550000,4.180000,4.450000,4.450000,3570900
2017-11-30,4.500000,4.660000,4.470000,4.550000,4.550000,2349300
2017-12-01,4.560000,4.570000,4.320000,4.350000,4.350000,1999900
2017-12-04,4.410000,4.530000,4.120000,4.150000,4.150000,2314300
2017-12-05,4.150000,4.220000,3.990000,4.090000,4.090000,3597800
2017-12-06,4.110000,4.110000,3.920000,4.050000,4.050000,2371800
2017-12-07,4.070000,4.330000,3.950000,4.210000,4.210000,2513300
2017-12-08,4.310000,4.360000,4.160000,4.280000,4.280000,1816400
2017-12-11,4.300000,4.430000,4.250000,4.350000,4.350000,2203600
2017-12-12,4.390000,4.570000,4.350000,4.360000,4.360000,4161900
2017-12-13,4.360000,4.470000,4.270000,4.460000,4.460000,1642100
2017-12-14,4.250000,4.360000,4.040000,4.190000,4.190000,3878500
2017-12-15,4.200000,4.270000,4.080000,4.250000,4.250000,5980400
2017-12-18,4.300000,4.380000,4.160000,4.190000,4.190000,2870800
2017-12-19,4.180000,4.250000,4.010000,4.040000,4.040000,2766800
2017-12-20,4.040000,4.090000,3.970000,4.030000,4.030000,2289800
2017-12-21,4.030000,4.100000,3.970000,4.000000,4.000000,2517700
2017-12-22,4.000000,4.060000,3.930000,4.040000,4.040000,1725400
2017-12-26,4.100000,4.260000,4.020000,4.050000,4.050000,2021700
2017-12-27,4.040000,4.110000,4.020000,4.100000,4.100000,1747300
2017-12-28,4.120000,4.240000,4.100000,4.230000,4.230000,2285800
2017-12-29,4.220000,4.400000,4.220000,4.260000,4.260000,3099400
2018-01-02,4.280000,4.500000,4.230000,4.480000,4.480000,2409100
2018-01-03,4.180000,4.260000,4.030000,4.110000,4.110000,4094000
2018-01-04,4.140000,4.330000,4.140000,4.250000,4.250000,2541300
2018-01-05,4.250000,4.260000,4.040000,4.080000,4.080000,2637900
2018-01-08,4.100000,4.110000,3.950000,3.970000,3.970000,3655500
2018-01-09,3.970000,4.030000,3.900000,3.990000,3.990000,3080100
2018-01-10,3.990000,4.060000,3.940000,4.020000,4.020000,1622700
2018-01-11,4.190000,5.040000,4.130000,4.970000,4.970000,11625600
2018-01-12,4.980000,5.180000,4.720000,5.150000,5.150000,8363600
2018-01-16,5.150000,5.200000,4.980000,5.000000,5.000000,4257100
2018-01-17,5.040000,5.190000,4.970000,5.090000,5.090000,5428500
2018-01-18,5.100000,5.270000,4.930000,5.150000,5.150000,4035300
2018-01-19,5.110000,5.250000,5.020000,5.210000,5.210000,3157100
2018-01-22,5.250000,5.960000,5.210000,5.900000,5.900000,5980700
2018-01-23,5.870000,5.890000,5.400000,5.420000,5.420000,4032400
2018-01-24,5.450000,5.570000,5.390000,5.450000,5.450000,2279300
2018-01-25,5.490000,5.570000,5.290000,5.570000,5.570000,2844700
2018-01-26,5.580000,5.800000,5.480000,5.740000,5.740000,1995700
2018-01-29,5.740000,5.910000,5.670000,5.780000,5.780000,2227500
2018-01-30,5.640000,5.800000,5.610000,5.770000,5.770000,3039600
2018-01-31,5.800000,5.820000,5.560000,5.650000,5.650000,3415000
2018-02-01,5.590000,5.800000,5.400000,5.700000,5.700000,2395400
2018-02-02,5.610000,5.700000,5.400000,5.440000,5.440000,2232800
2018-02-05,5.420000,5.640000,5.220000,5.250000,5.250000,2133800
2018-02-06,5.120000,5.460000,5.080000,5.430000,5.430000,2124600
2018-02-07,5.430000,5.680000,5.330000,5.640000,5.640000,1354400
2018-02-08,5.720000,5.800000,5.450000,5.460000,5.460000,2102800
2018-02-09,5.580000,5.580000,5.150000,5.430000,5.430000,3168000
2018-02-12,5.450000,5.600000,5.300000,5.500000,5.500000,2116700
2018-02-13,5.450000,5.530000,5.380000,5.510000,5.510000,1233800
2018-02-14,5.380000,5.520000,5.270000,5.490000,5.490000,2224400
2018-02-15,5.530000,5.740000,5.440000,5.730000,5.730000,1733500
2018-02-16,5.750000,6.360000,5.750000,6.020000,6.020000,6409900
2018-02-20,5.990000,6.120000,5.850000,5.870000,5.870000,2316400
2018-02-21,5.880000,6.130000,5.850000,5.980000,5.980000,1515500
2018-02-22,6.020000,6.240000,6.000000,6.160000,6.160000,2008000
2018-02-23,6.170000,6.170000,5.560000,5.800000,5.800000,4603300
2018-02-26,5.810000,5.890000,5.670000,5.790000,5.790000,1574400
2018-02-27,5.850000,6.280000,5.850000,6.180000,6.180000,3673400
2018-02-28,5.590000,5.750000,4.900000,5.120000,5.120000,8334100
2018-03-01,5.070000,5.100000,4.200000,4.580000,4.580000,7044700
2018-03-02,4.540000,4.920000,4.360000,4.920000,4.920000,4150700
2018-03-05,4.870000,4.900000,4.550000,4.710000,4.710000,5135200
2018-03-06,4.740000,4.980000,4.720000,4.850000,4.850000,2808900
2018-03-07,4.790000,4.970000,4.790000,4.870000,4.870000,2588200
2018-03-08,4.880000,4.970000,4.810000,4.940000,4.940000,1645000
2018-03-09,4.950000,4.960000,4.830000,4.870000,4.870000,2259000
2018-03-12,4.870000,5.030000,4.840000,4.980000,4.980000,2195200
2018-03-13,5.010000,5.090000,4.300000,4.490000,4.490000,7280700
2018-03-14,4.490000,4.530000,4.300000,4.430000,4.430000,3933400
2018-03-15,4.420000,4.690000,4.340000,4.540000,4.540000,3439400
2018-03-16,4.550000,4.580000,4.280000,4.340000,4.340000,4544600
2018-03-19,4.310000,4.350000,4.190000,4.330000,4.330000,2440200
2018-03-20,4.350000,4.360000,4.090000,4.160000,4.160000,1550300
2018-03-21,4.170000,4.360000,4.130000,4.270000,4.270000,1828500
2018-03-22,4.220000,4.280000,4.080000,4.110000,4.110000,1760400
2018-03-23,4.120000,4.470000,4.120000,4.290000,4.290000,3730100
2018-03-26,4.340000,4.400000,4.060000,4.180000,4.180000,2146000
2018-03-27,4.190000,4.190000,4.030000,4.050000,4.050000,1696700
2018-03-28,4.050000,4.240000,4.050000,4.110000,4.110000,1676100
2018-03-29,4.120000,4.200000,3.940000,3.960000,3.960000,4616600
2018-04-02,3.970000,4.050000,3.770000,3.840000,3.840000,2632200
2018-04-03,3.850000,4.030000,3.820000,4.000000,4.000000,2709900
2018-04-04,3.920000,4.100000,3.920000,4.080000,4.080000,1293800
2018-04-05,4.090000,4.330000,4.000000,4.270000,4.270000,1905100
2018-04-06,4.260000,4.300000,4.050000,4.100000,4.100000,1636800
2018-04-09,4.150000,4.220000,4.090000,4.100000,4.100000,1439600
2018-04-10,4.140000,4.190000,3.990000,3.990000,3.990000,1745800
2018-04-11,4.000000,4.160000,3.960000,4.020000,4.020000,1288300
2018-04-12,4.010000,4.180000,3.980000,4.080000,4.080000,1366500
2018-04-13,4.090000,4.250000,4.060000,4.160000,4.160000,2161200
2018-04-16,4.160000,4.250000,4.050000,4.140000,4.140000,1590300
2018-04-17,4.100000,4.210000,4.050000,4.180000,4.180000,1356200
2018-04-18,4.210000,4.380000,4.210000,4.280000,4.280000,1705500
2018-04-19,4.260000,4.260000,4.090000,4.160000,4.160000,1533900
2018-04-20,4.150000,4.200000,4.010000,4.020000,4.020000,1277400
2018-04-23,4.000000,4.040000,3.800000,3.810000,3.810000,2123300
2018-04-24,3.830000,3.960000,3.800000,3.830000,3.830000,1224900
2018-04-25,3.830000,3.910000,3.770000,3.900000,3.900000,1464800
2018-04-26,3.880000,3.990000,3.700000,3.710000,3.710000,1941400
2018-04-27,3.710000,3.820000,3.690000,3.800000,3.800000,1835500
2018-04-30,3.820000,3.890000,3.730000,3.780000,3.780000,1510600
2018-05-01,3.810000,4.000000,3.740000,3.970000,3.970000,2439600
2018-05-02,4.310000,5.140000,4.290000,5.090000,5.090000,13412900
2018-05-03,5.050000,5.090000,4.660000,4.750000,4.750000,4822200
2018-05-04,4.740000,4.980000,4.720000,4.780000,4.780000,3530400
2018-05-07,4.790000,5.000000,4.790000,4.840000,4.840000,1947500
2018-05-08,4.830000,4.980000,4.500000,4.520000,4.520000,2308200
2018-05-09,4.550000,4.580000,4.380000,4.430000,4.430000,3105600
2018-05-10,4.470000,4.550000,4.340000,4.380000,4.380000,2525400
2018-05-11,4.390000,4.400000,4.270000,4.360000,4.360000,1475000
2018-05-14,4.350000,4.520000,4.350000,4.420000,4.420000,1496900
2018-05-15,4.390000,4.470000,4.350000,4.430000,4.430000,1148800
2018-05-16,4.420000,4.560000,4.410000,4.470000,4.470000,1592100
2018-05-17,4.450000,4.570000,4.410000,4.540000,4.540000,1401900
2018-05-18,4.560000,4.610000,4.500000,4.540000,4.540000,1196000
2018-05-21,4.590000,4.640000,4.550000,4.580000,4.580000,824200
2018-05-22,4.580000,4.590000,4.430000,4.440000,4.440000,796200
2018-05-23,4.470000,4.600000,4.390000,4.460000,4.460000,1236900
2018-05-24,4.460000,4.470000,4.320000,4.380000,4.380000,1190400
2018-05-25,4.380000,4.430000,4.310000,4.330000,4.330000,1148000
2018-05-29,4.320000,4.330000,4.160000,4.300000,4.300000,1893000
2018-05-30,4.330000,4.510000,4.300000,4.500000,4.500000,1707200
2018-05-31,4.500000,4.500000,4.080000,4.090000,4.090000,2721600
2018-06-01,4.120000,4.190000,3.950000,3.970000,3.970000,2309500
2018-06-04,4.020000,4.020000,3.830000,3.920000,3.920000,2110500
2018-06-05,3.960000,4.010000,3.910000,3.950000,3.950000,1462500
2018-06-06,3.980000,3.990000,3.750000,3.980000,3.980000,2354100
2018-06-07,3.980000,4.270000,3.960000,4.220000,4.220000,2889900
2018-06-08,4.210000,4.310000,4.110000,4.270000,4.270000,2718400
2018-06-11,4.270000,4.700000,4.270000,4.450000,4.450000,2936800
2018-06-12,4.440000,4.530000,4.370000,4.450000,4.450000,1899200
2018-06-13,4.480000,4.510000,4.310000,4.370000,4.370000,1443400
2018-06-14,4.370000,4.470000,4.250000,4.280000,4.280000,1167400
2018-06-15,4.340000,4.430000,4.300000,4.410000,4.410000,4765900
2018-06-18,4.350000,4.620000,4.310000,4.490000,4.490000,1877000
2018-06-19,4.430000,4.520000,4.310000,4.510000,4.510000,1603300
2018-06-20,4.510000,4.640000,4.430000,4.640000,4.640000,1428100
2018-06-21,4.600000,4.630000,4.440000,4.460000,4.460000,1259800
2018-06-22,4.500000,4.510000,4.210000,4.280000,4.280000,2493200
2018-06-25,4.280000,4.280000,4.000000,4.010000,4.010000,2192200
2018-06-26,4.030000,4.250000,3.920000,4.220000,4.220000,2616100
2018-06-27,4.180000,4.190000,3.780000,3.810000,3.810000,2977100
2018-06-28,3.820000,3.830000,3.700000,3.710000,3.710000,2483500
2018-06-29,3.710000,3.710000,3.280000,3.320000,3.320000,7779400
2018-07-02,3.330000,3.420000,3.120000,3.130000,3.130000,3568900
2018-07-03,3.150000,3.170000,2.810000,3.060000,3.060000,4517100
2018-07-05,3.070000,3.170000,3.070000,3.160000,3.160000,2089200
2018-07-06,3.090000,3.200000,3.020000,3.100000,3.100000,2610400
2018-07-09,3.110000,3.290000,3.000000,3.120000,3.120000,2935600
2018-07-10,3.100000,3.200000,2.880000,2.970000,2.970000,2974600
2018-07-11,2.940000,2.980000,2.860000,2.900000,2.900000,2506300
2018-07-12,2.950000,3.000000,2.840000,2.920000,2.920000,2098700
2018-07-13,2.920000,2.950000,2.850000,2.860000,2.860000,1604700
2018-07-16,2.870000,2.880000,2.660000,2.690000,2.690000,2873400
2018-07-17,2.700000,2.790000,2.660000,2.750000,2.750000,4306500
2018-07-18,2.770000,2.790000,2.680000,2.760000,2.760000,2994600
2018-07-19,2.760000,2.790000,2.690000,2.770000,2.770000,1595100
2018-07-20,2.780000,2.790000,2.690000,2.710000,2.710000,2286200
2018-07-23,2.930000,3.180000,2.880000,3.090000,3.090000,4800500
2018-07-24,3.090000,3.150000,2.980000,3.050000,3.050000,2780600
2018-07-25,3.080000,3.140000,3.000000,3.050000,3.050000,2749200
2018-07-26,3.060000,3.440000,3.020000,3.280000,3.280000,6031000
2018-07-27,3.320000,3.450000,2.950000,3.120000,3.120000,4475100
2018-07-30,3.110000,3.370000,3.100000,3.350000,3.350000,2667800
2018-07-31,3.350000,3.470000,3.260000,3.340000,3.340000,2796300
2018-08-01,3.340000,3.360000,3.070000,3.110000,3.110000,3267400
2018-08-02,3.090000,3.180000,3.050000,3.110000,3.110000,1530300
2018-08-03,3.090000,3.270000,3.080000,3.220000,3.220000,2131200
2018-08-06,3.240000,3.420000,3.190000,3.320000,3.320000,2523500
2018-08-07,3.300000,3.370000,3.030000,3.050000,3.050000,2300400
2018-08-08,3.050000,3.090000,2.970000,3.020000,3.020000,1703600
2018-08-09,3.010000,3.140000,2.980000,3.050000,3.050000,1155800
2018-08-10,3.030000,3.100000,2.990000,3.090000,3.090000,1213400
2018-08-13,3.120000,3.180000,3.080000,3.150000,3.150000,1311800
2018-08-14,3.090000,3.240000,3.040000,3.230000,3.230000,1896900
2018-08-15,3.290000,3.440000,3.170000,3.210000,3.210000,2721200
2018-08-16,3.210000,3.360000,3.080000,3.350000,3.350000,2479700
2018-08-17,3.360000,3.440000,3.250000,3.410000,3.410000,1909500
2018-08-20,3.420000,3.620000,3.400000,3.520000,3.520000,2941400
2018-08-21,3.620000,3.730000,3.410000,3.470000,3.470000,2661800
2018-08-22,3.450000,3.640000,3.410000,3.600000,3.600000,2038600
2018-08-23,3.570000,3.620000,3.440000,3.550000,3.550000,1663900
2018-08-24,3.570000,3.610000,3.490000,3.560000,3.560000,1131800
2018-08-27,3.550000,3.720000,3.500000,3.630000,3.630000,2478500
2018-08-28,3.660000,3.660000,3.520000,3.570000,3.570000,1302700
2018-08-29,3.560000,3.680000,3.510000,3.650000,3.650000,1295600
2018-08-30,3.620000,3.690000,3.550000,3.640000,3.640000,1208600
2018-08-31,3.620000,3.900000,3.600000,3.880000,3.880000,2255100
2018-09-04,3.850000,3.850000,3.480000,3.540000,3.540000,2622900
2018-09-05,3.580000,3.670000,3.520000,3.610000,3.610000,1359900
2018-09-06,3.620000,3.620000,3.230000,3.260000,3.260000,2440100
2018-09-07,3.250000,3.350000,3.230000,3.300000,3.300000,1863800
2018-09-10,3.300000,3.340000,2.970000,3.180000,3.180000,3405700
2018-09-11,3.150000,3.220000,3.110000,3.200000,3.200000,1312800
2018-09-12,3.190000,3.310000,3.110000,3.270000,3.270000,2450400
2018-09-13,3.270000,3.390000,3.270000,3.330000,3.330000,1154400
2018-09-14,3.320000,3.410000,3.280000,3.300000,3.300000,1703900
2018-09-17,3.280000,3.320000,3.220000,3.270000,3.270000,1812200
2018-09-18,3.250000,3.400000,3.250000,3.390000,3.390000,2948000
2018-09-19,3.390000,3.500000,3.380000,3.400000,3.400000,1381100
2018-09-20,3.400000,3.630000,3.400000,3.590000,3.590000,1756400
2018-09-21,3.540000,3.610000,3.380000,3.410000,3.410000,4222200
2018-09-24,3.420000,3.510000,3.340000,3.490000,3.490000,1743500
2018-09-25,3.490000,3.520000,3.390000,3.410000,3.410000,1314700
2018-09-26,3.450000,3.560000,3.380000,3.470000,3.470000,2318200
2018-09-27,3.490000,3.650000,3.480000,3.500000,3.500000,2259900
2018-09-28,3.500000,3.590000,3.430000,3.460000,3.460000,1227400
2018-10-01,3.490000,3.560000,3.170000,3.210000,3.210000,2428400
2018-10-02,3.230000,3.280000,2.930000,2.960000,2.960000,3322000
2018-10-03,3.000000,3.000000,2.680000,2.700000,2.700000,4731900
2018-10-04,2.750000,2.770000,2.620000,2.670000,2.670000,2727600
2018-10-05,2.660000,2.830000,2.660000,2.800000,2.800000,2259300
2018-10-08,2.800000,2.880000,2.730000,2.830000,2.830000,1704600
2018-10-09,2.850000,3.100000,2.810000,2.980000,2.980000,2048000
2018-10-10,3.010000,3.130000,2.750000,2.800000,2.800000,2485000
2018-10-11,2.790000,2.880000,2.580000,2.660000,2.660000,2636200
2018-10-12,2.740000,2.770000,2.560000,2.620000,2.620000,1801000
2018-10-15,2.600000,2.680000,2.480000,2.640000,2.640000,2171800
2018-10-16,2.650000,2.820000,2.640000,2.810000,2.810000,1577700
2018-10-17,2.770000,2.900000,2.740000,2.890000,2.890000,976600
2018-10-18,2.850000,3.040000,2.850000,2.940000,2.940000,1547000
2018-10-19,2.930000,3.010000,2.900000,2.950000,2.950000,1429700
2018-10-22,2.950000,3.030000,2.860000,2.950000,2.950000,1276000
2018-10-23,2.900000,2.990000,2.820000,2.980000,2.980000,1532400
2018-10-24,2.970000,3.020000,2.610000,2.770000,2.770000,2280200
2018-10-25,2.780000,2.970000,2.780000,2.970000,2.970000,1638700
2018-10-26,2.880000,3.070000,2.860000,3.000000,3.000000,2611600
2018-10-29,3.030000,3.260000,3.010000,3.180000,3.180000,2721300
2018-10-30,2.670000,2.940000,2.500000,2.810000,2.810000,4013700
2018-10-31,2.870000,3.250000,2.850000,3.160000,3.160000,3341400
2018-11-01,3.200000,3.360000,3.160000,3.340000,3.340000,3672500
2018-11-02,3.370000,3.670000,3.340000,3.600000,3.600000,3655200
2018-11-05,3.600000,3.680000,3.360000,3.450000,3.450000,2337800
2018-11-06,3.450000,3.650000,3.440000,3.640000,3.640000,2054500
2018-11-07,3.640000,3.810000,3.630000,3.730000,3.730000,1647500
2018-11-08,3.760000,3.840000,3.570000,3.840000,3.840000,2547800
2018-11-09,3.800000,3.900000,3.680000,3.790000,3.790000,1384400
2018-11-12,3.770000,3.910000,3.770000,3.860000,3.860000,1196000
2018-11-13,3.850000,3.910000,3.790000,3.810000,3.810000,1033300
2018-11-14,3.800000,3.880000,3.580000,3.700000,3.700000,1528000
2018-11-15,3.690000,3.770000,3.540000,3.590000,3.590000,1862900
2018-11-16,3.420000,3.720000,3.320000,3.670000,3.670000,1646000
2018-11-19,3.630000,3.870000,3.410000,3.460000,3.460000,1574900
2018-11-20,3.370000,3.650000,3.330000,3.610000,3.610000,1086800
2018-11-21,3.600000,3.760000,3.560000,3.700000,3.700000,902800
2018-11-23,3.660000,3.730000,3.590000,3.590000,3.590000,919600
2018-11-26,3.650000,3.780000,3.590000,3.640000,3.640000,1206800
2018-11-27,3.620000,3.820000,3.580000,3.790000,3.790000,1247700
2018-11-28,3.810000,4.010000,3.810000,4.000000,4.000000,2811900
2018-11-29,4.000000,4.470000,3.990000,4.440000,4.440000,4272000
2018-11-30,4.410000,4.760000,4.320000,4.750000,4.750000,3882000
2018-12-03,4.780000,5.010000,4.460000,4.970000,4.970000,3376700
2018-12-04,4.980000,5.060000,4.830000,4.900000,4.900000,2627600
2018-12-06,4.820000,4.830000,4.250000,4.630000,4.630000,2654700
2018-12-07,4.560000,4.740000,4.550000,4.620000,4.620000,1143900
2018-12-10,4.610000,4.610000,4.260000,4.520000,4.520000,2258500
2018-12-11,4.580000,4.680000,4.470000,4.510000,4.510000,1092000
2018-12-12,4.570000,4.730000,4.500000,4.590000,4.590000,963600
2018-12-13,4.600000,4.700000,4.380000,4.390000,4.390000,1310800
2018-12-14,4.360000,4.380000,3.890000,3.920000,3.920000,3735700
2018-12-17,3.650000,3.680000,3.370000,3.390000,3.390000,5122500
2018-12-18,3.390000,3.530000,3.100000,3.270000,3.270000,3572800
2018-12-19,3.350000,3.420000,3.070000,3.090000,3.090000,2446200
2018-12-20,3.070000,3.150000,2.810000,2.860000,2.860000,2994100
2018-12-21,2.860000,3.050000,2.760000,2.890000,2.890000,8402800
2018-12-24,2.850000,2.970000,2.820000,2.830000,2.830000,934800
2018-12-26,2.860000,3.010000,2.800000,3.000000,3.000000,2144300
2018-12-27,2.950000,3.010000,2.820000,2.930000,2.930000,1425200
2018-12-28,2.940000,3.000000,2.750000,2.870000,2.870000,2161000
2018-12-31,2.880000,2.960000,2.770000,2.820000,2.820000,1278000
2019-01-02,2.780000,3.230000,2.730000,3.170000,3.170000,3251500
2019-01-03,3.170000,3.240000,3.010000,3.140000,3.140000,2419800
2019-01-04,3.190000,3.490000,3.190000,3.220000,3.220000,2357800
2019-01-07,3.220000,3.430000,3.200000,3.380000,3.380000,1396900
2019-01-08,3.440000,3.570000,3.420000,3.530000,3.530000,1528000
2019-01-09,3.570000,3.610000,3.460000,3.590000,3.590000,1207800
2019-01-10,3.550000,3.760000,3.540000,3.730000,3.730000,1209500
2019-01-11,3.730000,3.830000,3.590000,3.760000,3.760000,1303100
2019-01-14,3.740000,3.820000,3.650000,3.690000,3.690000,900900
2019-01-15,3.680000,4.130000,3.680000,3.970000,3.970000,2761800
2019-01-16,4.010000,4.290000,3.940000,3.990000,3.990000,4572800
2019-01-17,3.960000,4.210000,3.960000,4.070000,4.070000,2258100
2019-01-18,4.080000,4.150000,3.940000,4.050000,4.050000,1530300
2019-01-22,4.000000,4.030000,3.810000,3.830000,3.830000,2002600
2019-01-23,3.810000,3.870000,3.680000,3.710000,3.710000,2558500
2019-01-24,3.710000,3.840000,3.690000,3.790000,3.790000,1258000
2019-01-25,3.870000,3.900000,3.710000,3.740000,3.740000,1115300
2019-01-28,3.760000,3.760000,3.540000,3.600000,3.600000,1719200
2019-01-29,3.670000,3.730000,3.520000,3.670000,3.670000,1063800
2019-01-30,3.720000,3.820000,3.630000,3.760000,3.760000,1183600
2019-01-31,3.760000,3.970000,3.740000,3.940000,3.940000,1122700
2019-02-01,3.920000,3.950000,3.710000,3.800000,3.800000,2262300
2019-02-04,3.810000,3.940000,3.760000,3.830000,3.830000,1179800
2019-02-05,3.880000,3.930000,3.750000,3.850000,3.850000,1096400
2019-02-06,3.850000,3.890000,3.770000,3.890000,3.890000,692500
2019-02-07,3.860000,4.120000,3.860000,4.080000,4.080000,2225000
2019-02-08,4.030000,4.050000,3.530000,3.700000,3.700000,2537700
2019-02-11,3.690000,3.980000,3.620000,3.900000,3.900000,1887100
2019-02-12,3.960000,3.960000,3.740000,3.740000,3.740000,1214800
2019-02-13,3.790000,3.930000,3.760000,3.850000,3.850000,896600
2019-02-14,3.840000,3.890000,3.750000,3.860000,3.860000,963800
2019-02-15,3.890000,4.030000,3.890000,3.950000,3.950000,922900
2019-02-19,3.960000,4.080000,3.930000,3.980000,3.980000,791900
2019-02-20,4.010000,4.100000,3.950000,4.070000,4.070000,1340200
2019-02-21,4.700000,5.000000,4.350000,4.490000,4.490000,6217600
2019-02-22,4.500000,4.590000,4.180000,4.500000,4.500000,3066200
2019-02-25,4.550000,4.930000,4.550000,4.830000,4.830000,4240900
2019-02-26,4.820000,4.900000,4.670000,4.770000,4.770000,2876300
2019-02-27,4.760000,4.770000,4.480000,4.600000,4.600000,2032400
2019-02-28,4.610000,5.020000,4.560000,4.950000,4.950000,6491500
2019-03-01,4.990000,5.110000,4.920000,4.990000,4.990000,3825400
2019-03-04,5.010000,5.130000,4.820000,5.030000,5.030000,2927700
2019-03-05,5.040000,5.350000,5.000000,5.130000,5.130000,2688300
2019-03-06,5.110000,5.190000,4.840000,4.860000,4.860000,2074100
2019-03-07,4.880000,5.000000,4.750000,4.840000,4.840000,1838200
2019-03-08,4.780000,4.810000,4.570000,4.640000,4.640000,2663800
2019-03-11,4.650000,4.690000,4.500000,4.650000,4.650000,1355300
2019-03-12,4.650000,4.750000,4.540000,4.630000,4.630000,938100
2019-03-13,4.660000,4.790000,4.620000,4.770000,4.770000,1644600
2019-03-14,4.760000,4.830000,4.500000,4.600000,4.600000,1911300
2019-03-15,4.570000,4.590000,4.060000,4.310000,4.310000,9005100
2019-03-18,4.290000,4.460000,4.280000,4.320000,4.320000,2320400
2019-03-19,4.320000,4.450000,3.900000,4.420000,4.420000,3867800
2019-03-20,4.420000,4.610000,4.390000,4.500000,4.500000,2106800
2019-03-21,4.490000,4.610000,4.400000,4.590000,4.590000,1499300
2019-03-22,4.560000,4.620000,4.310000,4.320000,4.320000,2279900
2019-03-25,4.320000,4.350000,4.100000,4.200000,4.200000,1670800
2019-03-26,4.210000,4.260000,4.040000,4.120000,4.120000,2100800
2019-03-27,4.110000,4.160000,3.860000,3.900000,3.900000,1993800
2019-03-28,3.930000,4.010000,3.780000,3.830000,3.830000,1498200
2019-03-29,3.850000,3.900000,3.710000,3.730000,3.730000,1909500
2019-04-01,3.780000,4.030000,3.770000,3.850000,3.850000,2371000
2019-04-02,3.850000,3.910000,3.610000,3.700000,3.700000,1577300
2019-04-03,3.730000,3.800000,3.660000,3.730000,3.730000,1359900
2019-04-04,3.730000,3.730000,3.640000,3.700000,3.700000,2265900
2019-04-05,3.740000,3.890000,3.690000,3.740000,3.740000,1453200
2019-04-08,3.720000,3.730000,3.640000,3.690000,3.690000,1046200
2019-04-09,3.670000,3.770000,3.620000,3.680000,3.680000,1379600
2019-04-10,3.650000,3.730000,3.600000,3.690000,3.690000,1506400
2019-04-11,3.690000,3.690000,3.540000,3.570000,3.570000,1731600
2019-04-12,3.620000,3.670000,3.390000,3.410000,3.410000,2075600
2019-04-15,3.410000,3.480000,3.350000,3.390000,3.390000,1348500
2019-04-16,3.430000,3.430000,3.050000,3.200000,3.200000,3386300
2019-04-17,3.210000,3.300000,2.930000,3.160000,3.160000,3630500
2019-04-18,3.150000,3.300000,3.110000,3.260000,3.260000,1731900
2019-04-22,3.260000,3.390000,3.130000,3.170000,3.170000,2039100
2019-04-23,3.150000,3.510000,3.150000,3.350000,3.350000,2133900
2019-04-24,3.370000,3.580000,3.350000,3.510000,3.510000,1976900
2019-04-25,3.480000,3.690000,3.420000,3.620000,3.620000,1643300
2019-04-26,3.620000,3.720000,3.490000,3.670000,3.670000,1495400
2019-04-29,3.640000,3.810000,3.390000,3.510000,3.510000,2348500
2019-04-30,3.550000,3.650000,3.340000,3.440000,3.440000,2265600
2019-05-01,3.220000,3.640000,3.050000,3.450000,3.450000,2791600
2019-05-02,3.440000,3.440000,3.090000,3.180000,3.180000,2240500
2019-05-03,3.190000,3.410000,3.190000,3.370000,3.370000,1186100
2019-05-06,3.290000,3.510000,3.260000,3.470000,3.470000,2567600
2019-05-07,3.420000,3.520000,3.120000,3.150000,3.150000,2256800
2019-05-08,3.360000,3.580000,3.350000,3.460000,3.460000,2533800
2019-05-09,3.420000,3.510000,3.310000,3.480000,3.480000,1482700
2019-05-10,3.460000,3.580000,3.310000,3.450000,3.450000,1185400
2019-05-13,3.380000,3.390000,3.180000,3.260000,3.260000,2438000
2019-05-14,3.280000,3.420000,3.250000,3.330000,3.330000,834200
2019-05-15,3.300000,3.370000,3.260000,3.330000,3.330000,759100
2019-05-16,3.330000,3.410000,3.230000,3.260000,3.260000,897900
2019-05-17,3.210000,3.310000,3.180000,3.180000,3.180000,1416500
2019-05-20,3.160000,3.290000,3.120000,3.280000,3.280000,1236500
2019-05-21,3.310000,3.400000,3.270000,3.370000,3.370000,2103200
2019-05-22,3.330000,3.410000,3.210000,3.400000,3.400000,1365000
2019-05-23,3.330000,3.370000,3.160000,3.220000,3.220000,1568200
2019-05-24,3.230000,3.270000,3.100000,3.140000,3.140000,1387800
2019-05-28,3.150000,3.200000,3.010000,3.070000,3.070000,1929300
2019-05-29,3.050000,3.060000,2.900000,2.930000,2.930000,2914800
2019-05-30,2.960000,3.030000,2.730000,2.810000,2.810000,2177700
2019-05-31,2.770000,2.800000,2.630000,2.660000,2.660000,2369400
2019-06-03,2.620000,2.810000,2.560000,2.800000,2.800000,3468400
2019-06-04,2.820000,2.980000,2.820000,2.940000,2.940000,1815700
2019-06-05,2.980000,2.980000,2.660000,2.700000,2.700000,2680800
2019-06-06,2.710000,2.800000,2.580000,2.710000,2.710000,1769900
2019-06-07,2.740000,2.810000,2.690000,2.730000,2.730000,894900
2019-06-10,2.760000,2.890000,2.740000,2.800000,2.800000,1379700
2019-06-11,2.820000,2.900000,2.670000,2.730000,2.730000,2493300
2019-06-12,2.710000,2.740000,2.580000,2.710000,2.710000,2040100
2019-06-13,2.730000,2.770000,2.660000,2.740000,2.740000,1183000
2019-06-14,2.740000,2.740000,2.580000,2.600000,2.600000,1328100
2019-06-17,2.610000,2.720000,2.510000,2.700000,2.700000,1971800
2019-06-18,2.730000,2.770000,2.580000,2.590000,2.590000,1947800
2019-06-19,2.610000,2.660000,2.510000,2.610000,2.610000,3007700
2019-06-20,2.650000,2.710000,2.480000,2.500000,2.500000,3032200
2019-06-21,2.490000,2.740000,2.400000,2.710000,2.710000,7776800
2019-06-24,2.710000,2.720000,2.510000,2.570000,2.570000,2263900
2019-06-25,2.590000,2.700000,2.540000,2.600000,2.600000,2219800
2019-06-26,2.610000,2.660000,2.500000,2.560000,2.560000,1777200
2019-06-27,2.570000,2.620000,2.530000,2.580000,2.580000,1262000
2019-06-28,2.570000,2.680000,2.570000,2.670000,2.670000,1650500
2019-07-01,2.670000,2.740000,2.630000,2.690000,2.690000,1277000
2019-07-02,2.700000,2.740000,2.630000,2.730000,2.730000,1343700
2019-07-03,2.730000,2.820000,2.720000,2.730000,2.730000,979100
2019-07-05,2.700000,2.830000,2.660000,2.830000,2.830000,1103800
2019-07-08,2.800000,2.830000,2.760000,2.790000,2.790000,888600
2019-07-09,2.780000,2.800000,2.510000,2.620000,2.620000,2011900
2019-07-10,2.620000,2.650000,2.570000,2.600000,2.600000,608200
2019-07-11,2.610000,2.630000,2.370000,2.410000,2.410000,2670800
2019-07-12,2.460000,2.510000,2.350000,2.450000,2.450000,2085300
2019-07-15,2.450000,2.520000,2.360000,2.400000,2.400000,1403600
2019-07-16,2.370000,2.400000,2.270000,2.330000,2.330000,3291500
2019-07-17,2.310000,2.350000,2.090000,2.110000,2.110000,7693900
2019-07-18,2.100000,2.310000,2.030000,2.270000,2.270000,3535800
2019-07-19,2.260000,2.260000,2.180000,2.190000,2.190000,1670300
2019-07-22,2.230000,2.260000,2.070000,2.070000,2.070000,2682200
2019-07-23,2.100000,2.120000,2.000000,2.010000,2.010000,2133400
2019-07-24,2.020000,2.150000,2.020000,2.090000,2.090000,1767500
2019-07-25,2.080000,2.090000,1.990000,2.030000,2.030000,2339100
2019-07-26,2.040000,2.160000,2.020000,2.150000,2.150000,2755200
2019-07-29,2.140000,2.200000,2.070000,2.120000,2.120000,1103300
2019-07-30,2.100000,2.100000,2.010000,2.070000,2.070000,1312400
2019-07-31,2.070000,2.170000,2.030000,2.050000,2.050000,1925600
2019-08-01,2.040000,2.090000,1.970000,2.000000,2.000000,2685600
2019-08-02,2.000000,2.060000,1.920000,1.940000,1.940000,2695000
2019-08-05,1.890000,1.940000,1.810000,1.910000,1.910000,2741500
2019-08-06,1.890000,2.200000,1.890000,2.190000,2.190000,5669300
2019-08-07,2.170000,2.230000,2.080000,2.210000,2.210000,2714400
2019-08-08,2.230000,2.350000,2.200000,2.280000,2.280000,2916100
2019-08-09,2.290000,2.450000,2.270000,2.440000,2.440000,2620900
2019-08-12,2.420000,2.440000,2.130000,2.170000,2.170000,1739900
2019-08-13,2.150000,2.360000,2.140000,2.270000,2.270000,2384400
2019-08-14,2.200000,2.230000,2.070000,2.110000,2.110000,2008000
2019-08-15,2.110000,2.150000,2.030000,2.060000,2.060000,1698300
2019-08-16,2.070000,2.150000,2.070000,2.100000,2.100000,1061200
2019-08-19,2.110000,2.210000,2.030000,2.100000,2.100000,1643400
2019-08-20,2.070000,2.130000,1.880000,2.010000,2.010000,2086500
2019-08-21,2.040000,2.100000,1.940000,2.000000,2.000000,1991200
2019-08-22,2.010000,2.030000,1.910000,1.950000,1.950000,1849200
2019-08-23,1.950000,1.960000,1.880000,1.880000,1.880000,1929700
2019-08-26,1.930000,1.950000,1.840000,1.860000,1.860000,1238000
2019-08-27,1.870000,1.900000,1.790000,1.810000,1.810000,2163900
2019-08-28,1.820000,2.150000,1.820000,2.140000,2.140000,3414600
2019-08-29,2.160000,2.210000,2.120000,2.160000,2.160000,2241800
2019-08-30,2.360000,2.570000,2.300000,2.490000,2.490000,4229200
2019-09-03,2.430000,2.550000,2.340000,2.510000,2.510000,2484700
2019-09-04,2.550000,2.720000,2.500000,2.710000,2.710000,3504200
2019-09-05,2.730000,2.910000,2.630000,2.850000,2.850000,3108300
2019-09-06,2.870000,3.020000,2.740000,2.980000,2.980000,2360600
2019-09-09,2.980000,3.370000,2.950000,3.340000,3.340000,4073000
2019-09-10,3.290000,3.480000,3.180000,3.300000,3.300000,5210500
2019-09-11,3.330000,3.670000,3.330000,3.660000,3.660000,5376100
2019-09-12,3.660000,3.830000,3.450000,3.780000,3.780000,4344400
2019-09-13,3.800000,3.950000,3.670000,3.690000,3.690000,4535800
2019-09-16,3.710000,3.900000,3.560000,3.890000,3.890000,2404800
2019-09-17,3.830000,3.850000,3.590000,3.620000,3.620000,2312800
2019-09-18,3.600000,3.690000,3.460000,3.580000,3.580000,3145500
2019-09-19,3.590000,3.670000,3.480000,3.550000,3.550000,2174100
2019-09-20,3.560000,3.800000,3.520000,3.740000,3.740000,5247400
2019-09-23,3.720000,3.800000,3.680000,3.780000,3.780000,2050500
2019-09-24,3.790000,3.810000,3.530000,3.570000,3.570000,2421200
2019-09-25,3.570000,3.700000,3.520000,3.620000,3.620000,1267600
2019-09-26,3.640000,3.700000,3.470000,3.510000,3.510000,1441200
2019-09-27,3.520000,3.690000,3.450000,3.650000,3.650000,1305400
2019-09-30,3.630000,3.640000,3.530000,3.600000,3.600000,1262000
2019-10-01,3.610000,3.740000,3.540000,3.730000,3.730000,1552700
2019-10-02,3.700000,3.730000,3.570000,3.620000,3.620000,1618500
2019-10-03,3.590000,3.830000,3.590000,3.820000,3.820000,2121600
2019-10-04,3.760000,3.850000,3.710000,3.830000,3.830000,1273600
2019-10-07,3.800000,4.120000,3.750000,3.880000,3.880000,3993300
2019-10-08,3.840000,3.920000,3.740000,3.860000,3.860000,1561000
2019-10-09,3.890000,4.040000,3.850000,4.010000,4.010000,1178800
2019-10-10,4.000000,4.140000,3.860000,3.930000,3.930000,1504300
2019-10-11,3.970000,4.130000,3.930000,4.060000,4.060000,1469700
2019-10-14,4.000000,4.110000,3.870000,4.070000,4.070000,1516300
2019-10-15,4.090000,4.170000,4.030000,4.050000,4.050000,1203400
2019-10-16,4.040000,4.270000,4.010000,4.230000,4.230000,2253300
2019-10-17,4.280000,4.330000,4.220000,4.310000,4.310000,1324400
2019-10-18,4.220000,4.300000,3.920000,4.170000,4.170000,2628000
2019-10-21,4.240000,4.310000,4.150000,4.280000,4.280000,1572300
2019-10-22,4.290000,4.490000,4.270000,4.460000,4.460000,1809200
2019-10-23,4.460000,4.550000,4.420000,4.470000,4.470000,3202400
2019-10-24,4.480000,4.490000,4.260000,4.280000,4.280000,3523800
2019-10-25,4.250000,4.510000,4.090000,4.470000,4.470000,2158100
2019-10-28,4.520000,4.650000,4.490000,4.600000,4.600000,1585300
2019-10-29,4.590000,4.680000,4.430000,4.580000,4.580000,2790100
2019-10-30,4.250000,4.500000,3.690000,3.820000,3.820000,5136200
2019-10-31,3.780000,3.790000,3.490000,3.540000,3.540000,3796800
2019-11-01,3.550000,3.610000,3.150000,3.200000,3.200000,3115800
2019-11-04,3.280000,3.320000,3.030000,3.110000,3.110000,2058800
2019-11-05,3.120000,3.120000,2.960000,2.970000,2.970000,2748500
2019-11-06,2.980000,3.050000,2.850000,2.920000,2.920000,2666500
2019-11-07,2.990000,3.050000,2.840000,2.840000,2.840000,1628500
2019-11-08,2.850000,2.930000,2.780000,2.820000,2.820000,1706800
2019-11-11,2.820000,2.830000,2.690000,2.810000,2.810000,2107000
2019-11-12,2.830000,2.910000,2.770000,2.900000,2.900000,1572000
2019-11-13,2.850000,3.010000,2.830000,2.860000,2.860000,1499300
2019-11-14,2.830000,3.020000,2.790000,2.870000,2.870000,2119300
2019-11-15,2.900000,3.180000,2.890000,3.140000,3.140000,2064400
2019-11-18,3.150000,3.280000,3.040000,3.060000,3.060000,1715400
2019-11-19,3.060000,3.260000,3.060000,3.180000,3.180000,1442800
2019-11-20,3.160000,3.220000,3.130000,3.200000,3.200000,1400100
2019-11-21,3.190000,3.270000,3.160000,3.170000,3.170000,955600
2019-11-22,3.190000,3.230000,3.080000,3.160000,3.160000,1020900
2019-11-25,3.170000,3.380000,3.130000,3.370000,3.370000,1865300
2019-11-26,3.350000,3.350000,3.060000,3.070000,3.070000,1988500
2019-11-27,3.090000,3.240000,3.080000,3.100000,3.100000,1526400
2019-11-29,3.100000,3.280000,3.050000,3.200000,3.200000,1190100
2019-12-02,3.170000,3.260000,3.020000,3.050000,3.050000,2683200
2019-12-03,3.040000,3.240000,3.020000,3.130000,3.130000,2226200
2019-12-04,3.130000,3.230000,3.130000,3.210000,3.210000,1522400
2019-12-05,3.220000,3.390000,3.190000,3.330000,3.330000,1538400
2019-12-06,3.340000,3.630000,3.340000,3.620000,3.620000,1719900
2019-12-09,3.700000,3.800000,3.580000,3.790000,3.790000,2285600
2019-12-10,3.740000,3.790000,3.630000,3.720000,3.720000,1543000
2019-12-11,3.730000,3.740000,3.490000,3.510000,3.510000,1333300
2019-12-12,3.510000,3.640000,3.480000,3.510000,3.510000,1158000
2019-12-13,3.520000,3.550000,3.360000,3.400000,3.400000,873000
2019-12-16,3.410000,3.420000,3.190000,3.200000,3.200000,1625100
2019-12-17,3.250000,3.290000,3.110000,3.110000,3.110000,899700
2019-12-18,3.110000,3.190000,3.020000,3.040000,3.040000,1367300
2019-12-19,3.050000,3.170000,3.030000,3.040000,3.040000,2426200
2019-12-20,3.070000,3.130000,2.910000,2.950000,2.950000,4492700
2019-12-23,2.970000,2.990000,2.740000,2.920000,2.920000,1960400
2019-12-24,2.900000,2.900000,2.770000,2.790000,2.790000,931000
2019-12-26,2.820000,2.850000,2.760000,2.800000,2.800000,2281700
2019-12-27,2.810000,2.870000,2.760000,2.770000,2.770000,1211000
2019-12-30,2.770000,2.870000,2.730000,2.810000,2.810000,1144400
2019-12-31,2.770000,2.930000,2.770000,2.900000,2.900000,1546700
2020-01-02,2.950000,2.960000,2.700000,2.750000,2.750000,2474300
2020-01-03,2.740000,2.740000,2.600000,2.660000,2.660000,1810900
2020-01-06,2.640000,2.690000,2.570000,2.610000,2.610000,1244900
2020-01-07,2.590000,2.600000,2.460000,2.530000,2.530000,2269400
2020-01-08,2.540000,2.630000,2.450000,2.540000,2.540000,1814500
2020-01-09,2.520000,2.540000,2.380000,2.410000,2.410000,2320700
2020-01-10,2.410000,2.440000,2.340000,2.440000,2.440000,1320100
2020-01-13,2.420000,2.570000,2.320000,2.540000,2.540000,2011600
2020-01-14,2.510000,2.720000,2.450000,2.660000,2.660000,1737400
2020-01-15,2.930000,3.150000,2.850000,2.940000,2.940000,3739400
2020-01-16,2.930000,3.230000,2.910000,3.150000,3.150000,3165900
2020-01-17,3.180000,3.430000,3.160000,3.430000,3.430000,3068900
2020-01-21,3.430000,3.960000,3.410000,3.890000,3.890000,4928600
2020-01-22,3.950000,4.100000,3.710000,4.090000,4.090000,4308200
2020-01-23,4.010000,4.250000,3.920000,4.220000,4.220000,3245400
2020-01-24,4.230000,4.510000,4.160000,4.470000,4.470000,4323300
2020-01-27,4.370000,4.610000,4.330000,4.570000,4.570000,3172500
2020-01-28,4.590000,4.770000,4.550000,4.690000,4.690000,2544500
2020-01-29,4.700000,4.800000,4.590000,4.740000,4.740000,2268200
2020-01-30,4.750000,4.820000,4.670000,4.750000,4.750000,2386100
2020-01-31,4.690000,4.760000,4.230000,4.290000,4.290000,2516000
2020-02-03,4.330000,4.340000,4.120000,4.160000,4.160000,2136000
2020-02-04,4.220000,4.360000,4.170000,4.230000,4.230000,1688700
2020-02-05,4.270000,4.630000,4.230000,4.550000,4.550000,1880400
2020-02-06,4.570000,4.750000,4.480000,4.690000,4.690000,2245700
2020-02-07,4.710000,4.760000,4.520000,4.610000,4.610000,1564200
2020-02-10,4.620000,4.740000,4.600000,4.730000,4.730000,1218900
2020-02-11,4.750000,4.810000,4.610000,4.750000,4.750000,1706500
2020-02-12,4.780000,4.900000,4.770000,4.790000,4.790000,2198800
2020-02-13,4.760000,4.850000,4.730000,4.780000,4.780000,2344800
2020-02-14,4.810000,4.820000,4.640000,4.720000,4.720000,1650600
2020-02-18,4.740000,4.790000,4.600000,4.710000,4.710000,2890900
2020-02-19,4.730000,4.950000,4.580000,4.810000,4.810000,4876300
2020-02-20,5.450000,7.270000,5.390000,6.720000,6.720000,18463000
2020-02-21,6.730000,7.470000,6.700000,7.180000,7.180000,11018400
2020-02-24,6.860000,6.980000,5.710000,6.020000,6.020000,6806100
2020-02-25,6.130000,6.170000,5.630000,5.660000,5.660000,3736300
2020-02-26,5.710000,5.770000,5.330000,5.590000,5.590000,4245000
2020-02-27,5.310000,5.600000,5.090000,5.100000,5.100000,3622300
2020-02-28,5.010000,5.070000,4.690000,4.930000,4.930000,3966500
2020-03-02,4.890000,5.000000,4.660000,4.880000,4.880000,3263400
2020-03-03,4.890000,5.300000,4.740000,4.990000,4.990000,3064000
2020-03-04,5.230000,5.550000,5.130000,5.390000,5.390000,2569400
2020-03-05,5.210000,5.830000,5.150000,5.670000,5.670000,2778500
2020-03-06,5.430000,5.460000,4.850000,5.210000,5.210000,3671800
2020-03-09,4.900000,4.900000,3.970000,4.130000,4.130000,3510000
2020-03-10,4.430000,4.560000,3.630000,4.200000,4.200000,2525800
2020-03-11,4.210000,4.250000,3.460000,3.560000,3.560000,2533800
2020-03-12,3.040000,3.230000,2.470000,2.970000,2.970000,4156000
2020-03-13,3.250000,3.260000,2.760000,2.900000,2.900000,3014300
2020-03-16,2.750000,2.810000,2.510000,2.540000,2.540000,2454800
2020-03-17,2.670000,3.030000,2.500000,2.760000,2.760000,2817500
2020-03-18,2.600000,2.640000,2.250000,2.550000,2.550000,3557900
2020-03-19,2.540000,3.150000,2.360000,3.040000,3.040000,2690800
2020-03-20,3.070000,3.140000,2.630000,2.630000,2.630000,3479200
2020-03-23,2.800000,3.480000,2.620000,2.820000,2.820000,4365100
2020-03-24,3.100000,3.590000,2.830000,3.530000,3.530000,5701200
2020-03-25,3.590000,4.460000,3.500000,4.200000,4.200000,5881300
2020-03-26,4.400000,4.920000,3.480000,3.880000,3.880000,7055300
2020-03-27,3.680000,3.680000,3.260000,3.340000,3.340000,3242700
2020-03-30,3.310000,3.610000,3.100000,3.580000,3.580000,2205700
2020-03-31,3.530000,3.690000,3.260000,3.340000,3.340000,1838300
2020-04-01,3.100000,3.160000,2.950000,2.960000,2.960000,1965200
2020-04-02,2.970000,3.110000,2.840000,3.110000,3.110000,2645300
2020-04-03,3.110000,3.170000,2.790000,2.820000,2.820000,3546000
2020-04-06,3.000000,3.250000,2.860000,2.980000,2.980000,2188700
2020-04-07,3.150000,3.180000,2.850000,2.980000,2.980000,2196100
2020-04-08,2.990000,3.680000,2.950000,3.640000,3.640000,3702200
2020-04-09,3.790000,4.230000,3.710000,3.860000,3.860000,3812200
2020-04-13,3.750000,3.770000,3.150000,3.250000,3.250000,2925700
2020-04-14,3.350000,3.750000,3.300000,3.580000,3.580000,2296500
2020-04-15,3.400000,3.620000,3.250000,3.540000,3.540000,1711200
2020-04-16,3.560000,3.590000,3.350000,3.410000,3.410000,1937200
2020-04-17,3.600000,3.680000,3.410000,3.670000,3.670000,2531500
2020-04-20,3.650000,4.050000,3.530000,3.710000,3.710000,2013000
2020-04-21,3.530000,3.670000,3.300000,3.390000,3.390000,2556400
2020-04-22,3.480000,3.490000,3.300000,3.370000,3.370000,2021800
2020-04-23,3.370000,3.510000,3.330000,3.400000,3.400000,1487100
2020-04-24,3.440000,3.570000,3.400000,3.520000,3.520000,1526100
2020-04-27,3.600000,3.730000,3.570000,3.630000,3.630000,1187400
2020-04-28,3.700000,3.770000,3.450000,3.680000,3.680000,1747000
2020-04-29,3.310000,3.590000,3.250000,3.360000,3.360000,4512000
2020-04-30,3.320000,3.380000,3.010000,3.030000,3.030000,3110400
2020-05-01,3.000000,3.030000,2.680000,2.800000,2.800000,3897800
2020-05-04,2.910000,3.070000,2.820000,2.990000,2.990000,1735000
2020-05-05,3.100000,3.250000,2.980000,3.010000,3.010000,2060500
2020-05-06,3.010000,3.090000,2.890000,2.970000,2.970000,2827200
2020-05-07,3.000000,3.020000,2.820000,2.850000,2.850000,1932900
2020-05-08,2.950000,3.030000,2.800000,2.990000,2.990000,1783800
2020-05-11,2.960000,3.050000,2.890000,2.970000,2.970000,1392800
2020-05-12,3.020000,3.070000,2.820000,2.850000,2.850000,1462100
2020-05-13,2.860000,2.880000,2.620000,2.710000,2.710000,2002300
2020-05-14,2.640000,2.710000,2.460000,2.630000,2.630000,2368500
2020-05-15,2.620000,2.770000,2.610000,2.720000,2.720000,1106200
2020-05-18,2.930000,3.190000,2.920000,3.160000,3.160000,2833000
2020-05-19,3.120000,3.250000,2.970000,3.110000,3.110000,1673900
2020-05-20,3.140000,3.290000,3.110000,3.260000,3.260000,1980700
2020-05-21,3.190000,3.410000,3.190000,3.330000,3.330000,1446500
2020-05-22,3.350000,3.350000,3.150000,3.200000,3.200000,1240400
2020-05-26,3.290000,3.440000,3.200000,3.340000,3.340000,1537200
2020-05-27,3.390000,3.500000,3.300000,3.490000,3.490000,2053400
2020-05-28,3.540000,3.580000,3.180000,3.200000,3.200000,1606800
2020-05-29,3.170000,3.220000,3.050000,3.150000,3.150000,1256000
2020-06-01,3.160000,3.320000,3.140000,3.190000,3.190000,1096800
2020-06-02,3.230000,3.450000,3.150000,3.350000,3.350000,1413800
2020-06-03,3.400000,3.480000,3.210000,3.250000,3.250000,1557600
2020-06-04,3.210000,3.370000,3.180000,3.260000,3.260000,2299200
2020-06-05,3.360000,3.570000,3.260000,3.270000,3.270000,2060500
2020-06-08,3.380000,4.220000,3.340000,4.110000,4.110000,4534700
2020-06-09,3.910000,3.960000,3.510000,3.650000,3.650000,2381900
2020-06-10,3.620000,3.710000,3.250000,3.260000,3.260000,1815000
2020-06-11,3.130000,3.220000,3.060000,3.090000,3.090000,1760300
2020-06-12,3.300000,3.320000,2.940000,3.040000,3.040000,2409200
2020-06-15,2.950000,3.340000,2.880000,3.280000,3.280000,1588100
2020-06-16,3.420000,3.480000,3.290000,3.420000,3.420000,1690800
2020-06-17,3.420000,3.460000,3.220000,3.230000,3.230000,786200
2020-06-18,3.180000,3.310000,3.080000,3.180000,3.180000,973500
2020-06-19,3.210000,3.300000,3.050000,3.140000,3.140000,2576300
2020-06-22,3.100000,3.170000,2.980000,3.160000,3.160000,1361500
2020-06-23,3.210000,3.220000,3.040000,3.080000,3.080000,1002700
2020-06-24,3.020000,3.070000,2.910000,3.010000,3.010000,1833500
2020-06-25,3.010000,3.150000,2.870000,2.990000,2.990000,2344100
2020-06-26,2.970000,3.000000,2.680000,2.740000,2.740000,2944800
2020-06-29,2.820000,3.040000,2.730000,3.000000,3.000000,1343900
2020-06-30,3.000000,3.080000,2.890000,3.010000,3.010000,1180100
2020-07-01,3.030000,3.180000,2.990000,3.120000,3.120000,1299700
2020-07-02,3.170000,3.240000,2.970000,3.020000,3.020000,1730900
2020-07-06,3.100000,3.340000,3.030000,3.310000,3.310000,2730100
2020-07-07,3.250000,3.380000,3.170000,3.200000,3.200000,1227600
2020-07-08,3.190000,3.210000,3.040000,3.130000,3.130000,1081100
2020-07-09,3.120000,3.160000,2.950000,3.010000,3.010000,1448200
2020-07-10,2.990000,3.070000,2.900000,3.070000,3.070000,984200
2020-07-13,3.090000,3.200000,3.070000,3.090000,3.090000,1548200
2020-07-14,3.100000,3.200000,3.030000,3.200000,3.200000,1102200
2020-07-15,3.220000,3.410000,3.220000,3.360000,3.360000,2082600
2020-07-16,3.280000,3.650000,3.270000,3.650000,3.650000,2021500
2020-07-17,3.660000,3.680000,3.500000,3.670000,3.670000,1261700
2020-07-20,3.650000,3.650000,3.460000,3.490000,3.490000,950700
2020-07-21,3.560000,3.790000,3.550000,3.750000,3.750000,1823200
2020-07-22,3.730000,4.180000,3.730000,3.970000,3.970000,2632900
2020-07-23,3.990000,4.130000,3.920000,3.940000,3.940000,1608600
2020-07-24,3.930000,3.980000,3.850000,3.900000,3.900000,590200
2020-07-27,3.970000,3.970000,3.830000,3.940000,3.940000,1102100
2020-07-28,3.930000,4.190000,3.900000,4.120000,4.120000,2403500
2020-07-29,4.890000,4.950000,4.420000,4.500000,4.500000,5770100
2020-07-30,4.440000,5.000000,4.320000,4.930000,4.930000,3397800
2020-07-31,4.870000,5.030000,4.760000,4.980000,4.980000,2588700
2020-08-03,5.000000,5.240000,4.930000,5.170000,5.170000,2483200
2020-08-04,5.080000,5.180000,4.890000,5.130000,5.130000,1554400
2020-08-05,5.200000,5.220000,4.990000,5.060000,5.060000,1401600
2020-08-06,5.060000,5.170000,5.030000,5.130000,5.130000,1044900
2020-08-07,5.090000,5.190000,5.040000,5.100000,5.100000,1197900
2020-08-10,5.100000,5.190000,5.020000,5.100000,5.100000,1200300
2020-08-11,5.140000,5.540000,5.070000,5.390000,5.390000,2712300
2020-08-12,5.450000,5.560000,5.150000,5.200000,5.200000,1357400
2020-08-13,5.130000,5.150000,4.430000,4.510000,4.510000,2910700
2020-08-14,4.450000,4.740000,4.340000,4.690000,4.690000,1330900
2020-08-17,4.610000,5.380000,4.580000,5.190000,5.190000,2078200
2020-08-18,5.160000,5.160000,4.930000,5.060000,5.060000,1313900
2020-08-19,5.050000,5.230000,5.000000,5.200000,5.200000,1057400
2020-08-20,5.150000,5.170000,4.950000,5.020000,5.020000,976000
2020-08-21,4.980000,5.070000,4.900000,4.940000,4.940000,1361500
2020-08-24,4.960000,5.060000,4.910000,5.010000,5.010000,794000
2020-08-25,5.050000,5.110000,4.940000,5.020000,5.020000,927600
2020-08-26,5.010000,5.290000,4.810000,5.190000,5.190000,2182800
2020-08-27,5.180000,5.560000,5.060000,5.430000,5.430000,1349500
2020-08-28,5.450000,5.460000,5.170000,5.340000,5.340000,1064700
2020-08-31,5.360000,5.360000,5.100000,5.170000,5.170000,910400
2020-09-01,5.140000,5.170000,5.030000,5.140000,5.140000,819100
2020-09-02,5.140000,5.310000,5.070000,5.280000,5.280000,763000
2020-09-03,5.270000,5.600000,5.170000,5.320000,5.320000,1352400
2020-09-04,5.390000,5.400000,4.910000,5.140000,5.140000,1426100
2020-09-08,5.070000,5.070000,4.600000,4.680000,4.680000,2049700
2020-09-09,4.780000,4.800000,4.530000,4.660000,4.660000,1120600
2020-09-10,4.670000,4.850000,4.610000,4.760000,4.760000,1193300
2020-09-11,4.780000,4.810000,4.380000,4.520000,4.520000,1396100
2020-09-14,4.560000,4.700000,4.390000,4.680000,4.680000,1203000
2020-09-15,4.710000,4.870000,4.620000,4.730000,4.730000,1227900
2020-09-16,4.770000,4.820000,4.600000,4.620000,4.620000,1033800
2020-09-17,4.600000,4.600000,4.350000,4.470000,4.470000,1308700
2020-09-18,4.510000,4.740000,4.380000,4.480000,4.480000,4957500
2020-09-21,4.250000,4.250000,3.850000,4.210000,4.210000,2923400
2020-09-22,4.200000,4.220000,3.920000,4.030000,4.030000,1101000
2020-09-23,4.070000,4.170000,3.780000,3.780000,3.780000,1547000
2020-09-24,3.790000,3.920000,3.740000,3.820000,3.820000,2084400
2020-09-25,3.780000,4.150000,3.780000,4.090000,4.090000,1164900
2020-09-28,4.180000,4.320000,4.170000,4.240000,4.240000,1318600
2020-09-29,4.250000,4.250000,4.010000,4.140000,4.140000,724600
2020-09-30,4.220000,4.410000,4.200000,4.220000,4.220000,1360300
2020-10-01,4.260000,4.350000,4.170000,4.320000,4.320000,1014200
2020-10-02,4.200000,4.480000,4.140000,4.440000,4.440000,1090100
2020-10-05,4.480000,4.910000,4.460000,4.850000,4.850000,1214500
2020-10-06,4.950000,5.120000,4.760000,4.760000,4.760000,1949000
2020-10-07,4.850000,4.940000,4.620000,4.640000,4.640000,1307500
2020-10-08,4.800000,4.860000,4.630000,4.640000,4.640000,1252200
2020-10-09,4.780000,5.060000,4.670000,4.890000,4.890000,1485000
2020-10-12,4.920000,4.930000,4.570000,4.580000,4.580000,1099400
2020-10-13,4.550000,4.620000,4.260000,4.480000,4.480000,1421000
2020-10-14,4.500000,4.640000,4.380000,4.490000,4.490000,730400
2020-10-15,4.450000,4.770000,4.380000,4.760000,4.760000,1078000
2020-10-16,4.760000,5.100000,4.740000,5.090000,5.090000,2074900
2020-10-19,5.130000,5.200000,4.880000,4.940000,4.940000,1258800
2020-10-20,4.940000,5.080000,4.760000,4.830000,4.830000,813400
2020-10-21,4.840000,4.920000,4.640000,4.810000,4.810000,734200
2020-10-22,4.860000,4.990000,4.680000,4.800000,4.800000,897300
2020-10-23,4.840000,4.970000,4.800000,4.920000,4.920000,576500
2020-10-26,4.880000,4.880000,4.670000,4.790000,4.790000,968100
2020-10-27,4.790000,4.790000,4.390000,4.390000,4.390000,1781700
2020-10-28,4.980000,6.000000,4.800000,5.710000,5.710000,21289100
2020-10-29,5.670000,6.190000,5.230000,5.960000,5.960000,7405400
2020-10-30,5.950000,6.250000,5.770000,6.240000,6.240000,3881900
2020-11-02,6.340000,7.230000,6.320000,7.090000,7.090000,5054300
2020-11-03,7.250000,8.550000,7.050000,8.460000,8.460000,7573100
2020-11-04,8.240000,8.590000,7.430000,7.460000,7.460000,6228300
2020-11-05,7.590000,8.760000,7.310000,8.750000,8.750000,3951300
2020-11-06,8.750000,10.180000,8.500000,9.610000,9.610000,5094200
2020-11-09,9.940000,10.080000,9.330000,9.790000,9.790000,3270300
2020-11-10,9.960000,11.040000,9.780000,9.780000,9.780000,5126700
2020-11-11,9.990000,10.000000,8.220000,8.600000,8.600000,4458300
2020-11-12,8.250000,9.050000,7.910000,7.940000,7.940000,8572000
2020-11-13,8.080000,8.600000,8.010000,8.200000,8.200000,2889500
2020-11-16,8.300000,8.400000,7.660000,7.790000,7.790000,3105600
2020-11-17,7.720000,8.550000,7.700000,8.370000,8.370000,2216100
2020-11-18,8.370000,8.540000,8.090000,8.250000,8.250000,2596300
2020-11-19,8.360000,8.860000,8.310000,8.680000,8.680000,2426800
2020-11-20,8.610000,8.750000,8.430000,8.610000,8.610000,1444300
2020-11-23,8.680000,9.410000,8.660000,8.910000,8.910000,7233000
2020-11-24,8.990000,8.990000,8.540000,8.640000,8.640000,1790800
2020-11-25,8.550000,8.640000,8.420000,8.540000,8.540000,1273500
2020-11-27,8.450000,8.650000,8.330000,8.400000,8.400000,612000
2020-11-30,8.420000,8.580000,8.160000,8.180000,8.180000,1450500
2020-12-01,8.340000,8.530000,8.080000,8.130000,8.130000,1464900
2020-12-02,8.130000,8.260000,7.830000,8.090000,8.090000,1292200
2020-12-03,8.040000,8.250000,7.790000,7.920000,7.920000,3504900
2020-12-04,7.980000,8.700000,7.980000,8.650000,8.650000,2576100
2020-12-07,8.630000,8.810000,8.350000,8.630000,8.630000,2152200
2020-12-08,8.540000,8.870000,8.420000,8.430000,8.430000,2678400
2020-12-09,8.540000,8.600000,8.210000,8.370000,8.370000,1705000
2020-12-10,8.250000,8.610000,8.240000,8.440000,8.440000,1599600
2020-12-11,8.310000,8.650000,8.300000,8.540000,8.540000,1469500
2020-12-14,8.690000,9.080000,8.070000,8.090000,8.090000,6345100
2020-12-15,8.270000,8.300000,7.830000,8.150000,8.150000,1657100
2020-12-16,8.220000,8.270000,8.030000,8.080000,8.080000,1153600
2020-12-17,8.100000,8.170000,7.910000,8.010000,8.010000,1865400
2020-12-18,8.000000,8.150000,7.690000,7.750000,7.750000,3294200
2020-12-21,7.610000,7.800000,7.470000,7.620000,7.620000,1338200
2020-12-22,7.680000,7.740000,7.440000,7.590000,7.590000,1100700
2020-12-23,7.620000,7.770000,7.400000,7.740000,7.740000,1217000
2020-12-24,7.760000,7.900000,7.520000,7.670000,7.670000,439000
2020-12-28,7.750000,7.750000,7.280000,7.330000,7.330000,1215200
2020-12-29,7.300000,7.510000,7.120000,7.280000,7.280000,849000
2020-12-30,7.290000,7.430000,7.160000,7.390000,7.390000,934000
2020-12-31,7.430000,7.530000,7.360000,7.430000,7.430000,1010900
2021-01-04,7.470000,7.480000,7.010000,7.280000,7.280000,1738200
2021-01-05,7.310000,7.760000,7.280000,7.570000,7.570000,1798500
2021-01-06,7.730000,8.490000,7.730000,8.240000,8.240000,3082400
2021-01-07,8.300000,8.560000,8.300000,8.360000,8.360000,1991500
2021-01-08,8.490000,8.490000,7.790000,8.040000,8.040000,1684200
2021-01-11,7.920000,8.120000,7.680000,7.800000,7.800000,1391200
2021-01-12,7.810000,7.970000,7.580000,7.960000,7.960000,1263300
2021-01-13,7.930000,7.960000,7.320000,7.360000,7.360000,1924300
2021-01-14,7.700000,8.590000,7.670000,8.380000,8.380000,3542800
2021-01-15,8.320000,9.110000,8.320000,9.050000,9.050000,7485700
2021-01-19,9.200000,9.840000,8.960000,9.740000,9.740000,3425200
2021-01-20,9.770000,9.910000,9.460000,9.560000,9.560000,1937200
2021-01-21,9.590000,10.330000,9.320000,9.980000,9.980000,4848400
2021-01-22,9.860000,10.160000,9.490000,10.110000,10.110000,1403600
2021-01-25,10.160000,10.770000,9.600000,10.750000,10.750000,4116200
2021-01-26,10.760000,11.450000,10.710000,10.920000,10.920000,2518200
2021-01-27,10.700000,11.070000,10.300000,10.780000,10.780000,1879700
2021-01-28,10.830000,11.020000,9.860000,10.160000,10.160000,2625600
2021-01-29,10.010000,10.110000,8.960000,9.320000,9.320000,2698100
2021-02-01,9.360000,9.610000,8.960000,9.520000,9.520000,1754000
2021-02-02,9.690000,9.840000,9.200000,9.210000,9.210000,1496500
2021-02-03,9.170000,9.430000,9.010000,9.400000,9.400000,1263800
2021-02-04,9.480000,9.490000,9.070000,9.210000,9.210000,1093600
2021-02-05,9.320000,9.550000,9.140000,9.220000,9.220000,1237100
2021-02-08,9.260000,9.950000,9.150000,9.890000,9.890000,1588600
2021-02-09,9.940000,10.150000,9.580000,9.770000,9.770000,1054100
2021-02-10,9.860000,9.980000,9.180000,9.360000,9.360000,1143000
2021-02-11,9.410000,9.610000,9.220000,9.250000,9.250000,947300
2021-02-12,9.190000,9.310000,8.850000,9.250000,9.250000,1226900
2021-02-16,9.320000,9.500000,9.060000,9.200000,9.200000,1261200
2021-02-17,9.170000,9.270000,9.000000,9.240000,9.240000,1519300
2021-02-18,9.380000,9.380000,8.060000,8.500000,8.500000,3935900
2021-02-19,8.600000,9.280000,8.520000,8.910000,8.910000,2303900
2021-02-22,8.850000,9.060000,8.270000,8.340000,8.340000,1911700
2021-02-23,8.210000,8.820000,7.890000,8.580000,8.580000,2237800
2021-02-24,8.640000,9.200000,8.580000,8.990000,8.990000,1229100
2021-02-25,8.900000,9.170000,8.510000,8.600000,8.600000,1705700
2021-02-26,8.630000,8.860000,8.300000,8.560000,8.560000,1640100
2021-03-01,8.750000,8.990000,8.630000,8.810000,8.810000,1728100
2021-03-02,8.830000,8.960000,8.380000,8.390000,8.390000,1586700
2021-03-03,8.400000,8.760000,8.290000,8.640000,8.640000,1721400
2021-03-04,8.610000,9.010000,7.950000,8.780000,8.780000,5720000
2021-03-05,8.850000,8.950000,8.100000,8.690000,8.690000,4138000
2021-03-08,8.750000,9.270000,8.400000,9.230000,9.230000,3110500
2021-03-09,9.300000,10.000000,9.290000,9.540000,9.540000,4433700
2021-03-10,9.660000,10.150000,9.530000,9.660000,9.660000,3787800
2021-03-11,9.790000,9.990000,9.520000,9.840000,9.840000,2095100
2021-03-12,9.900000,11.550000,9.890000,11.280000,11.280000,7080400
2021-03-15,11.190000,12.810000,11.030000,12.710000,12.710000,5760200
2021-03-16,13.170000,13.320000,11.650000,11.790000,11.790000,4828500
2021-03-17,11.540000,12.380000,11.510000,12.250000,12.250000,2462300
2021-03-18,12.200000,12.340000,11.300000,11.350000,11.350000,2340600
2021-03-19,11.360000,12.240000,11.350000,11.800000,11.800000,4562300
2021-03-22,12.000000,12.260000,11.550000,12.230000,12.230000,1873300
2021-03-23,12.050000,12.680000,11.400000,11.520000,11.520000,2682500
2021-03-24,11.700000,12.150000,11.560000,11.780000,11.780000,2658500
2021-03-25,11.580000,14.020000,11.430000,13.960000,13.960000,4309600
2021-03-26,14.050000,14.090000,12.940000,13.060000,13.060000,3024300
2021-03-29,13.140000,13.900000,12.830000,12.950000,12.950000,2406700
2021-03-30,12.950000,13.100000,12.660000,12.950000,12.950000,1816400
2021-03-31,13.000000,14.010000,13.000000,13.520000,13.520000,5334800
2021-04-01,13.570000,14.090000,13.000000,13.630000,13.630000,4866000
2021-04-05,13.870000,14.390000,12.710000,13.010000,13.010000,1907300
2021-04-06,12.960000,13.190000,12.560000,13.070000,13.070000,1298300
2021-04-07,12.980000,13.020000,11.580000,11.610000,11.610000,2726700
2021-04-08,11.750000,12.000000,11.060000,11.660000,11.660000,4215200
2021-04-09,11.560000,12.130000,11.340000,11.920000,11.920000,3416900
2021-04-12,11.940000,12.060000,11.540000,11.590000,11.590000,3299100
2021-04-13,11.540000,11.780000,10.570000,10.750000,10.750000,6079400
2021-04-14,10.600000,10.920000,10.140000,10.200000,10.200000,2385800
2021-04-15,10.330000,10.430000,9.850000,10.010000,10.010000,2581700
2021-04-16,10.090000,10.420000,9.970000,10.070000,10.070000,2005900
2021-04-19,10.180000,10.450000,9.920000,10.190000,10.190000,2430400
2021-04-20,10.020000,10.050000,9.360000,9.670000,9.670000,2418800
2021-04-21,9.720000,10.330000,9.640000,10.120000,10.120000,2300300
2021-04-22,10.200000,10.810000,10.110000,10.400000,10.400000,3807000
2021-04-23,10.320000,10.480000,9.820000,10.210000,10.210000,2319400
2021-04-26,10.290000,10.500000,10.010000,10.470000,10.470000,1837900
2021-04-27,10.460000,10.650000,10.190000,10.350000,10.350000,2171300
2021-04-28,10.360000,10.720000,10.200000,10.550000,10.550000,2659500
2021-04-29,10.670000,11.080000,10.150000,10.380000,10.380000,3547500
2021-04-30,10.630000,11.250000,10.370000,11.150000,11.150000,4079000
2021-05-03,11.220000,12.230000,11.220000,11.920000,11.920000,3803700
2021-05-04,11.820000,12.580000,11.400000,12.490000,12.490000,3795500
2021-05-05,13.310000,13.880000,12.860000,13.840000,13.840000,4415000
2021-05-06,13.650000,14.030000,13.210000,14.010000,14.010000,3440900
2021-05-07,14.000000,15.300000,13.840000,15.220000,15.220000,3986300
2021-05-10,15.100000,15.100000,14.410000,14.560000,14.560000,2349800
2021-05-11,13.780000,14.890000,13.770000,14.840000,14.840000,2034700
2021-05-12,14.820000,14.860000,13.880000,14.040000,14.040000,2288700
2021-05-13,14.070000,14.870000,13.980000,14.440000,14.440000,2432400
2021-05-14,14.740000,14.790000,13.620000,14.140000,14.140000,2466300
2021-05-17,14.130000,14.300000,13.810000,14.210000,14.210000,1310500
2021-05-18,14.270000,14.420000,13.530000,13.620000,13.620000,2339700
2021-05-19,13.350000,13.490000,12.780000,13.180000,13.180000,2080700
2021-05-20,13.250000,13.550000,12.910000,13.430000,13.430000,1191300
2021-05-21,13.570000,13.730000,13.380000,13.490000,13.490000,878300
2021-05-24,13.600000,13.850000,13.400000,13.750000,13.750000,1090600
2021-05-25,13.770000,13.950000,13.380000,13.390000,13.390000,2103300
2021-05-26,13.500000,13.830000,13.220000,13.730000,13.730000,2457200
2021-05-27,13.900000,14.930000,13.800000,14.630000,14.630000,2388800
2021-05-28,14.670000,14.700000,14.130000,14.270000,14.270000,1411400
2021-06-01,14.450000,16.240000,14.370000,16.180000,16.180000,3694900
2021-06-02,16.200001,16.280001,15.680000,15.800000,15.800000,2408800
2021-06-03,15.410000,16.170000,15.200000,15.980000,15.980000,1606900
2021-06-04,16.080000,16.490000,15.970000,16.100000,16.100000,1374000
2021-06-07,16.250000,16.780001,16.150000,16.530001,16.530001,1767600
2021-06-08,16.580000,16.639999,15.580000,15.680000,15.680000,1973100
2021-06-09,15.710000,15.950000,15.310000,15.320000,15.320000,937600
2021-06-10,16.059999,17.040001,15.900000,16.650000,16.650000,4435700
2021-06-11,16.559999,16.790001,16.070000,16.150000,16.150000,2026700
2021-06-14,16.090000,16.150000,15.300000,15.570000,15.570000,1741400
2021-06-15,15.480000,15.740000,14.960000,15.550000,15.550000,2456900
2021-06-16,15.480000,15.690000,15.110000,15.370000,15.370000,1039800
2021-06-17,15.350000,16.100000,15.070000,15.450000,15.450000,1470800
2021-06-18,15.250000,15.460000,14.710000,14.770000,14.770000,2624800
2021-06-21,14.840000,16.330000,14.830000,16.150000,16.150000,2648400
2021-06-22,16.059999,16.549999,15.890000,16.340000,16.340000,1238800
2021-06-23,16.430000,16.660000,16.049999,16.059999,16.059999,1243100
2021-06-24,16.180000,16.350000,15.850000,16.090000,16.090000,1051700
2021-06-25,16.170000,16.430000,15.850000,15.940000,15.940000,8176400
2021-06-28,15.880000,16.059999,15.270000,15.550000,15.550000,1067400
2021-06-29,15.770000,15.900000,15.090000,15.110000,15.110000,818700
2021-06-30,14.930000,15.540000,14.730000,15.440000,15.440000,1773300
2021-07-01,15.530000,16.030001,15.250000,15.740000,15.740000,1084200
2021-07-02,15.730000,15.840000,15.310000,15.690000,15.690000,845200
2021-07-06,15.760000,15.840000,14.980000,15.460000,15.460000,748300
2021-07-07,15.520000,15.820000,15.340000,15.340000,15.340000,949100
2021-07-08,14.900000,15.820000,14.710000,15.590000,15.590000,1369700
2021-07-09,15.600000,16.200001,15.600000,16.020000,16.020000,1054800
2021-07-12,15.800000,16.260000,15.310000,16.090000,16.090000,995900
2021-07-13,16.000000,16.120001,15.400000,15.410000,15.410000,1232100
2021-07-14,15.670000,15.940000,14.970000,15.250000,15.250000,1023100
2021-07-15,15.010000,15.200000,14.570000,14.810000,14.810000,840800
2021-07-16,14.990000,15.020000,14.520000,14.760000,14.760000,973400
2021-07-19,14.330000,14.780000,13.900000,14.230000,14.230000,1666000
2021-07-20,15.000000,16.410000,14.900000,15.590000,15.590000,3214400
2021-07-21,15.790000,16.620001,15.680000,15.850000,15.850000,1499000
2021-07-22,15.680000,15.840000,14.280000,14.280000,14.280000,2106300
2021-07-23,14.280000,14.460000,13.850000,14.160000,14.160000,1281800
2021-07-26,14.270000,14.740000,13.910000,14.720000,14.720000,1402500
2021-07-27,14.760000,14.820000,14.260000,14.400000,14.400000,622900
2021-07-28,14.510000,14.510000,13.720000,14.310000,14.310000,1070900
2021-07-29,13.680000,14.390000,12.810000,13.480000,13.480000,2678300
2021-07-30,13.440000,13.790000,13.210000,13.320000,13.320000,1050700
2021-08-02,13.410000,13.990000,13.170000,13.200000,13.200000,1359100
2021-08-03,13.360000,13.450000,12.790000,13.340000,13.340000,1517700
2021-08-04,13.030000,13.160000,12.420000,12.530000,12.530000,1232100
2021-08-05,12.550000,12.930000,12.480000,12.820000,12.820000,950800
2021-08-06,12.990000,13.030000,12.660000,12.750000,12.750000,672700
2021-08-09,12.700000,12.980000,12.270000,12.850000,12.850000,901100
2021-08-10,12.780000,12.880000,12.420000,12.590000,12.590000,866200
2021-08-11,12.580000,12.820000,12.330000,12.780000,12.780000,839000
2021-08-12,12.800000,12.930000,12.470000,12.550000,12.550000,868100
2021-08-13,12.450000,12.600000,11.970000,12.210000,12.210000,1391200
2021-08-16,12.280000,12.490000,12.070000,12.140000,12.140000,1236000
2021-08-17,11.890000,12.390000,11.480000,12.380000,12.380000,1289900
2021-08-18,12.310000,12.640000,12.080000,12.170000,12.170000,1129300
2021-08-19,11.990000,12.110000,11.510000,11.850000,11.850000,1727500
2021-08-20,11.820000,12.720000,11.820000,12.700000,12.700000,1571300
2021-08-23,12.660000,12.870000,11.920000,12.540000,12.540000,1363500
2021-08-24,12.540000,12.780000,12.330000,12.530000,12.530000,1207300
2021-08-25,12.580000,13.020000,12.090000,12.570000,12.570000,1201100
2021-08-26,12.510000,12.560000,12.000000,12.220000,12.220000,934800
2021-08-27,12.200000,12.670000,12.160000,12.520000,12.520000,1072000
2021-08-30,12.610000,12.650000,12.250000,12.390000,12.390000,781200
2021-08-31,12.350000,12.510000,12.240000,12.310000,12.310000,670400
2021-09-01,12.320000,12.580000,11.960000,12.420000,12.420000,1131200
2021-09-02,12.440000,13.020000,12.360000,13.020000,13.020000,1112500
2021-09-03,12.930000,13.200000,12.740000,12.820000,12.820000,1000400
2021-09-07,12.730000,12.780000,12.020000,12.040000,12.040000,1203700
2021-09-08,11.910000,12.170000,11.760000,11.890000,11.890000,879700
2021-09-09,11.830000,12.120000,11.770000,11.820000,11.820000,731200
2021-09-10,11.890000,11.890000,11.300000,11.320000,11.320000,1241600
2021-09-13,11.440000,11.540000,11.210000,11.410000,11.410000,804400
2021-09-14,11.380000,11.440000,10.720000,10.920000,10.920000,1045100
2021-09-15,10.840000,11.320000,10.700000,11.210000,11.210000,899000
2021-09-16,11.230000,11.340000,10.920000,11.020000,11.020000,523500
2021-09-17,10.990000,11.240000,10.830000,11.230000,11.230000,2734200
2021-09-20,10.770000,11.120000,10.550000,10.800000,10.800000,2287900
2021-09-21,10.870000,11.270000,10.870000,11.130000,11.130000,1989700
2021-09-22,11.220000,11.420000,11.150000,11.180000,11.180000,784200
2021-09-23,11.210000,11.300000,10.940000,11.270000,11.270000,1583200
2021-09-24,11.000000,11.770000,10.690000,11.640000,11.640000,1847100
2021-09-27,11.830000,11.960000,11.700000,11.850000,11.850000,1224900
2021-09-28,11.760000,12.000000,11.600000,11.640000,11.640000,1223600
2021-09-29,11.760000,12.150000,11.710000,12.000000,12.000000,1352800
2021-09-30,12.120000,12.120000,11.520000,11.700000,11.700000,2611100
2021-10-01,11.790000,12.190000,11.670000,12.180000,12.180000,1303100
2021-10-04,12.240000,12.770000,12.160000,12.300000,12.300000,1446600
2021-10-05,12.340000,12.380000,11.660000,11.770000,11.770000,1489200
2021-10-06,11.590000,11.710000,11.090000,11.160000,11.160000,1912600
2021-10-07,11.250000,11.470000,11.080000,11.160000,11.160000,1287100
2021-10-08,11.110000,11.180000,10.590000,10.650000,10.650000,1283500
2021-10-11,10.600000,10.690000,10.340000,10.340000,10.340000,921500
2021-10-12,10.340000,10.470000,10.090000,10.220000,10.220000,1091300
2021-10-13,10.080000,10.090000,9.660000,9.780000,9.780000,1506700
2021-10-14,9.870000,10.460000,9.870000,10.200000,10.200000,1351300
2021-10-15,10.390000,10.620000,10.280000,10.350000,10.350000,1796000
2021-10-18,10.260000,10.640000,10.000000,10.580000,10.580000,1075600
2021-10-19,10.600000,11.050000,10.410000,10.720000,10.720000,1464000
2021-10-20,10.730000,11.170000,10.710000,10.890000,10.890000,853600
2021-10-21,11.450000,11.530000,11.100000,11.380000,11.380000,1648300
2021-10-22,11.180000,11.400000,11.000000,11.300000,11.300000,1602700
2021-10-25,11.300000,11.430000,10.780000,10.780000,10.780000,988000
2021-10-26,10.660000,10.760000,10.010000,10.050000,10.050000,2074400
2021-10-27,10.000000,10.270000,9.780000,10.110000,10.110000,1714700
2021-10-28,11.660000,12.430000,11.020000,11.970000,11.970000,5388600
2021-10-29,12.050000,13.140000,11.850000,13.100000,13.100000,2757700
2021-11-01,13.140000,13.380000,12.830000,12.950000,12.950000,1753700
2021-11-02,12.990000,13.400000,12.840000,13.070000,13.070000,1458800
2021-11-03,12.930000,13.600000,12.800000,13.520000,13.520000,1536800
2021-11-04,13.650000,13.980000,13.420000,13.680000,13.680000,1286900
2021-11-05,13.800000,14.510000,13.700000,14.390000,14.390000,1938800
2021-11-08,14.450000,14.640000,13.940000,14.370000,14.370000,1332200
2021-11-09,14.450000,14.920000,14.330000,14.700000,14.700000,1459000
2021-11-10,14.700000,15.290000,14.580000,14.750000,14.750000,1244200
2021-11-11,14.700000,15.080000,14.300000,14.940000,14.940000,1014300
2021-11-12,14.970000,15.270000,14.770000,14.780000,14.780000,971200
2021-11-15,15.090000,15.130000,14.620000,14.700000,14.700000,914600
2021-11-16,14.600000,14.880000,14.240000,14.760000,14.760000,892400
2021-11-17,14.670000,15.000000,14.580000,14.760000,14.760000,679700
2021-11-18,14.780000,14.840000,14.130000,14.230000,14.230000,1276500
2021-11-19,14.120000,14.320000,13.690000,13.800000,13.800000,1310700
2021-11-22,13.940000,14.350000,13.900000,14.150000,14.150000,1096800
2021-11-23,14.130000,14.400000,14.000000,14.280000,14.280000,656300
2021-11-24,14.100000,14.210000,13.650000,13.680000,13.680000,1021400
2021-11-26,13.060000,13.280000,12.480000,12.900000,12.900000,934200
2021-11-29,13.100000,13.230000,12.560000,12.590000,12.590000,1402900
2021-11-30,12.400000,12.550000,11.850000,12.030000,12.030000,925200
2021-12-01,12.450000,12.510000,11.390000,11.440000,11.440000,1755000
2021-12-02,11.500000,12.260000,11.390000,12.130000,12.130000,1080300
2021-12-03,12.080000,12.280000,11.460000,11.680000,11.680000,1641700
2021-12-06,11.880000,12.030000,11.520000,11.860000,11.860000,1013900
2021-12-07,12.110000,12.410000,11.960000,12.010000,12.010000,727200
2021-12-08,12.070000,12.590000,11.900000,12.440000,12.440000,848700
2021-12-09,12.280000,12.430000,12.110000,12.190000,12.190000,735800
2021-12-10,12.310000,12.750000,12.130000,12.720000,12.720000,1130500
2021-12-13,13.220000,13.580000,12.610000,13.230000,13.230000,2081700
2021-12-14,13.180000,13.490000,12.990000,13.090000,13.090000,1473200
2021-12-15,12.970000,13.420000,12.710000,13.300000,13.300000,951100
2021-12-16,13.390000,13.390000,12.530000,12.570000,12.570000,1048500
2021-12-17,12.550000,12.780000,12.180000,12.670000,12.670000,2188700
2021-12-20,12.390000,12.520000,11.760000,12.460000,12.460000,1051000
2021-12-21,12.510000,13.120000,12.510000,12.920000,12.920000,791000
2021-12-22,12.940000,13.230000,12.800000,13.220000,13.220000,547900
2021-12-23,13.260000,13.410000,13.020000,13.290000,13.290000,845700
2021-12-27,13.450000,13.520000,13.100000,13.520000,13.520000,751800
2021-12-28,13.480000,13.770000,13.260000,13.290000,13.290000,617800
2021-12-29,13.330000,13.590000,13.100000,13.360000,13.360000,456600
2021-12-30,13.360000,13.730000,13.300000,13.370000,13.370000,567400
2021-12-31,13.330000,13.560000,13.170000,13.310000,13.310000,621400
2022-01-03,13.340000,13.380000,13.020000,13.260000,13.260000,723200
2022-01-04,13.280000,13.830000,13.110000,13.670000,13.670000,1186900
2022-01-05,13.840000,14.210000,12.950000,12.980000,12.980000,1350400
2022-01-06,12.910000,12.980000,12.360000,12.830000,12.830000,1057800
2022-01-07,12.880000,12.900000,12.040000,12.040000,12.040000,1394600
2022-01-10,12.470000,12.630000,12.280000,12.630000,12.630000,934800
2022-01-11,12.550000,12.670000,12.130000,12.660000,12.660000,1742200
2022-01-12,12.630000,13.230000,12.230000,12.750000,12.750000,1223300
2022-01-13,12.800000,13.340000,12.740000,13.000000,13.000000,1029000
2022-01-14,12.870000,13.180000,12.790000,13.120000,13.120000,692500
2022-01-18,13.550000,14.370000,13.440000,13.740000,13.740000,2510500
2022-01-19,13.820000,14.740000,13.750000,14.280000,14.280000,1942400
2022-01-20,14.360000,14.510000,13.500000,13.580000,13.580000,1162600
2022-01-21,13.490000,13.500000,12.930000,13.060000,13.060000,1384400
2022-01-24,12.770000,13.700000,12.450000,13.650000,13.650000,1587700
2022-01-25,13.530000,13.670000,12.830000,13.400000,13.400000,1118500
2022-01-26,13.510000,13.920000,13.270000,13.340000,13.340000,1482200
2022-01-27,12.910000,13.180000,12.570000,12.710000,12.710000,1247600
2022-01-28,12.530000,13.020000,12.330000,13.020000,13.020000,962800
2022-01-31,12.790000,13.000000,12.470000,12.690000,12.690000,1683100
2022-02-01,12.760000,12.920000,12.300000,12.740000,12.740000,1195200
2022-02-02,12.700000,13.090000,12.370000,13.020000,13.020000,1135500
2022-02-03,12.860000,13.220000,12.670000,12.710000,12.710000,785900
2022-02-04,12.640000,12.700000,11.860000,12.480000,12.480000,1683100
2022-02-07,12.380000,12.480000,11.440000,11.520000,11.520000,1676900
2022-02-08,11.430000,12.150000,11.280000,11.970000,11.970000,1313000
2022-02-09,12.040000,12.790000,12.040000,12.710000,12.710000,1751200
2022-02-10,12.420000,13.690000,12.290000,13.290000,13.290000,1680800
2022-02-11,13.310000,13.600000,12.980000,13.220000,13.220000,1157000
2022-02-14,13.280000,13.550000,12.860000,12.970000,12.970000,979800
2022-02-15,13.060000,13.750000,13.060000,13.670000,13.670000,861400
2022-02-16,13.620000,14.290000,13.420000,14.100000,14.100000,1316100
2022-02-17,13.990000,14.100000,12.220000,12.290000,12.290000,2615500
2022-02-18,12.020000,12.350000,10.730000,10.760000,10.760000,3256700
2022-02-22,10.700000,10.740000,9.780000,9.850000,9.850000,2867600
2022-02-23,9.910000,10.160000,9.530000,9.600000,9.600000,1959400
2022-02-24,9.800000,9.940000,9.220000,9.860000,9.860000,2610600
2022-02-25,9.860000,10.650000,9.860000,10.620000,10.620000,1737600
2022-02-28,10.300000,10.570000,10.150000,10.510000,10.510000,1412100
2022-03-01,10.380000,10.530000,10.060000,10.180000,10.180000,1398300
2022-03-02,10.310000,10.940000,10.310000,10.710000,10.710000,1032000
2022-03-03,10.770000,11.080000,10.680000,10.970000,10.970000,1270200
2022-03-04,10.790000,11.010000,10.620000,11.000000,11.000000,1051700
2022-03-07,10.990000,11.110000,10.610000,10.650000,10.650000,1251800
2022-03-08,10.640000,11.140000,10.470000,10.730000,10.730000,1130800
2022-03-09,11.070000,12.000000,10.980000,11.840000,11.840000,1620300
2022-03-10,11.580000,12.150000,11.480000,11.970000,11.970000,1228700
2022-03-11,12.030000,12.180000,11.620000,11.670000,11.670000,850500
2022-03-14,11.720000,12.000000,11.080000,11.310000,11.310000,1215200
2022-03-15,11.490000,11.700000,11.190000,11.470000,11.470000,753200
2022-03-16,11.580000,11.840000,11.090000,11.550000,11.550000,1022000
2022-03-17,11.510000,11.790000,11.400000,11.710000,11.710000,534800
2022-03-18,11.650000,11.840000,11.400000,11.610000,11.610000,1351300
2022-03-21,11.610000,11.850000,11.320000,11.450000,11.450000,744700
2022-03-22,11.400000,11.590000,11.340000,11.450000,11.450000,560200
2022-03-23,11.340000,11.510000,11.110000,11.390000,11.390000,568700
2022-03-24,11.400000,11.620000,11.200000,11.540000,11.540000,861300
2022-03-25,11.580000,12.330000,11.460000,12.310000,12.310000,1817800
2022-03-28,12.300000,12.320000,11.940000,12.240000,12.240000,875700
2022-03-29,12.290000,12.510000,12.110000,12.240000,12.240000,943600
2022-03-30,12.310000,12.370000,11.570000,11.800000,11.800000,1315200
2022-03-31,11.770000,12.020000,11.540000,11.870000,11.870000,1013900
2022-04-01,12.070000,12.230000,11.790000,11.940000,11.940000,1097900
2022-04-04,11.940000,12.040000,11.530000,11.740000,11.740000,880800
2022-04-05,11.800000,11.900000,11.090000,11.140000,11.140000,901500
2022-04-06,11.050000,11.180000,10.850000,11.170000,11.170000,1316200
2022-04-07,11.250000,11.540000,11.030000,11.350000,11.350000,1035200
2022-04-08,11.270000,11.470000,10.940000,10.950000,10.950000,815900
2022-04-11,10.940000,11.120000,10.720000,10.790000,10.790000,995200
2022-04-12,10.860000,11.480000,10.860000,11.210000,11.210000,875500
2022-04-13,11.300000,11.530000,11.170000,11.290000,11.290000,606800
2022-04-14,11.380000,11.710000,11.340000,11.460000,11.460000,756900
2022-04-18,11.380000,11.530000,11.200000,11.260000,11.260000,518000
2022-04-19,11.350000,11.710000,11.300000,11.330000,11.330000,745400
2022-04-20,11.430000,11.870000,11.330000,11.680000,11.680000,849600
2022-04-21,11.850000,12.120000,11.450000,11.490000,11.490000,1050900
2022-04-22,10.800000,10.870000,9.260000,9.430000,9.430000,3096500
2022-04-25,9.190000,9.480000,8.800000,9.080000,9.080000,3223900
2022-04-26,8.710000,9.080000,8.450000,8.850000,8.850000,2080800
2022-04-27,8.760000,9.190000,8.630000,8.920000,8.920000,1517700
2022-04-28,8.850000,8.930000,7.330000,8.480000,8.480000,3944200
2022-04-29,8.270000,8.290000,7.610000,7.670000,7.670000,2397000
2022-05-02,7.600000,7.660000,6.940000,7.160000,7.160000,4083300
2022-05-03,7.150000,7.440000,6.930000,7.060000,7.060000,2279600
2022-05-04,7.140000,7.440000,6.930000,7.370000,7.370000,2611700
2022-05-05,7.290000,7.430000,6.930000,7.080000,7.080000,1661800
2022-05-06,7.000000,7.340000,6.900000,7.030000,7.030000,1504600
2022-05-09,6.850000,6.960000,6.490000,6.610000,6.610000,1523800
2022-05-10,6.710000,6.840000,6.320000,6.390000,6.390000,2045700
2022-05-11,6.400000,6.600000,6.050000,6.120000,6.120000,2253800
2022-05-12,6.070000,6.470000,6.040000,6.320000,6.320000,2989800
2022-05-13,6.470000,6.720000,6.430000,6.490000,6.490000,2552900
2022-05-16,6.470000,6.570000,6.240000,6.240000,6.240000,1233600
2022-05-17,6.390000,6.470000,6.220000,6.440000,6.440000,1602600
2022-05-18,6.210000,6.340000,5.760000,5.910000,5.910000,2875400
2022-05-19,5.830000,6.000000,5.660000,5.770000,5.770000,2540300
2022-05-20,5.870000,5.970000,5.500000,5.800000,5.800000,1937400
2022-05-23,5.850000,5.900000,5.510000,5.700000,5.700000,1650400
2022-05-24,5.620000,5.650000,5.180000,5.270000,5.270000,2380100
2022-05-25,5.230000,5.580000,5.220000,5.390000,5.390000,2387400
2022-05-26,5.320000,5.490000,5.230000,5.350000,5.350000,2805000
2022-05-27,5.360000,5.610000,5.280000,5.300000,5.300000,1760500
2022-05-31,5.230000,5.330000,5.110000,5.240000,5.240000,2499700
2022-06-01,5.200000,5.260000,5.000000,5.000000,5.000000,2337300
2022-06-02,5.050000,5.290000,4.960000,5.230000,5.230000,2989400
2022-06-03,5.360000,5.670000,5.300000,5.450000,5.450000,2637400
2022-06-06,5.440000,5.540000,5.200000,5.280000,5.280000,1861100
2022-06-07,5.200000,5.300000,5.100000,5.250000,5.250000,1695800
2022-06-08,5.200000,5.280000,5.070000,5.160000,5.160000,1752000
2022-06-09,5.110000,5.140000,4.820000,4.850000,4.850000,1965200
2022-06-10,4.720000,4.830000,4.560000,4.780000,4.780000,1988000
2022-06-13,4.600000,4.880000,4.540000,4.820000,4.820000,2697700
2022-06-14,4.830000,5.010000,4.730000,4.790000,4.790000,2400300
2022-06-15,4.570000,4.600000,4.160000,4.170000,4.170000,4920400
2022-06-16,4.060000,4.100000,3.900000,4.080000,4.080000,3180800
2022-06-17,4.080000,4.340000,4.010000,4.230000,4.230000,7325700
2022-06-21,4.270000,4.300000,3.990000,4.000000,4.000000,2990600
2022-06-22,3.920000,4.250000,3.900000,4.140000,4.140000,2487500
2022-06-23,4.120000,4.250000,4.080000,4.130000,4.130000,2128000
2022-06-24,4.110000,4.310000,4.110000,4.200000,4.200000,4696000
2022-06-27,4.180000,4.260000,4.000000,4.090000,4.090000,2262000
2022-06-28,4.150000,4.280000,4.030000,4.050000,4.050000,1865000
2022-06-29,4.050000,4.050000,3.830000,3.990000,3.990000,1509200
2022-06-30,3.860000,3.960000,3.670000,3.750000,3.750000,2715600
2022-07-01,3.740000,4.070000,3.700000,4.030000,4.030000,4098800
2022-07-05,3.970000,4.180000,3.880000,4.180000,4.180000,2159700
2022-07-06,4.120000,4.150000,3.870000,3.900000,3.900000,3681700
2022-07-07,3.850000,4.050000,3.850000,3.950000,3.950000,1740500
2022-07-08,3.980000,4.200000,3.930000,3.940000,3.940000,1849100
2022-07-11,3.930000,3.980000,3.760000,3.830000,3.830000,2474900
2022-07-12,3.760000,3.830000,3.440000,3.490000,3.490000,2737300
2022-07-13,3.450000,3.680000,3.350000,3.640000,3.640000,2674800
2022-07-14,3.530000,3.600000,3.390000,3.440000,3.440000,2109400
2022-07-15,3.560000,3.790000,3.420000,3.640000,3.640000,2133000
2022-07-18,3.680000,3.850000,3.640000,3.770000,3.770000,2102600
2022-07-19,3.870000,4.180000,3.830000,4.150000,4.150000,2515800
2022-07-20,4.110000,4.200000,4.030000,4.120000,4.120000,2447000
2022-07-21,4.090000,4.160000,3.940000,4.110000,4.110000,1619100
2022-07-22,4.830000,5.060000,4.650000,4.900000,4.900000,8752100
2022-07-25,4.880000,5.220000,4.800000,4.950000,4.950000,3822100
2022-07-26,4.980000,5.020000,4.820000,5.020000,5.020000,2237300
2022-07-27,5.080000,5.260000,4.940000,5.180000,5.180000,4271800
2022-07-28,2.990000,3.480000,2.920000,2.960000,2.960000,20187000
2022-07-29,3.110000,3.140000,2.880000,2.980000,2.980000,5574000
2022-08-01,2.920000,3.150000,2.810000,3.030000,3.030000,5570700
2022-08-02,3.010000,3.030000,2.850000,2.850000,2.850000,5002100
2022-08-03,3.130000,3.630000,3.120000,3.500000,3.500000,9359100
2022-08-04,3.420000,3.470000,3.250000,3.300000,3.300000,3672300
2022-08-05,3.210000,3.610000,3.200000,3.520000,3.520000,3814800
2022-08-08,3.550000,3.780000,3.490000,3.610000,3.610000,2502500
2022-08-09,3.610000,3.800000,3.460000,3.470000,3.470000,2298700
2022-08-10,3.570000,3.750000,3.480000,3.610000,3.610000,3697400
2022-08-11,3.690000,4.200000,3.690000,3.780000,3.780000,3540000
2022-08-12,3.790000,3.900000,3.690000,3.740000,3.740000,2534400
2022-08-15,3.680000,3.710000,3.430000,3.480000,3.480000,2537000
2022-08-16,3.480000,3.550000,3.150000,3.310000,3.310000,3507200
2022-08-17,3.300000,3.310000,3.170000,3.200000,3.200000,1645800
2022-08-18,3.200000,3.310000,3.200000,3.210000,3.210000,1638200
2022-08-19,3.200000,3.230000,3.080000,3.160000,3.160000,2617200
2022-08-22,3.110000,3.190000,3.080000,3.150000,3.150000,2029000
2022-08-23,3.130000,3.250000,3.010000,3.030000,3.030000,2318300
2022-08-24,3.020000,3.100000,2.970000,3.060000,3.060000,2576800
2022-08-25,3.110000,3.330000,3.090000,3.290000,3.290000,2609400
2022-08-26,3.300000,3.350000,3.060000,3.080000,3.080000,1792900
2022-08-29,3.060000,3.060000,2.970000,2.990000,2.990000,2375000
2022-08-30,2.960000,2.990000,2.790000,2.830000,2.830000,2625100
2022-08-31,2.900000,2.910000,2.660000,2.660000,2.660000,2427600
2022-09-01,2.620000,2.690000,2.560000,2.670000,2.670000,2103300
2022-09-02,2.770000,2.820000,2.610000,2.670000,2.670000,1936200
2022-09-06,2.700000,2.750000,2.610000,2.700000,2.700000,1919000
2022-09-07,2.720000,2.910000,2.690000,2.880000,2.880000,1954500
2022-09-08,2.830000,3.060000,2.830000,3.040000,3.040000,1763300
2022-09-09,3.070000,3.280000,3.030000,3.230000,3.230000,2640700
2022-09-12,3.210000,3.340000,3.190000,3.240000,3.240000,3088900
2022-09-13,3.170000,3.220000,2.970000,3.010000,3.010000,3608600
2022-09-14,2.990000,3.050000,2.810000,2.900000,2.900000,2192100
2022-09-15,2.900000,3.140000,2.900000,2.960000,2.960000,2191700
2022-09-16,2.920000,2.960000,2.760000,2.910000,2.910000,4174000
2022-09-19,2.840000,2.920000,2.790000,2.900000,2.900000,1438500
2022-09-20,2.860000,2.920000,2.800000,2.810000,2.810000,1186400
2022-09-21,2.830000,2.860000,2.700000,2.720000,2.720000,1496400
2022-09-22,2.700000,2.700000,2.540000,2.560000,2.560000,2443400
2022-09-23,2.530000,2.560000,2.360000,2.380000,2.380000,2221700
2022-09-26,2.410000,2.510000,2.320000,2.320000,2.320000,2033500
2022-09-27,2.360000,2.430000,2.210000,2.230000,2.230000,2427300
2022-09-28,2.270000,2.500000,2.260000,2.450000,2.450000,2986500
2022-09-29,2.390000,2.390000,2.180000,2.260000,2.260000,2926700
2022-09-30,2.280000,2.350000,2.140000,2.150000,2.150000,1486700
2022-10-03,2.200000,2.290000,2.140000,2.220000,2.220000,2343000
2022-10-04,2.260000,2.540000,2.250000,2.480000,2.480000,2587000
2022-10-05,2.400000,2.440000,2.270000,2.400000,2.400000,2269900
2022-10-06,2.370000,2.400000,2.160000,2.180000,2.180000,1875200
2022-10-07,2.150000,2.150000,2.020000,2.070000,2.070000,2991400
2022-10-10,2.060000,2.170000,2.040000,2.080000,2.080000,1420900
2022-10-11,2.120000,2.250000,2.030000,2.180000,2.180000,1619400
2022-10-12,2.170000,2.190000,2.100000,2.150000,2.150000,1208000
2022-10-13,2.070000,2.260000,1.980000,2.230000,2.230000,2005800
2022-10-14,2.250000,2.330000,2.180000,2.190000,2.190000,1204100
2022-10-17,2.230000,2.410000,2.210000,2.350000,2.350000,2364300
2022-10-18,2.430000,2.540000,2.350000,2.380000,2.380000,1635700
2022-10-19,2.360000,2.410000,2.260000,2.310000,2.310000,1477900
2022-10-20,2.300000,2.460000,2.300000,2.380000,2.380000,1815000
2022-10-21,2.130000,2.170000,1.880000,2.050000,2.050000,6255000
2022-10-24,2.150000,2.170000,1.980000,2.080000,2.080000,3495300
2022-10-25,2.070000,2.230000,2.050000,2.120000,2.120000,3500900
2022-10-26,2.190000,2.530000,2.190000,2.300000,2.300000,4050400
2022-10-27,2.390000,2.940000,2.290000,2.900000,2.900000,8350100
2022-10-28,2.870000,3.060000,2.670000,3.030000,3.030000,4596200
2022-10-31,3.020000,3.190000,2.870000,2.870000,2.870000,4577800
2022-11-01,2.890000,3.290000,2.870000,3.260000,3.260000,3915400
2022-11-02,3.250000,3.250000,2.900000,2.960000,2.960000,4707400
2022-11-03,2.940000,2.960000,2.740000,2.820000,2.820000,1834200
2022-11-04,2.860000,3.020000,2.720000,2.940000,2.940000,2163300
2022-11-07,2.960000,3.020000,2.820000,2.930000,2.930000,1386900
2022-11-08,2.940000,3.120000,2.920000,3.050000,3.050000,1556900
2022-11-09,3.000000,3.000000,2.680000,2.700000,2.700000,1964700
2022-11-10,2.930000,3.350000,2.910000,3.220000,3.220000,2857300
2022-11-11,3.250000,3.400000,3.140000,3.350000,3.350000,2201800
2022-11-14,3.340000,3.430000,3.110000,3.200000,3.200000,2083700
2022-11-15,3.320000,3.560000,3.290000,3.430000,3.430000,1410700
2022-11-16,3.410000,3.440000,3.160000,3.170000,3.170000,1360700
2022-11-17,3.120000,3.250000,3.050000,3.220000,3.220000,906500
2022-11-18,3.300000,3.400000,3.260000,3.340000,3.340000,1132800
2022-11-21,3.340000,3.340000,3.080000,3.140000,3.140000,1011600
2022-11-22,3.190000,3.310000,3.150000,3.270000,3.270000,840800
2022-11-23,3.190000,3.450000,3.190000,3.390000,3.390000,1268700
2022-11-25,3.400000,3.580000,3.380000,3.580000,3.580000,667200
2022-11-28,3.530000,3.530000,3.030000,3.060000,3.060000,4313800
2022-11-29,3.070000,3.290000,3.030000,3.140000,3.140000,1755400
2022-11-30,3.140000,3.430000,3.020000,3.430000,3.430000,3460600
2022-12-01,3.450000,3.640000,3.350000,3.370000,3.370000,3176800
2022-12-02,3.250000,3.500000,3.140000,3.450000,3.450000,2086200
2022-12-05,3.380000,3.440000,3.260000,3.310000,3.310000,1653100
2022-12-06,3.300000,3.420000,3.240000,3.360000,3.360000,2015100
2022-12-07,3.360000,3.710000,3.330000,3.510000,3.510000,3981300
2022-12-08,3.590000,3.850000,3.460000,3.590000,3.590000,3604600
2022-12-09,3.590000,3.850000,3.550000,3.580000,3.580000,3208500
2022-12-12,3.520000,3.550000,3.210000,3.500000,3.500000,3037500
2022-12-13,3.710000,3.940000,3.670000,3.870000,3.870000,3642300
2022-12-14,3.810000,3.960000,3.610000,3.730000,3.730000,1882200
2022-12-15,3.610000,3.690000,3.500000,3.550000,3.550000,1777700
2022-12-16,3.470000,3.830000,3.400000,3.810000,3.810000,9532100
2022-12-19,3.760000,3.820000,3.660000,3.730000,3.730000,1410600
2022-12-20,3.700000,3.870000,3.630000,3.830000,3.830000,2606700
2022-12-21,3.890000,3.980000,3.810000,3.830000,3.830000,1687000
2022-12-22,3.800000,3.910000,3.660000,3.900000,3.900000,3237700
2022-12-23,3.900000,3.920000,3.790000,3.880000,3.880000,973400
2022-12-27,3.910000,4.050000,3.790000,4.020000,4.020000,1384800
2022-12-28,4.010000,4.100000,3.850000,3.890000,3.890000,1696400
2022-12-29,3.940000,4.290000,3.940000,4.280000,4.280000,2268600
2022-12-30,4.160000,4.340000,4.100000,4.320000,4.320000,1565500
2023-01-03,4.480000,4.590000,4.220000,4.400000,4.400000,2363000
2023-01-04,4.450000,4.900000,4.420000,4.640000,4.640000,2339100
2023-01-05,4.580000,4.760000,4.510000,4.640000,4.640000,1322000
2023-01-06,4.700000,4.880000,4.660000,4.760000,4.760000,4480300
2023-01-09,4.880000,4.950000,4.560000,4.570000,4.570000,3829700
2023-01-10,4.540000,4.820000,4.540000,4.690000,4.690000,1182400
2023-01-11,4.670000,4.780000,4.550000,4.650000,4.650000,3189800
2023-01-12,4.650000,4.750000,4.570000,4.680000,4.680000,946500
2023-01-13,4.650000,4.730000,4.560000,4.600000,4.600000,893500
2023-01-17,4.590000,4.660000,4.410000,4.610000,4.610000,2535000
2023-01-18,4.660000,4.760000,4.410000,4.430000,4.430000,1098300
2023-01-19,4.340000,4.680000,4.310000,4.400000,4.400000,2946700
2023-01-20,4.440000,4.800000,4.260000,4.710000,4.710000,3176100
2023-01-23,4.800000,4.900000,4.710000,4.750000,4.750000,2351600
2023-01-24,4.690000,4.740000,4.410000,4.440000,4.440000,4111000
2023-01-25,4.390000,4.800000,4.350000,4.740000,4.740000,3466100
2023-01-26,4.790000,4.830000,4.470000,4.680000,4.680000,3690400
2023-01-27,4.610000,5.010000,4.500000,4.920000,4.920000,3245900
2023-01-30,4.900000,4.990000,4.770000,4.790000,4.790000,2717800
2023-01-31,4.840000,5.310000,4.840000,5.220000,5.220000,4412300
2023-02-01,5.190000,5.600000,5.160000,5.470000,5.470000,5076900
2023-02-02,5.590000,5.700000,5.410000,5.620000,5.620000,4481000
2023-02-03,5.500000,5.570000,5.280000,5.330000,5.330000,2419700
2023-02-06,5.260000,5.300000,5.090000,5.170000,5.170000,1603200
2023-02-07,5.140000,5.240000,5.010000,5.200000,5.200000,2680100
2023-02-08,5.110000,5.300000,5.080000,5.140000,5.140000,1417200
2023-02-09,5.220000,5.300000,5.020000,5.080000,5.080000,1669500
2023-02-10,5.030000,5.210000,4.960000,5.190000,5.190000,1200900
2023-02-13,5.210000,5.230000,5.120000,5.180000,5.180000,947700
2023-02-14,5.120000,5.150000,4.940000,5.080000,5.080000,1727500
2023-02-15,4.980000,5.100000,4.940000,5.080000,5.080000,1485800
2023-02-16,5.890000,8.010000,5.840000,7.740000,7.740000,19607000
2023-02-17,7.810000,8.000000,7.390000,7.940000,7.940000,4982900
2023-02-21,7.820000,7.990000,6.650000,6.710000,6.710000,7694200
2023-02-22,6.790000,7.020000,6.720000,6.850000,6.850000,2953300
2023-02-23,6.980000,6.980000,6.420000,6.640000,6.640000,2426000
2023-02-24,6.520000,6.520000,6.250000,6.300000,6.300000,2380700
2023-02-27,6.350000,6.430000,6.050000,6.190000,6.190000,1681700
2023-02-28,6.140000,6.200000,6.000000,6.060000,6.060000,1932500
2023-03-01,6.160000,6.400000,6.080000,6.150000,6.150000,3035900
2023-03-02,6.000000,6.110000,5.770000,5.800000,5.800000,1957500
2023-03-03,5.810000,6.280000,5.800000,6.200000,6.200000,2763800
2023-03-06,6.200000,6.250000,5.890000,6.020000,6.020000,2363100
2023-03-07,6.010000,6.030000,5.790000,5.910000,5.910000,3143700
2023-03-08,5.900000,5.900000,5.690000,5.780000,5.780000,1129100
2023-03-09,5.800000,5.810000,5.410000,5.440000,5.440000,1495600
2023-03-10,5.410000,5.410000,5.030000,5.260000,5.260000,2089500
2023-03-13,5.090000,5.220000,4.900000,5.160000,5.160000,2187500
2023-03-14,5.390000,5.510000,5.300000,5.400000,5.400000,1673500
2023-03-15,5.170000,5.270000,4.960000,5.100000,5.100000,1842600
2023-03-16,5.050000,5.440000,5.000000,5.380000,5.380000,1363400
2023-03-17,5.270000,5.270000,5.000000,5.050000,5.050000,6223000
2023-03-20,5.120000,5.290000,5.080000,5.180000,5.180000,2197200
2023-03-21,5.390000,5.450000,5.070000,5.210000,5.210000,1795300
2023-03-22,5.230000,5.260000,4.950000,4.950000,4.950000,1202800
2023-03-23,4.980000,4.990000,4.580000,4.630000,4.630000,1633000
2023-03-24,4.510000,4.630000,4.400000,4.580000,4.580000,940900
2023-03-27,4.710000,4.780000,4.610000,4.740000,4.740000,984600
2023-03-28,4.670000,4.830000,4.640000,4.650000,4.650000,1134500
2023-03-29,4.770000,4.880000,4.680000,4.720000,4.720000,990600
2023-03-30,4.810000,4.890000,4.800000,4.820000,4.820000,1154100
2023-03-31,4.870000,4.960000,4.840000,4.900000,4.900000,1253200
2023-04-03,4.930000,5.200000,4.800000,4.820000,4.820000,2138600
2023-04-04,4.870000,4.970000,4.750000,4.930000,4.930000,1237900
2023-04-05,4.840000,4.920000,4.720000,4.850000,4.850000,1375400
2023-04-06,4.910000,4.930000,4.800000,4.880000,4.880000,1072700
2023-04-10,4.860000,5.100000,4.810000,5.070000,5.070000,1293400
2023-04-11,5.110000,5.360000,5.090000,5.200000,5.200000,1010700
2023-04-12,5.280000,5.360000,5.180000,5.280000,5.280000,1618200
2023-04-13,5.330000,5.370000,5.240000,5.290000,5.290000,1241700
2023-04-14,5.310000,5.400000,5.190000,5.220000,5.220000,960400
2023-04-17,5.200000,5.230000,5.030000,5.090000,5.090000,776600
2023-04-18,5.100000,5.160000,5.010000,5.020000,5.020000,1411000
2023-04-19,5.010000,5.170000,4.960000,5.160000,5.160000,1211400
2023-04-20,5.080000,5.140000,5.000000,5.100000,5.100000,1329000
2023-04-21,5.360000,5.950000,5.360000,5.900000,5.900000,3148700
2023-04-24,5.860000,6.130000,5.790000,5.930000,5.930000,1900500
2023-04-25,6.150000,6.230000,5.860000,5.910000,5.910000,2186100
2023-04-26,5.860000,5.920000,5.680000,5.860000,5.860000,1993900
2023-04-27,5.890000,5.960000,5.740000,5.930000,5.930000,1447900
2023-04-28,5.930000,6.410000,5.900000,6.340000,6.340000,3087300
2023-05-01,6.250000,6.530000,6.180000,6.230000,6.230000,2162300
2023-05-02,3.910000,4.210000,3.460000,3.810000,3.810000,7885100
2023-05-03,3.840000,3.880000,3.440000,3.620000,3.620000,4010300
2023-05-04,3.630000,3.630000,3.390000,3.590000,3.590000,2784600
2023-05-05,3.670000,3.860000,3.620000,3.660000,3.660000,1879800
2023-05-08,3.650000,3.690000,3.460000,3.480000,3.480000,1535400
2023-05-09,3.460000,3.540000,3.330000,3.450000,3.450000,1614500
2023-05-10,3.520000,3.620000,3.490000,3.600000,3.600000,1116600
2023-05-11,3.570000,3.610000,3.510000,3.550000,3.550000,1179300
2023-05-12,3.600000,3.600000,3.410000,3.500000,3.500000,1630500
2023-05-15,3.470000,3.540000,3.450000,3.510000,3.510000,982900
2023-05-16,3.470000,3.480000,3.400000,3.430000,3.430000,1387000
2023-05-17,3.460000,3.640000,3.330000,3.610000,3.610000,2016400
2023-05-18,3.600000,3.610000,3.470000,3.560000,3.560000,1693700
2023-05-19,3.610000,3.620000,3.450000,3.470000,3.470000,1645300
2023-05-22,3.470000,3.480000,3.400000,3.430000,3.430000,1238900
2023-05-23,3.410000,3.480000,3.210000,3.230000,3.230000,1959000
2023-05-24,3.190000,3.200000,3.040000,3.090000,3.090000,1491100
2023-05-25,3.070000,3.130000,2.980000,3.070000,3.070000,1124200
2023-05-26,3.030000,3.120000,3.020000,3.070000,3.070000,885300
2023-05-30,3.070000,3.240000,3.070000,3.200000,3.200000,1595500
2023-05-31,3.180000,3.300000,3.100000,3.270000,3.270000,1735100
2023-06-01,3.270000,3.390000,3.250000,3.340000,3.340000,1251900
2023-06-02,3.450000,3.800000,3.440000,3.770000,3.770000,2905100
2023-06-05,3.760000,4.050000,3.740000,4.000000,4.000000,1991400
2023-06-06,4.020000,4.040000,3.760000,3.840000,3.840000,2084100
2023-06-07,3.950000,4.030000,3.810000,3.840000,3.840000,1774100
2023-06-08,3.840000,3.850000,3.660000,3.750000,3.750000,1258000
2023-06-09,3.780000,3.780000,3.680000,3.700000,3.700000,598300
2023-06-12,3.720000,3.940000,3.720000,3.910000,3.910000,1292500
2023-06-13,3.900000,4.220000,3.890000,4.100000,4.100000,1243200
2023-06-14,4.650000,4.730000,4.140000,4.150000,4.150000,2949100
2023-06-15,4.130000,4.210000,4.060000,4.080000,4.080000,1424400
2023-06-16,4.190000,4.510000,4.160000,4.220000,4.220000,6043400
2023-06-20,4.220000,4.280000,4.110000,4.160000,4.160000,1159800
2023-06-21,4.120000,4.160000,4.050000,4.080000,4.080000,1037100
2023-06-22,4.060000,4.090000,3.990000,4.010000,4.010000,872900
2023-06-23,3.950000,3.990000,3.700000,3.770000,3.770000,3538900
2023-06-26,3.770000,4.070000,3.770000,3.990000,3.990000,1369900
2023-06-27,3.980000,4.240000,3.970000,4.190000,4.190000,962200
2023-06-28,4.170000,4.270000,4.080000,4.210000,4.210000,825400
2023-06-29,4.260000,4.310000,4.220000,4.230000,4.230000,650600
2023-06-30,4.280000,4.540000,4.240000,4.400000,4.400000,1405300
2023-07-03,4.400000,4.500000,4.310000,4.500000,4.500000,956700
2023-07-05,4.500000,4.510000,4.340000,4.340000,4.340000,1333500
2023-07-06,4.400000,4.410000,4.160000,4.250000,4.250000,878200
2023-07-07,4.240000,4.500000,4.240000,4.410000,4.410000,2348300
2023-07-10,4.400000,4.620000,4.370000,4.560000,4.560000,845100
2023-07-11,4.630000,4.670000,4.500000,4.530000,4.530000,749000
2023-07-12,4.670000,4.700000,4.530000,4.540000,4.540000,820300
2023-07-13,4.580000,4.590000,4.410000,4.410000,4.410000,772400
2023-07-14,4.400000,4.470000,4.290000,4.370000,4.370000,665700
2023-07-17,4.350000,4.450000,4.310000,4.420000,4.420000,901100
2023-07-18,4.440000,4.590000,4.410000,4.430000,4.430000,642500
2023-07-19,4.460000,4.610000,4.430000,4.590000,4.590000,990300
2023-07-20,4.610000,4.660000,4.430000,4.440000,4.440000,782900
2023-07-21,4.510000,4.560000,4.310000,4.370000,4.370000,1035900
2023-07-24,4.340000,4.510000,4.320000,4.430000,4.430000,645200
2023-07-25,4.450000,4.550000,4.350000,4.520000,4.520000,820900
2023-07-26,4.490000,4.690000,4.440000,4.490000,4.490000,1284900
2023-07-27,4.530000,4.550000,4.270000,4.330000,4.330000,1387300
2023-07-28,4.400000,4.440000,4.240000,4.280000,4.280000,2092200
2023-07-31,4.320000,4.450000,4.320000,4.390000,4.390000,1078100
2023-08-01,4.390000,4.520000,4.320000,4.400000,4.400000,1863500
2023-08-02,4.310000,4.370000,4.100000,4.140000,4.140000,1768800
2023-08-03,4.560000,5.200000,4.560000,4.920000,4.920000,4955200
2023-08-04,4.960000,5.000000,4.480000,4.520000,4.520000,1965200
2023-08-07,4.510000,4.510000,4.000000,4.030000,4.030000,2648500
2023-08-08,4.050000,4.080000,3.750000,3.760000,3.760000,2087300
2023-08-09,3.750000,3.800000,3.600000,3.790000,3.790000,1686300
2023-08-10,3.760000,3.830000,3.730000,3.750000,3.750000,1889700
2023-08-11,3.720000,3.830000,3.660000,3.790000,3.790000,1240200
2023-08-14,3.750000,3.770000,3.620000,3.680000,3.680000,826600
2023-08-15,3.650000,3.670000,3.490000,3.510000,3.510000,971600
2023-08-16,3.510000,3.610000,3.410000,3.420000,3.420000,1482100
2023-08-17,3.460000,3.480000,3.270000,3.310000,3.310000,1237500
2023-08-18,3.240000,3.400000,3.240000,3.330000,3.330000,1386500
2023-08-21,3.300000,3.360000,3.210000,3.250000,3.250000,916400
2023-08-22,3.260000,3.300000,3.200000,3.220000,3.220000,1373500
2023-08-23,3.240000,3.300000,3.200000,3.290000,3.290000,1032700
2023-08-24,3.260000,3.350000,3.210000,3.260000,3.260000,1045800
2023-08-25,3.260000,3.320000,3.120000,3.260000,3.260000,979600
2023-08-28,3.300000,3.370000,3.250000,3.290000,3.290000,725800
2023-08-29,3.300000,3.410000,3.280000,3.390000,3.390000,859000
2023-08-30,3.400000,3.540000,3.390000,3.430000,3.430000,847900
2023-08-31,3.430000,3.480000,3.320000,3.380000,3.380000,1006900
2023-09-01,3.440000,3.590000,3.420000,3.570000,3.570000,1434200
2023-09-05,3.510000,3.510000,3.350000,3.370000,3.370000,1319200
2023-09-06,3.370000,3.420000,3.290000,3.330000,3.330000,983400
2023-09-07,3.310000,3.330000,3.130000,3.140000,3.140000,1659100
2023-09-08,3.130000,3.190000,3.090000,3.140000,3.140000,883800
2023-09-11,3.150000,3.170000,3.050000,3.070000,3.070000,1124500
2023-09-12,3.060000,3.100000,3.020000,3.030000,3.030000,855700
2023-09-13,3.020000,3.200000,3.020000,3.060000,3.060000,986600
2023-09-14,3.130000,3.220000,3.100000,3.160000,3.160000,849600
2023-09-15,3.180000,3.200000,3.050000,3.120000,3.120000,2667900
2023-09-18,3.120000,3.180000,3.050000,3.120000,3.120000,754300
2023-09-19,3.120000,3.170000,2.990000,3.010000,3.010000,919700
2023-09-20,3.040000,3.130000,2.980000,2.980000,2.980000,681200
2023-09-21,2.950000,3.010000,2.870000,2.880000,2.880000,993800
2023-09-22,2.930000,2.930000,2.760000,2.780000,2.780000,910400
2023-09-25,2.790000,2.900000,2.770000,2.840000,2.840000,740800
2023-09-26,2.800000,2.910000,2.690000,2.700000,2.700000,1038100
2023-09-27,2.760000,2.880000,2.680000,2.770000,2.770000,1253200
2023-09-28,2.790000,2.880000,2.720000,2.750000,2.750000,1409700
2023-09-29,2.840000,3.020000,2.820000,2.900000,2.900000,2970900
2023-10-02,2.860000,2.990000,2.830000,2.920000,2.920000,1338800
2023-10-03,2.890000,2.980000,2.770000,2.900000,2.900000,1931800
2023-10-04,2.880000,2.920000,2.780000,2.870000,2.870000,1859000
2023-10-05,2.860000,2.960000,2.710000,2.760000,2.760000,1241300
2023-10-06,2.810000,2.830000,2.650000,2.800000,2.800000,1163300
2023-10-09,2.770000,2.820000,2.740000,2.780000,2.780000,564900
2023-10-10,2.810000,2.930000,2.790000,2.920000,2.920000,957600
2023-10-11,2.910000,2.970000,2.750000,2.790000,2.790000,1385200
2023-10-12,2.780000,2.820000,2.620000,2.670000,2.670000,1414200
2023-10-13,2.670000,2.710000,2.580000,2.620000,2.620000,968300
2023-10-16,2.650000,2.720000,2.620000,2.630000,2.630000,938700
2023-10-17,2.620000,2.840000,2.620000,2.800000,2.800000,1429200
2023-10-18,2.780000,2.790000,2.670000,2.700000,2.700000,612200
2023-10-19,2.670000,2.760000,2.640000,2.650000,2.650000,814500
2023-10-20,2.640000,2.690000,2.520000,2.520000,2.520000,1280400
2023-10-23,2.500000,2.610000,2.460000,2.520000,2.520000,1136900
2023-10-24,2.480000,2.620000,2.450000,2.560000,2.560000,1190400
2023-10-25,2.570000,2.600000,2.400000,2.420000,2.420000,1597500
2023-10-26,2.260000,2.440000,2.010000,2.380000,2.380000,3508000
2023-10-27,2.340000,2.340000,2.080000,2.090000,2.090000,2596700
2023-10-30,2.150000,2.160000,2.040000,2.100000,2.100000,1437500
2023-10-31,2.120000,2.150000,2.010000,2.140000,2.140000,4678600
2023-11-01,2.120000,2.120000,2.040000,2.070000,2.070000,1498100
2023-11-02,2.270000,2.460000,2.260000,2.340000,2.340000,3144700
2023-11-03,2.440000,2.570000,2.400000,2.500000,2.500000,1788800
2023-11-06,2.540000,2.560000,2.440000,2.480000,2.480000,1405500
2023-11-07,2.480000,2.600000,2.410000,2.560000,2.560000,942300
2023-11-08,2.610000,2.660000,2.470000,2.500000,2.500000,2023500
2023-11-09,2.560000,2.570000,2.330000,2.340000,2.340000,1063400
2023-11-10,2.330000,2.450000,2.280000,2.360000,2.360000,1148200
2023-11-13,2.330000,2.460000,2.280000,2.440000,2.440000,1037500
2023-11-14,2.550000,2.670000,2.540000,2.610000,2.610000,1545500
2023-11-15,2.610000,2.820000,2.590000,2.690000,2.690000,1177300
2023-11-16,2.690000,2.740000,2.600000,2.650000,2.650000,1005700
2023-11-17,2.680000,2.830000,2.680000,2.800000,2.800000,1402100
2023-11-20,2.790000,2.990000,2.680000,2.870000,2.870000,1279600
2023-11-21,2.850000,2.900000,2.810000,2.810000,2.810000,982300
2023-11-22,2.870000,2.970000,2.820000,2.930000,2.930000,1661800
2023-11-24,2.910000,2.950000,2.840000,2.870000,2.870000,486800
2023-11-27,2.870000,2.890000,2.750000,2.760000,2.760000,1948000
2023-11-28,2.750000,2.770000,2.610000,2.630000,2.630000,1666500
2023-11-29,2.670000,2.790000,2.610000,2.650000,2.650000,1821200
2023-11-30,2.680000,2.710000,2.560000,2.570000,2.570000,1929600
2023-12-01,2.610000,2.800000,2.560000,2.730000,2.730000,3055800
2023-12-04,2.650000,2.840000,2.580000,2.630000,2.630000,4864200
2023-12-05,2.650000,2.690000,2.440000,2.490000,2.490000,2654600
2023-12-06,2.510000,2.660000,2.490000,2.580000,2.580000,2664200
2023-12-07,2.610000,2.660000,2.500000,2.570000,2.570000,2670300
2023-12-08,2.540000,2.660000,2.500000,2.650000,2.650000,1921900
2023-12-11,2.550000,2.630000,2.470000,2.530000,2.530000,3294700
2023-12-12,2.500000,2.530000,2.350000,2.400000,2.400000,2512600
2023-12-13,2.390000,2.630000,2.310000,2.630000,2.630000,3322900
2023-12-14,2.680000,3.090000,2.660000,3.070000,3.070000,6782500
2023-12-15,3.070000,3.100000,2.890000,2.920000,2.920000,33621300
2023-12-18,2.920000,3.210000,2.920000,3.080000,3.080000,3933600
2023-12-19,3.180000,3.280000,3.110000,3.160000,3.160000,3060800
2023-12-20,3.180000,3.340000,3.080000,3.080000,3.080000,3465500
2023-12-21,3.160000,3.260000,3.110000,3.220000,3.220000,1319300
2023-12-22,3.200000,3.300000,3.200000,3.290000,3.290000,1526400
2023-12-26,3.330000,3.330000,3.250000,3.290000,3.290000,891500
2023-12-27,3.280000,3.300000,3.150000,3.210000,3.210000,1202200
2023-12-28,3.180000,3.220000,3.130000,3.220000,3.220000,932600
2023-12-29,3.190000,3.190000,3.040000,3.130000,3.130000,1443600
2024-01-02,3.090000,3.330000,3.050000,3.160000,3.160000,1316600
2024-01-03,3.120000,3.390000,3.110000,3.370000,3.370000,2963000
2024-01-04,3.400000,3.470000,3.270000,3.270000,3.270000,2142200
2024-01-05,3.230000,3.460000,3.200000,3.380000,3.380000,2658400
2024-01-08,3.370000,3.660000,3.310000,3.600000,3.600000,2569900
2024-01-09,3.600000,3.670000,3.520000,3.550000,3.550000,1993700
2024-01-10,3.530000,3.590000,3.440000,3.580000,3.580000,2012500
2024-01-11,3.560000,3.720000,3.480000,3.630000,3.630000,1925600
2024-01-12,3.680000,3.790000,3.590000,3.630000,3.630000,2328900
2024-01-16,3.610000,3.630000,3.400000,3.470000,3.470000,1611600
2024-01-17,3.350000,3.470000,3.300000,3.460000,3.460000,2016900
2024-01-18,3.500000,3.590000,3.400000,3.490000,3.490000,1671500
2024-01-19,3.550000,3.730000,3.460000,3.690000,3.690000,1837500
2024-01-22,3.740000,3.820000,3.670000,3.740000,3.740000,2528100
2024-01-23,3.760000,3.870000,3.640000,3.730000,3.730000,1030600
2024-01-24,3.770000,3.820000,3.620000,3.670000,3.670000,993500
2024-01-25,3.740000,3.930000,3.650000,3.920000,3.920000,2957400
2024-01-26,3.900000,3.950000,3.710000,3.760000,3.760000,1543800
2024-01-29,3.730000,3.850000,3.610000,3.830000,3.830000,1228100
2024-01-30,3.900000,3.960000,3.830000,3.830000,3.830000,1316400
2024-01-31,3.800000,3.900000,3.660000,3.670000,3.670000,1647100
2024-02-01,3.700000,3.830000,3.700000,3.830000,3.830000,1352800
2024-02-02,3.800000,3.840000,3.670000,3.780000,3.780000,986000
2024-02-05,3.710000,3.710000,3.560000,3.650000,3.650000,1384500
2024-02-06,3.640000,3.690000,3.560000,3.670000,3.670000,1272600
2024-02-07,3.690000,3.690000,3.610000,3.640000,3.640000,897300
2024-02-08,3.650000,3.780000,3.650000,3.730000,3.730000,761400
2024-02-09,3.730000,3.980000,3.710000,3.890000,3.890000,2307700
2024-02-12,3.890000,4.150000,3.890000,4.130000,4.130000,2149700
2024-02-13,3.930000,4.010000,3.750000,3.820000,3.820000,2093300
2024-02-14,3.960000,4.030000,3.860000,3.940000,3.940000,1345300
2024-02-15,3.970000,4.210000,3.970000,4.160000,4.160000,2486600
2024-02-16,4.080000,4.160000,3.960000,4.050000,4.050000,1681300
2024-02-20,3.960000,4.050000,3.920000,4.040000,4.040000,2487800
2024-02-21,3.330000,3.400000,2.790000,2.900000,2.900000,9394400
2024-02-22,2.920000,2.920000,2.510000,2.640000,2.640000,8498900
2024-02-23,2.600000,2.960000,2.600000,2.930000,2.930000,3688300
2024-02-26,2.900000,2.960000,2.680000,2.690000,2.690000,2732500
2024-02-27,2.700000,2.800000,2.680000,2.760000,2.760000,2040100
2024-02-28,2.710000,2.790000,2.680000,2.740000,2.740000,1424200
2024-02-29,2.820000,2.850000,2.780000,2.790000,2.790000,1565300
2024-03-01,2.850000,2.920000,2.740000,2.870000,2.870000,1320900
2024-03-04,2.890000,2.940000,2.820000,2.890000,2.890000,1536000
2024-03-05,2.870000,2.920000,2.820000,2.840000,2.840000,1250800
2024-03-06,2.850000,2.890000,2.770000,2.790000,2.790000,1385500
2024-03-07,2.840000,2.890000,2.760000,2.760000,2.760000,944700
2024-03-08,2.800000,2.920000,2.800000,2.860000,2.860000,941200