Date,Open,High,Low,Close,Adj Close,Volume
2000-01-03,5.000000,5.000000,3.906250,5.000000,5.000000,4860
2000-01-04,4.375000,4.375000,3.906250,3.906250,3.906250,2060
2000-01-05,3.437500,4.375000,3.437500,4.375000,4.375000,640
2000-01-06,4.375000,4.375000,4.375000,4.375000,4.375000,400
2000-01-07,4.375000,4.375000,4.375000,4.375000,4.375000,1260
2000-01-10,5.000000,5.312500,5.000000,5.312500,5.312500,2620
2000-01-11,5.156250,6.250000,5.156250,6.250000,6.250000,120
2000-01-12,5.625000,6.250000,5.625000,5.937500,5.937500,5820
2000-01-13,5.781250,6.875000,5.781250,6.875000,6.875000,40
2000-01-14,5.937500,6.562500,5.937500,6.562500,6.562500,800
2000-01-18,6.875000,6.875000,6.875000,6.875000,6.875000,320
2000-01-19,5.937500,6.250000,5.937500,5.937500,5.937500,2300
2000-01-20,5.937500,5.937500,5.937500,5.937500,5.937500,0
2000-01-21,5.937500,6.562500,5.937500,5.937500,5.937500,1180
2000-01-24,5.937500,5.937500,5.937500,5.937500,5.937500,140
2000-01-25,5.937500,5.937500,5.937500,5.937500,5.937500,700
2000-01-26,5.937500,5.937500,5.937500,5.937500,5.937500,0
2000-01-27,6.250000,6.250000,6.250000,6.250000,6.250000,400
2000-01-28,5.937500,5.937500,5.937500,5.937500,5.937500,1000
2000-01-31,5.937500,5.937500,5.937500,5.937500,5.937500,0
2000-02-01,5.625000,5.625000,5.625000,5.625000,5.625000,300
2000-02-02,5.625000,5.625000,5.625000,5.625000,5.625000,540
2000-02-03,5.625000,5.625000,5.625000,5.625000,5.625000,0
2000-02-04,5.625000,5.625000,5.625000,5.625000,5.625000,0
2000-02-07,5.937500,6.562500,5.937500,6.562500,6.562500,1240
2000-02-08,6.562500,6.562500,5.625000,5.625000,5.625000,880
2000-02-09,5.625000,5.625000,5.625000,5.625000,5.625000,400
2000-02-10,5.625000,5.625000,5.625000,5.625000,5.625000,100
2000-02-11,5.625000,5.625000,5.625000,5.625000,5.625000,360
2000-02-14,6.562500,6.562500,5.625000,5.625000,5.625000,120
2000-02-15,5.625000,5.625000,5.625000,5.625000,5.625000,0
2000-02-16,5.625000,5.625000,5.625000,5.625000,5.625000,140
2000-02-17,5.625000,5.625000,5.625000,5.625000,5.625000,0
2000-02-18,5.625000,5.625000,5.625000,5.625000,5.625000,20
2000-02-22,5.625000,5.625000,5.625000,5.625000,5.625000,0
2000-02-23,5.625000,5.625000,5.625000,5.625000,5.625000,440
2000-02-24,6.250000,6.250000,6.250000,6.250000,6.250000,400
2000-02-25,6.250000,6.250000,6.250000,6.250000,6.250000,0
2000-02-28,6.250000,6.250000,6.250000,6.250000,6.250000,0
2000-02-29,5.625000,5.625000,5.625000,5.625000,5.625000,200
2000-03-01,6.093750,7.812500,6.093750,7.812500,7.812500,5920
2000-03-02,8.437500,12.500000,8.125000,10.000000,10.000000,4180
2000-03-03,11.875000,12.500000,11.875000,12.500000,12.500000,1520
2000-03-06,10.000000,12.500000,10.000000,12.500000,12.500000,1400
2000-03-07,10.000000,11.250000,10.000000,10.000000,10.000000,540
2000-03-08,10.000000,10.000000,10.000000,10.000000,10.000000,0
2000-03-09,10.000000,10.000000,10.000000,10.000000,10.000000,100
2000-03-10,10.000000,10.000000,10.000000,10.000000,10.000000,0
2000-03-13,8.750000,8.750000,8.750000,8.750000,8.750000,400
2000-03-14,8.750000,8.750000,8.750000,8.750000,8.750000,0
2000-03-15,8.750000,8.750000,8.750000,8.750000,8.750000,40
2000-03-16,10.625000,10.625000,8.750000,8.750000,8.750000,380
2000-03-17,8.750000,8.750000,8.750000,8.750000,8.750000,0
2000-03-20,8.750000,8.750000,8.750000,8.750000,8.750000,0
2000-03-21,8.750000,10.625000,8.750000,8.750000,8.750000,4200
2000-03-22,10.625000,10.625000,8.750000,10.625000,10.625000,600
2000-03-23,10.625000,10.625000,8.750000,8.750000,8.750000,1560
2000-03-24,8.750000,8.750000,8.750000,8.750000,8.750000,0
2000-03-27,10.625000,10.625000,10.000000,10.625000,10.625000,16900
2000-03-28,10.625000,10.625000,10.625000,10.625000,10.625000,20
2000-03-29,10.625000,10.625000,10.625000,10.625000,10.625000,60
2000-03-30,8.750000,8.750000,8.750000,8.750000,8.750000,3960
2000-03-31,8.750000,8.750000,8.750000,8.750000,8.750000,0
2000-04-03,10.000000,10.000000,8.750000,8.750000,8.750000,2380
2000-04-04,8.750000,8.750000,8.750000,8.750000,8.750000,0
2000-04-05,8.750000,10.625000,8.750000,10.625000,10.625000,60
2000-04-06,8.750000,10.625000,8.750000,10.625000,10.625000,40
2000-04-07,8.750000,8.750000,8.750000,8.750000,8.750000,2200
2000-04-10,10.000000,10.000000,8.750000,8.750000,8.750000,280
2000-04-11,8.750000,8.750000,8.750000,8.750000,8.750000,20
2000-04-12,8.750000,9.375000,8.750000,9.375000,9.375000,420
2000-04-13,9.375000,9.375000,9.375000,9.375000,9.375000,0
2000-04-14,11.250000,11.250000,11.250000,11.250000,11.250000,60
2000-04-17,9.062500,11.250000,9.062500,11.250000,11.250000,1320
2000-04-18,11.250000,11.250000,11.250000,11.250000,11.250000,1400
2000-04-19,10.000000,10.000000,10.000000,10.000000,10.000000,320
2000-04-20,10.000000,10.000000,10.000000,10.000000,10.000000,0
2000-04-24,10.000000,10.000000,10.000000,10.000000,10.000000,0
2000-04-25,12.500000,12.500000,12.500000,12.500000,12.500000,340
2000-04-26,12.500000,12.500000,12.500000,12.500000,12.500000,0
2000-04-27,12.187500,12.187500,12.187500,12.187500,12.187500,200
2000-04-28,12.187500,12.187500,12.187500,12.187500,12.187500,0
2000-05-01,9.843750,9.843750,9.843750,9.843750,9.843750,40
2000-05-02,9.843750,9.843750,9.843750,9.843750,9.843750,0
2000-05-03,12.187500,12.500000,11.875000,12.187500,12.187500,1800
2000-05-04,13.750000,18.750000,13.750000,15.000000,15.000000,420
2000-05-05,15.625000,15.625000,12.500000,12.500000,12.500000,1240
2000-05-08,12.500000,12.500000,12.500000,12.500000,12.500000,0
2000-05-09,15.000000,15.000000,13.125000,15.000000,15.000000,1780
2000-05-10,15.000000,15.000000,15.000000,15.000000,15.000000,2260
2000-05-11,15.000000,15.000000,15.000000,15.000000,15.000000,120
2000-05-12,15.000000,15.000000,15.000000,15.000000,15.000000,0
2000-05-15,15.000000,15.000000,11.250000,11.250000,11.250000,240
2000-05-16,13.125000,13.125000,12.500000,12.500000,12.500000,1160
2000-05-17,12.500000,12.500000,12.500000,12.500000,12.500000,0
2000-05-18,12.500000,12.500000,12.500000,12.500000,12.500000,0
2000-05-19,13.125000,13.125000,13.125000,13.125000,13.125000,160
2000-05-22,11.250000,13.125000,11.250000,13.125000,13.125000,400
2000-05-23,13.125000,13.125000,12.500000,12.500000,12.500000,400
2000-05-24,13.125000,13.125000,12.187500,12.187500,12.187500,1040
2000-05-25,12.187500,12.187500,12.187500,12.187500,12.187500,0
2000-05-26,10.625000,10.625000,10.625000,10.625000,10.625000,20
2000-05-30,10.625000,10.625000,10.625000,10.625000,10.625000,400
2000-05-31,10.625000,10.625000,10.625000,10.625000,10.625000,20
2000-06-01,13.125000,13.125000,13.125000,13.125000,13.125000,200
2000-06-02,10.625000,10.625000,10.625000,10.625000,10.625000,40
2000-06-05,11.250000,11.250000,10.625000,10.625000,10.625000,420
2000-06-06,10.625000,10.625000,10.625000,10.625000,10.625000,0
2000-06-07,10.312500,13.125000,10.000000,13.125000,13.125000,540
2000-06-08,13.125000,13.125000,13.125000,13.125000,13.125000,0
2000-06-09,13.125000,13.125000,13.125000,13.125000,13.125000,0
2000-06-12,7.812500,7.812500,7.812500,7.812500,7.812500,20
2000-06-13,7.812500,7.812500,7.812500,7.812500,7.812500,0
2000-06-14,7.812500,7.812500,7.812500,7.812500,7.812500,0
2000-06-15,7.812500,7.812500,7.812500,7.812500,7.812500,0
2000-06-16,7.812500,7.812500,7.812500,7.812500,7.812500,0
2000-06-19,12.500000,12.500000,12.500000,12.500000,12.500000,40
2000-06-20,7.812500,7.812500,7.812500,7.812500,7.812500,100
2000-06-21,7.812500,9.375000,7.812500,9.375000,9.375000,160
2000-06-22,9.375000,9.375000,9.375000,9.375000,9.375000,0
2000-06-23,9.375000,9.375000,9.375000,9.375000,9.375000,0
2000-06-26,9.375000,9.375000,9.375000,9.375000,9.375000,0
2000-06-27,15.625000,15.625000,15.625000,15.625000,15.625000,40
2000-06-28,9.375000,9.375000,9.375000,9.375000,9.375000,40
2000-06-29,15.625000,15.625000,15.625000,15.625000,15.625000,40
2000-06-30,15.625000,15.625000,10.000000,10.000000,10.000000,440
2000-07-03,10.000000,12.500000,9.375000,10.000000,10.000000,1520
2000-07-05,10.000000,10.000000,10.000000,10.000000,10.000000,0
2000-07-06,10.000000,10.000000,10.000000,10.000000,10.000000,0
2000-07-07,10.000000,10.000000,10.000000,10.000000,10.000000,0
2000-07-10,10.000000,10.000000,10.000000,10.000000,10.000000,0
2000-07-11,10.000000,10.000000,10.000000,10.000000,10.000000,0
2000-07-12,10.000000,10.000000,10.000000,10.000000,10.000000,20
2000-07-13,10.000000,10.000000,10.000000,10.000000,10.000000,0
2000-07-14,12.500000,12.500000,8.125000,8.125000,8.125000,780
2000-07-17,8.125000,8.125000,8.125000,8.125000,8.125000,0
2000-07-18,8.125000,8.750000,8.125000,8.750000,8.750000,40
2000-07-19,8.750000,8.750000,8.750000,8.750000,8.750000,0
2000-07-20,8.750000,8.750000,8.750000,8.750000,8.750000,0
2000-07-21,8.750000,8.750000,8.750000,8.750000,8.750000,0
2000-07-24,11.875000,11.875000,11.250000,11.250000,11.250000,280
2000-07-25,13.750000,13.750000,13.750000,13.750000,13.750000,300
2000-07-26,11.875000,15.000000,11.875000,15.000000,15.000000,3240
2000-07-27,11.093750,11.093750,11.093750,11.093750,11.093750,40
2000-07-28,11.093750,11.093750,11.093750,11.093750,11.093750,0
2000-07-31,12.187500,12.187500,12.187500,12.187500,12.187500,100
2000-08-01,12.187500,12.187500,12.187500,12.187500,12.187500,0
2000-08-02,12.187500,12.500000,12.187500,12.500000,12.500000,400
2000-08-03,12.500000,12.500000,12.500000,12.500000,12.500000,0
2000-08-04,12.500000,12.500000,11.250000,11.250000,11.250000,320
2000-08-07,14.375000,14.375000,14.375000,14.375000,14.375000,20
2000-08-08,14.375000,14.375000,14.375000,14.375000,14.375000,0
2000-08-09,14.375000,14.375000,14.375000,14.375000,14.375000,0
2000-08-10,14.375000,14.375000,14.375000,14.375000,14.375000,0
2000-08-11,12.500000,13.125000,10.000000,11.250000,11.250000,1400
2000-08-14,11.250000,11.250000,11.250000,11.250000,11.250000,0
2000-08-15,11.250000,11.250000,11.250000,11.250000,11.250000,0
2000-08-16,11.250000,11.250000,11.250000,11.250000,11.250000,0
2000-08-17,11.250000,11.250000,11.250000,11.250000,11.250000,0
2000-08-18,11.250000,11.250000,11.250000,11.250000,11.250000,0
2000-08-21,10.937500,13.125000,10.937500,13.125000,13.125000,140
2000-08-22,13.125000,13.125000,13.125000,13.125000,13.125000,40
2000-08-23,10.000000,10.000000,10.000000,10.000000,10.000000,20
2000-08-24,10.000000,10.000000,10.000000,10.000000,10.000000,20
2000-08-25,14.687500,14.687500,10.000000,10.000000,10.000000,420
2000-08-28,11.875000,11.875000,11.875000,11.875000,11.875000,240
2000-08-29,10.000000,10.234375,10.000000,10.234375,10.234375,520
2000-08-30,9.375000,9.375000,9.375000,9.375000,9.375000,60
2000-08-31,10.000000,10.000000,10.000000,10.000000,10.000000,40
2000-09-01,10.000000,10.000000,10.000000,10.000000,10.000000,0
2000-09-05,10.000000,10.000000,10.000000,10.000000,10.000000,0
2000-09-06,10.000000,10.000000,10.000000,10.000000,10.000000,0
2000-09-07,10.000000,10.000000,10.000000,10.000000,10.000000,0
2000-09-08,12.500000,12.500000,12.500000,12.500000,12.500000,280
2000-09-11,13.125000,13.125000,13.125000,13.125000,13.125000,620
2000-09-12,9.375000,10.000000,9.375000,10.000000,10.000000,900
2000-09-13,10.312500,10.312500,10.312500,10.312500,10.312500,40
2000-09-14,10.312500,10.312500,10.312500,10.312500,10.312500,0
2000-09-15,10.312500,10.312500,10.312500,10.312500,10.312500,100
2000-09-18,10.312500,10.312500,10.312500,10.312500,10.312500,0
2000-09-19,10.937500,11.250000,10.937500,11.250000,11.250000,240
2000-09-20,10.937500,10.937500,10.937500,10.937500,10.937500,40
2000-09-21,9.531250,9.531250,9.531250,9.531250,9.531250,120
2000-09-22,9.531250,9.531250,9.531250,9.531250,9.531250,0
2000-09-25,9.531250,9.531250,9.531250,9.531250,9.531250,40
2000-09-26,9.531250,9.531250,9.531250,9.531250,9.531250,0
2000-09-27,9.531250,9.531250,9.531250,9.531250,9.531250,0
2000-09-28,9.531250,9.531250,9.531250,9.531250,9.531250,0
2000-09-29,9.375000,9.375000,9.375000,9.375000,9.375000,20
2000-10-02,9.375000,9.375000,9.375000,9.375000,9.375000,0
2000-10-03,9.375000,9.375000,9.375000,9.375000,9.375000,0
2000-10-04,10.625000,10.625000,10.625000,10.625000,10.625000,120
2000-10-05,9.375000,9.375000,9.375000,9.375000,9.375000,400
2000-10-06,9.375000,9.375000,9.375000,9.375000,9.375000,0
2000-10-09,11.875000,11.875000,10.000000,10.000000,10.000000,940
2000-10-10,10.000000,10.000000,9.375000,9.375000,9.375000,700
2000-10-11,9.375000,9.375000,9.375000,9.375000,9.375000,0
2000-10-12,9.687500,10.000000,9.687500,10.000000,10.000000,560
2000-10-13,9.375000,11.875000,9.375000,11.875000,11.875000,220
2000-10-16,9.375000,9.375000,9.375000,9.375000,9.375000,420
2000-10-17,9.375000,13.750000,9.375000,12.500000,12.500000,1000
2000-10-18,8.750000,12.500000,8.750000,12.500000,12.500000,920
2000-10-19,12.500000,12.500000,12.500000,12.500000,12.500000,100
2000-10-20,12.500000,12.500000,12.500000,12.500000,12.500000,0
2000-10-23,12.500000,12.500000,12.500000,12.500000,12.500000,0
2000-10-24,12.500000,12.500000,12.500000,12.500000,12.500000,0
2000-10-25,12.500000,12.500000,12.500000,12.500000,12.500000,0
2000-10-26,8.750000,8.828125,8.437500,8.437500,8.437500,960
2000-10-27,11.250000,11.250000,10.000000,10.000000,10.000000,500
2000-10-30,11.250000,11.250000,11.250000,11.250000,11.250000,320
2000-10-31,10.000000,12.500000,10.000000,12.500000,12.500000,1460
2000-11-01,12.500000,12.500000,12.500000,12.500000,12.500000,0
2000-11-02,7.656250,9.375000,7.500000,9.375000,9.375000,2640
2000-11-03,9.062500,9.062500,9.062500,9.062500,9.062500,100
2000-11-06,9.062500,9.062500,9.062500,9.062500,9.062500,160
2000-11-07,9.062500,9.062500,9.062500,9.062500,9.062500,0
2000-11-08,9.062500,9.062500,9.062500,9.062500,9.062500,0
2000-11-09,9.062500,9.062500,9.062500,9.062500,9.062500,0
2000-11-10,9.062500,9.062500,9.062500,9.062500,9.062500,0
2000-11-13,9.062500,9.062500,9.062500,9.062500,9.062500,0
2000-11-14,9.062500,9.062500,9.062500,9.062500,9.062500,0
2000-11-15,8.281250,8.281250,8.281250,8.281250,8.281250,240
2000-11-16,8.281250,8.281250,8.281250,8.281250,8.281250,0
2000-11-17,9.062500,9.062500,7.187500,7.187500,7.187500,880
2000-11-20,7.187500,7.187500,7.187500,7.187500,7.187500,0
2000-11-21,7.187500,7.187500,7.187500,7.187500,7.187500,0
2000-11-22,7.187500,7.187500,7.187500,7.187500,7.187500,0
2000-11-24,8.750000,8.750000,8.750000,8.750000,8.750000,40
2000-11-27,7.187500,9.375000,7.187500,8.125000,8.125000,2780
2000-11-28,7.187500,7.187500,7.187500,7.187500,7.187500,20
2000-11-29,7.187500,7.187500,7.187500,7.187500,7.187500,80
2000-11-30,7.187500,7.187500,7.187500,7.187500,7.187500,0
2000-12-01,7.187500,7.187500,7.187500,7.187500,7.187500,0
2000-12-04,7.187500,7.187500,7.187500,7.187500,7.187500,0
2000-12-05,7.187500,7.187500,7.187500,7.187500,7.187500,0
2000-12-06,9.375000,9.375000,9.375000,9.375000,9.375000,120
2000-12-07,8.125000,8.125000,7.187500,7.187500,7.187500,240
2000-12-08,7.187500,8.750000,7.187500,7.500000,7.500000,900
2000-12-11,7.500000,7.500000,7.500000,7.500000,7.500000,480
2000-12-12,7.500000,7.734375,6.875000,6.875000,6.875000,2300
2000-12-13,6.250000,6.875000,5.625000,6.250000,6.250000,1440
2000-12-14,6.250000,6.250000,6.250000,6.250000,6.250000,0
2000-12-15,6.250000,6.250000,6.250000,6.250000,6.250000,60
2000-12-18,6.875000,7.500000,6.875000,6.875000,6.875000,960
2000-12-19,6.250000,6.250000,6.250000,6.250000,6.250000,40
2000-12-20,6.250000,6.250000,6.250000,6.250000,6.250000,0
2000-12-21,6.250000,6.250000,6.250000,6.250000,6.250000,20
2000-12-22,6.250000,6.250000,6.250000,6.250000,6.250000,0
2000-12-26,7.187500,7.187500,6.562500,7.187500,7.187500,440
2000-12-27,5.312500,6.250000,5.312500,5.937500,5.937500,380
2000-12-28,5.625000,7.187500,5.625000,6.875000,6.875000,1040
2000-12-29,6.250000,6.875000,6.250000,6.250000,6.250000,2180
2001-01-02,6.250000,6.250000,5.156250,6.250000,6.250000,780
2001-01-03,5.781250,5.781250,5.781250,5.781250,5.781250,200
2001-01-04,5.781250,5.781250,5.781250,5.781250,5.781250,0
2001-01-05,5.781250,5.781250,5.781250,5.781250,5.781250,0
2001-01-08,5.781250,5.781250,5.781250,5.781250,5.781250,0
2001-01-09,5.000000,5.000000,5.000000,5.000000,5.000000,300
2001-01-10,5.000000,5.000000,5.000000,5.000000,5.000000,0
2001-01-11,6.250000,6.250000,6.250000,6.250000,6.250000,380
2001-01-12,6.250000,7.500000,6.250000,7.500000,7.500000,1100
2001-01-16,6.875000,6.875000,6.250000,6.250000,6.250000,840
2001-01-17,7.500000,8.125000,7.500000,8.125000,8.125000,1000
2001-01-18,8.125000,8.125000,8.125000,8.125000,8.125000,0
2001-01-19,8.125000,8.125000,8.125000,8.125000,8.125000,100
2001-01-22,8.125000,8.125000,8.125000,8.125000,8.125000,100
2001-01-23,9.375000,11.875000,9.375000,11.875000,11.875000,840
2001-01-24,7.500000,7.500000,6.875000,6.875000,6.875000,200
2001-01-25,7.500000,10.000000,7.500000,10.000000,10.000000,380
2001-01-26,10.000000,10.000000,10.000000,10.000000,10.000000,0
2001-01-29,6.875000,8.750000,6.875000,8.750000,8.750000,180
2001-01-30,7.187500,7.187500,7.187500,7.187500,7.187500,100
2001-01-31,10.000000,10.000000,7.187500,7.187500,7.187500,240
2001-02-01,7.500000,7.500000,7.500000,7.500000,7.500000,140
2001-02-02,7.187500,7.187500,7.187500,7.187500,7.187500,520
2001-02-05,7.187500,7.187500,7.187500,7.187500,7.187500,0
2001-02-06,7.187500,7.187500,7.187500,7.187500,7.187500,100
2001-02-07,7.187500,7.187500,7.187500,7.187500,7.187500,0
2001-02-08,8.125000,8.125000,8.125000,8.125000,8.125000,60
2001-02-09,8.125000,8.125000,8.125000,8.125000,8.125000,0
2001-02-12,8.125000,8.125000,8.125000,8.125000,8.125000,0
2001-02-13,7.187500,7.187500,7.187500,7.187500,7.187500,60
2001-02-14,7.187500,7.187500,7.187500,7.187500,7.187500,0
2001-02-15,7.187500,7.187500,7.187500,7.187500,7.187500,0
2001-02-16,7.187500,7.187500,7.187500,7.187500,7.187500,0
2001-02-20,7.187500,7.187500,7.187500,7.187500,7.187500,0
2001-02-21,7.187500,7.187500,7.187500,7.187500,7.187500,0
2001-02-22,7.187500,7.187500,7.187500,7.187500,7.187500,0
2001-02-23,7.187500,7.187500,7.187500,7.187500,7.187500,0
2001-02-26,7.187500,7.187500,7.187500,7.187500,7.187500,0
2001-02-27,7.187500,7.187500,7.187500,7.187500,7.187500,0
2001-02-28,9.687500,9.687500,9.687500,9.687500,9.687500,460
2001-03-01,10.000000,10.000000,10.000000,10.000000,10.000000,400
2001-03-02,10.000000,10.000000,10.000000,10.000000,10.000000,280
2001-03-05,10.000000,10.000000,10.000000,10.000000,10.000000,0
2001-03-06,9.921875,9.921875,9.921875,9.921875,9.921875,100
2001-03-07,9.921875,9.921875,9.921875,9.921875,9.921875,0
2001-03-08,9.921875,9.921875,9.921875,9.921875,9.921875,0
2001-03-09,8.750000,8.750000,7.500000,7.500000,7.500000,900
2001-03-12,8.125000,8.125000,7.187500,7.187500,7.187500,1700
2001-03-13,7.187500,8.125000,7.187500,8.125000,8.125000,400
2001-03-14,8.125000,8.750000,8.125000,8.750000,8.750000,400
2001-03-15,8.125000,8.125000,6.875000,6.875000,6.875000,2400
2001-03-16,7.500000,7.500000,7.500000,7.500000,7.500000,200
2001-03-19,7.500000,7.500000,7.500000,7.500000,7.500000,0
2001-03-20,7.500000,7.500000,7.500000,7.500000,7.500000,0
2001-03-21,7.187500,7.187500,7.187500,7.187500,7.187500,100
2001-03-22,6.875000,6.875000,6.875000,6.875000,6.875000,100
2001-03-23,6.875000,6.875000,6.875000,6.875000,6.875000,0
2001-03-26,6.875000,6.875000,6.875000,6.875000,6.875000,0
2001-03-27,6.875000,6.875000,6.875000,6.875000,6.875000,0
2001-03-28,6.250000,6.875000,5.625000,6.875000,6.875000,2420
2001-03-29,6.562500,6.562500,6.562500,6.562500,6.562500,400
2001-03-30,6.562500,6.562500,6.562500,6.562500,6.562500,0
2001-04-02,6.562500,6.562500,6.562500,6.562500,6.562500,0
2001-04-03,5.625000,5.625000,5.625000,5.625000,5.625000,100
2001-04-04,5.625000,6.562500,5.625000,6.250000,6.250000,700
2001-04-05,6.250000,6.250000,6.250000,6.250000,6.250000,0
2001-04-06,6.250000,6.250000,6.250000,6.250000,6.250000,0
2001-04-09,6.750000,6.750000,6.750000,6.750000,6.750000,60
2001-04-10,7.500000,7.500000,7.500000,7.500000,7.500000,20
2001-04-11,7.500000,7.500000,7.500000,7.500000,7.500000,200
2001-04-12,7.500000,7.500000,7.500000,7.500000,7.500000,0
2001-04-16,7.500000,7.500000,7.500000,7.500000,7.500000,20
2001-04-17,7.500000,7.500000,7.500000,7.500000,7.500000,0
2001-04-18,6.750000,6.750000,6.500000,6.500000,6.500000,200
2001-04-19,6.500000,6.500000,6.500000,6.500000,6.500000,0
2001-04-20,6.500000,9.500000,6.500000,7.500000,7.500000,1660
2001-04-23,7.000000,7.000000,7.000000,7.000000,7.000000,20
2001-04-24,6.750000,6.750000,6.750000,6.750000,6.750000,20
2001-04-25,7.000000,10.000000,7.000000,10.000000,10.000000,1000
2001-04-26,7.050000,11.000000,7.050000,10.150000,10.150000,2040
2001-04-27,7.550000,7.550000,7.550000,7.550000,7.550000,220
2001-04-30,7.750000,10.650000,7.750000,10.650000,10.650000,880
2001-05-01,8.750000,11.250000,8.750000,11.250000,11.250000,360
2001-05-02,9.250000,10.000000,9.250000,10.000000,10.000000,520
2001-05-03,11.000000,11.000000,10.000000,10.050000,10.050000,160
2001-05-04,10.050000,10.050000,10.050000,10.050000,10.050000,20
2001-05-07,10.050000,10.050000,10.050000,10.050000,10.050000,40
2001-05-08,10.050000,11.000000,10.050000,11.000000,11.000000,80
2001-05-09,10.050000,10.050000,10.050000,10.050000,10.050000,80
2001-05-10,10.050000,10.050000,10.050000,10.050000,10.050000,0
2001-05-11,10.050000,10.100000,10.050000,10.100000,10.100000,120
2001-05-14,10.000000,10.000000,10.000000,10.000000,10.000000,360
2001-05-15,10.000000,10.100000,9.750000,9.750000,9.750000,620
2001-05-16,10.000000,10.000000,9.750000,9.750000,9.750000,200
2001-05-17,10.000000,10.000000,10.000000,10.000000,10.000000,280
2001-05-18,11.000000,12.000000,11.000000,11.500000,11.500000,5740
2001-05-21,11.750000,12.750000,11.250000,12.500000,12.500000,7180
2001-05-22,12.500000,13.000000,11.500000,12.000000,12.000000,3980
2001-05-23,12.750000,12.750000,12.500000,12.750000,12.750000,1780
2001-05-24,12.750000,12.750000,12.750000,12.750000,12.750000,0
2001-05-25,12.650000,12.750000,12.500000,12.750000,12.750000,2840
2001-05-29,12.750000,12.750000,12.750000,12.750000,12.750000,0
2001-05-30,11.500000,11.500000,11.500000,11.500000,11.500000,300
2001-05-31,11.500000,11.500000,11.500000,11.500000,11.500000,0
2001-06-01,10.500000,10.500000,10.500000,10.500000,10.500000,40
2001-06-04,10.500000,10.500000,10.500000,10.500000,10.500000,300
2001-06-05,10.500000,11.500000,10.500000,11.500000,11.500000,400
2001-06-06,11.100000,11.100000,7.750000,8.500000,8.500000,2540
2001-06-07,8.500000,8.500000,8.500000,8.500000,8.500000,0
2001-06-08,8.500000,8.500000,8.500000,8.500000,8.500000,0
2001-06-11,8.250000,10.000000,8.250000,10.000000,10.000000,720
2001-06-12,10.000000,10.000000,10.000000,10.000000,10.000000,0
2001-06-13,8.500000,9.500000,8.500000,9.500000,9.500000,1260
2001-06-14,11.500000,12.500000,11.500000,12.500000,12.500000,600
2001-06-15,13.500000,13.500000,12.750000,12.750000,12.750000,580
2001-06-18,13.500000,13.500000,13.500000,13.500000,13.500000,200
2001-06-19,13.750000,15.000000,13.750000,14.000000,14.000000,900
2001-06-20,14.000000,14.000000,14.000000,14.000000,14.000000,1420
2001-06-21,14.000000,14.000000,14.000000,14.000000,14.000000,100
2001-06-22,13.000000,13.000000,13.000000,13.000000,13.000000,200
2001-06-25,13.000000,13.000000,13.000000,13.000000,13.000000,0
2001-06-26,13.000000,13.000000,13.000000,13.000000,13.000000,0
2001-06-27,13.000000,13.000000,13.000000,13.000000,13.000000,0
2001-06-28,11.750000,11.750000,11.750000,11.750000,11.750000,440
2001-06-29,11.750000,11.750000,11.750000,11.750000,11.750000,0
2001-07-02,12.000000,12.000000,12.000000,12.000000,12.000000,80
2001-07-03,12.000000,12.000000,12.000000,12.000000,12.000000,20
2001-07-05,12.000000,12.000000,12.000000,12.000000,12.000000,0
2001-07-06,12.000000,12.000000,12.000000,12.000000,12.000000,0
2001-07-09,12.750000,12.750000,12.750000,12.750000,12.750000,80
2001-07-10,12.750000,12.750000,12.750000,12.750000,12.750000,0
2001-07-11,12.000000,12.500000,12.000000,12.000000,12.000000,220
2001-07-12,12.000000,12.000000,12.000000,12.000000,12.000000,0
2001-07-13,13.750000,13.750000,13.750000,13.750000,13.750000,80
2001-07-16,13.750000,13.750000,13.750000,13.750000,13.750000,0
2001-07-17,13.750000,13.750000,13.750000,13.750000,13.750000,0
2001-07-18,13.750000,13.750000,13.750000,13.750000,13.750000,560
2001-07-19,13.750000,13.750000,13.750000,13.750000,13.750000,0
2001-07-20,13.750000,13.750000,13.750000,13.750000,13.750000,0
2001-07-23,13.750000,13.750000,13.750000,13.750000,13.750000,0
2001-07-24,14.000000,14.250000,14.000000,14.000000,14.000000,300
2001-07-25,14.000000,14.000000,14.000000,14.000000,14.000000,300
2001-07-26,14.250000,14.250000,14.250000,14.250000,14.250000,100
2001-07-27,13.500000,15.000000,13.500000,14.250000,14.250000,2100
2001-07-30,15.000000,15.000000,15.000000,15.000000,15.000000,500
2001-07-31,15.000000,16.000000,15.000000,15.000000,15.000000,840
2001-08-01,16.500000,17.750000,15.750000,17.250000,17.250000,1840
2001-08-02,17.500000,18.250000,17.250000,17.750000,17.750000,3480
2001-08-03,17.750000,17.750000,17.750000,17.750000,17.750000,0
2001-08-06,17.750000,17.750000,17.750000,17.750000,17.750000,0
2001-08-07,18.000000,18.000000,17.500000,17.500000,17.500000,540
2001-08-08,18.000000,18.000000,17.500000,17.500000,17.500000,580
2001-08-09,17.500000,17.500000,17.500000,17.500000,17.500000,0
2001-08-10,17.500000,17.500000,17.500000,17.500000,17.500000,0
2001-08-13,18.000000,18.000000,17.500000,17.500000,17.500000,520
2001-08-14,17.250000,17.250000,16.000000,16.500000,16.500000,1800
2001-08-15,16.250000,16.250000,14.900000,14.900000,14.900000,2340
2001-08-16,15.000000,15.500000,15.000000,15.000000,15.000000,1600
2001-08-17,15.250000,15.250000,14.250000,14.250000,14.250000,300
2001-08-20,14.250000,16.000000,14.250000,14.750000,14.750000,1080
2001-08-21,15.750000,16.000000,15.750000,16.000000,16.000000,400
2001-08-22,16.000000,16.000000,15.000000,15.000000,15.000000,220
2001-08-23,16.000000,16.000000,16.000000,16.000000,16.000000,600
2001-08-24,16.000000,16.000000,16.000000,16.000000,16.000000,500
2001-08-27,16.000000,16.000000,15.250000,15.250000,15.250000,160
2001-08-28,15.250000,15.250000,15.250000,15.250000,15.250000,0
2001-08-29,15.000000,16.250000,15.000000,15.300000,15.300000,1820
2001-08-30,16.250000,16.250000,16.250000,16.250000,16.250000,100
2001-08-31,17.500000,17.750000,17.500000,17.750000,17.750000,600
2001-09-04,16.500000,16.500000,16.500000,16.500000,16.500000,240
2001-09-05,16.750000,16.750000,16.750000,16.750000,16.750000,100
2001-09-06,16.799999,16.799999,16.799999,16.799999,16.799999,500
2001-09-07,16.799999,16.799999,16.799999,16.799999,16.799999,0
2001-09-10,17.549999,17.549999,16.799999,16.799999,16.799999,880
2001-09-17,16.750000,16.750000,15.550000,15.550000,15.550000,1060
2001-09-18,15.050000,15.050000,15.050000,15.050000,15.050000,1000
2001-09-19,15.050000,15.050000,14.300000,15.000000,15.000000,800
2001-09-20,15.000000,15.000000,15.000000,15.000000,15.000000,180
2001-09-21,14.300000,14.500000,14.300000,14.500000,14.500000,380
2001-09-24,14.450000,14.450000,14.450000,14.450000,14.450000,200
2001-09-25,14.450000,14.450000,14.450000,14.450000,14.450000,0
2001-09-26,14.450000,14.450000,14.450000,14.450000,14.450000,0
2001-09-27,14.450000,14.450000,14.450000,14.450000,14.450000,0
2001-09-28,14.450000,14.450000,14.450000,14.450000,14.450000,0
2001-10-01,14.450000,14.450000,14.450000,14.450000,14.450000,0
2001-10-02,14.450000,14.450000,14.450000,14.450000,14.450000,0
2001-10-03,14.450000,14.450000,14.450000,14.450000,14.450000,0
2001-10-04,14.450000,14.450000,14.450000,14.450000,14.450000,0
2001-10-05,13.750000,13.750000,13.750000,13.750000,13.750000,40
2001-10-08,13.750000,13.750000,13.750000,13.750000,13.750000,200
2001-10-09,13.800000,13.800000,13.800000,13.800000,13.800000,200
2001-10-10,15.000000,15.000000,15.000000,15.000000,15.000000,500
2001-10-11,15.000000,15.000000,15.000000,15.000000,15.000000,0
2001-10-12,15.750000,15.750000,15.750000,15.750000,15.750000,20
2001-10-15,15.750000,15.750000,15.750000,15.750000,15.750000,0
2001-10-16,16.000000,16.000000,16.000000,16.000000,16.000000,40
2001-10-17,15.700000,15.700000,15.700000,15.700000,15.700000,40
2001-10-18,15.000000,15.000000,15.000000,15.000000,15.000000,260
2001-10-19,15.000000,15.000000,15.000000,15.000000,15.000000,0
2001-10-22,15.500000,16.000000,15.250000,16.000000,16.000000,1500
2001-10-23,16.000000,16.000000,16.000000,16.000000,16.000000,0
2001-10-24,16.000000,16.000000,16.000000,16.000000,16.000000,0
2001-10-25,16.000000,16.000000,16.000000,16.000000,16.000000,400
2001-10-26,16.000000,16.000000,16.000000,16.000000,16.000000,0
2001-10-29,16.500000,21.250000,16.500000,19.500000,19.500000,12880
2001-10-30,21.000000,22.500000,20.250000,20.250000,20.250000,4100
2001-10-31,21.250000,21.250000,19.500000,20.500000,20.500000,2200
2001-11-01,21.000000,21.250000,20.250000,20.500000,20.500000,1380
2001-11-02,21.250000,22.500000,21.250000,22.500000,22.500000,1840
2001-11-05,23.750000,27.500000,23.750000,27.500000,27.500000,2340
2001-11-06,25.500000,29.000000,25.500000,26.750000,26.750000,1380
2001-11-07,27.750000,29.000000,27.750000,28.500000,28.500000,2300
2001-11-08,27.500000,27.500000,23.000000,23.000000,23.000000,1240
2001-11-09,23.500000,26.000000,23.500000,25.000000,25.000000,440
2001-11-12,25.000000,25.000000,25.000000,25.000000,25.000000,200
2001-11-13,25.000000,25.000000,25.000000,25.000000,25.000000,0
2001-11-14,24.000000,25.000000,24.000000,25.000000,25.000000,500
2001-11-15,24.500000,25.250000,24.500000,25.250000,25.250000,440
2001-11-16,25.250000,26.250000,25.000000,25.000000,25.000000,1700
2001-11-19,25.000000,26.000000,25.000000,25.950001,25.950001,300
2001-11-20,25.000000,25.950001,25.000000,25.950001,25.950001,360
2001-11-21,25.950001,25.950001,25.950001,25.950001,25.950001,0
2001-11-23,25.950001,25.950001,25.950001,25.950001,25.950001,0
2001-11-26,25.950001,25.950001,25.950001,25.950001,25.950001,0
2001-11-27,25.850000,25.900000,25.000000,25.500000,25.500000,1080
2001-11-28,25.000000,25.000000,24.750000,24.750000,24.750000,800
2001-11-29,24.750000,24.750000,24.750000,24.750000,24.750000,0
2001-11-30,24.750000,24.750000,24.750000,24.750000,24.750000,0
2001-12-03,25.000000,25.000000,24.000000,25.000000,25.000000,300
2001-12-04,25.000000,25.000000,25.000000,25.000000,25.000000,0
2001-12-05,25.000000,25.000000,25.000000,25.000000,25.000000,0
2001-12-06,25.000000,25.500000,25.000000,25.000000,25.000000,2640
2001-12-07,25.500000,25.500000,25.500000,25.500000,25.500000,280
2001-12-10,23.750000,23.750000,22.600000,23.250000,23.250000,1040
2001-12-11,23.400000,23.500000,23.250000,23.500000,23.500000,960
2001-12-12,23.750000,23.750000,20.250000,20.250000,20.250000,5400
2001-12-13,21.000000,21.250000,21.000000,21.250000,21.250000,460
2001-12-14,20.100000,20.100000,20.100000,20.100000,20.100000,20
2001-12-17,20.250000,22.500000,20.250000,22.500000,22.500000,140
2001-12-18,20.500000,20.500000,20.500000,20.500000,20.500000,60
2001-12-19,20.500000,20.500000,20.500000,20.500000,20.500000,0
2001-12-20,20.500000,20.500000,20.500000,20.500000,20.500000,0
2001-12-21,21.000000,21.000000,21.000000,21.000000,21.000000,120
2001-12-24,20.750000,20.750000,20.100000,20.750000,20.750000,540
2001-12-26,20.750000,20.750000,20.750000,20.750000,20.750000,0
2001-12-27,20.750000,20.750000,20.750000,20.750000,20.750000,0
2001-12-28,20.100000,20.100000,20.000000,20.000000,20.000000,400
2001-12-31,19.250000,20.100000,19.250000,20.100000,20.100000,1240
2002-01-02,20.100000,20.100000,20.000000,20.000000,20.000000,480
2002-01-03,20.250000,20.250000,20.250000,20.250000,20.250000,160
2002-01-04,20.250000,20.250000,20.250000,20.250000,20.250000,0
2002-01-07,20.250000,20.250000,20.000000,20.000000,20.000000,160
2002-01-08,20.000000,21.250000,20.000000,21.250000,21.250000,1540
2002-01-09,21.250000,21.250000,21.250000,21.250000,21.250000,0
2002-01-10,21.250000,21.250000,21.250000,21.250000,21.250000,0
2002-01-11,21.250000,21.250000,21.250000,21.250000,21.250000,0
2002-01-14,21.500000,21.500000,21.500000,21.500000,21.500000,20
2002-01-15,21.500000,21.500000,21.500000,21.500000,21.500000,0
2002-01-16,21.500000,21.500000,21.500000,21.500000,21.500000,0
2002-01-17,21.500000,21.500000,21.500000,21.500000,21.500000,0
2002-01-18,21.500000,21.500000,21.500000,21.500000,21.500000,80
2002-01-22,21.500000,22.000000,21.500000,22.000000,22.000000,500
2002-01-23,22.000000,22.000000,22.000000,22.000000,22.000000,0
2002-01-24,22.750000,22.750000,22.750000,22.750000,22.750000,40
2002-01-25,23.500000,23.500000,23.500000,23.500000,23.500000,260
2002-01-28,23.750000,27.000000,23.750000,26.500000,26.500000,880
2002-01-29,26.500000,26.500000,26.500000,26.500000,26.500000,100
2002-01-30,25.500000,25.500000,25.500000,25.500000,25.500000,100
2002-01-31,25.000000,25.500000,24.500000,24.500000,24.500000,240
2002-02-01,24.500000,24.500000,24.500000,24.500000,24.500000,0
2002-02-04,24.500000,24.500000,24.500000,24.500000,24.500000,0
2002-02-05,22.500000,24.500000,22.500000,24.500000,24.500000,1300
2002-02-06,22.750000,23.000000,22.750000,22.750000,22.750000,540
2002-02-07,22.549999,22.549999,22.250000,22.250000,22.250000,460
2002-02-08,21.000000,21.000000,21.000000,21.000000,21.000000,180
2002-02-11,21.000000,21.000000,21.000000,21.000000,21.000000,0
2002-02-12,22.250000,22.500000,22.250000,22.500000,22.500000,400
2002-02-13,22.500000,22.500000,22.500000,22.500000,22.500000,0
2002-02-14,22.500000,22.500000,22.500000,22.500000,22.500000,0
2002-02-15,22.500000,22.500000,22.500000,22.500000,22.500000,40
2002-02-19,22.500000,22.500000,22.500000,22.500000,22.500000,0
2002-02-20,22.500000,22.750000,22.500000,22.750000,22.750000,600
2002-02-21,22.750000,22.750000,22.750000,22.750000,22.750000,0
2002-02-22,22.750000,22.750000,22.750000,22.750000,22.750000,0
2002-02-25,22.750000,22.750000,22.750000,22.750000,22.750000,0
2002-02-26,21.500000,21.549999,21.250000,21.250000,21.250000,400
2002-02-27,21.250000,21.250000,21.250000,21.250000,21.250000,0
2002-02-28,22.000000,22.650000,22.000000,22.500000,22.500000,2160
2002-03-01,22.250000,23.250000,22.000000,23.250000,23.250000,5200
2002-03-04,23.750000,24.000000,23.500000,23.500000,23.500000,1780
2002-03-05,23.000000,23.000000,22.750000,22.750000,22.750000,780
2002-03-06,23.250000,23.250000,17.250000,20.400000,20.400000,9120
2002-03-07,20.500000,20.500000,20.000000,20.000000,20.000000,660
2002-03-08,20.000000,20.000000,20.000000,20.000000,20.000000,480
2002-03-11,20.000000,20.500000,20.000000,20.500000,20.500000,760
2002-03-12,20.500000,20.500000,20.500000,20.500000,20.500000,0
2002-03-13,20.250000,20.750000,20.000000,20.750000,20.750000,1880
2002-03-14,20.100000,20.100000,20.000000,20.000000,20.000000,600
2002-03-15,20.000000,20.250000,19.500000,20.250000,20.250000,1600
2002-03-18,20.250000,20.250000,20.250000,20.250000,20.250000,0
2002-03-19,20.000000,20.250000,19.500000,19.500000,19.500000,300
2002-03-20,19.500000,19.500000,19.500000,19.500000,19.500000,0
2002-03-21,19.500000,19.500000,19.500000,19.500000,19.500000,0
2002-03-22,19.500000,19.500000,19.500000,19.500000,19.500000,0
2002-03-25,19.500000,19.500000,19.000000,19.500000,19.500000,1580
2002-03-26,19.500000,19.500000,19.500000,19.500000,19.500000,0
2002-03-27,19.000000,19.000000,19.000000,19.000000,19.000000,340
2002-03-28,18.500000,18.500000,18.500000,18.500000,18.500000,160
2002-04-01,18.500000,18.500000,18.500000,18.500000,18.500000,0
2002-04-02,18.500000,18.500000,18.500000,18.500000,18.500000,0
2002-04-03,19.000000,19.000000,18.000000,18.000000,18.000000,1700
2002-04-04,18.000000,18.000000,18.000000,18.000000,18.000000,0
2002-04-05,18.750000,19.000000,18.750000,19.000000,19.000000,820
2002-04-08,19.000000,19.250000,19.000000,19.250000,19.250000,300
2002-04-09,19.250000,20.000000,19.250000,20.000000,20.000000,540
2002-04-10,19.250000,20.000000,19.250000,20.000000,20.000000,280
2002-04-11,20.000000,20.000000,19.000000,19.000000,19.000000,1300
2002-04-12,19.450001,19.500000,19.250000,19.250000,19.250000,500
2002-04-15,19.250000,19.250000,18.250000,18.250000,18.250000,760
2002-04-16,18.500000,18.750000,18.500000,18.500000,18.500000,2400
2002-04-17,18.500000,19.150000,18.500000,19.150000,19.150000,200
2002-04-18,19.000000,20.500000,19.000000,20.500000,20.500000,980
2002-04-19,20.000000,20.500000,20.000000,20.500000,20.500000,600
2002-04-22,20.000000,20.000000,20.000000,20.000000,20.000000,400
2002-04-23,20.500000,20.500000,20.500000,20.500000,20.500000,360
2002-04-24,20.500000,20.500000,19.000000,19.250000,19.250000,2140
2002-04-25,19.250000,20.250000,19.250000,20.250000,20.250000,340
2002-04-26,19.500000,19.750000,19.250000,19.250000,19.250000,1860
2002-04-29,19.400000,20.000000,19.400000,20.000000,20.000000,960
2002-04-30,20.000000,20.250000,19.500000,19.500000,19.500000,880
2002-05-01,19.600000,20.250000,19.600000,20.000000,20.000000,1860
2002-05-02,20.250000,20.250000,20.250000,20.250000,20.250000,140
2002-05-03,20.250000,20.250000,20.250000,20.250000,20.250000,0
2002-05-06,20.500000,20.500000,20.250000,20.250000,20.250000,860
2002-05-07,20.250000,20.250000,20.250000,20.250000,20.250000,340
2002-05-08,20.250000,20.500000,20.250000,20.250000,20.250000,1080
2002-05-09,20.500000,21.250000,20.500000,21.250000,21.250000,860
2002-05-10,20.500000,20.500000,20.500000,20.500000,20.500000,800
2002-05-13,20.299999,20.299999,20.250000,20.250000,20.250000,680
2002-05-14,20.000000,20.500000,20.000000,20.000000,20.000000,1100
2002-05-15,20.000000,20.000000,20.000000,20.000000,20.000000,0
2002-05-16,20.500000,20.750000,20.000000,20.000000,20.000000,2180
2002-05-17,20.000000,20.000000,20.000000,20.000000,20.000000,0
2002-05-20,20.500000,20.500000,20.500000,20.500000,20.500000,100
2002-05-21,20.500000,21.250000,20.500000,21.250000,21.250000,380
2002-05-22,20.750000,21.500000,20.750000,21.250000,21.250000,360
2002-05-23,21.750000,21.750000,21.750000,21.750000,21.750000,20
2002-05-24,21.350000,21.700001,21.000000,21.150000,21.150000,2420
2002-05-28,20.500000,20.750000,20.500000,20.500000,20.500000,640
2002-05-29,21.250000,21.250000,21.250000,21.250000,21.250000,80
2002-05-30,22.000000,22.000000,20.750000,20.750000,20.750000,120
2002-05-31,20.750000,20.750000,20.750000,20.750000,20.750000,0
2002-06-03,21.500000,21.500000,21.250000,21.250000,21.250000,60
2002-06-04,21.250000,21.250000,20.750000,20.750000,20.750000,220
2002-06-05,20.750000,20.750000,20.750000,20.750000,20.750000,0
2002-06-06,20.750000,20.750000,20.500000,20.500000,20.500000,900
2002-06-07,20.500000,20.500000,20.500000,20.500000,20.500000,0
2002-06-10,20.250000,21.000000,20.000000,20.500000,20.500000,880
2002-06-11,20.500000,21.250000,20.500000,20.500000,20.500000,840
2002-06-12,20.500000,20.500000,20.500000,20.500000,20.500000,1440
2002-06-13,20.900000,20.900000,20.500000,20.500000,20.500000,340
2002-06-14,20.500000,20.500000,19.750000,19.850000,19.850000,1160
2002-06-17,19.900000,20.000000,19.750000,19.750000,19.750000,1180
2002-06-18,19.900000,19.900000,19.500000,19.650000,19.650000,2160
2002-06-19,19.400000,19.650000,19.400000,19.400000,19.400000,240
2002-06-20,19.750000,20.500000,19.750000,20.500000,20.500000,400
2002-06-21,20.500000,20.500000,20.500000,20.500000,20.500000,0
2002-06-24,19.750000,20.600000,19.000000,20.600000,20.600000,440
2002-06-25,20.000000,20.250000,19.000000,20.250000,20.250000,1420
2002-06-26,19.400000,19.400000,19.400000,19.400000,19.400000,240
2002-06-27,19.400000,19.400000,19.400000,19.400000,19.400000,0
2002-06-28,19.400000,19.400000,19.400000,19.400000,19.400000,0
2002-07-01,19.400000,19.400000,19.400000,19.400000,19.400000,0
2002-07-02,19.400000,19.400000,19.400000,19.400000,19.400000,0
2002-07-03,19.400000,19.400000,19.400000,19.400000,19.400000,0
2002-07-05,20.250000,20.250000,19.500000,19.500000,19.500000,180
2002-07-08,19.500000,19.500000,19.500000,19.500000,19.500000,0
2002-07-09,19.000000,19.000000,18.750000,18.750000,18.750000,2400
2002-07-10,18.500000,19.000000,18.500000,19.000000,19.000000,520
2002-07-11,19.000000,19.000000,19.000000,19.000000,19.000000,0
2002-07-12,18.500000,18.500000,18.250000,18.250000,18.250000,1200
2002-07-15,18.250000,18.250000,18.250000,18.250000,18.250000,0
2002-07-16,18.750000,19.000000,18.500000,18.500000,18.500000,1400
2002-07-17,18.500000,18.500000,18.500000,18.500000,18.500000,0
2002-07-18,18.500000,18.500000,17.500000,17.500000,17.500000,320
2002-07-19,17.500000,17.500000,17.500000,17.500000,17.500000,640
2002-07-22,17.500000,17.500000,17.500000,17.500000,17.500000,0
2002-07-23,17.250000,17.250000,17.250000,17.250000,17.250000,20
2002-07-24,17.250000,17.250000,17.250000,17.250000,17.250000,20
2002-07-25,17.250000,17.250000,15.000000,15.000000,15.000000,1980
2002-07-26,14.950000,15.250000,14.950000,15.000000,15.000000,860
2002-07-29,15.250000,15.250000,15.250000,15.250000,15.250000,60
2002-07-30,15.000000,15.000000,15.000000,15.000000,15.000000,40
2002-07-31,15.250000,15.250000,15.250000,15.250000,15.250000,60
2002-08-01,14.750000,14.750000,14.250000,14.250000,14.250000,200
2002-08-02,13.750000,13.750000,13.750000,13.750000,13.750000,200
2002-08-05,13.750000,13.750000,13.750000,13.750000,13.750000,20
2002-08-06,13.500000,13.750000,13.500000,13.750000,13.750000,160
2002-08-07,13.000000,13.000000,13.000000,13.000000,13.000000,20
2002-08-08,13.000000,13.000000,12.750000,12.750000,12.750000,220
2002-08-09,12.500000,12.500000,10.000000,11.500000,11.500000,3260
2002-08-12,11.500000,11.500000,11.500000,11.500000,11.500000,0
2002-08-13,11.500000,11.500000,11.500000,11.500000,11.500000,0
2002-08-14,12.000000,12.500000,11.250000,12.500000,12.500000,1600
2002-08-15,12.750000,12.750000,12.500000,12.500000,12.500000,400
2002-08-16,11.500000,12.750000,11.500000,12.750000,12.750000,400
2002-08-19,12.750000,12.750000,12.750000,12.750000,12.750000,0
2002-08-20,13.250000,13.500000,13.250000,13.500000,13.500000,200
2002-08-21,15.000000,15.000000,13.750000,13.750000,13.750000,380
2002-08-22,13.750000,13.750000,13.750000,13.750000,13.750000,0
2002-08-23,13.750000,13.750000,13.750000,13.750000,13.750000,0
2002-08-26,13.750000,13.750000,13.750000,13.750000,13.750000,0
2002-08-27,13.750000,13.750000,13.750000,13.750000,13.750000,0
2002-08-28,14.750000,14.750000,14.750000,14.750000,14.750000,500
2002-08-29,14.750000,14.750000,14.750000,14.750000,14.750000,0
2002-08-30,14.750000,14.750000,14.750000,14.750000,14.750000,0
2002-09-03,14.750000,14.750000,14.750000,14.750000,14.750000,0
2002-09-04,14.750000,14.750000,14.750000,14.750000,14.750000,0
2002-09-05,14.000000,14.000000,14.000000,14.000000,14.000000,180
2002-09-06,14.000000,14.000000,14.000000,14.000000,14.000000,0
2002-09-09,14.950000,14.950000,14.000000,14.000000,14.000000,180
2002-09-10,14.000000,14.000000,14.000000,14.000000,14.000000,0
2002-09-11,14.000000,14.000000,14.000000,14.000000,14.000000,20
2002-09-12,14.050000,14.050000,14.050000,14.050000,14.050000,20
2002-09-13,14.050000,14.050000,14.050000,14.050000,14.050000,0
2002-09-16,14.050000,14.050000,14.050000,14.050000,14.050000,0
2002-09-17,14.050000,14.050000,14.050000,14.050000,14.050000,0
2002-09-18,14.050000,14.050000,14.050000,14.050000,14.050000,0
2002-09-19,14.050000,14.050000,14.050000,14.050000,14.050000,0
2002-09-20,14.050000,14.050000,14.050000,14.050000,14.050000,40
2002-09-23,14.000000,14.000000,11.750000,11.750000,11.750000,400
2002-09-24,11.750000,11.750000,11.750000,11.750000,11.750000,0
2002-09-25,11.750000,11.750000,11.750000,11.750000,11.750000,0
2002-09-26,12.000000,12.000000,12.000000,12.000000,12.000000,40
2002-09-27,12.000000,12.000000,12.000000,12.000000,12.000000,0
2002-09-30,12.000000,12.000000,12.000000,12.000000,12.000000,0
2002-10-01,13.250000,13.250000,13.250000,13.250000,13.250000,100
2002-10-02,13.250000,13.250000,13.250000,13.250000,13.250000,0
2002-10-03,12.000000,12.000000,12.000000,12.000000,12.000000,200
2002-10-04,12.000000,12.000000,12.000000,12.000000,12.000000,0
2002-10-07,11.500000,11.750000,10.250000,11.750000,11.750000,700
2002-10-08,11.750000,11.750000,11.750000,11.750000,11.750000,0
2002-10-09,10.500000,10.750000,10.500000,10.750000,10.750000,120
2002-10-10,9.500000,9.500000,9.500000,9.500000,9.500000,40
2002-10-11,9.500000,9.500000,9.500000,9.500000,9.500000,0
2002-10-14,10.000000,10.000000,10.000000,10.000000,10.000000,60
2002-10-15,11.250000,11.250000,11.250000,11.250000,11.250000,420
2002-10-16,11.250000,11.250000,11.250000,11.250000,11.250000,100
2002-10-17,12.000000,12.450000,10.250000,10.250000,10.250000,1400
2002-10-18,10.250000,10.250000,10.250000,10.250000,10.250000,0
2002-10-21,10.500000,10.500000,10.250000,10.250000,10.250000,320
2002-10-22,11.750000,11.750000,11.500000,11.500000,11.500000,120
2002-10-23,10.000000,10.250000,10.000000,10.000000,10.000000,700
2002-10-24,10.250000,10.250000,10.000000,10.250000,10.250000,960
2002-10-25,10.500000,10.500000,8.750000,8.750000,8.750000,680
2002-10-28,8.750000,8.750000,8.750000,8.750000,8.750000,0
2002-10-29,8.650000,8.750000,8.150000,8.150000,8.150000,500
2002-10-30,8.150000,8.150000,8.150000,8.150000,8.150000,0
2002-10-31,8.150000,8.150000,8.150000,8.150000,8.150000,0
2002-11-01,10.000000,10.000000,10.000000,10.000000,10.000000,100
2002-11-04,10.000000,10.000000,10.000000,10.000000,10.000000,0
2002-11-05,10.000000,10.000000,10.000000,10.000000,10.000000,0
2002-11-06,10.000000,10.000000,10.000000,10.000000,10.000000,0
2002-11-07,10.000000,10.000000,10.000000,10.000000,10.000000,0
2002-11-08,10.000000,10.000000,9.250000,9.250000,9.250000,220
2002-11-11,10.500000,10.500000,10.250000,10.250000,10.250000,920
2002-11-12,11.000000,11.000000,11.000000,11.000000,11.000000,100
2002-11-13,11.000000,11.000000,11.000000,11.000000,11.000000,0
2002-11-14,11.000000,11.000000,11.000000,11.000000,11.000000,0
2002-11-15,10.100000,11.000000,9.750000,11.000000,11.000000,900
2002-11-18,10.000000,10.500000,10.000000,10.500000,10.500000,40
2002-11-19,10.500000,10.500000,10.000000,10.000000,10.000000,60
2002-11-20,10.500000,10.500000,10.000000,10.000000,10.000000,200
2002-11-21,10.000000,10.000000,10.000000,10.000000,10.000000,0
2002-11-22,10.000000,10.000000,10.000000,10.000000,10.000000,0
2002-11-25,10.000000,10.000000,10.000000,10.000000,10.000000,0
2002-11-26,10.000000,10.000000,10.000000,10.000000,10.000000,0
2002-11-27,10.000000,10.000000,10.000000,10.000000,10.000000,0
2002-11-29,10.000000,10.000000,10.000000,10.000000,10.000000,0
2002-12-02,11.500000,11.500000,11.500000,11.500000,11.500000,100
2002-12-03,11.500000,11.500000,11.500000,11.500000,11.500000,0
2002-12-04,11.500000,11.500000,11.500000,11.500000,11.500000,0
2002-12-05,10.550000,10.550000,10.550000,10.550000,10.550000,80
2002-12-06,10.150000,10.250000,10.150000,10.250000,10.250000,120
2002-12-09,10.100000,10.500000,10.100000,10.500000,10.500000,260
2002-12-10,10.100000,10.500000,10.100000,10.250000,10.250000,880
2002-12-11,10.500000,10.500000,10.250000,10.500000,10.500000,600
2002-12-12,10.250000,10.500000,10.250000,10.500000,10.500000,400
2002-12-13,10.250000,10.500000,10.100000,10.100000,10.100000,760
2002-12-16,10.100000,10.100000,10.100000,10.100000,10.100000,40
2002-12-17,11.000000,11.250000,10.500000,11.250000,11.250000,960
2002-12-18,10.750000,11.500000,10.750000,11.500000,11.500000,320
2002-12-19,11.250000,11.750000,11.250000,11.750000,11.750000,500
2002-12-20,11.750000,11.750000,11.750000,11.750000,11.750000,0
2002-12-23,11.500000,11.500000,11.250000,11.250000,11.250000,2000
2002-12-24,11.250000,11.250000,10.000000,10.000000,10.000000,1800
2002-12-26,10.000000,10.000000,10.000000,10.000000,10.000000,0
2002-12-27,9.750000,9.750000,9.750000,9.750000,9.750000,40
2002-12-30,9.750000,10.000000,9.750000,9.750000,9.750000,940
2002-12-31,9.750000,10.000000,9.750000,10.000000,10.000000,520
2003-01-02,10.000000,10.000000,10.000000,10.000000,10.000000,0
2003-01-03,9.750000,9.750000,9.750000,9.750000,9.750000,80
2003-01-06,9.750000,9.750000,9.750000,9.750000,9.750000,0
2003-01-07,10.000000,10.000000,10.000000,10.000000,10.000000,60
2003-01-08,10.000000,10.000000,10.000000,10.000000,10.000000,0
2003-01-09,10.000000,10.000000,8.500000,9.000000,9.000000,560
2003-01-10,10.000000,10.000000,8.500000,8.500000,8.500000,300
2003-01-13,9.250000,9.250000,9.250000,9.250000,9.250000,100
2003-01-14,8.900000,10.000000,8.900000,10.000000,10.000000,620
2003-01-15,10.500000,10.500000,8.700000,10.000000,10.000000,1740
2003-01-16,10.000000,10.000000,10.000000,10.000000,10.000000,0
2003-01-17,10.000000,10.000000,10.000000,10.000000,10.000000,0
2003-01-21,9.000000,10.400000,9.000000,10.400000,10.400000,980
2003-01-22,9.000000,9.750000,9.000000,9.500000,9.500000,660
2003-01-23,9.750000,9.750000,9.500000,9.750000,9.750000,1080
2003-01-24,9.250000,9.250000,9.000000,9.150000,9.150000,1960
2003-01-27,9.150000,9.150000,9.150000,9.150000,9.150000,0
2003-01-28,9.000000,9.250000,9.000000,9.250000,9.250000,360
2003-01-29,9.500000,9.500000,9.500000,9.500000,9.500000,200
2003-01-30,9.500000,9.500000,9.500000,9.500000,9.500000,0
2003-01-31,9.100000,9.250000,9.100000,9.100000,9.100000,780
2003-02-03,9.100000,9.100000,9.100000,9.100000,9.100000,0
2003-02-04,9.250000,9.250000,9.000000,9.000000,9.000000,1600
2003-02-05,9.000000,9.000000,9.000000,9.000000,9.000000,400
2003-02-06,8.750000,8.750000,8.750000,8.750000,8.750000,420
2003-02-07,8.500000,8.500000,7.450000,7.750000,7.750000,2860
2003-02-10,7.750000,7.750000,7.500000,7.750000,7.750000,1500
2003-02-11,7.750000,7.750000,7.750000,7.750000,7.750000,0
2003-02-12,8.000000,8.000000,8.000000,8.000000,8.000000,40
2003-02-13,7.700000,7.750000,7.000000,7.500000,7.500000,2080
2003-02-14,7.500000,7.500000,7.500000,7.500000,7.500000,0
2003-02-18,7.500000,7.500000,7.500000,7.500000,7.500000,140
2003-02-19,8.000000,8.000000,7.850000,8.000000,8.000000,800
2003-02-20,8.000000,8.000000,8.000000,8.000000,8.000000,0
2003-02-21,8.000000,8.000000,8.000000,8.000000,8.000000,0
2003-02-24,7.400000,7.600000,7.400000,7.500000,7.500000,800
2003-02-25,7.400000,8.250000,7.400000,8.250000,8.250000,80
2003-02-26,8.250000,8.250000,8.250000,8.250000,8.250000,0
2003-02-27,8.250000,8.250000,8.250000,8.250000,8.250000,0
2003-02-28,7.500000,7.750000,7.250000,7.250000,7.250000,1280
2003-03-03,7.250000,7.250000,7.250000,7.250000,7.250000,0
2003-03-04,7.250000,7.250000,7.250000,7.250000,7.250000,0
2003-03-05,7.250000,7.250000,7.250000,7.250000,7.250000,0
2003-03-06,7.250000,7.500000,6.750000,6.750000,6.750000,600
2003-03-07,6.200000,6.250000,5.100000,6.000000,6.000000,2060
2003-03-10,6.250000,6.250000,6.250000,6.250000,6.250000,200
2003-03-11,6.250000,6.250000,6.250000,6.250000,6.250000,0
2003-03-12,6.250000,6.250000,6.250000,6.250000,6.250000,0
2003-03-13,6.250000,6.250000,6.250000,6.250000,6.250000,0
2003-03-14,7.500000,7.500000,7.500000,7.500000,7.500000,1200
2003-03-17,7.500000,7.750000,7.500000,7.750000,7.750000,600
2003-03-18,7.400000,7.500000,7.400000,7.500000,7.500000,600
2003-03-19,7.350000,7.350000,7.350000,7.350000,7.350000,80
2003-03-20,7.350000,7.350000,7.350000,7.350000,7.350000,0
2003-03-21,7.350000,7.350000,7.350000,7.350000,7.350000,0
2003-03-24,8.000000,8.000000,8.000000,8.000000,8.000000,40
2003-03-25,7.350000,7.500000,7.350000,7.350000,7.350000,1600
2003-03-26,7.350000,7.350000,7.350000,7.350000,7.350000,0
2003-03-27,7.350000,7.350000,7.350000,7.350000,7.350000,0
2003-03-28,7.350000,7.350000,7.350000,7.350000,7.350000,0
2003-03-31,7.350000,7.350000,7.350000,7.350000,7.350000,0
2003-04-01,7.350000,7.350000,7.350000,7.350000,7.350000,0
2003-04-02,7.350000,7.350000,7.350000,7.350000,7.350000,0
2003-04-03,7.350000,7.350000,7.350000,7.350000,7.350000,0
2003-04-04,7.350000,7.350000,7.350000,7.350000,7.350000,0
2003-04-07,6.500000,6.500000,6.500000,6.500000,6.500000,40
2003-04-08,7.750000,7.750000,7.750000,7.750000,7.750000,140
2003-04-09,7.750000,7.750000,7.750000,7.750000,7.750000,0
2003-04-10,7.750000,7.750000,7.750000,7.750000,7.750000,0
2003-04-11,9.000000,9.000000,9.000000,9.000000,9.000000,20
2003-04-14,9.000000,9.000000,9.000000,9.000000,9.000000,0
2003-04-15,9.000000,9.000000,9.000000,9.000000,9.000000,0
2003-04-16,7.050000,7.050000,7.050000,7.050000,7.050000,20
2003-04-17,7.050000,7.050000,7.050000,7.050000,7.050000,0
2003-04-21,8.500000,8.500000,7.050000,7.050000,7.050000,360
2003-04-22,8.500000,8.500000,8.000000,8.000000,8.000000,940
2003-04-23,8.000000,8.000000,8.000000,8.000000,8.000000,0
2003-04-24,8.000000,8.000000,8.000000,8.000000,8.000000,0
2003-04-25,7.500000,7.500000,7.250000,7.500000,7.500000,420
2003-04-28,7.250000,7.350000,7.250000,7.250000,7.250000,1100
2003-04-29,7.250000,7.250000,7.250000,7.250000,7.250000,400
2003-04-30,7.250000,7.250000,7.250000,7.250000,7.250000,0
2003-05-01,7.250000,7.250000,7.250000,7.250000,7.250000,0
2003-05-02,7.250000,7.250000,7.250000,7.250000,7.250000,0
2003-05-05,7.250000,7.250000,7.250000,7.250000,7.250000,0
2003-05-06,6.750000,6.750000,6.750000,6.750000,6.750000,20
2003-05-07,6.750000,6.750000,6.750000,6.750000,6.750000,0
2003-05-08,6.750000,6.750000,6.750000,6.750000,6.750000,0
2003-05-09,6.750000,6.750000,6.750000,6.750000,6.750000,0
2003-05-12,6.750000,6.900000,6.750000,6.900000,6.900000,320
2003-05-13,6.750000,6.900000,6.750000,6.900000,6.900000,360
2003-05-14,6.250000,6.250000,6.250000,6.250000,6.250000,200
2003-05-15,5.250000,5.500000,5.250000,5.250000,5.250000,1080
2003-05-16,5.250000,5.250000,5.250000,5.250000,5.250000,40
2003-05-19,5.250000,5.250000,5.100000,5.250000,5.250000,1760
2003-05-20,5.100000,5.150000,5.100000,5.100000,5.100000,1600
2003-05-21,5.200000,5.250000,5.200000,5.250000,5.250000,2320
2003-05-22,5.250000,5.250000,5.250000,5.250000,5.250000,0
2003-05-23,5.250000,5.250000,5.250000,5.250000,5.250000,0
2003-05-27,5.400000,6.250000,5.400000,6.250000,6.250000,2180
2003-05-28,6.250000,6.250000,6.250000,6.250000,6.250000,0
2003-05-29,6.250000,6.250000,5.900000,5.900000,5.900000,320
2003-05-30,6.500000,6.500000,6.500000,6.500000,6.500000,20
2003-06-02,5.500000,5.500000,5.500000,5.500000,5.500000,40
2003-06-03,5.500000,5.500000,5.500000,5.500000,5.500000,0
2003-06-04,5.500000,5.500000,5.500000,5.500000,5.500000,0
2003-06-05,5.500000,5.500000,5.500000,5.500000,5.500000,0
2003-06-06,5.500000,5.500000,5.500000,5.500000,5.500000,0
2003-06-09,5.750000,5.750000,5.750000,5.750000,5.750000,240
2003-06-10,5.750000,5.750000,5.750000,5.750000,5.750000,20
2003-06-11,5.750000,6.200000,5.750000,6.200000,6.200000,840
2003-06-12,6.000000,6.250000,6.000000,6.250000,6.250000,960
2003-06-13,6.250000,6.250000,6.250000,6.250000,6.250000,760
2003-06-16,5.750000,5.750000,5.750000,5.750000,5.750000,40
2003-06-17,5.750000,5.750000,5.750000,5.750000,5.750000,100
2003-06-18,5.750000,5.750000,5.750000,5.750000,5.750000,0
2003-06-19,5.500000,5.500000,5.500000,5.500000,5.500000,200
2003-06-20,5.750000,5.750000,5.750000,5.750000,5.750000,20
2003-06-23,5.750000,5.750000,5.750000,5.750000,5.750000,0
2003-06-24,5.750000,5.750000,5.750000,5.750000,5.750000,0
2003-06-25,5.650000,5.750000,5.650000,5.750000,5.750000,80
2003-06-26,5.750000,5.750000,5.750000,5.750000,5.750000,0
2003-06-27,5.750000,5.750000,5.750000,5.750000,5.750000,0
2003-06-30,5.750000,5.750000,5.750000,5.750000,5.750000,0
2003-07-01,5.750000,5.750000,5.750000,5.750000,5.750000,0
2003-07-02,5.750000,5.750000,5.750000,5.750000,5.750000,0
2003-07-03,5.750000,5.750000,5.750000,5.750000,5.750000,0
2003-07-07,5.750000,5.750000,5.750000,5.750000,5.750000,280
2003-07-08,5.750000,5.750000,5.750000,5.750000,5.750000,100
2003-07-09,5.750000,6.000000,5.500000,6.000000,6.000000,1800
2003-07-10,6.000000,6.000000,6.000000,6.000000,6.000000,0
2003-07-11,6.000000,6.550000,6.000000,6.250000,6.250000,2180
2003-07-14,6.550000,6.550000,6.250000,6.250000,6.250000,920
2003-07-15,6.250000,6.250000,6.250000,6.250000,6.250000,60
2003-07-16,6.250000,6.250000,6.250000,6.250000,6.250000,0
2003-07-17,6.250000,6.250000,6.250000,6.250000,6.250000,0
2003-07-18,6.750000,6.750000,6.500000,6.500000,6.500000,2300
2003-07-21,6.500000,6.500000,6.500000,6.500000,6.500000,0
2003-07-22,7.000000,7.000000,7.000000,7.000000,7.000000,20
2003-07-23,7.000000,7.000000,7.000000,7.000000,7.000000,0
2003-07-24,7.000000,7.000000,7.000000,7.000000,7.000000,0
2003-07-25,7.000000,7.000000,7.000000,7.000000,7.000000,0
2003-07-28,7.000000,7.000000,7.000000,7.000000,7.000000,400
2003-07-29,7.250000,7.250000,7.000000,7.000000,7.000000,980
2003-07-30,7.500000,7.500000,7.250000,7.250000,7.250000,1040
2003-07-31,7.250000,7.250000,7.250000,7.250000,7.250000,0
2003-08-01,7.250000,7.250000,7.250000,7.250000,7.250000,0
2003-08-04,8.000000,8.000000,8.000000,8.000000,8.000000,100
2003-08-05,8.750000,8.750000,8.750000,8.750000,8.750000,400
2003-08-06,8.750000,8.750000,8.750000,8.750000,8.750000,0
2003-08-07,8.750000,8.750000,8.750000,8.750000,8.750000,0
2003-08-08,8.750000,8.750000,8.750000,8.750000,8.750000,0
2003-08-11,8.750000,8.750000,8.750000,8.750000,8.750000,0
2003-08-12,6.900000,8.000000,5.500000,8.000000,8.000000,4040
2003-08-13,8.500000,10.500000,8.500000,10.500000,10.500000,1520
2003-08-14,10.250000,10.250000,8.500000,8.500000,8.500000,960
2003-08-15,8.500000,8.500000,8.500000,8.500000,8.500000,0
2003-08-18,8.500000,8.500000,8.500000,8.500000,8.500000,0
2003-08-19,8.500000,8.500000,8.500000,8.500000,8.500000,0
2003-08-20,8.500000,8.500000,8.500000,8.500000,8.500000,0
2003-08-21,8.500000,8.500000,8.500000,8.500000,8.500000,0
2003-08-22,8.750000,10.000000,8.500000,10.000000,10.000000,2740
2003-08-25,7.250000,7.250000,7.250000,7.250000,7.250000,180
2003-08-26,7.250000,7.250000,7.250000,7.250000,7.250000,0
2003-08-27,7.250000,7.250000,7.250000,7.250000,7.250000,0
2003-08-28,7.250000,7.250000,7.250000,7.250000,7.250000,40
2003-08-29,7.250000,7.250000,7.250000,7.250000,7.250000,0
2003-09-02,7.250000,7.250000,7.250000,7.250000,7.250000,0
2003-09-03,7.250000,7.250000,7.250000,7.250000,7.250000,80
2003-09-04,7.250000,7.250000,7.250000,7.250000,7.250000,0
2003-09-05,9.250000,10.000000,8.750000,10.000000,10.000000,1180
2003-09-08,7.500000,7.500000,7.500000,7.500000,7.500000,20
2003-09-09,7.500000,7.500000,7.500000,7.500000,7.500000,0
2003-09-10,9.500000,10.000000,9.500000,10.000000,10.000000,1740
2003-09-11,10.000000,10.000000,10.000000,10.000000,10.000000,0
2003-09-12,10.000000,10.000000,10.000000,10.000000,10.000000,0
2003-09-15,10.000000,10.000000,10.000000,10.000000,10.000000,0
2003-09-16,10.000000,10.000000,10.000000,10.000000,10.000000,0
2003-09-17,10.000000,10.000000,10.000000,10.000000,10.000000,0
2003-09-18,10.000000,10.000000,10.000000,10.000000,10.000000,0
2003-09-19,10.000000,10.000000,10.000000,10.000000,10.000000,0
2003-09-22,10.000000,10.000000,10.000000,10.000000,10.000000,0
2003-09-23,10.000000,10.000000,10.000000,10.000000,10.000000,0
2003-09-24,10.000000,10.000000,10.000000,10.000000,10.000000,0
2003-09-25,10.000000,10.000000,10.000000,10.000000,10.000000,0
2003-09-26,10.000000,10.000000,10.000000,10.000000,10.000000,0
2003-09-29,10.000000,10.000000,10.000000,10.000000,10.000000,0
2003-09-30,10.000000,10.000000,10.000000,10.000000,10.000000,0
2003-10-01,10.000000,10.000000,9.500000,9.500000,9.500000,1200
2003-10-02,9.500000,9.500000,9.500000,9.500000,9.500000,0
2003-10-03,9.750000,10.000000,9.000000,9.000000,9.000000,2060
2003-10-06,9.000000,9.000000,9.000000,9.000000,9.000000,0
2003-10-07,9.000000,9.000000,9.000000,9.000000,9.000000,0
2003-10-08,10.000000,11.250000,10.000000,10.000000,10.000000,1040
2003-10-09,10.000000,10.000000,10.000000,10.000000,10.000000,0
2003-10-10,10.500000,11.250000,10.500000,10.500000,10.500000,600
2003-10-13,10.250000,10.250000,7.500000,7.500000,7.500000,400
2003-10-14,7.500000,7.500000,7.500000,7.500000,7.500000,0
2003-10-15,8.000000,8.000000,7.750000,7.750000,7.750000,700
2003-10-16,7.750000,7.750000,7.750000,7.750000,7.750000,0
2003-10-17,7.750000,7.750000,7.750000,7.750000,7.750000,0
2003-10-20,9.000000,9.000000,9.000000,9.000000,9.000000,300
2003-10-21,10.500000,10.500000,8.750000,8.750000,8.750000,220
2003-10-22,8.250000,8.250000,8.250000,8.250000,8.250000,100
2003-10-23,8.250000,8.250000,8.250000,8.250000,8.250000,0
2003-10-24,8.250000,8.250000,8.250000,8.250000,8.250000,0
2003-10-27,8.250000,8.250000,8.250000,8.250000,8.250000,0
2003-10-28,8.250000,8.250000,8.250000,8.250000,8.250000,0
2003-10-29,9.750000,11.000000,9.500000,10.000000,10.000000,2420
2003-10-30,10.000000,11.000000,8.000000,9.500000,9.500000,1920
2003-10-31,11.250000,11.250000,11.250000,11.250000,11.250000,180
2003-11-03,8.000000,8.050000,8.000000,8.050000,8.050000,160
2003-11-04,11.250000,11.250000,10.250000,10.750000,10.750000,1200
2003-11-05,10.750000,10.750000,10.750000,10.750000,10.750000,0
2003-11-06,11.250000,11.250000,11.250000,11.250000,11.250000,60
2003-11-07,11.250000,11.250000,10.750000,10.750000,10.750000,400
2003-11-10,10.500000,11.250000,10.500000,11.250000,11.250000,220
2003-11-11,11.250000,11.250000,11.250000,11.250000,11.250000,0
2003-11-12,11.250000,11.250000,11.250000,11.250000,11.250000,0
2003-11-13,10.500000,10.500000,10.500000,10.500000,10.500000,20
2003-11-14,10.500000,10.500000,10.500000,10.500000,10.500000,100
2003-11-17,10.500000,10.500000,10.500000,10.500000,10.500000,0
2003-11-18,10.500000,10.500000,10.500000,10.500000,10.500000,360
2003-11-19,10.900000,10.900000,10.750000,10.850000,10.850000,1000
2003-11-20,12.500000,12.500000,10.850000,10.850000,10.850000,120
2003-11-21,10.850000,10.850000,10.850000,10.850000,10.850000,0
2003-11-24,10.850000,10.850000,10.850000,10.850000,10.850000,0
2003-11-25,11.000000,11.000000,11.000000,11.000000,11.000000,60
2003-11-26,11.000000,11.000000,11.000000,11.000000,11.000000,100
2003-11-28,11.000000,11.250000,11.000000,11.250000,11.250000,200
2003-12-01,11.500000,11.500000,11.500000,11.500000,11.500000,800
2003-12-02,11.500000,11.500000,11.500000,11.500000,11.500000,0
2003-12-03,11.500000,11.500000,11.500000,11.500000,11.500000,0
2003-12-04,10.750000,10.750000,10.750000,10.750000,10.750000,20
2003-12-05,10.750000,10.750000,10.750000,10.750000,10.750000,0
2003-12-08,10.750000,10.750000,10.750000,10.750000,10.750000,0
2003-12-09,10.000000,10.000000,10.000000,10.000000,10.000000,700
2003-12-10,10.250000,11.250000,10.250000,11.000000,11.000000,360
2003-12-11,10.750000,10.750000,10.750000,10.750000,10.750000,100
2003-12-12,10.750000,10.750000,10.750000,10.750000,10.750000,0
2003-12-15,12.250000,12.250000,10.750000,11.500000,11.500000,1060
2003-12-16,11.500000,11.500000,11.500000,11.500000,11.500000,0
2003-12-17,10.500000,10.500000,10.500000,10.500000,10.500000,100
2003-12-18,10.500000,10.500000,10.500000,10.500000,10.500000,0
2003-12-19,10.500000,10.500000,10.500000,10.500000,10.500000,0
2003-12-22,10.500000,10.500000,10.500000,10.500000,10.500000,140
2003-12-23,10.500000,10.500000,10.500000,10.500000,10.500000,0
2003-12-24,10.500000,10.500000,10.500000,10.500000,10.500000,0
2003-12-26,10.500000,10.500000,10.500000,10.500000,10.500000,0
2003-12-29,12.500000,12.500000,12.500000,12.500000,12.500000,300
2003-12-30,12.500000,12.500000,12.500000,12.500000,12.500000,0
2003-12-31,13.750000,13.750000,13.750000,13.750000,13.750000,40
2004-01-02,13.750000,13.750000,13.750000,13.750000,13.750000,0
2004-01-05,13.750000,13.750000,12.500000,12.500000,12.500000,380
2004-01-06,12.500000,12.500000,12.500000,12.500000,12.500000,0
2004-01-07,11.250000,11.250000,11.250000,11.250000,11.250000,380
2004-01-08,11.250000,11.250000,11.250000,11.250000,11.250000,0
2004-01-09,11.250000,11.250000,11.250000,11.250000,11.250000,0
2004-01-12,11.250000,11.250000,11.250000,11.250000,11.250000,0
2004-01-13,11.250000,11.250000,11.250000,11.250000,11.250000,100
2004-01-14,11.250000,11.250000,11.250000,11.250000,11.250000,0
2004-01-15,11.250000,11.250000,11.250000,11.250000,11.250000,0
2004-01-16,11.250000,11.250000,11.250000,11.250000,11.250000,0
2004-01-20,10.250000,12.500000,10.250000,10.250000,10.250000,100
2004-01-21,10.250000,10.250000,10.250000,10.250000,10.250000,0
2004-01-22,10.250000,10.250000,10.250000,10.250000,10.250000,0
2004-01-23,11.250000,13.750000,10.250000,13.750000,13.750000,1600
2004-01-26,14.000000,14.000000,12.750000,13.750000,13.750000,920
2004-01-27,14.000000,14.000000,14.000000,14.000000,14.000000,140
2004-01-28,13.750000,13.750000,13.250000,13.250000,13.250000,1600
2004-01-29,13.250000,13.250000,13.250000,13.250000,13.250000,200
2004-01-30,13.250000,13.250000,13.250000,13.250000,13.250000,0
2004-02-02,13.950000,14.000000,13.750000,14.000000,14.000000,2060
2004-02-03,14.500000,14.500000,13.500000,13.500000,13.500000,40
2004-02-04,13.500000,13.650000,13.500000,13.500000,13.500000,1000
2004-02-05,14.500000,14.500000,14.500000,14.500000,14.500000,120
2004-02-06,14.250000,14.250000,14.250000,14.250000,14.250000,200
2004-02-09,15.000000,15.000000,14.500000,14.500000,14.500000,720
2004-02-10,14.500000,15.100000,14.500000,15.000000,15.000000,1060
2004-02-11,15.100000,15.100000,15.100000,15.100000,15.100000,60
2004-02-12,15.100000,15.100000,15.100000,15.100000,15.100000,0
2004-02-13,15.100000,15.100000,15.100000,15.100000,15.100000,0
2004-02-17,15.100000,15.100000,15.100000,15.100000,15.100000,300
2004-02-18,15.100000,15.100000,15.100000,15.100000,15.100000,0
2004-02-19,13.750000,14.000000,13.750000,13.750000,13.750000,2200
2004-02-20,13.750000,13.750000,13.750000,13.750000,13.750000,0
2004-02-23,13.750000,13.750000,13.750000,13.750000,13.750000,0
2004-02-24,13.750000,13.750000,13.750000,13.750000,13.750000,400
2004-02-25,13.750000,13.750000,13.750000,13.750000,13.750000,0
2004-02-26,13.750000,13.750000,13.750000,13.750000,13.750000,0
2004-02-27,13.750000,13.750000,13.750000,13.750000,13.750000,0
2004-03-01,13.750000,13.750000,13.750000,13.750000,13.750000,0
2004-03-02,13.750000,13.750000,13.750000,13.750000,13.750000,0
2004-03-03,13.750000,13.750000,13.750000,13.750000,13.750000,0
2004-03-04,13.750000,13.750000,13.750000,13.750000,13.750000,0
2004-03-05,13.750000,15.750000,13.750000,15.750000,15.750000,2540
2004-03-08,14.750000,14.750000,14.750000,14.750000,14.750000,60
2004-03-09,15.500000,17.500000,15.500000,17.250000,17.250000,800
2004-03-10,17.250000,17.250000,17.250000,17.250000,17.250000,0
2004-03-11,17.500000,17.500000,15.000000,15.100000,15.100000,2020
2004-03-12,15.100000,17.500000,15.100000,17.500000,17.500000,2180
2004-03-15,15.100000,15.100000,15.100000,15.100000,15.100000,200
2004-03-16,15.000000,16.250000,15.000000,16.250000,16.250000,860
2004-03-17,19.250000,19.250000,19.250000,19.250000,19.250000,40
2004-03-18,19.250000,19.250000,18.750000,18.750000,18.750000,60
2004-03-19,18.750000,18.750000,18.750000,18.750000,18.750000,0
2004-03-22,18.750000,18.750000,18.750000,18.750000,18.750000,0
2004-03-23,15.000000,18.750000,15.000000,15.750000,15.750000,1000
2004-03-24,15.750000,15.750000,15.750000,15.750000,15.750000,0
2004-03-25,15.750000,15.750000,15.750000,15.750000,15.750000,0
2004-03-26,15.750000,15.750000,15.750000,15.750000,15.750000,0
2004-03-29,15.750000,15.750000,15.750000,15.750000,15.750000,0
2004-03-30,16.250000,18.250000,16.250000,18.250000,18.250000,400
2004-03-31,16.250000,17.500000,16.250000,16.900000,16.900000,600
2004-04-01,16.900000,16.900000,16.900000,16.900000,16.900000,0
2004-04-02,16.900000,16.900000,16.900000,16.900000,16.900000,0
2004-04-05,16.900000,16.900000,16.900000,16.900000,16.900000,0
2004-04-06,18.000000,18.000000,17.250000,17.250000,17.250000,1100
2004-04-07,17.250000,17.250000,17.250000,17.250000,17.250000,0
2004-04-08,17.250000,17.250000,17.250000,17.250000,17.250000,0
2004-04-12,15.750000,16.000000,10.250000,13.750000,13.750000,7580
2004-04-13,11.250000,12.500000,11.250000,11.250000,11.250000,780
2004-04-14,11.250000,12.500000,11.000000,12.500000,12.500000,2400
2004-04-15,12.500000,12.500000,12.500000,12.500000,12.500000,0
2004-04-16,12.500000,12.500000,12.500000,12.500000,12.500000,0
2004-04-19,11.250000,11.250000,11.250000,11.250000,11.250000,200
2004-04-20,15.000000,15.000000,15.000000,15.000000,15.000000,20
2004-04-21,13.750000,13.750000,12.500000,13.750000,13.750000,500
2004-04-22,13.750000,13.750000,13.750000,13.750000,13.750000,0
2004-04-23,13.750000,13.750000,13.750000,13.750000,13.750000,0
2004-04-26,13.750000,13.750000,13.750000,13.750000,13.750000,0
2004-04-27,13.750000,13.750000,13.750000,13.750000,13.750000,0
2004-04-28,13.750000,13.750000,13.750000,13.750000,13.750000,0
2004-04-29,15.000000,16.250000,14.500000,16.250000,16.250000,900
2004-04-30,16.250000,16.250000,16.250000,16.250000,16.250000,0
2004-05-03,14.500000,14.500000,14.500000,14.500000,14.500000,200
2004-05-04,14.500000,14.500000,14.500000,14.500000,14.500000,0
2004-05-05,14.500000,14.500000,14.500000,14.500000,14.500000,0
2004-05-06,14.500000,14.500000,14.500000,14.500000,14.500000,0
2004-05-07,14.500000,14.500000,14.500000,14.500000,14.500000,0
2004-05-10,13.250000,13.250000,12.500000,12.500000,12.500000,420
2004-05-11,13.000000,13.000000,13.000000,13.000000,13.000000,60
2004-05-12,13.000000,13.000000,13.000000,13.000000,13.000000,0
2004-05-13,13.000000,13.750000,11.250000,13.750000,13.750000,280
2004-05-14,12.000000,12.750000,12.000000,12.000000,12.000000,240
2004-05-17,12.000000,12.500000,12.000000,12.500000,12.500000,2100
2004-05-18,12.000000,12.000000,12.000000,12.000000,12.000000,60
2004-05-19,12.000000,12.000000,12.000000,12.000000,12.000000,0
2004-05-20,12.000000,12.000000,12.000000,12.000000,12.000000,0
2004-05-21,12.000000,12.000000,12.000000,12.000000,12.000000,0
2004-05-24,12.000000,12.000000,12.000000,12.000000,12.000000,40
2004-05-25,12.000000,12.000000,12.000000,12.000000,12.000000,0
2004-05-26,12.000000,12.000000,12.000000,12.000000,12.000000,0
2004-05-27,12.000000,12.000000,12.000000,12.000000,12.000000,0
2004-05-28,12.000000,12.500000,12.000000,12.500000,12.500000,140
2004-06-01,12.500000,12.500000,12.500000,12.500000,12.500000,0
2004-06-02,12.500000,12.500000,12.500000,12.500000,12.500000,0
2004-06-03,15.000000,15.000000,14.000000,14.000000,14.000000,860
2004-06-04,12.500000,12.500000,12.500000,12.500000,12.500000,80
2004-06-07,12.750000,12.750000,12.500000,12.500000,12.500000,700
2004-06-08,12.500000,12.500000,12.500000,12.500000,12.500000,60
2004-06-09,12.500000,12.500000,12.500000,12.500000,12.500000,0
2004-06-10,12.500000,12.500000,12.500000,12.500000,12.500000,0
2004-06-14,12.500000,12.500000,12.500000,12.500000,12.500000,0
2004-06-15,12.500000,12.500000,12.500000,12.500000,12.500000,0
2004-06-16,12.500000,12.500000,12.500000,12.500000,12.500000,0
2004-06-17,12.500000,12.500000,12.500000,12.500000,12.500000,0
2004-06-18,12.500000,12.500000,12.500000,12.500000,12.500000,0
2004-06-21,13.250000,13.250000,13.250000,13.250000,13.250000,20
2004-06-22,13.250000,13.250000,13.250000,13.250000,13.250000,0
2004-06-23,13.250000,13.250000,13.250000,13.250000,13.250000,0
2004-06-24,13.250000,13.250000,13.250000,13.250000,13.250000,0
2004-06-25,13.250000,13.250000,13.250000,13.250000,13.250000,0
2004-06-28,13.250000,13.250000,13.250000,13.250000,13.250000,0
2004-06-29,13.250000,13.250000,13.250000,13.250000,13.250000,0
2004-06-30,13.250000,13.250000,13.250000,13.250000,13.250000,0
2004-07-01,13.250000,13.250000,13.250000,13.250000,13.250000,0
2004-07-02,13.250000,13.250000,13.250000,13.250000,13.250000,0
2004-07-06,13.250000,13.250000,13.250000,13.250000,13.250000,0
2004-07-07,13.250000,13.500000,13.250000,13.500000,13.500000,180
2004-07-08,13.500000,13.500000,13.500000,13.500000,13.500000,0
2004-07-09,13.500000,13.500000,13.500000,13.500000,13.500000,40
2004-07-12,13.500000,13.500000,13.500000,13.500000,13.500000,0
2004-07-13,13.250000,13.500000,13.250000,13.500000,13.500000,120
2004-07-14,13.500000,13.500000,13.500000,13.500000,13.500000,0
2004-07-15,13.500000,13.500000,13.500000,13.500000,13.500000,0
2004-07-16,13.500000,13.500000,13.500000,13.500000,13.500000,0
2004-07-19,13.500000,13.500000,13.500000,13.500000,13.500000,0
2004-07-20,13.500000,13.500000,13.500000,13.500000,13.500000,0
2004-07-21,13.250000,13.500000,13.250000,13.500000,13.500000,120
2004-07-22,13.500000,13.500000,13.500000,13.500000,13.500000,0
2004-07-23,13.500000,13.500000,13.250000,13.250000,13.250000,1680
2004-07-26,13.000000,15.000000,13.000000,14.500000,14.500000,400
2004-07-27,13.750000,13.750000,13.250000,13.750000,13.750000,600
2004-07-28,13.750000,13.750000,13.750000,13.750000,13.750000,0
2004-07-29,13.750000,13.750000,13.250000,13.250000,13.250000,400
2004-07-30,13.250000,13.250000,13.250000,13.250000,13.250000,0
2004-08-02,13.750000,13.750000,13.250000,13.250000,13.250000,2680
2004-08-03,12.250000,12.250000,12.250000,12.250000,12.250000,100
2004-08-04,12.250000,12.250000,12.250000,12.250000,12.250000,0
2004-08-05,14.950000,15.000000,14.950000,15.000000,15.000000,400
2004-08-06,15.000000,15.000000,15.000000,15.000000,15.000000,0
2004-08-09,15.000000,15.000000,15.000000,15.000000,15.000000,0
2004-08-10,15.000000,15.000000,15.000000,15.000000,15.000000,0
2004-08-11,15.000000,15.000000,15.000000,15.000000,15.000000,0
2004-08-12,15.000000,15.000000,15.000000,15.000000,15.000000,0
2004-08-13,12.750000,15.000000,12.750000,13.750000,13.750000,1400
2004-08-16,12.750000,12.850000,12.750000,12.850000,12.850000,1100
2004-08-17,12.850000,12.850000,12.850000,12.850000,12.850000,0
2004-08-18,12.850000,12.850000,12.850000,12.850000,12.850000,0
2004-08-19,12.500000,13.750000,12.500000,12.500000,12.500000,600
2004-08-20,12.250000,12.500000,12.250000,12.250000,12.250000,2300
2004-08-23,12.250000,12.250000,12.250000,12.250000,12.250000,0
2004-08-24,12.250000,12.250000,12.250000,12.250000,12.250000,0
2004-08-25,13.750000,13.750000,13.750000,13.750000,13.750000,200
2004-08-26,13.750000,13.750000,13.750000,13.750000,13.750000,0
2004-08-27,13.750000,13.750000,13.750000,13.750000,13.750000,0
2004-08-30,13.750000,13.750000,13.750000,13.750000,13.750000,0
2004-08-31,15.250000,15.250000,15.250000,15.250000,15.250000,200
2004-09-01,15.250000,15.250000,14.500000,14.750000,14.750000,1000
2004-09-02,15.250000,15.250000,14.500000,14.750000,14.750000,1000
2004-09-03,14.750000,14.750000,14.750000,14.750000,14.750000,0
2004-09-07,14.750000,14.750000,14.750000,14.750000,14.750000,0
2004-09-08,14.750000,14.750000,14.750000,14.750000,14.750000,0
2004-09-09,15.000000,15.000000,15.000000,15.000000,15.000000,40
2004-09-10,13.000000,15.000000,13.000000,15.000000,15.000000,940
2004-09-13,15.000000,15.000000,15.000000,15.000000,15.000000,0
2004-09-14,15.000000,15.000000,14.750000,14.950000,14.950000,200
2004-09-15,14.950000,14.950000,14.950000,14.950000,14.950000,0
2004-09-16,15.000000,15.000000,13.750000,13.750000,13.750000,500
2004-09-17,13.000000,13.750000,13.000000,13.750000,13.750000,520
2004-09-20,13.750000,13.750000,13.750000,13.750000,13.750000,0
2004-09-21,13.750000,13.750000,13.750000,13.750000,13.750000,0
2004-09-22,13.750000,13.750000,13.750000,13.750000,13.750000,0
2004-09-23,13.750000,13.750000,13.750000,13.750000,13.750000,0
2004-09-24,13.750000,13.750000,13.750000,13.750000,13.750000,0
2004-09-27,13.750000,13.750000,13.750000,13.750000,13.750000,0
2004-09-28,13.750000,13.750000,13.750000,13.750000,13.750000,0
2004-09-29,13.750000,13.750000,13.750000,13.750000,13.750000,0
2004-09-30,14.950000,15.000000,13.750000,13.750000,13.750000,1860
2004-10-01,13.750000,13.750000,13.750000,13.750000,13.750000,0
2004-10-04,13.750000,13.750000,13.750000,13.750000,13.750000,0
2004-10-05,13.750000,13.750000,13.750000,13.750000,13.750000,0
2004-10-06,13.750000,13.750000,13.750000,13.750000,13.750000,0
2004-10-07,14.000000,14.000000,14.000000,14.000000,14.000000,200
2004-10-08,14.500000,14.500000,14.250000,14.250000,14.250000,1480
2004-10-11,13.750000,13.750000,13.750000,13.750000,13.750000,200
2004-10-12,13.750000,13.750000,13.750000,13.750000,13.750000,0
2004-10-13,13.750000,13.750000,13.750000,13.750000,13.750000,0
2004-10-14,13.750000,13.750000,13.750000,13.750000,13.750000,0
2004-10-15,13.500000,13.500000,13.500000,13.500000,13.500000,120
2004-10-18,13.500000,13.500000,13.500000,13.500000,13.500000,0
2004-10-19,13.500000,13.500000,13.500000,13.500000,13.500000,0
2004-10-20,13.500000,14.000000,13.500000,13.500000,13.500000,1280
2004-10-21,13.000000,13.000000,13.000000,13.000000,13.000000,60
2004-10-22,13.000000,13.000000,13.000000,13.000000,13.000000,0
2004-10-25,13.000000,13.000000,13.000000,13.000000,13.000000,0
2004-10-26,13.750000,14.000000,13.700000,14.000000,14.000000,900
2004-10-27,14.000000,14.000000,14.000000,14.000000,14.000000,0
2004-10-28,13.500000,13.750000,13.500000,13.750000,13.750000,2300
2004-10-29,13.750000,13.750000,13.750000,13.750000,13.750000,0
2004-11-01,13.250000,13.250000,12.750000,12.750000,12.750000,200
2004-11-02,12.750000,12.750000,12.750000,12.750000,12.750000,0
2004-11-03,13.000000,13.000000,13.000000,13.000000,13.000000,400
2004-11-04,12.750000,13.750000,12.750000,13.500000,13.500000,1800
2004-11-05,13.000000,13.750000,13.000000,13.750000,13.750000,980
2004-11-08,13.750000,14.500000,13.500000,14.450000,14.450000,4080
2004-11-09,15.000000,15.250000,15.000000,15.250000,15.250000,480
2004-11-10,15.250000,15.250000,15.250000,15.250000,15.250000,0
2004-11-11,15.500000,16.500000,14.500000,14.500000,14.500000,3400
2004-11-12,15.000000,16.500000,15.000000,16.500000,16.500000,440
2004-11-15,16.500000,16.500000,16.500000,16.500000,16.500000,100
2004-11-16,14.750000,14.750000,14.750000,14.750000,14.750000,60
2004-11-17,14.750000,14.750000,14.750000,14.750000,14.750000,0
2004-11-18,14.750000,14.750000,14.750000,14.750000,14.750000,0
2004-11-19,14.750000,14.750000,14.750000,14.750000,14.750000,0
2004-11-22,14.750000,15.500000,14.750000,15.500000,15.500000,80
2004-11-23,15.500000,15.500000,15.500000,15.500000,15.500000,0
2004-11-24,15.500000,15.500000,15.500000,15.500000,15.500000,0
2004-11-26,14.750000,15.000000,14.750000,15.000000,15.000000,140
2004-11-29,15.000000,15.000000,15.000000,15.000000,15.000000,0
2004-11-30,15.000000,15.000000,15.000000,15.000000,15.000000,0
2004-12-01,16.500000,16.500000,16.250000,16.250000,16.250000,280
2004-12-02,16.250000,17.750000,16.250000,17.500000,17.500000,2900
2004-12-03,17.500000,17.500000,17.500000,17.500000,17.500000,0
2004-12-06,17.000000,17.000000,17.000000,17.000000,17.000000,200
2004-12-07,17.000000,17.000000,17.000000,17.000000,17.000000,0
2004-12-08,17.000000,17.000000,17.000000,17.000000,17.000000,0
2004-12-09,17.000000,17.000000,17.000000,17.000000,17.000000,0
2004-12-10,16.750000,17.500000,16.750000,17.500000,17.500000,420
2004-12-13,17.500000,17.500000,17.500000,17.500000,17.500000,0
2004-12-14,17.500000,17.500000,17.500000,17.500000,17.500000,0
2004-12-15,18.750000,23.000000,18.750000,23.000000,23.000000,1160
2004-12-16,23.000000,23.000000,23.000000,23.000000,23.000000,0
2004-12-17,20.000000,20.000000,20.000000,20.000000,20.000000,100
2004-12-20,22.500000,23.000000,22.500000,23.000000,23.000000,460
2004-12-21,23.250000,23.250000,23.250000,23.250000,23.250000,1960
2004-12-22,20.000000,20.000000,20.000000,20.000000,20.000000,40
2004-12-23,20.000000,20.000000,20.000000,20.000000,20.000000,80
2004-12-27,20.000000,20.000000,20.000000,20.000000,20.000000,840
2004-12-28,20.000000,20.000000,20.000000,20.000000,20.000000,0
2004-12-29,20.250000,20.250000,20.000000,20.000000,20.000000,200
2004-12-30,20.000000,20.000000,20.000000,20.000000,20.000000,0
2004-12-31,20.250000,23.000000,20.000000,23.000000,23.000000,3200
2005-01-03,23.000000,23.000000,23.000000,23.000000,23.000000,0
2005-01-04,20.000000,22.500000,16.250000,22.500000,22.500000,1740
2005-01-05,18.250000,18.250000,18.250000,18.250000,18.250000,100
2005-01-06,18.250000,18.250000,18.250000,18.250000,18.250000,0
2005-01-07,18.250000,21.250000,18.250000,21.250000,21.250000,400
2005-01-10,20.500000,20.500000,20.500000,20.500000,20.500000,260
2005-01-11,20.000000,20.000000,17.500000,17.500000,17.500000,120
2005-01-12,17.750000,17.750000,17.750000,17.750000,17.750000,20
2005-01-13,17.750000,17.750000,17.750000,17.750000,17.750000,0
2005-01-14,17.750000,18.250000,17.750000,18.250000,18.250000,440
2005-01-18,17.750000,17.750000,17.750000,17.750000,17.750000,100
2005-01-19,17.500000,17.500000,17.500000,17.500000,17.500000,120
2005-01-20,17.500000,17.500000,17.500000,17.500000,17.500000,100
2005-01-21,18.250000,19.000000,18.250000,19.000000,19.000000,120
2005-01-24,19.000000,19.000000,19.000000,19.000000,19.000000,0
2005-01-25,18.250000,18.250000,18.250000,18.250000,18.250000,60
2005-01-26,18.250000,18.250000,18.250000,18.250000,18.250000,0
2005-01-27,20.000000,20.000000,18.750000,18.750000,18.750000,80
2005-01-28,18.250000,18.549999,17.750000,18.450001,18.450001,1400
2005-01-31,18.450001,18.450001,18.450001,18.450001,18.450001,0
2005-02-01,18.000000,18.000000,18.000000,18.000000,18.000000,200
2005-02-02,18.000000,18.000000,18.000000,18.000000,18.000000,0
2005-02-03,20.000000,20.000000,20.000000,20.000000,20.000000,100
2005-02-04,20.000000,20.000000,20.000000,20.000000,20.000000,0
2005-02-07,20.000000,20.000000,20.000000,20.000000,20.000000,0
2005-02-08,20.000000,20.000000,20.000000,20.000000,20.000000,0
2005-02-09,19.250000,19.250000,19.250000,19.250000,19.250000,700
2005-02-10,18.450001,18.450001,18.450001,18.450001,18.450001,200
2005-02-11,18.450001,18.450001,18.450001,18.450001,18.450001,0
2005-02-14,18.450001,18.450001,18.450001,18.450001,18.450001,0
2005-02-15,18.450001,18.450001,18.450001,18.450001,18.450001,0
2005-02-16,18.450001,18.450001,18.450001,18.450001,18.450001,0
2005-02-17,18.299999,18.500000,18.299999,18.500000,18.500000,40
2005-02-18,18.500000,18.500000,18.500000,18.500000,18.500000,0
2005-02-22,18.500000,18.500000,18.500000,18.500000,18.500000,0
2005-02-23,18.500000,18.500000,18.500000,18.500000,18.500000,0
2005-02-24,18.500000,18.500000,18.500000,18.500000,18.500000,0
2005-02-25,18.299999,18.500000,18.250000,18.500000,18.500000,2300
2005-02-28,18.500000,18.500000,18.500000,18.500000,18.500000,0
2005-03-01,17.750000,18.750000,17.750000,18.000000,18.000000,600
2005-03-02,18.000000,18.000000,18.000000,18.000000,18.000000,300
2005-03-03,18.000000,18.000000,18.000000,18.000000,18.000000,0
2005-03-04,17.900000,18.000000,17.900000,18.000000,18.000000,200
2005-03-07,17.750000,17.750000,17.750000,17.750000,17.750000,300
2005-03-08,17.750000,17.750000,17.750000,17.750000,17.750000,0
2005-03-09,17.750000,17.750000,17.750000,17.750000,17.750000,0
2005-03-10,17.750000,17.750000,17.750000,17.750000,17.750000,0
2005-03-11,17.750000,17.750000,17.750000,17.750000,17.750000,0
2005-03-14,17.750000,17.750000,17.750000,17.750000,17.750000,0
2005-03-15,17.250000,17.500000,17.250000,17.500000,17.500000,760
2005-03-16,17.250000,17.500000,16.000000,16.000000,16.000000,1000
2005-03-17,15.500000,16.250000,15.500000,16.250000,16.250000,420
2005-03-18,16.250000,16.250000,16.250000,16.250000,16.250000,0
2005-03-21,16.500000,16.500000,16.500000,16.500000,16.500000,20
2005-03-22,15.500000,15.500000,14.450000,14.500000,14.500000,900
2005-03-23,14.750000,15.250000,14.700000,15.250000,15.250000,4220
2005-03-24,14.500000,14.500000,13.750000,13.750000,13.750000,140
2005-03-28,13.750000,13.750000,13.750000,13.750000,13.750000,0
2005-03-29,13.750000,13.750000,13.750000,13.750000,13.750000,0
2005-03-30,13.750000,13.750000,13.750000,13.750000,13.750000,0
2005-03-31,15.500000,15.500000,15.000000,15.000000,15.000000,1700
2005-04-01,15.000000,15.000000,15.000000,15.000000,15.000000,0
2005-04-04,15.000000,15.000000,15.000000,15.000000,15.000000,0
2005-04-05,15.000000,15.000000,15.000000,15.000000,15.000000,0
2005-04-06,15.000000,15.000000,15.000000,15.000000,15.000000,80
2005-04-07,14.000000,15.000000,13.050000,15.000000,15.000000,500
2005-04-08,15.000000,15.000000,15.000000,15.000000,15.000000,0
2005-04-11,14.750000,15.000000,14.750000,15.000000,15.000000,800
2005-04-12,15.250000,15.250000,15.000000,15.000000,15.000000,60
2005-04-13,15.000000,15.000000,15.000000,15.000000,15.000000,0
2005-04-14,15.000000,15.000000,15.000000,15.000000,15.000000,0
2005-04-15,14.750000,15.000000,14.250000,14.250000,14.250000,400
2005-04-18,14.750000,15.000000,14.500000,14.500000,14.500000,1100
2005-04-19,15.000000,15.000000,15.000000,15.000000,15.000000,100
2005-04-20,15.000000,15.000000,15.000000,15.000000,15.000000,0
2005-04-21,15.000000,15.000000,15.000000,15.000000,15.000000,0
2005-04-22,14.250000,14.250000,14.250000,14.250000,14.250000,40
2005-04-25,14.250000,14.750000,14.250000,14.750000,14.750000,40
2005-04-26,14.750000,14.750000,14.750000,14.750000,14.750000,0
2005-04-27,14.750000,14.750000,14.750000,14.750000,14.750000,0
2005-04-28,14.750000,14.750000,14.750000,14.750000,14.750000,0
2005-04-29,14.750000,14.750000,14.750000,14.750000,14.750000,0
2005-05-02,14.750000,14.750000,14.750000,14.750000,14.750000,0
2005-05-03,14.250000,14.450000,14.250000,14.450000,14.450000,4800
2005-05-04,15.000000,15.000000,14.000000,14.000000,14.000000,400
2005-05-05,14.000000,14.000000,14.000000,14.000000,14.000000,0
2005-05-06,13.150000,14.000000,13.150000,14.000000,14.000000,2300
2005-05-09,14.000000,14.000000,14.000000,14.000000,14.000000,0
2005-05-10,15.000000,15.000000,15.000000,15.000000,15.000000,620
2005-05-11,15.000000,15.000000,15.000000,15.000000,15.000000,1040
2005-05-12,14.500000,14.500000,14.500000,14.500000,14.500000,5000
2005-05-13,14.150000,14.150000,14.150000,14.150000,14.150000,20
2005-05-16,14.250000,14.250000,14.250000,14.250000,14.250000,2200
2005-05-17,14.250000,16.500000,14.000000,16.000000,16.000000,8160
2005-05-18,15.000000,15.000000,14.100000,15.000000,15.000000,520
2005-05-19,15.000000,16.000000,15.000000,15.250000,15.250000,3100
2005-05-20,17.500000,17.500000,17.500000,17.500000,17.500000,400
2005-05-23,18.750000,18.750000,17.500000,17.500000,17.500000,1020
2005-05-24,17.500000,17.500000,17.500000,17.500000,17.500000,400
2005-05-25,17.500000,17.500000,17.500000,17.500000,17.500000,600
2005-05-26,17.500000,17.500000,16.250000,16.250000,16.250000,5260
2005-05-27,16.250000,16.250000,16.250000,16.250000,16.250000,0
2005-05-31,16.250000,16.250000,16.250000,16.250000,16.250000,0
2005-06-01,16.250000,16.250000,16.000000,16.250000,16.250000,3640
2005-06-02,16.250000,17.000000,16.250000,17.000000,17.000000,820
2005-06-03,16.250000,16.250000,16.250000,16.250000,16.250000,3520
2005-06-06,16.250000,16.500000,16.250000,16.500000,16.500000,780
2005-06-07,16.000000,16.100000,15.500000,15.500000,15.500000,1700
2005-06-08,16.250000,16.500000,16.000000,16.000000,16.000000,680
2005-06-09,16.000000,16.000000,15.500000,15.500000,15.500000,1560
2005-06-10,15.500000,15.750000,15.500000,15.750000,15.750000,1200
2005-06-13,15.750000,16.500000,15.750000,16.500000,16.500000,1320
2005-06-14,16.500000,16.500000,16.250000,16.250000,16.250000,8200
2005-06-15,16.250000,16.250000,16.250000,16.250000,16.250000,1000
2005-06-16,16.500000,16.500000,16.500000,16.500000,16.500000,7540
2005-06-17,16.500000,16.500000,16.500000,16.500000,16.500000,60
2005-06-20,17.500000,17.549999,17.500000,17.500000,17.500000,1200
2005-06-21,16.500000,16.500000,16.250000,16.250000,16.250000,1900
2005-06-22,18.750000,18.750000,18.750000,18.750000,18.750000,40
2005-06-23,18.750000,18.750000,18.750000,18.750000,18.750000,0
2005-06-24,18.750000,18.750000,17.500000,17.500000,17.500000,340
2005-06-27,17.750000,17.750000,16.500000,16.500000,16.500000,1300
2005-06-28,17.500000,18.250000,16.299999,16.299999,16.299999,1760
2005-06-29,16.299999,16.299999,16.299999,16.299999,16.299999,0
2005-06-30,16.299999,16.299999,16.299999,16.299999,16.299999,0
2005-07-01,16.299999,16.299999,16.299999,16.299999,16.299999,0
2005-07-05,16.299999,16.299999,16.299999,16.299999,16.299999,0
2005-07-06,16.299999,16.299999,16.299999,16.299999,16.299999,0
2005-07-07,16.500000,16.500000,16.500000,16.500000,16.500000,180
2005-07-08,16.500000,16.500000,16.500000,16.500000,16.500000,100
2005-07-11,16.500000,16.500000,16.500000,16.500000,16.500000,140
2005-07-12,16.500000,16.500000,16.500000,16.500000,16.500000,140
2005-07-13,16.500000,16.500000,16.500000,16.500000,16.500000,0
2005-07-14,16.500000,16.500000,16.500000,16.500000,16.500000,0
2005-07-15,16.500000,16.500000,16.500000,16.500000,16.500000,0
2005-07-18,16.500000,16.500000,16.500000,16.500000,16.500000,0
2005-07-19,16.500000,16.500000,16.500000,16.500000,16.500000,0
2005-07-20,16.750000,16.750000,16.750000,16.750000,16.750000,100
2005-07-21,16.750000,16.750000,16.750000,16.750000,16.750000,40
2005-07-22,16.750000,16.750000,16.750000,16.750000,16.750000,0
2005-07-25,16.750000,16.750000,16.750000,16.750000,16.750000,160
2005-07-26,17.000000,17.000000,17.000000,17.000000,17.000000,900
2005-07-27,17.000000,17.000000,17.000000,17.000000,17.000000,0
2005-07-28,17.250000,17.500000,17.000000,17.500000,17.500000,560
2005-07-29,17.500000,17.500000,17.500000,17.500000,17.500000,0
2005-08-01,18.500000,24.500000,18.500000,22.250000,22.250000,10240
2005-08-02,22.500000,23.750000,22.500000,23.750000,23.750000,1700
2005-08-03,23.000000,23.750000,23.000000,23.750000,23.750000,580
2005-08-04,23.000000,24.500000,23.000000,24.500000,24.500000,7460
2005-08-05,24.500000,24.500000,24.500000,24.500000,24.500000,0
2005-08-08,24.500000,24.500000,24.500000,24.500000,24.500000,0
2005-08-09,24.000000,26.200001,24.000000,25.000000,25.000000,8720
2005-08-10,25.250000,26.500000,25.250000,26.000000,26.000000,2020
2005-08-11,26.000000,26.000000,25.000000,25.000000,25.000000,880
2005-08-12,25.000000,25.000000,25.000000,25.000000,25.000000,200
2005-08-15,25.750000,25.750000,25.000000,25.000000,25.000000,440
2005-08-16,25.000000,25.750000,25.000000,25.750000,25.750000,920
2005-08-17,25.750000,25.750000,25.750000,25.750000,25.750000,0
2005-08-18,25.000000,25.000000,25.000000,25.000000,25.000000,8700
2005-08-19,25.000000,25.000000,25.000000,25.000000,25.000000,0
2005-08-22,23.750000,23.750000,23.750000,23.750000,23.750000,80
2005-08-23,25.000000,25.000000,23.500000,23.500000,23.500000,2620
2005-08-24,23.250000,23.250000,23.250000,23.250000,23.250000,100
2005-08-25,23.250000,23.250000,23.250000,23.250000,23.250000,0
2005-08-26,24.750000,24.750000,24.750000,24.750000,24.750000,40
2005-08-29,24.750000,24.750000,24.750000,24.750000,24.750000,40
2005-08-30,24.500000,24.500000,23.750000,24.500000,24.500000,420
2005-08-31,23.750000,23.750000,22.500000,22.500000,22.500000,120
2005-09-01,22.500000,22.500000,22.500000,22.500000,22.500000,20
2005-09-02,22.000000,22.000000,22.000000,22.000000,22.000000,200
2005-09-06,22.500000,22.500000,22.000000,22.000000,22.000000,380
2005-09-07,23.250000,23.250000,23.250000,23.250000,23.250000,4020
2005-09-08,23.250000,23.250000,23.250000,23.250000,23.250000,6280
2005-09-09,24.750000,26.000000,24.750000,26.000000,26.000000,400
2005-09-12,26.000000,26.000000,26.000000,26.000000,26.000000,0
2005-09-13,25.000000,25.250000,25.000000,25.250000,25.250000,680
2005-09-14,25.250000,26.000000,25.250000,26.000000,26.000000,540
2005-09-15,25.250000,25.500000,25.250000,25.500000,25.500000,2700
2005-09-16,25.250000,25.500000,25.250000,25.500000,25.500000,600
2005-09-19,25.600000,25.600000,25.500000,25.500000,25.500000,2800
2005-09-20,25.750000,25.750000,25.500000,25.500000,25.500000,300
2005-09-21,25.500000,25.500000,25.500000,25.500000,25.500000,0
2005-09-22,25.500000,25.500000,25.500000,25.500000,25.500000,0
2005-09-23,25.500000,25.500000,25.500000,25.500000,25.500000,0
2005-09-26,25.500000,25.500000,25.500000,25.500000,25.500000,420
2005-09-27,25.500000,25.500000,25.500000,25.500000,25.500000,0
2005-09-28,26.000000,26.000000,25.500000,26.000000,26.000000,1180
2005-09-29,26.000000,26.000000,26.000000,26.000000,26.000000,500
2005-09-30,26.000000,26.000000,26.000000,26.000000,26.000000,60
2005-10-03,25.750000,26.000000,25.750000,26.000000,26.000000,380
2005-10-04,26.250000,26.750000,26.250000,26.750000,26.750000,720
2005-10-05,26.500000,30.000000,26.500000,30.000000,30.000000,1300
2005-10-06,26.750000,28.500000,26.750000,28.500000,28.500000,960
2005-10-07,28.500000,28.750000,28.500000,28.500000,28.500000,200
2005-10-10,28.500000,28.500000,28.500000,28.500000,28.500000,0
2005-10-11,26.750000,27.500000,26.750000,27.500000,27.500000,240
2005-10-12,27.500000,27.500000,27.500000,27.500000,27.500000,500
2005-10-13,27.500000,27.500000,27.500000,27.500000,27.500000,0
2005-10-14,27.500000,27.500000,27.500000,27.500000,27.500000,0
2005-10-17,26.750000,27.250000,26.750000,27.250000,27.250000,500
2005-10-18,26.500000,26.500000,26.250000,26.500000,26.500000,900
2005-10-19,26.250000,26.250000,26.250000,26.250000,26.250000,1200
2005-10-20,26.250000,26.250000,25.000000,25.250000,25.250000,1680
2005-10-21,25.000000,25.000000,25.000000,25.000000,25.000000,1140
2005-10-24,25.000000,25.000000,25.000000,25.000000,25.000000,0
2005-10-25,26.250000,26.250000,25.000000,25.250000,25.250000,200
2005-10-26,25.000000,25.000000,25.000000,25.000000,25.000000,720
2005-10-27,25.000000,25.000000,25.000000,25.000000,25.000000,0
2005-10-28,25.000000,25.000000,25.000000,25.000000,25.000000,0
2005-10-31,24.250000,24.250000,23.750000,24.000000,24.000000,1400
2005-11-01,23.750000,23.750000,23.750000,23.750000,23.750000,500
2005-11-02,23.750000,23.750000,23.000000,23.000000,23.000000,240
2005-11-03,23.000000,25.500000,21.000000,21.000000,21.000000,2220
2005-11-04,20.100000,20.500000,20.100000,20.500000,20.500000,4300
2005-11-07,20.500000,24.750000,20.500000,24.750000,24.750000,4260
2005-11-08,22.500000,22.500000,22.000000,22.000000,22.000000,400
2005-11-09,20.500000,21.000000,18.250000,21.000000,21.000000,2500
2005-11-10,20.000000,21.000000,20.000000,21.000000,21.000000,220
2005-11-11,20.000000,20.250000,20.000000,20.250000,20.250000,840
2005-11-14,20.250000,20.250000,20.250000,20.250000,20.250000,0
2005-11-15,20.250000,20.250000,20.250000,20.250000,20.250000,40
2005-11-16,20.250000,20.250000,20.250000,20.250000,20.250000,0
2005-11-17,21.000000,21.000000,21.000000,21.000000,21.000000,60
2005-11-18,21.000000,21.100000,21.000000,21.100000,21.100000,17200
2005-11-21,21.000000,21.100000,20.250000,20.250000,20.250000,12040
2005-11-22,20.250000,20.250000,20.250000,20.250000,20.250000,0
2005-11-23,21.000000,21.000000,21.000000,21.000000,21.000000,10580
2005-11-25,21.000000,21.000000,21.000000,21.000000,21.000000,0
2005-11-28,21.000000,21.000000,21.000000,21.000000,21.000000,0
2005-11-29,21.000000,21.000000,21.000000,21.000000,21.000000,0
2005-11-30,21.000000,21.000000,21.000000,21.000000,21.000000,500
2005-12-01,21.000000,21.000000,21.000000,21.000000,21.000000,80
2005-12-02,21.000000,21.000000,21.000000,21.000000,21.000000,0
2005-12-05,21.500000,21.500000,21.500000,21.500000,21.500000,20
2005-12-06,21.500000,22.500000,21.500000,21.500000,21.500000,440
2005-12-07,22.250000,22.250000,22.250000,22.250000,22.250000,100
2005-12-08,24.750000,24.750000,22.700001,22.700001,22.700001,140
2005-12-09,25.000000,25.000000,24.750000,25.000000,25.000000,340
2005-12-12,25.000000,25.000000,25.000000,25.000000,25.000000,0
2005-12-13,25.000000,25.000000,25.000000,25.000000,25.000000,0
2005-12-14,23.750000,23.750000,23.750000,23.750000,23.750000,20
2005-12-15,25.000000,25.000000,25.000000,25.000000,25.000000,100
2005-12-16,25.000000,25.000000,25.000000,25.000000,25.000000,60
2005-12-19,25.000000,25.000000,25.000000,25.000000,25.000000,160
2005-12-20,26.750000,27.500000,26.750000,27.500000,27.500000,400
2005-12-21,26.750000,26.850000,26.750000,26.850000,26.850000,300
2005-12-22,26.250000,26.250000,26.250000,26.250000,26.250000,20
2005-12-23,26.250000,26.250000,26.250000,26.250000,26.250000,20
2005-12-27,25.000000,25.000000,25.000000,25.000000,25.000000,140
2005-12-28,25.000000,25.000000,25.000000,25.000000,25.000000,0
2005-12-29,25.000000,25.000000,25.000000,25.000000,25.000000,0
2005-12-30,24.500000,24.500000,24.500000,24.500000,24.500000,20
2006-01-03,24.500000,24.500000,24.500000,24.500000,24.500000,0
2006-01-04,24.500000,24.500000,24.500000,24.500000,24.500000,140
2006-01-05,24.500000,24.500000,24.500000,24.500000,24.500000,0
2006-01-06,24.500000,24.500000,24.500000,24.500000,24.500000,0
2006-01-09,22.049999,24.750000,22.049999,24.650000,24.650000,140
2006-01-10,24.750000,24.750000,24.750000,24.750000,24.750000,40
2006-01-11,24.500000,24.500000,24.500000,24.500000,24.500000,2500
2006-01-12,24.500000,24.500000,24.500000,24.500000,24.500000,2360
2006-01-13,24.500000,24.500000,24.500000,24.500000,24.500000,0
2006-01-17,24.500000,24.500000,24.500000,24.500000,24.500000,20
2006-01-18,21.250000,21.250000,21.250000,21.250000,21.250000,20
2006-01-19,24.500000,24.500000,24.500000,24.500000,24.500000,20
2006-01-20,24.500000,24.500000,24.500000,24.500000,24.500000,0
2006-01-23,24.500000,24.500000,24.500000,24.500000,24.500000,0
2006-01-24,24.500000,24.500000,24.500000,24.500000,24.500000,0
2006-01-25,24.500000,24.500000,24.500000,24.500000,24.500000,0
2006-01-26,24.500000,24.500000,24.500000,24.500000,24.500000,0
2006-01-27,24.500000,24.500000,24.500000,24.500000,24.500000,0
2006-01-30,24.500000,24.500000,24.500000,24.500000,24.500000,0
2006-01-31,24.500000,24.500000,24.500000,24.500000,24.500000,0
2006-02-01,22.000000,22.500000,22.000000,22.500000,22.500000,240
2006-02-02,22.500000,22.500000,22.500000,22.500000,22.500000,0
2006-02-03,24.500000,24.500000,24.000000,24.000000,24.000000,1100
2006-02-06,24.000000,24.000000,24.000000,24.000000,24.000000,1640
2006-02-07,25.000000,25.500000,25.000000,25.500000,25.500000,1600
2006-02-08,25.500000,25.500000,25.500000,25.500000,25.500000,5160
2006-02-09,25.500000,25.500000,23.750000,23.750000,23.750000,2420
2006-02-10,22.500000,22.500000,22.500000,22.500000,22.500000,140
2006-02-13,22.500000,22.750000,22.500000,22.500000,22.500000,380
2006-02-14,22.500000,22.500000,22.500000,22.500000,22.500000,0
2006-02-15,22.500000,22.500000,22.500000,22.500000,22.500000,0
2006-02-16,32.500000,32.500000,32.500000,32.500000,32.500000,40
2006-02-17,32.450001,32.450001,32.450001,32.450001,32.450001,120
2006-02-21,26.250000,26.250000,25.500000,25.500000,25.500000,120
2006-02-22,27.000000,32.000000,27.000000,30.000000,30.000000,1080
2006-02-23,30.000000,30.000000,27.549999,28.799999,28.799999,460
2006-02-24,29.400000,29.400000,28.750000,28.750000,28.750000,360
2006-02-27,28.750000,28.750000,26.299999,26.500000,26.500000,240
2006-02-28,28.600000,29.250000,28.600000,28.799999,28.799999,420
2006-03-01,28.799999,28.799999,28.799999,28.799999,28.799999,240
2006-03-02,26.600000,26.600000,23.450001,24.750000,24.750000,2880
2006-03-03,24.750000,24.750000,24.750000,24.750000,24.750000,80
2006-03-06,24.750000,24.750000,24.750000,24.750000,24.750000,0
2006-03-07,24.750000,24.750000,24.750000,24.750000,24.750000,0
2006-03-08,24.750000,24.750000,24.750000,24.750000,24.750000,0
2006-03-09,24.150000,26.950001,24.150000,26.950001,26.950001,80
2006-03-10,26.950001,26.950001,26.950001,26.950001,26.950001,0
2006-03-13,26.950001,26.950001,26.750000,26.750000,26.750000,80
2006-03-14,24.250000,26.400000,24.250000,26.350000,26.350000,260
2006-03-15,26.250000,27.250000,26.250000,27.250000,27.250000,180
2006-03-16,28.250000,28.250000,27.900000,28.250000,28.250000,560
2006-03-17,28.750000,28.750000,26.500000,26.799999,26.799999,1640
2006-03-20,26.549999,50.000000,26.549999,32.299999,32.299999,9800
2006-03-21,29.299999,34.000000,28.900000,29.299999,29.299999,9720
2006-03-22,30.000000,30.000000,29.500000,30.000000,30.000000,3840
2006-03-23,30.000000,30.900000,29.250000,30.900000,30.900000,4920
2006-03-24,31.000000,31.000000,31.000000,31.000000,31.000000,400
2006-03-27,30.950001,32.000000,30.700001,30.750000,30.750000,8340
2006-03-28,30.250000,30.450001,30.000000,30.000000,30.000000,3080
2006-03-29,30.000000,30.000000,30.000000,30.000000,30.000000,0
2006-03-30,30.000000,30.299999,30.000000,30.299999,30.299999,840
2006-03-31,30.799999,30.799999,30.250000,30.250000,30.250000,160
2006-04-03,30.200001,30.200001,29.750000,30.000000,30.000000,140
2006-04-04,30.000000,30.000000,30.000000,30.000000,30.000000,0
2006-04-05,31.850000,31.850000,31.850000,31.850000,31.850000,20
2006-04-06,31.250000,31.250000,31.250000,31.250000,31.250000,20
2006-04-07,28.950001,28.950001,28.950001,28.950001,28.950001,20
2006-04-10,28.950001,28.950001,28.950001,28.950001,28.950001,0
2006-04-11,31.350000,31.350000,31.350000,31.350000,31.350000,40
2006-04-12,32.000000,32.500000,30.799999,32.500000,32.500000,440
2006-04-13,31.000000,31.000000,30.500000,30.500000,30.500000,180
2006-04-17,30.500000,30.500000,30.500000,30.500000,30.500000,0
2006-04-18,30.500000,30.500000,30.500000,30.500000,30.500000,0
2006-04-19,30.049999,30.049999,30.049999,30.049999,30.049999,80
2006-04-20,30.000000,30.000000,28.750000,28.750000,28.750000,340
2006-04-21,28.750000,28.750000,28.750000,28.750000,28.750000,80
2006-04-24,28.750000,28.750000,28.750000,28.750000,28.750000,0
2006-04-25,28.799999,28.799999,28.799999,28.799999,28.799999,20
2006-04-26,28.799999,28.799999,28.799999,28.799999,28.799999,0
2006-04-27,28.250000,28.250000,27.750000,27.750000,27.750000,120
2006-04-28,28.750000,28.750000,28.750000,28.750000,28.750000,40
2006-05-01,28.750000,28.750000,28.750000,28.750000,28.750000,0
2006-05-02,28.750000,28.750000,28.750000,28.750000,28.750000,0
2006-05-03,28.750000,28.750000,28.750000,28.750000,28.750000,0
2006-05-04,28.750000,28.750000,15.000000,21.600000,21.600000,1980
2006-05-05,22.500000,23.750000,21.500000,21.750000,21.750000,1060
2006-05-08,21.750000,22.299999,21.750000,21.750000,21.750000,180
2006-05-09,21.000000,21.250000,17.500000,20.250000,20.250000,2140
2006-05-10,19.750000,20.049999,19.750000,20.000000,20.000000,4640
2006-05-11,19.049999,19.049999,18.700001,18.750000,18.750000,140
2006-05-12,18.250000,18.750000,18.250000,18.750000,18.750000,460
2006-05-15,18.150000,19.000000,18.150000,18.500000,18.500000,560
2006-05-16,18.750000,18.750000,18.500000,18.600000,18.600000,1700
2006-05-17,18.600000,19.000000,18.600000,19.000000,19.000000,260
2006-05-18,18.500000,18.500000,18.500000,18.500000,18.500000,420
2006-05-19,18.000000,18.000000,17.500000,17.500000,17.500000,2220
2006-05-22,19.900000,19.900000,15.250000,15.250000,15.250000,3740
2006-05-23,16.700001,16.700001,15.250000,15.250000,15.250000,980
2006-05-24,15.950000,15.950000,15.950000,15.950000,15.950000,200
2006-05-25,15.550000,16.000000,15.250000,15.750000,15.750000,1140
2006-05-26,15.750000,15.750000,15.750000,15.750000,15.750000,0
2006-05-30,15.750000,15.750000,15.750000,15.750000,15.750000,0
2006-05-31,17.000000,17.000000,16.000000,16.000000,16.000000,3980
2006-06-01,16.549999,17.350000,16.549999,17.350000,17.350000,60
2006-06-02,16.250000,16.250000,16.250000,16.250000,16.250000,40
2006-06-05,16.250000,16.250000,16.250000,16.250000,16.250000,0
2006-06-06,16.250000,16.250000,16.250000,16.250000,16.250000,200
2006-06-07,16.250000,16.250000,16.250000,16.250000,16.250000,0
2006-06-08,16.250000,16.250000,16.250000,16.250000,16.250000,0
2006-06-09,17.000000,17.000000,16.600000,16.600000,16.600000,300
2006-06-12,16.000000,16.000000,16.000000,16.000000,16.000000,200
2006-06-13,16.500000,16.500000,11.550000,13.300000,13.300000,3280
2006-06-14,14.650000,16.900000,13.350000,16.650000,16.650000,600
2006-06-15,16.700001,16.700001,15.300000,15.300000,15.300000,200
2006-06-16,15.300000,15.300000,15.300000,15.300000,15.300000,0
2006-06-19,17.950001,20.500000,16.000000,16.000000,16.000000,420
2006-06-20,16.000000,16.000000,16.000000,16.000000,16.000000,0
2006-06-21,16.000000,16.000000,16.000000,16.000000,16.000000,0
2006-06-22,18.750000,18.750000,16.250000,16.250000,16.250000,540
2006-06-23,17.650000,17.650000,17.650000,17.650000,17.650000,20
2006-06-26,17.650000,17.650000,17.650000,17.650000,17.650000,0
2006-06-27,13.300000,16.650000,13.300000,15.800000,15.800000,60
2006-06-28,15.800000,15.800000,15.800000,15.800000,15.800000,0
2006-06-29,13.800000,17.500000,13.800000,17.299999,17.299999,860
2006-06-30,18.000000,18.000000,18.000000,18.000000,18.000000,20
2006-07-03,18.000000,18.000000,18.000000,18.000000,18.000000,0
2006-07-05,18.000000,18.000000,18.000000,18.000000,18.000000,40
2006-07-06,18.000000,18.000000,18.000000,18.000000,18.000000,0
2006-07-07,18.000000,18.000000,18.000000,18.000000,18.000000,0
2006-07-10,16.549999,17.500000,16.549999,17.500000,17.500000,40
2006-07-11,17.500000,17.500000,17.500000,17.500000,17.500000,0
2006-07-12,17.500000,17.500000,17.500000,17.500000,17.500000,20
2006-07-13,17.500000,17.500000,17.500000,17.500000,17.500000,0
2006-07-14,17.500000,17.500000,17.500000,17.500000,17.500000,760
2006-07-17,17.500000,17.500000,17.500000,17.500000,17.500000,0
2006-07-18,17.500000,17.500000,17.500000,17.500000,17.500000,0
2006-07-19,17.049999,17.049999,17.049999,17.049999,17.049999,80
2006-07-20,17.049999,17.049999,17.049999,17.049999,17.049999,0
2006-07-21,17.049999,17.049999,17.049999,17.049999,17.049999,0
2006-07-24,17.500000,17.500000,17.500000,17.500000,17.500000,40
2006-07-25,13.950000,13.950000,13.950000,13.950000,13.950000,20
2006-07-26,13.750000,15.000000,13.750000,15.000000,15.000000,100
2006-07-27,14.650000,15.000000,14.400000,15.000000,15.000000,100
2006-07-28,14.000000,14.000000,13.300000,13.350000,13.350000,1920
2006-07-31,13.300000,13.750000,13.300000,13.750000,13.750000,220
2006-08-01,13.750000,13.750000,13.750000,13.750000,13.750000,0
2006-08-02,13.350000,13.350000,13.000000,13.000000,13.000000,200
2006-08-03,13.000000,13.000000,13.000000,13.000000,13.000000,0
2006-08-04,14.500000,14.500000,14.000000,14.000000,14.000000,200
2006-08-07,14.000000,14.300000,12.500000,14.150000,14.150000,41400
2006-08-08,13.250000,13.250000,12.500000,12.500000,12.500000,800
2006-08-09,12.500000,12.500000,12.500000,12.500000,12.500000,300
2006-08-10,12.500000,12.500000,12.500000,12.500000,12.500000,820
2006-08-11,12.500000,12.500000,12.500000,12.500000,12.500000,0
2006-08-14,12.500000,12.500000,11.000000,12.450000,12.450000,180
2006-08-15,11.300000,11.300000,11.000000,11.000000,11.000000,180
2006-08-16,12.500000,12.500000,12.450000,12.450000,12.450000,320
2006-08-17,11.000000,11.750000,10.500000,11.750000,11.750000,400
2006-08-18,10.600000,11.300000,10.600000,11.300000,11.300000,240
2006-08-21,10.900000,11.500000,10.900000,10.950000,10.950000,800
2006-08-22,10.750000,10.750000,10.750000,10.750000,10.750000,440
2006-08-23,10.750000,10.750000,10.000000,10.000000,10.000000,1620
2006-08-24,10.000000,10.000000,10.000000,10.000000,10.000000,200
2006-08-25,9.850000,10.550000,9.600000,9.600000,9.600000,460
2006-08-28,10.000000,10.650000,9.850000,9.850000,9.850000,1780
2006-08-29,10.750000,10.750000,9.600000,9.750000,9.750000,540
2006-08-30,10.550000,10.550000,9.500000,9.500000,9.500000,680
2006-08-31,9.950000,10.000000,9.950000,10.000000,10.000000,640
2006-09-01,8.750000,9.750000,8.750000,9.250000,9.250000,1020
2006-09-05,12.500000,20.000000,11.300000,14.000000,14.000000,16300
2006-09-06,14.750000,21.350000,14.050000,14.500000,14.500000,38020
2006-09-07,15.500000,17.500000,13.800000,15.000000,15.000000,20600
2006-09-08,15.500000,15.500000,14.000000,14.000000,14.000000,2060
2006-09-11,13.950000,14.600000,12.550000,12.800000,12.800000,2440
2006-09-12,13.300000,13.750000,12.750000,13.450000,13.450000,2560
2006-09-13,13.400000,13.400000,12.500000,13.150000,13.150000,2380
2006-09-14,13.400000,13.400000,12.250000,12.500000,12.500000,3640
2006-09-15,12.250000,12.450000,11.750000,12.200000,12.200000,2280
2006-09-18,13.000000,13.250000,12.150000,12.750000,12.750000,4000
2006-09-19,13.000000,13.000000,12.000000,12.000000,12.000000,840
2006-09-20,13.000000,13.000000,11.550000,12.000000,12.000000,1440
2006-09-21,11.550000,12.500000,11.200000,11.350000,11.350000,2580
2006-09-22,12.250000,12.250000,11.900000,11.900000,11.900000,60
2006-09-25,12.000000,12.000000,10.650000,12.000000,12.000000,920
2006-09-26,12.000000,12.250000,12.000000,12.250000,12.250000,1180
2006-09-27,12.000000,12.000000,11.000000,11.550000,11.550000,320
2006-09-28,11.000000,11.700000,11.000000,11.100000,11.100000,1720
2006-09-29,11.000000,11.250000,10.500000,10.500000,10.500000,2620
2006-10-02,10.200000,10.550000,10.000000,10.550000,10.550000,1180
2006-10-03,10.800000,11.100000,10.800000,11.000000,11.000000,1840
2006-10-04,11.250000,11.250000,11.000000,11.000000,11.000000,1740
2006-10-05,10.500000,10.500000,9.750000,9.800000,9.800000,2580
2006-10-06,9.800000,10.250000,9.500000,10.150000,10.150000,2400
2006-10-09,10.250000,10.500000,10.250000,10.350000,10.350000,440
2006-10-10,11.400000,11.400000,10.350000,10.750000,10.750000,280
2006-10-11,11.350000,11.350000,10.500000,10.500000,10.500000,900
2006-10-12,11.400000,11.400000,10.050000,10.300000,10.300000,1680
2006-10-13,10.750000,10.750000,10.050000,10.050000,10.050000,200
2006-10-16,9.800000,10.550000,9.800000,10.550000,10.550000,2660
2006-10-17,12.500000,12.500000,9.800000,10.250000,10.250000,5440
2006-10-18,9.850000,10.400000,9.800000,10.400000,10.400000,1540
2006-10-19,10.350000,10.350000,10.350000,10.350000,10.350000,720
2006-10-20,10.350000,10.500000,9.850000,10.400000,10.400000,660
2006-10-23,10.300000,10.300000,9.850000,10.000000,10.000000,1580
2006-10-24,10.000000,10.050000,10.000000,10.000000,10.000000,920
2006-10-25,9.850000,10.200000,9.850000,10.000000,10.000000,1120
2006-10-26,10.100000,10.500000,10.100000,10.250000,10.250000,2140
2006-10-27,9.850000,9.850000,9.850000,9.850000,9.850000,1160
2006-10-30,9.900000,10.000000,9.850000,10.000000,10.000000,1580
2006-10-31,9.800000,9.800000,9.800000,9.800000,9.800000,300
2006-11-01,9.800000,9.900000,9.500000,9.800000,9.800000,1140
2006-11-02,9.800000,10.250000,9.750000,10.100000,10.100000,2840
2006-11-03,11.000000,11.000000,10.000000,10.000000,10.000000,600
2006-11-06,10.100000,10.100000,9.750000,9.750000,9.750000,1780
2006-11-07,10.250000,10.550000,10.150000,10.150000,10.150000,2280
2006-11-08,9.800000,10.250000,9.600000,10.250000,10.250000,2100
2006-11-09,9.750000,9.750000,9.250000,9.250000,9.250000,2140
2006-11-10,9.500000,10.000000,9.400000,10.000000,10.000000,2000
2006-11-13,10.000000,10.000000,10.000000,10.000000,10.000000,0
2006-11-14,9.650000,9.950000,9.650000,9.950000,9.950000,820
2006-11-15,9.600000,10.000000,9.600000,10.000000,10.000000,440
2006-11-16,10.000000,10.000000,10.000000,10.000000,10.000000,0
2006-11-17,10.000000,10.000000,9.750000,9.750000,9.750000,400
2006-11-20,9.400000,9.400000,9.400000,9.400000,9.400000,60
2006-11-21,9.250000,9.650000,9.250000,9.650000,9.650000,540
2006-11-22,10.000000,10.000000,10.000000,10.000000,10.000000,220
2006-11-24,9.850000,9.850000,9.850000,9.850000,9.850000,100
2006-11-27,10.500000,10.500000,10.000000,10.000000,10.000000,380
2006-11-28,9.900000,10.500000,9.600000,9.600000,9.600000,6000
2006-11-29,9.900000,10.000000,9.750000,9.800000,9.800000,3540
2006-11-30,9.950000,9.950000,9.750000,9.900000,9.900000,1080
2006-12-01,9.700000,9.700000,9.700000,9.700000,9.700000,180
2006-12-04,9.600000,9.750000,9.000000,9.600000,9.600000,2520
2006-12-05,9.700000,9.750000,8.900000,9.750000,9.750000,720
2006-12-06,9.850000,10.250000,9.600000,10.250000,10.250000,3000
2006-12-07,10.300000,10.600000,10.300000,10.500000,10.500000,1180
2006-12-08,10.500000,10.600000,10.500000,10.550000,10.550000,420
2006-12-11,10.500000,10.500000,10.450000,10.450000,10.450000,100
2006-12-12,10.200000,11.200000,10.200000,10.500000,10.500000,860
2006-12-13,12.750000,12.750000,10.500000,10.900000,10.900000,400
2006-12-14,10.200000,10.200000,10.200000,10.200000,10.200000,420
2006-12-15,11.000000,11.000000,11.000000,11.000000,11.000000,40
2006-12-18,10.700000,10.700000,10.150000,10.600000,10.600000,300
2006-12-19,10.200000,10.250000,10.000000,10.050000,10.050000,860
2006-12-20,10.500000,10.500000,10.500000,10.500000,10.500000,220
2006-12-21,10.250000,10.500000,10.250000,10.500000,10.500000,640
2006-12-22,10.500000,10.500000,10.500000,10.500000,10.500000,0
2006-12-26,11.000000,11.000000,10.500000,10.550000,10.550000,360
2006-12-27,10.350000,10.350000,10.350000,10.350000,10.350000,240
2006-12-28,10.500000,10.550000,10.500000,10.500000,10.500000,200
2006-12-29,10.550000,10.750000,10.550000,10.750000,10.750000,680
2007-01-03,10.000000,11.000000,10.000000,11.000000,11.000000,2140
2007-01-04,10.950000,10.950000,10.950000,10.950000,10.950000,120
2007-01-05,11.000000,11.000000,10.750000,10.750000,10.750000,1140
2007-01-08,10.750000,11.750000,10.750000,11.700000,11.700000,760
2007-01-09,10.800000,11.500000,10.800000,10.950000,10.950000,280
2007-01-10,11.000000,11.450000,10.950000,11.300000,11.300000,2620
2007-01-11,11.300000,11.450000,11.200000,11.450000,11.450000,600
2007-01-12,11.150000,11.350000,11.000000,11.000000,11.000000,260
2007-01-16,11.100000,12.200000,11.100000,11.300000,11.300000,2740
2007-01-17,11.500000,11.500000,11.350000,11.350000,11.350000,340
2007-01-18,11.450000,12.300000,11.450000,12.300000,12.300000,2680
2007-01-19,12.350000,14.100000,12.350000,13.000000,13.000000,2940
2007-01-22,12.700000,13.400000,12.500000,13.250000,13.250000,860
2007-01-23,13.250000,14.000000,13.250000,13.800000,13.800000,1160
2007-01-24,13.950000,13.950000,13.750000,13.750000,13.750000,100
2007-01-25,13.400000,13.950000,12.650000,13.100000,13.100000,880
2007-01-26,13.100000,13.450000,12.050000,12.100000,12.100000,3060
2007-01-29,11.750000,13.050000,11.750000,11.900000,11.900000,1780
2007-01-30,11.750000,12.000000,11.750000,12.000000,12.000000,680
2007-01-31,11.750000,12.500000,11.750000,12.500000,12.500000,820
2007-02-01,11.750000,11.750000,11.750000,11.750000,11.750000,40
2007-02-02,11.950000,12.550000,11.950000,12.550000,12.550000,200
2007-02-05,13.000000,13.000000,11.750000,11.750000,11.750000,660
2007-02-06,11.900000,12.300000,11.750000,11.750000,11.750000,220
2007-02-07,11.600000,11.600000,11.250000,11.250000,11.250000,220
2007-02-08,11.400000,12.200000,11.250000,11.250000,11.250000,760
2007-02-09,11.300000,11.300000,11.000000,11.300000,11.300000,80
2007-02-12,11.450000,11.450000,11.450000,11.450000,11.450000,200
2007-02-13,11.150000,11.400000,10.950000,10.950000,10.950000,260
2007-02-14,11.100000,11.100000,10.700000,10.900000,10.900000,200
2007-02-15,10.800000,10.950000,10.800000,10.950000,10.950000,1180
2007-02-16,10.500000,11.000000,10.500000,11.000000,11.000000,520
2007-02-20,11.000000,11.050000,10.550000,10.900000,10.900000,2500
2007-02-21,11.000000,11.000000,11.000000,11.000000,11.000000,1980
2007-02-22,10.900000,11.000000,10.900000,11.000000,11.000000,300
2007-02-23,10.600000,11.000000,10.500000,11.000000,11.000000,560
2007-02-26,10.250000,11.000000,10.050000,11.000000,11.000000,1160
2007-02-27,10.350000,11.000000,10.100000,10.500000,10.500000,1280
2007-02-28,11.000000,11.000000,11.000000,11.000000,11.000000,1480
2007-03-01,11.150000,11.150000,10.950000,11.000000,11.000000,380
2007-03-02,10.750000,11.000000,10.750000,11.000000,11.000000,80
2007-03-05,10.750000,11.050000,10.750000,11.000000,11.000000,680
2007-03-06,11.950000,11.950000,11.000000,11.000000,11.000000,1460
2007-03-07,11.000000,11.000000,11.000000,11.000000,11.000000,0
2007-03-08,11.000000,11.000000,11.000000,11.000000,11.000000,200
2007-03-09,11.000000,11.200000,11.000000,11.200000,11.200000,980
2007-03-12,10.950000,11.800000,10.950000,11.150000,11.150000,1000
2007-03-13,11.100000,11.100000,11.100000,11.100000,11.100000,300
2007-03-14,11.200000,11.350000,11.000000,11.000000,11.000000,140
2007-03-15,12.000000,12.100000,11.000000,11.000000,11.000000,620
2007-03-16,11.000000,11.000000,11.000000,11.000000,11.000000,140
2007-03-19,10.950000,11.250000,10.950000,11.250000,11.250000,680
2007-03-20,11.250000,11.400000,11.250000,11.400000,11.400000,240
2007-03-21,11.250000,11.250000,11.250000,11.250000,11.250000,2340
2007-03-22,11.300000,11.950000,11.250000,11.950000,11.950000,620
2007-03-23,11.950000,12.000000,11.950000,11.950000,11.950000,780
2007-03-26,11.950000,11.950000,11.950000,11.950000,11.950000,520
2007-03-27,11.600000,11.600000,11.250000,11.250000,11.250000,100
2007-03-28,11.250000,11.250000,11.000000,11.000000,11.000000,1180
2007-03-29,11.000000,11.000000,11.000000,11.000000,11.000000,560
2007-03-30,11.000000,11.000000,11.000000,11.000000,11.000000,200
2007-04-02,11.250000,11.250000,11.000000,11.000000,11.000000,2060
2007-04-03,11.000000,11.500000,11.000000,11.500000,11.500000,320
2007-04-04,11.500000,11.500000,11.500000,11.500000,11.500000,0
2007-04-05,11.500000,11.500000,11.500000,11.500000,11.500000,0
2007-04-09,11.000000,11.050000,11.000000,11.000000,11.000000,80
2007-04-10,11.000000,11.000000,10.100000,11.000000,11.000000,1240
2007-04-11,11.000000,11.050000,11.000000,11.050000,11.050000,140
2007-04-12,11.500000,12.000000,11.050000,11.150000,11.150000,1020
2007-04-13,11.000000,11.200000,11.000000,11.200000,11.200000,60
2007-04-16,11.000000,11.000000,11.000000,11.000000,11.000000,60
2007-04-17,11.000000,11.000000,11.000000,11.000000,11.000000,0
2007-04-18,11.000000,11.000000,11.000000,11.000000,11.000000,40
2007-04-19,11.000000,11.000000,11.000000,11.000000,11.000000,0
2007-04-20,11.500000,12.050000,11.500000,12.000000,12.000000,640
2007-04-23,12.250000,12.250000,11.500000,11.650000,11.650000,440
2007-04-24,11.600000,11.600000,11.600000,11.600000,11.600000,20
2007-04-25,11.500000,12.000000,11.500000,11.500000,11.500000,260
2007-04-26,11.500000,11.750000,11.500000,11.600000,11.600000,100
2007-04-27,11.600000,11.600000,11.600000,11.600000,11.600000,60
2007-04-30,12.750000,30.000000,12.750000,27.750000,27.750000,59200
2007-05-01,23.549999,24.900000,19.750000,20.500000,20.500000,40060
2007-05-02,20.500000,20.500000,18.900000,19.299999,19.299999,12280
2007-05-03,19.299999,19.500000,18.150000,18.650000,18.650000,7680
2007-05-04,17.400000,18.200001,16.950001,17.750000,17.750000,9700
2007-05-07,17.000000,17.799999,16.700001,17.000000,17.000000,2400
2007-05-08,17.000000,20.500000,16.549999,20.000000,20.000000,3300
2007-05-09,19.400000,20.500000,18.250000,20.000000,20.000000,10460
2007-05-10,19.500000,19.500000,19.049999,19.049999,19.049999,1740
2007-05-11,19.049999,19.049999,17.500000,18.350000,18.350000,1160
2007-05-14,18.850000,18.850000,18.100000,18.100000,18.100000,840
2007-05-15,17.950001,17.950001,17.950001,17.950001,17.950001,40
2007-05-16,17.500000,18.250000,17.500000,18.250000,18.250000,240
2007-05-17,17.500000,18.250000,17.500000,18.250000,18.250000,2500
2007-05-18,18.299999,18.299999,17.000000,17.400000,17.400000,620
2007-05-21,18.100000,18.100000,16.299999,16.299999,16.299999,300
2007-05-22,17.049999,18.350000,17.049999,17.750000,17.750000,1180
2007-05-23,20.000000,21.299999,16.350000,20.250000,20.250000,7820
2007-05-24,19.950001,21.000000,18.250000,19.500000,19.500000,300
2007-05-25,19.400000,19.450001,17.750000,18.250000,18.250000,260
2007-05-29,18.750000,20.950001,18.350000,19.500000,19.500000,2100
2007-05-30,18.850000,21.100000,18.299999,19.000000,19.000000,1360
2007-05-31,18.850000,19.500000,18.850000,19.500000,19.500000,5020
2007-06-01,19.000000,19.000000,18.500000,18.500000,18.500000,440
2007-06-04,19.000000,21.049999,19.000000,20.000000,20.000000,880
2007-06-05,19.500000,20.000000,19.500000,20.000000,20.000000,1220
2007-06-06,19.650000,21.049999,19.500000,19.900000,19.900000,1240
2007-06-07,16.750000,20.700001,16.750000,20.000000,20.000000,1180
2007-06-08,19.700001,20.000000,19.600000,20.000000,20.000000,1340
2007-06-11,19.799999,20.700001,19.799999,20.250000,20.250000,1360
2007-06-12,20.200001,21.900000,20.150000,21.900000,21.900000,3160
2007-06-13,21.900000,21.900000,21.900000,21.900000,21.900000,20
2007-06-14,21.900000,22.900000,20.400000,20.400000,20.400000,1260
2007-06-15,23.150000,27.500000,20.400000,24.950001,24.950001,9300
2007-06-18,25.000000,25.000000,22.400000,23.500000,23.500000,1520
2007-06-19,23.549999,23.850000,23.549999,23.549999,23.549999,600
2007-06-20,23.549999,23.549999,21.000000,21.549999,21.549999,3720
2007-06-21,21.500000,23.549999,21.500000,23.549999,23.549999,620
2007-06-22,23.500000,23.500000,23.049999,23.500000,23.500000,1300
2007-06-25,22.900000,22.950001,21.750000,21.750000,21.750000,840
2007-06-26,21.500000,21.600000,21.000000,21.250000,21.250000,600
2007-06-27,22.250000,22.250000,21.100000,21.100000,21.100000,280
2007-06-28,21.100000,21.100000,21.100000,21.100000,21.100000,0
2007-06-29,21.000000,21.000000,21.000000,21.000000,21.000000,160
2007-07-02,21.000000,21.200001,21.000000,21.200001,21.200001,1460
2007-07-03,21.049999,21.049999,20.900000,20.900000,20.900000,40
2007-07-05,20.900000,20.900000,20.900000,20.900000,20.900000,0
2007-07-06,21.000000,21.000000,21.000000,21.000000,21.000000,200
2007-07-09,20.850000,22.900000,20.750000,20.750000,20.750000,2720
2007-07-10,21.150000,21.600000,21.000000,21.000000,21.000000,500
2007-07-11,21.700001,21.700001,21.700001,21.700001,21.700001,120
2007-07-12,21.700001,21.700001,21.700001,21.700001,21.700001,0
2007-07-13,21.100000,22.500000,21.100000,22.250000,22.250000,400
2007-07-16,20.549999,21.549999,20.549999,21.549999,21.549999,80
2007-07-17,20.299999,20.299999,20.299999,20.299999,20.299999,60
2007-07-18,20.299999,22.150000,19.700001,22.100000,22.100000,2960
2007-07-19,21.549999,21.549999,21.549999,21.549999,21.549999,40
2007-07-20,21.400000,22.900000,21.250000,21.250000,21.250000,340
2007-07-23,21.250000,21.250000,21.150000,21.150000,21.150000,220
2007-07-24,19.450001,21.250000,19.450001,20.299999,20.299999,460
2007-07-25,19.750000,22.000000,19.750000,22.000000,22.000000,360
2007-07-26,20.400000,22.299999,19.750000,22.299999,22.299999,860
2007-07-27,23.000000,23.299999,19.549999,20.250000,20.250000,660
2007-07-30,20.200001,20.500000,20.200001,20.500000,20.500000,380
2007-07-31,20.500000,20.500000,20.500000,20.500000,20.500000,0
2007-08-01,20.750000,31.250000,20.000000,28.100000,28.100000,34180
2007-08-02,27.799999,32.500000,27.799999,30.500000,30.500000,14500
2007-08-03,30.799999,32.000000,29.150000,30.450001,30.450001,3180
2007-08-06,31.049999,31.250000,29.150000,31.250000,31.250000,9320
2007-08-07,31.150000,31.250000,30.950001,31.250000,31.250000,1340
2007-08-08,31.150000,31.150000,28.900000,28.900000,28.900000,4460
2007-08-09,28.850000,30.500000,28.450001,30.400000,30.400000,4640
2007-08-10,30.450001,32.500000,29.900000,31.299999,31.299999,5680
2007-08-13,31.549999,32.049999,31.000000,32.049999,32.049999,9660
2007-08-14,32.299999,37.000000,31.250000,34.700001,34.700001,24220
2007-08-15,35.000000,35.450001,31.250000,32.849998,32.849998,9300
2007-08-16,36.200001,36.200001,31.400000,33.200001,33.200001,3620
2007-08-17,36.000000,36.000000,32.750000,34.049999,34.049999,11920
2007-08-20,34.049999,34.500000,31.650000,32.799999,32.799999,5740
2007-08-21,33.000000,34.450001,31.500000,32.950001,32.950001,1420
2007-08-22,33.650002,34.049999,33.000000,33.750000,33.750000,1120
2007-08-23,34.500000,40.000000,33.750000,40.000000,40.000000,20200
2007-08-24,41.000000,41.150002,37.650002,40.000000,40.000000,9880
2007-08-27,41.200001,42.500000,40.049999,42.099998,42.099998,14500
2007-08-28,42.700001,43.750000,40.049999,42.500000,42.500000,18500
2007-08-29,42.500000,42.900002,39.849998,40.950001,40.950001,8400
2007-08-30,40.400002,40.450001,35.950001,38.000000,38.000000,5600
2007-08-31,37.750000,39.849998,37.049999,39.849998,39.849998,5020
2007-09-04,39.849998,41.549999,39.849998,40.950001,40.950001,11800
2007-09-05,40.799999,41.500000,39.299999,41.400002,41.400002,12280
2007-09-06,41.049999,42.000000,40.849998,41.750000,41.750000,9700
2007-09-07,41.750000,41.750000,38.150002,40.750000,40.750000,7040
2007-09-10,40.799999,41.750000,39.500000,41.750000,41.750000,3160
2007-09-11,41.750000,41.750000,40.750000,41.250000,41.250000,6420
2007-09-12,41.500000,41.750000,40.750000,41.750000,41.750000,4460
2007-09-13,41.549999,41.750000,40.799999,40.900002,40.900002,2140
2007-09-14,40.750000,40.750000,39.750000,39.750000,39.750000,2620
2007-09-17,39.750000,41.250000,38.299999,38.349998,38.349998,3420
2007-09-18,38.299999,41.400002,37.849998,41.400002,41.400002,7760
2007-09-19,42.500000,47.250000,41.400002,45.349998,45.349998,29900
2007-09-20,45.849998,48.349998,45.599998,45.599998,45.599998,11740
2007-09-21,45.599998,46.900002,43.799999,45.549999,45.549999,5840
2007-09-24,46.299999,48.900002,45.900002,47.000000,47.000000,9380
2007-09-25,47.500000,47.500000,43.349998,44.500000,44.500000,4600
2007-09-26,45.900002,47.500000,43.299999,46.400002,46.400002,6080
2007-09-27,47.000000,47.000000,45.099998,46.700001,46.700001,2580
2007-09-28,46.799999,46.799999,42.650002,42.650002,42.650002,7020
2007-10-01,43.849998,44.099998,39.549999,41.799999,41.799999,13180
2007-10-02,43.000000,44.849998,42.650002,44.849998,44.849998,6340
2007-10-03,44.250000,46.849998,38.500000,39.799999,39.799999,12240
2007-10-04,41.750000,41.750000,39.799999,39.900002,39.900002,10080
2007-10-05,40.400002,41.700001,37.750000,38.250000,38.250000,2660
2007-10-08,38.250000,38.250000,36.700001,37.500000,37.500000,10240
2007-10-09,36.500000,39.900002,36.500000,39.650002,39.650002,5980
2007-10-10,39.650002,41.750000,36.650002,39.450001,39.450001,4860
2007-10-11,43.200001,43.200001,39.500000,39.900002,39.900002,2500
2007-10-12,40.650002,40.650002,37.599998,38.099998,38.099998,4760
2007-10-15,37.849998,40.000000,37.450001,38.250000,38.250000,6880
2007-10-16,39.400002,40.200001,37.849998,39.150002,39.150002,5320
2007-10-17,40.549999,42.200001,40.000000,41.500000,41.500000,2220
2007-10-18,42.200001,43.099998,41.650002,42.900002,42.900002,4980
2007-10-19,42.500000,42.500000,39.349998,40.700001,40.700001,2220
2007-10-22,40.700001,40.700001,37.500000,39.049999,39.049999,4040
2007-10-23,37.549999,39.299999,37.549999,38.950001,38.950001,2100
2007-10-24,42.500000,56.200001,41.500000,51.299999,51.299999,117300
2007-10-25,53.750000,54.250000,48.150002,50.000000,50.000000,49920
2007-10-26,50.000000,53.400002,48.500000,50.000000,50.000000,21040
2007-10-29,51.500000,54.650002,49.650002,50.150002,50.150002,30920
2007-10-30,50.900002,53.250000,49.900002,53.250000,53.250000,11160
2007-10-31,53.599998,56.150002,52.500000,55.000000,55.000000,38260
2007-11-01,53.849998,53.849998,50.400002,51.950001,51.950001,12000
2007-11-02,52.500000,53.900002,50.500000,53.299999,53.299999,10880
2007-11-05,54.250000,54.250000,50.000000,52.200001,52.200001,11820
2007-11-06,53.000000,53.000000,50.099998,51.650002,51.650002,32180
2007-11-07,51.250000,53.750000,48.250000,50.849998,50.849998,13760
2007-11-08,50.500000,50.500000,37.549999,40.549999,40.549999,37880
2007-11-09,40.549999,40.549999,36.849998,36.849998,36.849998,7460
2007-11-12,35.900002,36.200001,30.750000,31.450001,31.450001,31640
2007-11-13,32.349998,36.250000,32.200001,35.250000,35.250000,18620
2007-11-14,36.200001,39.049999,35.799999,36.299999,36.299999,14400
2007-11-15,36.049999,36.500000,33.950001,34.750000,34.750000,12480
2007-11-16,34.500000,36.099998,34.200001,35.500000,35.500000,9980
2007-11-19,35.900002,37.349998,35.049999,35.450001,35.450001,4480
2007-11-20,35.700001,37.349998,34.349998,35.599998,35.599998,4780
2007-11-21,35.150002,35.900002,34.750000,35.000000,35.000000,2680
2007-11-23,34.000000,36.500000,32.549999,33.500000,33.500000,7360
2007-11-26,35.099998,36.200001,32.750000,35.000000,35.000000,8960
2007-11-27,33.549999,38.000000,33.000000,37.700001,37.700001,6920
2007-11-28,37.599998,38.650002,36.299999,38.000000,38.000000,6780
2007-11-29,38.599998,43.250000,36.950001,42.900002,42.900002,10800
2007-11-30,42.650002,42.650002,37.500000,37.500000,37.500000,9120
2007-12-03,39.150002,41.650002,37.500000,40.250000,40.250000,16260
2007-12-04,40.299999,42.000000,40.299999,41.900002,41.900002,1860
2007-12-05,42.000000,42.299999,40.500000,40.599998,40.599998,3400
2007-12-06,41.450001,43.750000,40.849998,43.500000,43.500000,5140
2007-12-07,43.500000,43.500000,41.349998,43.000000,43.000000,2900
2007-12-10,44.250000,44.250000,40.549999,40.549999,40.549999,4320
2007-12-11,40.500000,41.549999,38.900002,40.700001,40.700001,11640
2007-12-12,40.250000,40.500000,40.250000,40.500000,40.500000,520
2007-12-13,40.700001,42.500000,40.000000,40.750000,40.750000,7680
2007-12-14,39.650002,42.450001,38.349998,42.400002,42.400002,4520
2007-12-17,42.000000,42.000000,39.599998,40.500000,40.500000,7740
2007-12-18,40.750000,43.000000,40.549999,42.950001,42.950001,4200
2007-12-19,41.750000,42.650002,40.750000,41.500000,41.500000,1660
2007-12-20,41.500000,41.650002,40.700001,41.650002,41.650002,1040
2007-12-21,41.000000,45.250000,41.000000,41.250000,41.250000,3560
2007-12-24,42.349998,43.000000,41.450001,42.299999,42.299999,1880
2007-12-26,42.750000,45.450001,41.049999,44.950001,44.950001,3480
2007-12-27,43.400002,43.599998,41.750000,43.099998,43.099998,7680
2007-12-28,43.000000,44.250000,42.500000,42.700001,42.700001,2560
2007-12-31,42.500000,45.000000,42.500000,44.750000,44.750000,2060
2008-01-02,44.650002,44.900002,43.349998,44.250000,44.250000,4080
2008-01-03,44.250000,44.700001,42.549999,44.700001,44.700001,8560
2008-01-04,44.700001,45.000000,42.000000,42.950001,42.950001,4920
2008-01-07,42.000000,42.099998,41.049999,41.250000,41.250000,2380
2008-01-08,40.450001,43.500000,39.599998,40.500000,40.500000,1820
2008-01-09,39.400002,39.400002,36.750000,37.500000,37.500000,3740
2008-01-10,35.599998,39.500000,35.599998,37.150002,37.150002,2140
2008-01-11,37.250000,39.700001,35.549999,39.650002,39.650002,4460
2008-01-14,39.700001,43.700001,36.349998,36.349998,36.349998,6080
2008-01-15,36.500000,36.750000,33.650002,33.650002,33.650002,1300
2008-01-16,33.500000,33.500000,30.049999,32.900002,32.900002,9360
2008-01-17,32.549999,32.549999,29.250000,29.299999,29.299999,4540
2008-01-18,30.150000,32.200001,26.350000,27.799999,27.799999,2560
2008-01-22,26.000000,29.000000,26.000000,28.000000,28.000000,4980
2008-01-23,29.000000,33.150002,27.700001,30.950001,30.950001,4560
2008-01-24,31.799999,33.500000,30.250000,31.950001,31.950001,1540
2008-01-25,33.349998,35.349998,30.600000,30.600000,30.600000,2440
2008-01-28,29.700001,32.000000,28.100000,31.750000,31.750000,2040
2008-01-29,31.750000,31.850000,30.000000,30.250000,30.250000,7520
2008-01-30,30.000000,31.350000,30.000000,31.049999,31.049999,260
2008-01-31,31.100000,31.700001,30.250000,30.549999,30.549999,2060
2008-02-01,30.500000,33.599998,30.250000,33.049999,33.049999,1320
2008-02-04,33.950001,33.950001,30.500000,31.549999,31.549999,3500
2008-02-05,31.400000,32.299999,31.400000,31.750000,31.750000,1580
2008-02-06,31.200001,32.200001,30.100000,31.000000,31.000000,340
2008-02-07,30.250000,30.250000,25.000000,26.299999,26.299999,19780
2008-02-08,25.950001,29.250000,25.950001,27.500000,27.500000,3900
2008-02-11,27.500000,28.250000,26.700001,27.950001,27.950001,2360
2008-02-12,27.700001,27.950001,27.500000,27.500000,27.500000,1840
2008-02-13,28.299999,28.600000,28.000000,28.000000,28.000000,800
2008-02-14,28.299999,29.850000,27.500000,29.400000,29.400000,2860
2008-02-15,28.799999,29.500000,28.799999,29.299999,29.299999,260
2008-02-19,29.150000,29.500000,27.500000,28.750000,28.750000,2900
2008-02-20,28.000000,28.750000,28.000000,28.250000,28.250000,620
2008-02-21,29.500000,29.500000,28.500000,29.200001,29.200001,1860
2008-02-22,28.950001,29.000000,28.750000,28.750000,28.750000,4160
2008-02-25,28.750000,33.450001,28.750000,30.150000,30.150000,52720
2008-02-26,30.500000,32.950001,30.500000,32.900002,32.900002,1780
2008-02-27,32.900002,34.700001,32.900002,34.700001,34.700001,340
2008-02-28,34.700001,37.099998,33.049999,33.500000,33.500000,3820
2008-02-29,33.750000,33.750000,29.650000,31.299999,31.299999,10620
2008-03-03,32.200001,32.200001,29.850000,31.150000,31.150000,4120
2008-03-04,31.500000,31.500000,29.250000,30.000000,30.000000,2720
2008-03-05,29.750000,29.750000,29.250000,29.500000,29.500000,8140
2008-03-06,29.500000,29.850000,28.750000,28.799999,28.799999,3980
2008-03-07,27.950001,28.750000,27.549999,28.500000,28.500000,1540
2008-03-10,28.799999,30.750000,21.049999,25.250000,25.250000,19540
2008-03-11,24.150000,27.600000,24.150000,26.850000,26.850000,6160
2008-03-12,26.400000,26.400000,25.299999,26.049999,26.049999,1540
2008-03-13,24.049999,28.750000,23.500000,28.750000,28.750000,3020
2008-03-14,33.049999,34.900002,29.500000,30.549999,30.549999,15860
2008-03-17,28.799999,30.000000,28.000000,28.000000,28.000000,3240
2008-03-18,28.000000,28.500000,27.500000,27.799999,27.799999,3080
2008-03-19,27.500000,27.500000,25.350000,25.700001,25.700001,4460
2008-03-20,17.650000,25.700001,17.650000,25.700001,25.700001,3640
2008-03-24,25.700001,30.549999,25.700001,28.049999,28.049999,43320
2008-03-25,28.500000,30.700001,28.049999,29.500000,29.500000,4860
2008-03-26,29.799999,30.000000,28.049999,28.250000,28.250000,6960
2008-03-27,28.450001,30.250000,26.799999,27.299999,27.299999,6780
2008-03-28,27.350000,28.600000,24.250000,24.299999,24.299999,3620
2008-03-31,25.000000,26.500000,24.500000,24.549999,24.549999,15860
2008-04-01,25.150000,25.750000,23.100000,24.250000,24.250000,7200
2008-04-02,24.250000,27.150000,24.250000,24.750000,24.750000,920
2008-04-03,26.000000,27.299999,25.500000,27.100000,27.100000,4040
2008-04-04,27.150000,28.450001,27.000000,27.250000,27.250000,1580
2008-04-07,28.450001,29.500000,27.500000,29.500000,29.500000,2620
2008-04-08,29.500000,29.500000,25.000000,25.750000,25.750000,2880
2008-04-09,26.650000,28.000000,26.250000,27.250000,27.250000,2900
2008-04-10,27.500000,28.250000,27.250000,28.250000,28.250000,660
2008-04-11,28.500000,29.500000,28.500000,29.500000,29.500000,160
2008-04-14,29.049999,30.000000,28.600000,29.850000,29.850000,4620
2008-04-15,30.250000,30.250000,27.400000,27.450001,27.450001,3420
2008-04-16,29.350000,29.950001,27.549999,29.799999,29.799999,1960
2008-04-17,29.500000,29.500000,28.450001,29.500000,29.500000,720
2008-04-18,28.750000,29.799999,28.500000,29.750000,29.750000,1500
2008-04-21,29.350000,29.350000,28.450001,29.200001,29.200001,1200
2008-04-22,29.200001,29.250000,29.200001,29.200001,29.200001,280
2008-04-23,28.450001,28.450001,26.250000,27.950001,27.950001,3200
2008-04-24,28.299999,30.000000,28.100000,28.100000,28.100000,2040
2008-04-25,29.150000,29.350000,28.049999,29.250000,29.250000,440
2008-04-28,29.350000,30.000000,29.299999,29.750000,29.750000,1520
2008-04-29,29.400000,29.750000,28.850000,29.750000,29.750000,2780
2008-04-30,29.600000,29.700001,29.049999,29.049999,29.049999,2340
2008-05-01,29.400000,29.750000,29.400000,29.750000,29.750000,5860
2008-05-02,30.000000,32.450001,30.000000,32.049999,32.049999,14620
2008-05-05,33.049999,33.400002,31.650000,33.250000,33.250000,4600
2008-05-06,32.750000,35.849998,32.750000,35.849998,35.849998,3960
2008-05-07,37.500000,37.500000,31.400000,32.500000,32.500000,9000
2008-05-08,32.500000,34.049999,31.500000,32.599998,32.599998,4780
2008-05-09,32.299999,33.349998,30.500000,30.900000,30.900000,11400
2008-05-12,30.250000,32.150002,30.049999,31.200001,31.200001,10200
2008-05-13,31.600000,33.450001,30.700001,31.549999,31.549999,1920
2008-05-14,30.600000,31.950001,30.600000,31.950001,31.950001,3560
2008-05-15,31.299999,32.500000,31.299999,31.650000,31.650000,3080
2008-05-16,32.000000,32.849998,31.600000,32.500000,32.500000,2360
2008-05-19,32.950001,33.650002,32.150002,32.150002,32.150002,3700
2008-05-20,32.250000,32.700001,31.549999,32.150002,32.150002,2040
2008-05-21,32.500000,33.750000,31.500000,32.000000,32.000000,5700
2008-05-22,31.750000,33.450001,31.750000,31.850000,31.850000,600
2008-05-23,31.549999,32.549999,31.250000,31.950001,31.950001,4240
2008-05-27,32.150002,32.750000,31.549999,32.200001,32.200001,3120
2008-05-28,31.549999,32.650002,31.549999,31.549999,31.549999,460
2008-05-29,31.500000,31.500000,30.049999,31.350000,31.350000,1780
2008-05-30,31.500000,32.700001,31.350000,32.150002,32.150002,5980
2008-06-02,32.799999,34.000000,32.150002,34.000000,34.000000,4480
2008-06-03,34.000000,34.000000,32.099998,32.299999,32.299999,3660
2008-06-04,32.750000,32.950001,31.750000,31.750000,31.750000,380
2008-06-05,32.000000,32.000000,30.500000,30.600000,30.600000,3140
2008-06-06,30.799999,31.150000,30.299999,30.350000,30.350000,1900
2008-06-09,30.150000,30.450001,29.400000,29.400000,29.400000,1980
2008-06-10,29.750000,29.750000,28.750000,28.900000,28.900000,740
2008-06-11,29.100000,29.100000,28.200001,29.000000,29.000000,1080
2008-06-12,29.250000,29.250000,27.750000,28.049999,28.049999,1480
2008-06-13,28.049999,28.549999,27.500000,28.549999,28.549999,3620
2008-06-16,29.000000,31.100000,27.799999,29.450001,29.450001,3700
2008-06-17,31.700001,31.750000,30.750000,31.750000,31.750000,2260
2008-06-18,32.450001,33.000000,31.100000,31.799999,31.799999,1540
2008-06-19,31.000000,33.000000,31.000000,32.650002,32.650002,740
2008-06-20,31.250000,32.599998,31.049999,31.450001,31.450001,980
2008-06-23,32.200001,32.200001,31.150000,31.500000,31.500000,460
2008-06-24,32.500000,34.000000,31.850000,31.850000,31.850000,2600
2008-06-25,31.350000,32.750000,31.250000,31.500000,31.500000,500
2008-06-26,31.900000,36.750000,31.549999,34.349998,34.349998,3140
2008-06-27,35.250000,37.000000,34.799999,37.000000,37.000000,4180
2008-06-30,37.450001,37.500000,35.099998,36.200001,36.200001,1780
2008-07-01,36.200001,40.000000,36.000000,36.000000,36.000000,2780
2008-07-02,36.650002,36.650002,32.000000,33.099998,33.099998,3760
2008-07-03,33.099998,33.200001,32.000000,32.450001,32.450001,2700
2008-07-07,32.450001,34.799999,32.200001,34.799999,34.799999,680
2008-07-08,34.750000,34.750000,32.950001,33.900002,33.900002,1600
2008-07-09,33.900002,34.500000,32.000000,32.049999,32.049999,960
2008-07-10,32.500000,32.500000,32.000000,32.000000,32.000000,60
2008-07-11,32.700001,33.500000,32.700001,32.900002,32.900002,220
2008-07-14,34.650002,34.750000,32.049999,32.950001,32.950001,880
2008-07-15,32.049999,33.250000,32.000000,32.000000,32.000000,260
2008-07-16,33.200001,34.599998,33.200001,33.299999,33.299999,220
2008-07-17,33.099998,34.250000,33.099998,34.250000,34.250000,4000
2008-07-18,33.950001,35.750000,33.099998,34.950001,34.950001,2140
2008-07-21,33.799999,34.750000,33.500000,34.750000,34.750000,240
2008-07-22,34.750000,34.750000,34.650002,34.750000,34.750000,900
2008-07-23,34.750000,34.799999,33.500000,34.150002,34.150002,1340
2008-07-24,34.950001,34.950001,32.000000,32.000000,32.000000,2560
2008-07-25,33.049999,33.950001,32.950001,32.950001,32.950001,780
2008-07-28,32.750000,32.750000,32.049999,32.049999,32.049999,140
2008-07-29,32.049999,34.750000,32.000000,34.200001,34.200001,960
2008-07-30,34.000000,34.000000,31.799999,31.799999,31.799999,1460
2008-07-31,28.000000,33.000000,25.500000,30.049999,30.049999,5020
2008-08-01,30.049999,33.000000,28.400000,30.250000,30.250000,3300
2008-08-04,28.350000,30.250000,26.200001,26.450001,26.450001,3920
2008-08-05,27.150000,27.450001,25.250000,25.500000,25.500000,5660
2008-08-06,26.049999,28.299999,25.100000,27.350000,27.350000,2280
2008-08-07,27.650000,27.650000,26.250000,26.250000,26.250000,620
2008-08-08,26.750000,26.799999,25.400000,26.150000,26.150000,1620
2008-08-11,27.350000,28.500000,25.150000,26.600000,26.600000,1760
2008-08-12,27.000000,27.400000,25.850000,26.500000,26.500000,1020
2008-08-13,28.900000,29.600000,27.750000,28.900000,28.900000,4080
2008-08-14,29.400000,29.700001,26.350000,26.350000,26.350000,2980
2008-08-15,26.900000,29.200001,26.600000,27.500000,27.500000,1880
2008-08-18,28.100000,30.500000,27.549999,29.250000,29.250000,3420
2008-08-19,29.250000,29.250000,27.549999,28.500000,28.500000,1240
2008-08-20,28.450001,29.150000,28.000000,29.000000,29.000000,1020
2008-08-21,29.000000,32.750000,28.900000,29.950001,29.950001,2640
2008-08-22,30.000000,30.000000,28.000000,28.000000,28.000000,460
2008-08-25,28.250000,28.250000,27.500000,27.850000,27.850000,2000
2008-08-26,28.250000,28.250000,25.750000,26.250000,26.250000,3480
2008-08-27,26.650000,27.450001,25.750000,26.850000,26.850000,860
2008-08-28,25.799999,28.200001,25.299999,26.500000,26.500000,6200
2008-08-29,25.799999,29.400000,25.549999,26.350000,26.350000,1120
2008-09-02,26.150000,28.750000,26.049999,26.700001,26.700001,1660
2008-09-03,26.500000,28.750000,26.500000,26.750000,26.750000,1800
2008-09-04,26.799999,27.000000,26.750000,26.750000,26.750000,1400
2008-09-05,26.799999,26.799999,26.750000,26.750000,26.750000,220
2008-09-08,26.750000,27.250000,26.750000,27.100000,27.100000,1400
2008-09-09,27.250000,28.750000,27.000000,27.000000,27.000000,1940
2008-09-10,27.000000,27.000000,25.250000,25.750000,25.750000,3700
2008-09-11,26.350000,26.500000,26.350000,26.500000,26.500000,60
2008-09-12,26.250000,26.250000,25.350000,25.500000,25.500000,1820
2008-09-15,25.000000,25.549999,25.000000,25.500000,25.500000,1940
2008-09-16,25.049999,25.299999,24.549999,25.299999,25.299999,440
2008-09-17,25.049999,25.049999,24.400000,24.500000,24.500000,1440
2008-09-18,24.500000,24.700001,24.500000,24.500000,24.500000,1300
2008-09-19,25.000000,25.549999,25.000000,25.549999,25.549999,560
2008-09-22,24.799999,25.500000,24.000000,24.500000,24.500000,3060
2008-09-23,23.700001,24.500000,23.500000,23.500000,23.500000,1800
2008-09-24,23.100000,24.000000,23.000000,23.100000,23.100000,1080
2008-09-25,23.650000,24.000000,22.850000,23.250000,23.250000,4240
2008-09-26,23.250000,23.400000,23.250000,23.400000,23.400000,600
2008-09-29,23.400000,23.400000,20.750000,22.000000,22.000000,720
2008-09-30,21.650000,22.750000,20.900000,21.049999,21.049999,760
2008-10-01,22.000000,24.650000,16.900000,19.000000,19.000000,11640
2008-10-02,17.950001,22.299999,17.750000,18.250000,18.250000,2160
2008-10-03,20.650000,21.250000,17.750000,18.250000,18.250000,3900
2008-10-06,18.000000,18.049999,17.000000,17.000000,17.000000,1120
2008-10-07,17.500000,19.900000,17.250000,17.250000,17.250000,4200
2008-10-08,17.250000,17.250000,15.000000,15.500000,15.500000,4160
2008-10-09,16.000000,16.000000,11.500000,12.300000,12.300000,2660
2008-10-10,11.350000,14.700000,11.000000,14.700000,14.700000,7120
2008-10-13,15.000000,16.150000,14.750000,14.900000,14.900000,4240
2008-10-14,14.900000,15.400000,12.500000,12.550000,12.550000,7680
2008-10-15,14.950000,14.950000,13.250000,13.750000,13.750000,9700
2008-10-16,14.250000,14.250000,12.500000,12.500000,12.500000,1980
2008-10-17,13.500000,15.450000,12.600000,15.450000,15.450000,6180
2008-10-20,15.500000,15.500000,14.350000,15.000000,15.000000,2360
2008-10-21,15.000000,15.000000,14.500000,14.750000,14.750000,680
2008-10-22,14.500000,15.000000,14.000000,14.000000,14.000000,5320
2008-10-23,14.050000,14.050000,12.500000,13.950000,13.950000,3860
2008-10-24,12.500000,15.450000,10.550000,13.000000,13.000000,4040
2008-10-27,12.500000,12.500000,11.000000,11.900000,11.900000,2820
2008-10-28,12.450000,12.450000,11.000000,11.050000,11.050000,3360
2008-10-29,11.500000,13.950000,11.500000,12.000000,12.000000,3460
2008-10-30,15.050000,15.900000,13.550000,14.850000,14.850000,9780
2008-10-31,15.200000,15.500000,14.100000,15.000000,15.000000,1480
2008-11-03,15.550000,19.000000,15.150000,17.500000,17.500000,8780
2008-11-04,17.200001,17.500000,15.900000,16.700001,16.700001,2040
2008-11-05,18.049999,18.049999,14.200000,14.200000,14.200000,2400
2008-11-06,14.250000,15.200000,14.250000,15.150000,15.150000,3380
2008-11-07,15.000000,15.000000,15.000000,15.000000,15.000000,40
2008-11-10,14.500000,15.000000,14.500000,15.000000,15.000000,2060
2008-11-11,15.000000,17.000000,15.000000,17.000000,17.000000,160
2008-11-12,14.800000,15.700000,12.600000,12.650000,12.650000,5100
2008-11-13,12.550000,13.150000,12.000000,12.900000,12.900000,5900
2008-11-14,12.750000,13.850000,11.800000,11.800000,11.800000,2680
2008-11-17,12.750000,12.800000,12.750000,12.800000,12.800000,760
2008-11-18,13.550000,13.700000,12.550000,12.750000,12.750000,1240
2008-11-19,12.750000,13.000000,12.750000,12.750000,12.750000,820
2008-11-20,12.500000,13.400000,11.550000,12.000000,12.000000,2420
2008-11-21,12.000000,12.000000,11.550000,12.000000,12.000000,1240
2008-11-24,12.000000,12.150000,11.050000,11.800000,11.800000,1080
2008-11-25,12.000000,12.000000,11.850000,12.000000,12.000000,540
2008-11-26,12.300000,13.750000,12.250000,12.550000,12.550000,2040
2008-11-28,12.250000,12.250000,12.250000,12.250000,12.250000,60
2008-12-01,12.350000,13.500000,12.300000,12.300000,12.300000,380
2008-12-02,13.500000,13.750000,12.450000,12.600000,12.600000,400
2008-12-03,12.600000,12.600000,12.250000,12.500000,12.500000,800
2008-12-04,12.250000,14.000000,12.250000,13.750000,13.750000,2660
2008-12-05,13.750000,13.750000,13.750000,13.750000,13.750000,500
2008-12-08,14.000000,15.750000,14.000000,15.550000,15.550000,2820
2008-12-09,14.450000,16.500000,14.450000,16.200001,16.200001,580
2008-12-10,16.150000,16.450001,16.150000,16.150000,16.150000,400
2008-12-11,16.150000,16.150000,16.150000,16.150000,16.150000,0
2008-12-12,16.200001,19.950001,16.200001,19.000000,19.000000,4140
2008-12-15,18.750000,18.750000,18.750000,18.750000,18.750000,100
2008-12-16,18.500000,18.750000,17.850000,18.350000,18.350000,1080
2008-12-17,17.350000,17.450001,16.250000,16.450001,16.450001,820
2008-12-18,15.050000,15.050000,13.250000,14.950000,14.950000,3280
2008-12-19,14.000000,14.550000,14.000000,14.300000,14.300000,760
2008-12-22,14.300000,15.100000,14.300000,14.350000,14.350000,100
2008-12-23,14.400000,15.250000,14.400000,15.250000,15.250000,940
2008-12-24,15.000000,15.900000,15.000000,15.500000,15.500000,3660
2008-12-26,15.500000,15.500000,15.500000,15.500000,15.500000,0
2008-12-29,15.050000,15.050000,12.400000,13.800000,13.800000,6480
2008-12-30,14.050000,14.950000,13.650000,14.000000,14.000000,1380
2008-12-31,14.100000,14.750000,14.100000,14.750000,14.750000,1600
2009-01-02,14.350000,15.600000,14.350000,15.350000,15.350000,1420
2009-01-05,15.550000,16.250000,14.850000,16.250000,16.250000,1440
2009-01-06,16.200001,19.350000,15.800000,17.750000,17.750000,2600
2009-01-07,17.650000,18.500000,17.650000,18.250000,18.250000,860
2009-01-08,17.000000,17.700001,17.000000,17.700001,17.700001,2940
2009-01-09,17.600000,17.600000,17.600000,17.600000,17.600000,20
2009-01-12,16.450001,17.900000,16.450001,17.900000,17.900000,80
2009-01-13,16.500000,16.500000,15.000000,15.900000,15.900000,1780
2009-01-14,15.750000,16.200001,14.850000,15.000000,15.000000,1520
2009-01-15,14.950000,15.450000,14.900000,14.900000,14.900000,500
2009-01-16,14.550000,14.600000,14.300000,14.300000,14.300000,3260
2009-01-20,15.850000,15.850000,14.500000,14.500000,14.500000,1060
2009-01-21,14.500000,14.500000,14.250000,14.400000,14.400000,2760
2009-01-22,14.750000,14.950000,14.600000,14.600000,14.600000,220
2009-01-23,14.250000,14.250000,13.600000,13.650000,13.650000,7640
2009-01-26,14.050000,14.250000,12.750000,13.000000,13.000000,7800
2009-01-27,12.950000,13.000000,11.050000,12.700000,12.700000,12340
2009-01-28,12.700000,12.750000,12.250000,12.250000,12.250000,2300
2009-01-29,12.250000,12.250000,11.500000,11.700000,11.700000,5040
2009-01-30,11.900000,11.900000,11.900000,11.900000,11.900000,20
2009-02-02,11.500000,12.450000,11.500000,12.400000,12.400000,4060
2009-02-03,12.500000,13.750000,12.500000,13.200000,13.200000,3280
2009-02-04,12.950000,13.150000,12.950000,13.150000,13.150000,3480
2009-02-05,12.650000,13.250000,12.650000,13.200000,13.200000,1220
2009-02-06,12.950000,13.050000,12.950000,13.000000,13.000000,4380
2009-02-09,12.950000,13.100000,12.950000,13.000000,13.000000,4880
2009-02-10,12.800000,13.050000,12.600000,12.600000,12.600000,1820
2009-02-11,12.900000,12.900000,12.600000,12.600000,12.600000,220
2009-02-12,13.000000,13.000000,12.900000,13.000000,13.000000,1040
2009-02-13,12.550000,13.350000,12.550000,12.900000,12.900000,940
2009-02-17,12.550000,12.550000,12.550000,12.550000,12.550000,100
2009-02-18,13.400000,13.400000,12.550000,12.550000,12.550000,1920
2009-02-19,12.550000,12.550000,12.550000,12.550000,12.550000,1760
2009-02-20,12.500000,13.250000,12.000000,12.000000,12.000000,5560
2009-02-23,12.000000,12.150000,11.850000,11.850000,11.850000,2220
2009-02-24,12.500000,12.500000,11.500000,11.500000,11.500000,580
2009-02-25,11.500000,11.500000,11.500000,11.500000,11.500000,0
2009-02-26,11.750000,12.550000,11.750000,12.400000,12.400000,520
2009-02-27,12.400000,12.400000,12.400000,12.400000,12.400000,0
2009-03-02,10.750000,11.700000,8.500000,9.000000,9.000000,6020
2009-03-03,9.700000,9.700000,8.350000,8.750000,8.750000,2080
2009-03-04,8.750000,8.750000,8.250000,8.600000,8.600000,5480
2009-03-05,8.250000,8.600000,6.650000,8.000000,8.000000,2480
2009-03-06,6.750000,7.100000,6.250000,6.500000,6.500000,7440
2009-03-09,6.250000,6.250000,5.300000,5.300000,5.300000,7080
2009-03-10,5.250000,6.500000,5.100000,6.300000,6.300000,2980
2009-03-11,6.250000,6.750000,5.700000,5.700000,5.700000,3360
2009-03-12,5.850000,6.000000,5.850000,6.000000,6.000000,1260
2009-03-13,6.250000,7.350000,6.250000,7.150000,7.150000,1920
2009-03-16,7.000000,7.000000,6.550000,6.550000,6.550000,3220
2009-03-17,6.250000,8.350000,6.250000,6.300000,6.300000,400
2009-03-18,6.500000,7.700000,6.000000,6.750000,6.750000,4400
2009-03-19,6.750000,6.750000,6.750000,6.750000,6.750000,2000
2009-03-20,6.750000,7.050000,6.650000,6.900000,6.900000,10700
2009-03-23,6.900000,7.200000,6.900000,6.950000,6.950000,980
2009-03-24,6.800000,6.800000,6.050000,6.750000,6.750000,1380
2009-03-25,6.750000,7.350000,6.750000,7.350000,7.350000,2640
2009-03-26,7.650000,7.650000,6.750000,6.850000,6.850000,2600
2009-03-27,7.200000,8.200000,7.200000,7.950000,7.950000,2460
2009-03-30,7.000000,7.650000,6.400000,7.650000,7.650000,660
2009-03-31,8.000000,9.400000,7.250000,9.400000,9.400000,2920
2009-04-01,9.200000,11.200000,9.000000,9.200000,9.200000,700
2009-04-02,8.900000,11.000000,8.050000,8.750000,8.750000,980
2009-04-03,8.750000,8.750000,8.750000,8.750000,8.750000,0
2009-04-06,9.400000,9.400000,8.750000,9.300000,9.300000,540
2009-04-07,8.250000,8.250000,8.250000,8.250000,8.250000,20
2009-04-08,9.550000,9.550000,8.300000,9.150000,9.150000,700
2009-04-09,9.150000,9.350000,9.150000,9.200000,9.200000,300
2009-04-13,11.200000,11.200000,8.200000,9.900000,9.900000,1200
2009-04-14,10.050000,10.050000,9.450000,10.000000,10.000000,540
2009-04-15,10.050000,10.200000,10.000000,10.050000,10.050000,520
2009-04-16,10.000000,10.000000,9.900000,9.900000,9.900000,760
2009-04-17,9.850000,11.150000,9.850000,10.800000,10.800000,1640
2009-04-20,10.050000,10.600000,10.050000,10.200000,10.200000,2000
2009-04-21,9.800000,10.550000,9.750000,10.450000,10.450000,1060
2009-04-22,10.450000,11.350000,10.450000,11.150000,11.150000,6840
2009-04-23,10.850000,11.300000,10.850000,11.150000,11.150000,320
2009-04-24,11.050000,11.050000,10.500000,10.750000,10.750000,740
2009-04-27,11.100000,11.550000,10.550000,10.550000,10.550000,340
2009-04-28,11.600000,11.650000,10.800000,10.800000,10.800000,680
2009-04-29,11.100000,11.300000,10.450000,10.750000,10.750000,2120
2009-04-30,11.000000,11.300000,10.750000,10.750000,10.750000,460
2009-05-01,10.750000,12.600000,10.750000,11.500000,11.500000,4560
2009-05-04,11.550000,13.200000,11.550000,12.400000,12.400000,2060
2009-05-05,12.000000,13.250000,12.000000,12.050000,12.050000,1220
2009-05-06,12.900000,13.500000,12.200000,13.300000,13.300000,1200
2009-05-07,13.500000,13.700000,12.400000,13.700000,13.700000,380
2009-05-08,13.750000,13.800000,13.000000,13.000000,13.000000,2060
2009-05-11,14.150000,14.150000,13.100000,13.100000,13.100000,2620
2009-05-12,12.500000,12.500000,10.000000,10.500000,10.500000,19840
2009-05-13,10.500000,10.500000,10.000000,10.150000,10.150000,3140
2009-05-14,10.750000,10.750000,8.800000,9.350000,9.350000,5580
2009-05-15,9.300000,10.500000,8.600000,9.450000,9.450000,3260
2009-05-18,10.050000,10.050000,8.500000,9.750000,9.750000,840
2009-05-19,9.750000,10.050000,9.750000,10.050000,10.050000,760
2009-05-20,9.800000,9.950000,9.050000,9.050000,9.050000,520
2009-05-21,9.450000,9.850000,8.500000,8.550000,8.550000,4240
2009-05-22,8.750000,8.850000,8.000000,8.100000,8.100000,1720
2009-05-26,8.250000,11.150000,8.000000,10.200000,10.200000,9300
2009-05-27,10.200000,10.500000,10.000000,10.000000,10.000000,3380
2009-05-28,10.000000,10.000000,8.750000,8.750000,8.750000,1160
2009-05-29,9.350000,9.350000,8.000000,8.350000,8.350000,3260
2009-06-01,9.950000,9.950000,8.500000,9.550000,9.550000,4320
2009-06-02,9.500000,9.500000,9.050000,9.050000,9.050000,300
2009-06-03,8.750000,9.000000,8.750000,8.800000,8.800000,620
2009-06-04,9.000000,9.250000,8.800000,9.250000,9.250000,2900
2009-06-05,9.200000,9.950000,9.000000,9.300000,9.300000,11560
2009-06-08,9.500000,9.750000,9.000000,9.450000,9.450000,2880
2009-06-09,9.050000,9.500000,9.050000,9.500000,9.500000,900
2009-06-10,9.150000,9.150000,9.100000,9.100000,9.100000,360
2009-06-11,9.200000,9.200000,8.500000,9.100000,9.100000,2100
2009-06-12,9.400000,9.400000,8.750000,8.750000,8.750000,640
2009-06-15,8.750000,8.850000,8.750000,8.800000,8.800000,1620
2009-06-16,9.100000,9.100000,8.800000,8.950000,8.950000,480
2009-06-17,8.850000,8.850000,8.600000,8.650000,8.650000,160
2009-06-18,8.750000,8.750000,8.500000,8.500000,8.500000,60
2009-06-19,9.000000,9.000000,8.000000,8.150000,8.150000,4280
2009-06-22,8.400000,8.850000,8.400000,8.850000,8.850000,2220
2009-06-23,8.800000,8.800000,8.400000,8.400000,8.400000,480
2009-06-24,8.400000,8.400000,8.050000,8.150000,8.150000,180
2009-06-25,8.100000,9.100000,8.100000,8.350000,8.350000,980
2009-06-26,9.050000,9.050000,8.150000,8.150000,8.150000,660
2009-06-29,8.750000,8.750000,8.500000,8.500000,8.500000,680
2009-06-30,8.800000,9.000000,8.200000,8.300000,8.300000,500
2009-07-01,8.250000,8.500000,8.250000,8.300000,8.300000,400
2009-07-02,8.350000,8.650000,8.300000,8.350000,8.350000,420
2009-07-06,8.350000,8.850000,8.350000,8.350000,8.350000,500
2009-07-07,8.450000,8.750000,8.300000,8.300000,8.300000,1340
2009-07-08,8.300000,8.300000,8.150000,8.250000,8.250000,1100
2009-07-09,8.250000,9.250000,8.250000,8.800000,8.800000,3340
2009-07-10,8.550000,8.550000,8.400000,8.500000,8.500000,120
2009-07-13,8.350000,8.350000,8.350000,8.350000,8.350000,100
2009-07-14,8.500000,8.600000,8.250000,8.250000,8.250000,720
2009-07-15,8.250000,8.300000,8.250000,8.250000,8.250000,480
2009-07-16,8.650000,9.450000,8.150000,8.400000,8.400000,1920
2009-07-17,9.450000,9.450000,8.500000,8.500000,8.500000,500
2009-07-20,8.050000,8.300000,8.050000,8.050000,8.050000,680
2009-07-21,8.000000,8.000000,7.400000,7.400000,7.400000,4780
2009-07-22,7.500000,7.800000,7.400000,7.650000,7.650000,1620
2009-07-23,7.900000,8.500000,7.500000,7.500000,7.500000,1780
2009-07-24,7.550000,7.600000,7.000000,7.000000,7.000000,2620
2009-07-27,7.000000,7.150000,7.000000,7.100000,7.100000,980
2009-07-28,7.500000,7.500000,6.900000,7.000000,7.000000,1160
2009-07-29,7.050000,7.050000,6.700000,7.000000,7.000000,3640
2009-07-30,6.750000,7.050000,6.600000,7.000000,7.000000,2260
2009-07-31,7.750000,8.250000,6.800000,6.800000,6.800000,3260
2009-08-03,7.850000,9.450000,7.650000,8.000000,8.000000,8540
2009-08-04,8.100000,8.250000,7.500000,7.700000,7.700000,1360
2009-08-05,8.000000,8.000000,7.550000,7.950000,7.950000,3420
2009-08-06,8.250000,8.250000,7.950000,8.150000,8.150000,1100
2009-08-07,8.150000,9.250000,7.950000,8.850000,8.850000,1840
2009-08-10,8.950000,8.950000,8.500000,8.500000,8.500000,740
2009-08-11,8.650000,9.250000,7.550000,9.250000,9.250000,500
2009-08-12,8.150000,8.950000,8.150000,8.450000,8.450000,780
2009-08-13,7.650000,8.700000,7.650000,8.150000,8.150000,480
2009-08-14,8.150000,8.150000,7.650000,7.800000,7.800000,340
2009-08-17,8.900000,8.900000,7.500000,7.600000,7.600000,1280
2009-08-18,8.700000,8.700000,7.400000,7.750000,7.750000,2240
2009-08-19,8.100000,8.400000,7.450000,7.450000,7.450000,540
2009-08-20,7.750000,10.950000,7.750000,10.350000,10.350000,14460
2009-08-21,11.500000,12.500000,10.450000,11.500000,11.500000,35700
2009-08-24,11.850000,13.500000,10.500000,10.750000,10.750000,44280
2009-08-25,11.700000,13.250000,11.500000,12.250000,12.250000,40860
2009-08-26,13.200000,14.750000,12.450000,14.000000,14.000000,38740
2009-08-27,13.750000,14.000000,12.800000,13.900000,13.900000,12960
2009-08-28,13.750000,14.000000,13.450000,13.550000,13.550000,8440
2009-08-31,13.850000,13.850000,12.000000,12.500000,12.500000,7720
2009-09-01,12.100000,12.800000,11.500000,11.500000,11.500000,13840
2009-09-02,12.450000,12.500000,11.700000,12.100000,12.100000,4140
2009-09-03,12.500000,14.350000,12.500000,13.200000,13.200000,30760
2009-09-04,13.100000,13.800000,12.550000,12.550000,12.550000,9980
2009-09-08,12.950000,13.000000,12.450000,12.550000,12.550000,3720
2009-09-09,12.950000,12.950000,12.500000,12.700000,12.700000,4460
2009-09-10,12.650000,12.900000,12.250000,12.800000,12.800000,3800
2009-09-11,12.650000,12.650000,12.050000,12.650000,12.650000,3440
2009-09-14,12.250000,12.250000,11.950000,12.000000,12.000000,3020
2009-09-15,12.050000,12.250000,12.000000,12.250000,12.250000,1860
2009-09-16,12.000000,12.750000,12.000000,12.050000,12.050000,2980
2009-09-17,12.000000,12.500000,12.000000,12.200000,12.200000,4080
2009-09-18,12.350000,12.750000,12.250000,12.700000,12.700000,4560
2009-09-21,12.900000,13.000000,12.550000,12.800000,12.800000,5180
2009-09-22,13.000000,13.000000,12.300000,12.450000,12.450000,2440
2009-09-23,13.050000,13.050000,12.750000,13.000000,13.000000,3420
2009-09-24,13.250000,13.250000,11.500000,12.250000,12.250000,7820
2009-09-25,12.250000,14.500000,12.200000,12.500000,12.500000,1660
2009-09-28,12.800000,13.150000,11.850000,12.150000,12.150000,1020
2009-09-29,13.050000,13.050000,12.000000,12.200000,12.200000,3440
2009-09-30,12.100000,12.900000,12.100000,12.200000,12.200000,5820
2009-10-01,12.200000,12.200000,11.650000,11.650000,11.650000,1420
2009-10-02,11.600000,11.600000,10.950000,11.200000,11.200000,4520
2009-10-05,10.950000,10.950000,10.500000,10.800000,10.800000,9500
2009-10-06,11.250000,11.500000,10.700000,11.400000,11.400000,3460
2009-10-07,11.300000,11.500000,10.250000,10.400000,10.400000,7080
2009-10-08,10.750000,11.400000,10.300000,10.550000,10.550000,3620
2009-10-09,10.500000,11.250000,10.500000,10.950000,10.950000,2740
2009-10-12,10.650000,10.750000,10.500000,10.500000,10.500000,1860
2009-10-13,10.550000,10.550000,10.300000,10.500000,10.500000,2360
2009-10-14,11.200000,11.200000,11.100000,11.100000,11.100000,120
2009-10-15,10.500000,10.500000,10.450000,10.500000,10.500000,1180
2009-10-16,10.500000,10.650000,10.500000,10.650000,10.650000,1600
2009-10-19,10.400000,10.450000,10.250000,10.400000,10.400000,760
2009-10-20,10.250000,10.550000,10.250000,10.550000,10.550000,1420
2009-10-21,10.250000,10.850000,9.450000,9.850000,9.850000,8340
2009-10-22,10.000000,10.500000,9.250000,10.250000,10.250000,2220
2009-10-23,10.250000,10.250000,9.500000,10.250000,10.250000,2620
2009-10-26,10.250000,10.250000,9.850000,9.850000,9.850000,2140
2009-10-27,11.400000,12.800000,9.550000,9.650000,9.650000,23140
2009-10-28,9.800000,10.350000,9.800000,10.300000,10.300000,2440
2009-10-29,10.800000,11.950000,10.800000,11.250000,11.250000,5040
2009-10-30,11.500000,11.500000,9.600000,11.200000,11.200000,6640
2009-11-02,10.950000,12.250000,10.950000,11.250000,11.250000,4400
2009-11-03,11.500000,11.550000,11.500000,11.500000,11.500000,700
2009-11-04,10.150000,11.900000,10.100000,10.800000,10.800000,220
2009-11-05,11.450000,12.000000,10.600000,10.900000,10.900000,640
2009-11-06,11.100000,11.950000,10.150000,10.650000,10.650000,960
2009-11-09,10.200000,11.650000,10.200000,11.000000,11.000000,1520
2009-11-10,12.000000,12.000000,10.300000,10.800000,10.800000,4880
2009-11-11,11.000000,11.150000,10.900000,11.100000,11.100000,3200
2009-11-12,11.250000,11.250000,10.950000,11.200000,11.200000,1980
2009-11-13,11.200000,11.400000,11.000000,11.400000,11.400000,1620
2009-11-16,11.500000,11.800000,11.000000,11.000000,11.000000,3600
2009-11-17,10.950000,11.500000,10.950000,11.500000,11.500000,2160
2009-11-18,11.700000,11.700000,11.200000,11.200000,11.200000,1020
2009-11-19,11.000000,11.050000,11.000000,11.000000,11.000000,1180
2009-11-20,11.250000,11.600000,11.250000,11.600000,11.600000,1060
2009-11-23,11.450000,11.450000,10.800000,10.800000,10.800000,1320
2009-11-24,11.050000,11.600000,11.050000,11.250000,11.250000,260
2009-11-25,11.200000,11.200000,11.150000,11.150000,11.150000,1000
2009-11-27,11.150000,11.150000,11.150000,11.150000,11.150000,22180
2009-11-30,11.250000,11.250000,10.500000,10.750000,10.750000,1980
2009-12-01,11.750000,11.750000,11.250000,11.450000,11.450000,1080
2009-12-02,11.800000,11.800000,11.100000,11.300000,11.300000,1640
2009-12-03,11.300000,11.300000,10.800000,10.950000,10.950000,1280
2009-12-04,11.550000,11.900000,10.800000,11.550000,11.550000,1100
2009-12-07,11.300000,12.000000,10.500000,10.700000,10.700000,2880
2009-12-08,11.150000,11.400000,10.750000,10.750000,10.750000,180
2009-12-09,11.250000,11.250000,11.100000,11.250000,11.250000,640
2009-12-10,11.000000,11.050000,10.750000,10.750000,10.750000,1140
2009-12-11,10.750000,11.250000,10.750000,11.050000,11.050000,2720
2009-12-14,11.200000,11.400000,11.050000,11.200000,11.200000,360
2009-12-15,11.200000,11.200000,11.000000,11.000000,11.000000,1060
2009-12-16,11.000000,11.400000,10.900000,11.400000,11.400000,3380
2009-12-17,11.000000,11.100000,11.000000,11.100000,11.100000,500
2009-12-18,10.950000,11.350000,10.550000,10.550000,10.550000,760
2009-12-21,10.750000,11.050000,10.750000,10.850000,10.850000,540
2009-12-22,11.050000,11.400000,10.750000,11.350000,11.350000,1440
2009-12-23,11.400000,11.400000,10.750000,11.250000,11.250000,1340
2009-12-24,11.250000,11.500000,11.100000,11.350000,11.350000,220
2009-12-28,10.800000,10.800000,10.600000,10.750000,10.750000,4540
2009-12-29,10.750000,11.000000,10.150000,10.250000,10.250000,6800
2009-12-30,10.200000,11.050000,10.200000,10.900000,10.900000,1440
2009-12-31,10.450000,11.750000,10.450000,11.500000,11.500000,6300
2010-01-04,11.350000,11.350000,10.850000,11.350000,11.350000,720
2010-01-05,11.500000,12.750000,11.500000,12.000000,12.000000,3040
2010-01-06,12.000000,12.150000,11.600000,11.650000,11.650000,1220
2010-01-07,12.200000,12.200000,11.750000,11.850000,11.850000,2600
2010-01-08,11.850000,12.050000,11.850000,12.050000,12.050000,2180
2010-01-11,11.800000,13.500000,11.800000,12.850000,12.850000,5860
2010-01-12,12.050000,13.900000,12.050000,13.800000,13.800000,6700
2010-01-13,14.050000,14.450000,13.500000,14.200000,14.200000,3620
2010-01-14,14.250000,14.600000,14.000000,14.250000,14.250000,740
2010-01-15,14.550000,14.550000,13.100000,13.350000,13.350000,1280
2010-01-19,14.100000,25.049999,13.600000,16.150000,16.150000,14300
2010-01-20,17.750000,17.900000,16.250000,16.750000,16.750000,6340
2010-01-21,16.500000,16.850000,15.400000,16.600000,16.600000,360
2010-01-22,16.700001,19.250000,16.650000,17.500000,17.500000,6160
2010-01-25,17.500000,17.500000,15.300000,16.000000,16.000000,4340
2010-01-26,15.800000,16.000000,14.750000,15.000000,15.000000,840
2010-01-27,13.800000,14.800000,12.500000,13.350000,13.350000,3160
2010-01-28,13.700000,14.250000,13.700000,13.800000,13.800000,2040
2010-01-29,14.200000,14.700000,13.750000,14.200000,14.200000,1720
2010-02-01,13.900000,14.000000,12.900000,13.800000,13.800000,1800
2010-02-02,9.950000,14.200000,9.950000,14.200000,14.200000,1100
2010-02-03,14.200000,14.200000,14.150000,14.200000,14.200000,680
2010-02-04,13.600000,13.600000,13.600000,13.600000,13.600000,40
2010-02-05,13.550000,13.950000,12.750000,12.900000,12.900000,2460
2010-02-08,12.900000,12.900000,12.900000,12.900000,12.900000,0
2010-02-09,13.150000,13.550000,13.150000,13.550000,13.550000,220
2010-02-10,13.150000,13.700000,13.150000,13.700000,13.700000,140
2010-02-11,13.450000,13.750000,13.150000,13.400000,13.400000,440
2010-02-12,13.400000,13.400000,13.400000,13.400000,13.400000,0
2010-02-16,13.200000,13.400000,12.750000,12.750000,12.750000,340
2010-02-17,13.250000,13.600000,13.200000,13.600000,13.600000,1240
2010-02-18,13.800000,14.350000,13.400000,14.350000,14.350000,2220
2010-02-19,15.000000,15.000000,14.300000,14.550000,14.550000,300
2010-02-22,14.300000,14.300000,13.700000,13.750000,13.750000,1480
2010-02-23,13.200000,14.100000,12.750000,13.650000,13.650000,2980
2010-02-24,13.400000,13.650000,13.000000,13.000000,13.000000,1620
2010-02-25,13.100000,13.200000,12.750000,12.950000,12.950000,1120
2010-02-26,12.800000,13.550000,12.750000,12.750000,12.750000,2120
2010-03-01,13.500000,13.500000,12.750000,13.500000,13.500000,1200
2010-03-02,11.000000,12.450000,9.600000,11.200000,11.200000,28780
2010-03-03,11.250000,11.950000,10.550000,11.350000,11.350000,1860
2010-03-04,11.350000,11.550000,11.350000,11.500000,11.500000,1660
2010-03-05,11.300000,11.650000,11.200000,11.200000,11.200000,180
2010-03-08,11.000000,11.000000,10.500000,10.800000,10.800000,680
2010-03-09,10.850000,10.900000,10.500000,10.500000,10.500000,1940
2010-03-10,10.800000,11.100000,10.650000,11.050000,11.050000,1260
2010-03-11,11.050000,12.000000,10.600000,11.300000,11.300000,2000
2010-03-12,10.700000,11.750000,10.600000,11.050000,11.050000,1360
2010-03-15,11.900000,12.000000,10.800000,11.500000,11.500000,2320
2010-03-16,11.050000,11.650000,10.600000,11.550000,11.550000,1420
2010-03-17,11.100000,11.950000,11.100000,11.900000,11.900000,800
2010-03-18,11.250000,11.450000,11.250000,11.400000,11.400000,700
2010-03-19,11.650000,11.650000,11.250000,11.350000,11.350000,1100
2010-03-22,11.550000,11.850000,11.300000,11.300000,11.300000,1440
2010-03-23,11.850000,11.850000,11.500000,11.500000,11.500000,1220
2010-03-24,11.500000,11.500000,11.250000,11.350000,11.350000,1900
2010-03-25,10.950000,12.100000,10.950000,12.000000,12.000000,1880
2010-03-26,12.050000,17.450001,11.800000,12.600000,12.600000,40520
2010-03-29,13.050000,14.850000,13.050000,13.400000,13.400000,8260
2010-03-30,13.650000,14.000000,13.350000,13.500000,13.500000,1920
2010-03-31,13.300000,14.500000,13.250000,13.750000,13.750000,7420
2010-04-01,14.950000,15.000000,14.000000,14.350000,14.350000,3280
2010-04-05,14.050000,14.050000,13.500000,14.000000,14.000000,3640
2010-04-06,13.850000,14.000000,13.600000,13.650000,13.650000,300
2010-04-07,13.600000,14.150000,12.800000,14.000000,14.000000,5600
2010-04-08,13.750000,14.000000,13.750000,13.900000,13.900000,1060
2010-04-09,14.000000,14.650000,14.000000,14.500000,14.500000,1220
2010-04-12,14.800000,14.800000,14.200000,14.500000,14.500000,980
2010-04-13,14.600000,16.000000,14.600000,15.000000,15.000000,9980
2010-04-14,15.300000,15.950000,14.750000,15.800000,15.800000,4020
2010-04-15,16.500000,16.500000,15.700000,16.200001,16.200001,6740
2010-04-16,15.800000,16.799999,15.400000,15.750000,15.750000,4580
2010-04-19,15.050000,16.250000,15.050000,15.950000,15.950000,2140
2010-04-20,16.000000,16.000000,15.300000,15.800000,15.800000,980
2010-04-21,15.400000,15.700000,15.400000,15.700000,15.700000,60
2010-04-22,16.100000,16.799999,15.650000,16.350000,16.350000,1500
2010-04-23,16.400000,16.799999,15.850000,16.799999,16.799999,520
2010-04-26,16.799999,17.150000,16.000000,16.600000,16.600000,4500
2010-04-27,15.650000,18.250000,15.650000,18.250000,18.250000,8740
2010-04-28,18.450001,18.500000,18.299999,18.500000,18.500000,3640
2010-04-29,17.650000,18.950001,17.650000,18.350000,18.350000,980
2010-04-30,18.450001,18.450001,18.049999,18.250000,18.250000,100
2010-05-03,17.950001,19.250000,16.600000,19.000000,19.000000,4300
2010-05-04,18.850000,19.250000,18.250000,18.900000,18.900000,2820
2010-05-05,18.350000,19.500000,17.600000,19.500000,19.500000,4200
2010-05-06,19.500000,19.950001,16.350000,16.350000,16.350000,2160
2010-05-07,16.250000,17.350000,13.750000,14.150000,14.150000,9600
2010-05-10,15.000000,18.600000,14.850000,15.550000,15.550000,2280
2010-05-11,14.350000,17.000000,14.300000,16.299999,16.299999,2280
2010-05-12,17.100000,17.750000,16.400000,17.600000,17.600000,1280
2010-05-13,17.750000,18.150000,17.600000,17.750000,17.750000,2340
2010-05-14,17.549999,17.549999,15.850000,17.049999,17.049999,2300
2010-05-17,17.150000,17.350000,17.150000,17.150000,17.150000,1160
2010-05-18,17.650000,17.650000,16.200001,16.400000,16.400000,1080
2010-05-19,15.100000,17.600000,15.100000,16.850000,16.850000,600
2010-05-20,15.300000,16.450001,15.300000,15.650000,15.650000,860
2010-05-21,15.500000,15.650000,15.250000,15.650000,15.650000,2140
2010-05-24,16.049999,16.049999,15.950000,16.049999,16.049999,560
2010-05-25,15.150000,16.000000,15.150000,16.000000,16.000000,500
2010-05-26,16.350000,16.350000,15.950000,15.950000,15.950000,180
2010-05-27,15.900000,15.900000,15.250000,15.700000,15.700000,2180
2010-05-28,15.700000,16.250000,15.700000,16.250000,16.250000,540
2010-06-01,16.000000,16.200001,16.000000,16.200001,16.200001,360
2010-06-02,16.250000,16.250000,15.700000,15.700000,15.700000,960
2010-06-03,16.500000,16.500000,15.700000,15.700000,15.700000,220
2010-06-04,17.500000,17.500000,15.700000,16.150000,16.150000,1900
2010-06-07,16.150000,16.150000,15.850000,16.100000,16.100000,240
2010-06-08,16.100000,16.100000,15.700000,15.700000,15.700000,340
2010-06-09,15.700000,15.700000,15.250000,15.250000,15.250000,1900
2010-06-10,15.500000,15.500000,15.400000,15.450000,15.450000,60
2010-06-11,15.250000,15.250000,15.250000,15.250000,15.250000,200
2010-06-14,15.400000,16.000000,15.300000,15.950000,15.950000,720
2010-06-15,15.950000,15.950000,15.300000,15.850000,15.850000,140
2010-06-16,15.300000,15.450000,15.250000,15.250000,15.250000,420
2010-06-17,16.000000,16.000000,15.300000,16.000000,16.000000,100
2010-06-18,15.250000,15.750000,14.750000,14.750000,14.750000,2420
2010-06-21,15.100000,15.150000,14.750000,15.150000,15.150000,800
2010-06-22,15.150000,16.049999,15.150000,15.800000,15.800000,380
2010-06-23,15.800000,15.800000,15.800000,15.800000,15.800000,0
2010-06-24,15.150000,15.850000,14.500000,14.500000,14.500000,1540
2010-06-25,15.900000,15.950000,14.550000,14.600000,14.600000,560
2010-06-28,14.600000,15.550000,14.500000,14.600000,14.600000,1000
2010-06-29,14.500000,14.550000,13.750000,14.100000,14.100000,940
2010-06-30,14.100000,14.100000,12.500000,13.650000,13.650000,1680
2010-07-01,12.550000,13.500000,12.500000,13.500000,13.500000,540
2010-07-02,12.500000,13.850000,12.500000,13.450000,13.450000,240
2010-07-06,12.850000,12.850000,12.750000,12.750000,12.750000,700
2010-07-07,12.750000,12.750000,12.750000,12.750000,12.750000,840
2010-07-08,12.700000,12.700000,11.450000,12.150000,12.150000,760
2010-07-09,12.000000,12.050000,11.500000,11.500000,11.500000,840
2010-07-12,11.500000,12.150000,11.300000,11.500000,11.500000,680
2010-07-13,12.000000,12.000000,11.600000,11.600000,11.600000,200
2010-07-14,11.600000,11.600000,11.250000,11.500000,11.500000,800
2010-07-15,11.300000,11.300000,11.300000,11.300000,11.300000,420
2010-07-16,11.750000,11.750000,11.000000,11.000000,11.000000,600
2010-07-19,11.000000,11.850000,11.000000,11.250000,11.250000,940
2010-07-20,12.000000,12.000000,11.250000,11.250000,11.250000,480
2010-07-21,10.300000,11.550000,10.300000,11.550000,11.550000,80
2010-07-22,11.850000,13.350000,11.050000,11.650000,11.650000,5080
2010-07-23,12.600000,12.600000,12.200000,12.200000,12.200000,100
2010-07-26,12.600000,12.600000,12.500000,12.550000,12.550000,280
2010-07-27,12.650000,13.300000,12.500000,13.300000,13.300000,1200
2010-07-28,13.750000,13.750000,12.100000,13.050000,13.050000,300
2010-07-29,12.650000,13.800000,12.650000,13.050000,13.050000,160
2010-07-30,12.850000,12.850000,11.850000,11.950000,11.950000,2560
2010-08-02,11.850000,11.850000,11.000000,11.750000,11.750000,5320
2010-08-03,11.050000,11.050000,11.000000,11.000000,11.000000,60
2010-08-04,10.950000,10.950000,10.500000,10.550000,10.550000,1420
2010-08-05,10.700000,10.700000,10.500000,10.500000,10.500000,3340
2010-08-06,10.700000,10.700000,10.450000,10.450000,10.450000,60
2010-08-09,10.300000,12.000000,10.250000,11.400000,11.400000,5660
2010-08-10,11.800000,11.800000,10.500000,11.100000,11.100000,880
2010-08-11,10.950000,11.200000,10.950000,11.000000,11.000000,800
2010-08-12,10.250000,11.450000,10.150000,10.950000,10.950000,5240
2010-08-13,11.900000,13.250000,11.600000,11.900000,11.900000,26560
2010-08-16,11.750000,11.750000,11.250000,11.500000,11.500000,7600
2010-08-17,11.300000,11.700000,11.300000,11.700000,11.700000,420
2010-08-18,11.750000,11.900000,11.750000,11.900000,11.900000,400
2010-08-19,11.750000,12.250000,11.750000,12.250000,12.250000,1840
2010-08-20,12.450000,13.450000,12.450000,12.650000,12.650000,1640
2010-08-23,13.150000,13.150000,12.550000,12.700000,12.700000,4840
2010-08-24,12.450000,12.650000,11.250000,11.700000,11.700000,900
2010-08-25,11.700000,12.500000,11.250000,11.700000,11.700000,25900
2010-08-26,12.600000,12.600000,11.250000,11.500000,11.500000,300
2010-08-27,11.800000,12.000000,11.750000,11.750000,11.750000,1360
2010-08-30,11.950000,12.500000,11.800000,12.400000,12.400000,4460
2010-08-31,11.600000,13.350000,11.600000,12.450000,12.450000,1960
2010-09-01,12.500000,12.950000,12.450000,12.950000,12.950000,80
2010-09-02,12.800000,14.000000,12.800000,13.700000,13.700000,4360
2010-09-03,13.750000,13.750000,13.000000,13.100000,13.100000,380
2010-09-07,13.400000,13.500000,13.200000,13.500000,13.500000,340
2010-09-08,13.500000,13.750000,13.500000,13.650000,13.650000,1200
2010-09-09,14.100000,14.250000,13.000000,13.000000,13.000000,2540
2010-09-10,13.100000,13.200000,13.100000,13.200000,13.200000,360
2010-09-13,13.250000,13.250000,13.200000,13.250000,13.250000,340
2010-09-14,13.300000,14.100000,13.300000,13.850000,13.850000,920
2010-09-15,13.950000,14.250000,13.950000,14.250000,14.250000,1200
2010-09-16,14.100000,14.100000,14.100000,14.100000,14.100000,100
2010-09-17,14.250000,14.900000,14.250000,14.750000,14.750000,3360
2010-09-20,15.050000,16.000000,14.500000,15.600000,15.600000,3000
2010-09-21,16.000000,16.000000,15.600000,15.700000,15.700000,760
2010-09-22,15.550000,15.950000,15.500000,15.950000,15.950000,240
2010-09-23,15.800000,15.950000,15.700000,15.950000,15.950000,740
2010-09-24,15.700000,15.950000,15.600000,15.950000,15.950000,680
2010-09-27,15.700000,16.299999,15.700000,16.000000,16.000000,3520
2010-09-28,15.550000,15.950000,15.500000,15.950000,15.950000,520
2010-09-29,15.900000,15.950000,15.750000,15.800000,15.800000,240
2010-09-30,15.750000,15.750000,15.550000,15.550000,15.550000,180
2010-10-01,15.700000,16.250000,15.700000,16.250000,16.250000,1640
2010-10-04,15.850000,16.250000,15.750000,16.100000,16.100000,340
2010-10-05,16.200001,16.200001,16.200001,16.200001,16.200001,400
2010-10-06,15.700000,16.150000,15.700000,15.750000,15.750000,240
2010-10-07,15.750000,15.750000,15.750000,15.750000,15.750000,0
2010-10-08,16.100000,16.100000,16.100000,16.100000,16.100000,440
2010-10-11,15.650000,16.450001,15.600000,15.750000,15.750000,4440
2010-10-12,16.100000,16.500000,16.100000,16.299999,16.299999,1500
2010-10-13,16.299999,17.250000,16.299999,17.250000,17.250000,2860
2010-10-14,17.250000,17.250000,16.750000,16.750000,16.750000,1000
2010-10-15,16.750000,17.450001,16.750000,17.450001,17.450001,900
2010-10-18,17.500000,17.500000,16.600000,17.500000,17.500000,1260
2010-10-19,17.400000,18.650000,16.700001,17.799999,17.799999,1480
2010-10-20,18.150000,18.900000,17.750000,18.250000,18.250000,860
2010-10-21,18.049999,18.049999,18.049999,18.049999,18.049999,1540
2010-10-22,18.049999,18.049999,18.049999,18.049999,18.049999,0
2010-10-25,17.500000,19.150000,17.000000,19.150000,19.150000,420
2010-10-26,17.299999,18.700001,17.299999,18.000000,18.000000,600
2010-10-27,18.000000,18.150000,17.900000,17.900000,17.900000,1080
2010-10-28,17.049999,18.250000,17.049999,17.950001,17.950001,1720
2010-10-29,17.950001,19.000000,17.950001,18.200001,18.200001,1080
2010-11-01,18.049999,19.000000,18.049999,18.049999,18.049999,1520
2010-11-02,17.500000,18.250000,17.350000,18.000000,18.000000,380
2010-11-03,18.299999,18.299999,14.900000,16.000000,16.000000,3060
2010-11-04,17.400000,17.400000,15.250000,16.150000,16.150000,2000
2010-11-05,16.299999,17.750000,16.250000,17.250000,17.250000,1420
2010-11-08,17.350000,17.350000,16.500000,16.549999,16.549999,1700
2010-11-09,17.500000,17.500000,16.750000,17.000000,17.000000,760
2010-11-10,18.049999,19.250000,15.850000,15.850000,15.850000,13100
2010-11-11,15.300000,16.200001,15.250000,15.250000,15.250000,2620
2010-11-12,15.100000,16.650000,14.200000,15.100000,15.100000,2680
2010-11-15,15.150000,15.750000,15.150000,15.200000,15.200000,1100
2010-11-16,15.750000,16.500000,15.600000,16.000000,16.000000,1920
2010-11-17,16.000000,16.000000,15.800000,16.000000,16.000000,460
2010-11-18,16.000000,16.000000,15.350000,15.950000,15.950000,1980
2010-11-19,16.350000,16.500000,16.299999,16.299999,16.299999,860
2010-11-22,16.350000,16.450001,15.800000,16.450001,16.450001,480
2010-11-23,16.549999,17.799999,16.549999,17.600000,17.600000,160
2010-11-24,16.200001,18.000000,16.000000,16.600000,16.600000,640
2010-11-26,16.600000,16.850000,16.600000,16.600000,16.600000,360
2010-11-29,16.500000,17.200001,16.250000,16.950001,16.950001,560
2010-11-30,17.150000,17.500000,17.150000,17.400000,17.400000,480
2010-12-01,17.000000,17.250000,17.000000,17.250000,17.250000,420
2010-12-02,17.049999,17.049999,16.000000,17.000000,17.000000,1040
2010-12-03,16.700001,17.200001,16.299999,16.350000,16.350000,720
2010-12-06,16.500000,16.500000,16.150000,16.150000,16.150000,260
2010-12-07,16.049999,16.850000,16.049999,16.250000,16.250000,1000
2010-12-08,17.150000,17.250000,16.750000,16.750000,16.750000,680
2010-12-09,16.950001,16.950001,16.850000,16.850000,16.850000,320
2010-12-10,17.500000,17.500000,17.250000,17.500000,17.500000,620
2010-12-13,17.500000,17.750000,17.000000,17.000000,17.000000,1640
2010-12-14,16.750000,16.750000,15.000000,16.299999,16.299999,2300
2010-12-15,16.000000,16.250000,16.000000,16.250000,16.250000,880
2010-12-16,16.000000,16.299999,15.700000,15.700000,15.700000,3480
2010-12-17,15.550000,16.100000,15.250000,16.100000,16.100000,320
2010-12-20,15.950000,16.000000,15.500000,15.500000,15.500000,1480
2010-12-21,15.400000,15.400000,15.300000,15.300000,15.300000,320
2010-12-22,15.450000,16.900000,15.300000,15.300000,15.300000,1100
2010-12-23,15.150000,15.500000,15.100000,15.500000,15.500000,5300
2010-12-27,15.500000,17.049999,15.500000,15.650000,15.650000,780
2010-12-28,15.950000,16.100000,15.650000,16.049999,16.049999,1800
2010-12-29,16.250000,16.250000,16.100000,16.100000,16.100000,680
2010-12-30,16.500000,16.500000,16.500000,16.500000,16.500000,220
2010-12-31,16.549999,17.100000,16.549999,17.000000,17.000000,420
2011-01-03,15.250000,16.500000,15.250000,16.500000,16.500000,1600
2011-01-04,16.200001,16.650000,16.049999,16.049999,16.049999,1920
2011-01-05,16.000000,16.500000,15.950000,16.250000,16.250000,2720
2011-01-06,16.299999,16.400000,15.750000,16.299999,16.299999,720
2011-01-07,16.799999,18.000000,16.049999,17.799999,17.799999,1600
2011-01-10,17.700001,18.750000,17.600000,18.250000,18.250000,4220
2011-01-11,18.250000,18.900000,18.250000,18.500000,18.500000,1800
2011-01-12,17.000000,17.549999,16.900000,17.500000,17.500000,2080
2011-01-13,17.450001,17.500000,16.100000,16.799999,16.799999,5300
2011-01-14,16.799999,18.049999,16.750000,17.000000,17.000000,3900
2011-01-18,17.650000,17.700001,17.650000,17.700001,17.700001,580
2011-01-19,18.400000,18.400000,16.750000,16.750000,16.750000,340
2011-01-20,16.750000,16.750000,16.250000,16.250000,16.250000,180
2011-01-21,16.250000,16.250000,16.250000,16.250000,16.250000,80
2011-01-24,16.299999,16.299999,16.250000,16.250000,16.250000,180
2011-01-25,15.950000,16.250000,15.750000,16.250000,16.250000,260
2011-01-26,16.500000,16.500000,16.500000,16.500000,16.500000,740
2011-01-27,16.500000,16.500000,16.000000,16.000000,16.000000,360
2011-01-28,16.000000,16.000000,15.750000,15.950000,15.950000,660
2011-01-31,17.000000,17.000000,15.850000,17.000000,17.000000,3160
2011-02-01,16.450001,16.500000,16.450001,16.500000,16.500000,120
2011-02-02,16.000000,16.049999,15.900000,15.900000,15.900000,1200
2011-02-03,16.700001,16.700001,16.700001,16.700001,16.700001,100
2011-02-04,16.850000,17.000000,16.850000,16.950001,16.950001,1600
2011-02-07,16.950001,17.000000,16.950001,17.000000,17.000000,140
2011-02-08,17.000000,18.000000,16.250000,18.000000,18.000000,11480
2011-02-09,18.500000,19.250000,18.500000,18.750000,18.750000,8300
2011-02-10,18.750000,19.000000,17.400000,17.700001,17.700001,2320
2011-02-11,18.700001,19.000000,17.900000,19.000000,19.000000,4440
2011-02-14,19.000000,19.150000,18.750000,19.100000,19.100000,2900
2011-02-15,19.150000,19.150000,19.000000,19.000000,19.000000,160
2011-02-16,18.850000,18.850000,18.750000,18.750000,18.750000,160
2011-02-17,19.000000,21.150000,19.000000,20.549999,20.549999,4840
2011-02-18,20.900000,23.150000,20.900000,22.049999,22.049999,5260
2011-02-22,23.750000,23.750000,22.600000,23.049999,23.049999,3120
2011-02-23,23.049999,23.049999,21.600000,22.150000,22.150000,2880
2011-02-24,21.700001,21.950001,21.250000,21.250000,21.250000,3560
2011-02-25,21.250000,21.750000,21.100000,21.450001,21.450001,1220
2011-02-28,23.500000,23.500000,21.700001,23.000000,23.000000,4060
2011-03-01,21.200001,21.850000,20.150000,21.000000,21.000000,4820
2011-03-02,20.850000,22.250000,20.750000,21.850000,21.850000,1600
2011-03-03,22.450001,22.799999,21.950001,22.150000,22.150000,4300
2011-03-04,21.950001,22.799999,21.950001,22.200001,22.200001,1600
2011-03-07,22.200001,23.000000,22.200001,22.450001,22.450001,1880
2011-03-08,22.500000,22.500000,22.000000,22.000000,22.000000,360
2011-03-09,21.799999,21.799999,20.150000,20.150000,20.150000,2340
2011-03-10,20.250000,20.450001,20.000000,20.450001,20.450001,1180
2011-03-11,20.000000,20.400000,19.000000,20.250000,20.250000,5100
2011-03-14,20.000000,20.000000,19.350000,19.350000,19.350000,420
2011-03-15,19.299999,19.549999,19.299999,19.400000,19.400000,940
2011-03-16,19.400000,19.400000,19.400000,19.400000,19.400000,0
2011-03-17,19.900000,19.900000,19.650000,19.700001,19.700001,460
2011-03-18,20.000000,20.000000,18.600000,18.600000,18.600000,2420
2011-03-21,18.850000,19.299999,18.750000,19.299999,19.299999,1580
2011-03-22,18.100000,19.500000,17.700001,19.250000,19.250000,380
2011-03-23,19.299999,19.900000,19.299999,19.900000,19.900000,100
2011-03-24,20.000000,20.000000,18.500000,19.950001,19.950001,1460
2011-03-25,19.750000,19.900000,19.200001,19.200001,19.200001,540
2011-03-28,19.600000,19.750000,19.150000,19.450001,19.450001,1260
2011-03-29,19.400000,19.450001,19.350000,19.450001,19.450001,620
2011-03-30,19.400000,19.650000,18.650000,19.000000,19.000000,2640
2011-03-31,19.600000,19.700001,19.549999,19.549999,19.549999,180
2011-04-01,19.549999,19.549999,18.799999,19.049999,19.049999,1240
2011-04-04,18.750000,20.100000,18.750000,20.100000,20.100000,560
2011-04-05,19.950001,20.000000,19.200001,19.200001,19.200001,380
2011-04-06,19.450001,20.100000,19.250000,20.100000,20.100000,1260
2011-04-07,19.950001,20.350000,19.900000,20.350000,20.350000,1600
2011-04-08,20.299999,20.500000,20.299999,20.500000,20.500000,260
2011-04-11,20.400000,20.750000,20.400000,20.750000,20.750000,700
2011-04-12,20.549999,20.549999,19.900000,20.150000,20.150000,1280
2011-04-13,20.600000,20.600000,20.000000,20.000000,20.000000,480
2011-04-14,19.650000,20.350000,19.650000,19.900000,19.900000,620
2011-04-15,20.250000,20.250000,20.250000,20.250000,20.250000,20
2011-04-18,20.450001,20.450001,20.049999,20.049999,20.049999,860
2011-04-19,20.000000,20.400000,20.000000,20.200001,20.200001,1100
2011-04-20,20.250000,20.400000,19.700001,20.250000,20.250000,300
2011-04-21,20.000000,20.250000,19.650000,20.250000,20.250000,1020
2011-04-25,20.350000,21.299999,19.700001,21.250000,21.250000,3700
2011-04-26,20.750000,21.350000,20.750000,21.250000,21.250000,880
2011-04-27,21.250000,21.450001,21.250000,21.450001,21.450001,780
2011-04-28,21.250000,21.450001,20.900000,21.000000,21.000000,1520
2011-04-29,21.000000,21.000000,21.000000,21.000000,21.000000,760
2011-05-02,21.150000,21.200001,19.200001,19.400000,19.400000,5200
2011-05-03,19.400000,19.750000,19.400000,19.500000,19.500000,1860
2011-05-04,19.799999,19.900000,18.750000,19.250000,19.250000,1440
2011-05-05,19.100000,20.950001,19.049999,20.000000,20.000000,940
2011-05-06,20.000000,20.000000,19.700001,19.950001,19.950001,140
2011-05-09,20.000000,20.000000,19.500000,19.799999,19.799999,1780
2011-05-10,23.500000,23.500000,21.750000,22.500000,22.500000,23820
2011-05-11,22.500000,23.750000,22.049999,23.450001,23.450001,4820
2011-05-12,23.600000,24.000000,23.450001,23.450001,23.450001,1440
2011-05-13,23.950001,23.950001,23.200001,23.299999,23.299999,1360
2011-05-16,22.850000,23.750000,22.200001,23.700001,23.700001,1520
2011-05-17,23.500000,23.750000,22.799999,23.650000,23.650000,1660
2011-05-18,23.799999,24.000000,22.600000,23.250000,23.250000,1200
2011-05-19,22.600000,24.100000,22.600000,23.200001,23.200001,2240
2011-05-20,23.350000,23.850000,22.549999,23.400000,23.400000,540
2011-05-23,23.000000,23.299999,23.000000,23.299999,23.299999,1960
2011-05-24,23.100000,23.100000,22.500000,22.500000,22.500000,840
2011-05-25,22.600000,22.900000,22.600000,22.850000,22.850000,300
2011-05-26,22.700001,23.250000,22.500000,22.549999,22.549999,1320
2011-05-27,22.700001,23.150000,22.700001,23.150000,23.150000,80
2011-05-31,23.450001,23.600000,23.450001,23.500000,23.500000,340
2011-06-01,23.500000,23.500000,23.200001,23.200001,23.200001,160
2011-06-02,23.350000,23.950001,23.250000,23.700001,23.700001,560
2011-06-03,23.750000,23.750000,22.600000,23.650000,23.650000,440
2011-06-06,23.500000,23.650000,22.799999,22.850000,22.850000,1900
2011-06-07,23.000000,23.250000,22.500000,22.500000,22.500000,680
2011-06-08,22.500000,23.000000,22.000000,23.000000,23.000000,920
2011-06-09,22.650000,23.850000,22.049999,23.250000,23.250000,1360
2011-06-10,23.100000,23.350000,22.000000,22.450001,22.450001,1260
2011-06-13,22.450001,22.500000,22.049999,22.500000,22.500000,380
2011-06-14,22.850000,22.850000,22.549999,22.549999,22.549999,840
2011-06-15,22.799999,22.799999,22.049999,22.350000,22.350000,820
2011-06-16,22.500000,22.750000,22.350000,22.750000,22.750000,460
2011-06-17,22.049999,22.700001,19.950001,22.700001,22.700001,3920
2011-06-20,22.250000,22.700001,21.700001,21.700001,21.700001,160
2011-06-21,22.000000,22.750000,21.250000,21.900000,21.900000,580
2011-06-22,21.900000,22.500000,21.900000,22.500000,22.500000,80
2011-06-23,22.299999,23.000000,22.250000,22.799999,22.799999,600
2011-06-24,22.700001,22.700001,21.700001,22.450001,22.450001,260
2011-06-27,22.650000,22.650000,22.650000,22.650000,22.650000,160
2011-06-28,22.600000,22.600000,22.600000,22.600000,22.600000,60
2011-06-29,22.900000,22.900000,21.799999,22.049999,22.049999,1740
2011-06-30,22.049999,23.750000,21.750000,23.000000,23.000000,2000
2011-07-01,22.200001,23.000000,22.200001,22.950001,22.950001,200
2011-07-05,22.549999,22.900000,22.549999,22.750000,22.750000,300
2011-07-06,22.750000,23.500000,22.150000,23.000000,23.000000,420
2011-07-07,22.650000,23.150000,22.500000,23.000000,23.000000,3200
2011-07-08,23.000000,23.000000,23.000000,23.000000,23.000000,80
2011-07-11,22.850000,23.000000,22.850000,23.000000,23.000000,100
2011-07-12,23.000000,23.000000,23.000000,23.000000,23.000000,60
2011-07-13,23.000000,23.000000,22.600000,22.750000,22.750000,1240
2011-07-14,22.600000,22.900000,22.400000,22.700001,22.700001,2100
2011-07-15,22.650000,22.750000,22.650000,22.750000,22.750000,80
2011-07-18,22.799999,22.850000,22.299999,22.350000,22.350000,700
2011-07-19,22.299999,22.500000,22.299999,22.500000,22.500000,480
2011-07-20,22.799999,22.799999,22.049999,22.750000,22.750000,960
2011-07-21,22.500000,22.750000,22.500000,22.750000,22.750000,340
2011-07-22,22.049999,22.750000,21.750000,21.799999,21.799999,5120
2011-07-25,21.750000,22.750000,21.650000,21.700001,21.700001,2920
2011-07-26,21.549999,22.250000,21.500000,22.000000,22.000000,3240
2011-07-27,21.950001,22.000000,21.850000,22.000000,22.000000,940
2011-07-28,21.850000,21.900000,21.500000,21.799999,21.799999,700
2011-07-29,21.549999,22.000000,21.400000,21.900000,21.900000,2280
2011-08-01,21.750000,22.000000,21.500000,21.750000,21.750000,1260
2011-08-02,21.500000,21.950001,21.500000,21.799999,21.799999,3180
2011-08-03,21.700001,22.000000,21.500000,22.000000,22.000000,2300
2011-08-04,21.900000,21.900000,21.500000,21.500000,21.500000,1300
2011-08-05,21.750000,21.750000,14.950000,20.200001,20.200001,8740
2011-08-08,20.049999,20.049999,15.950000,18.799999,18.799999,1700
2011-08-09,20.250000,21.250000,19.450001,20.750000,20.750000,7300
2011-08-10,19.750000,20.650000,17.799999,18.600000,18.600000,3100
2011-08-11,19.350000,20.250000,18.750000,20.250000,20.250000,2060
2011-08-12,20.250000,20.250000,19.850000,20.250000,20.250000,340
2011-08-15,20.600000,21.200001,20.600000,21.200001,21.200001,700
2011-08-16,21.299999,21.299999,20.950001,21.000000,21.000000,440
2011-08-17,21.600000,21.600000,20.750000,21.000000,21.000000,1440
2011-08-18,21.100000,21.100000,20.250000,20.350000,20.350000,620
2011-08-19,20.600000,20.700001,18.950001,20.150000,20.150000,620
2011-08-22,20.350000,20.350000,20.350000,20.350000,20.350000,80
2011-08-23,20.250000,20.350000,19.500000,20.350000,20.350000,3280
2011-08-24,20.000000,21.950001,20.000000,21.100000,21.100000,340
2011-08-25,21.600000,21.600000,20.049999,21.400000,21.400000,480
2011-08-26,21.200001,21.200001,20.350000,20.799999,20.799999,1140
2011-08-29,21.250000,21.450001,20.150000,21.450001,21.450001,460
2011-08-30,20.500000,21.250000,20.000000,20.600000,20.600000,2100
2011-08-31,20.750000,21.100000,20.250000,20.299999,20.299999,900
2011-09-01,20.750000,21.400000,20.750000,21.350000,21.350000,7900
2011-09-02,20.900000,21.250000,20.900000,21.250000,21.250000,1620
2011-09-06,20.750000,21.400000,20.250000,21.400000,21.400000,1480
2011-09-07,21.549999,21.750000,21.250000,21.700001,21.700001,5780
2011-09-08,23.900000,23.900000,21.500000,22.000000,22.000000,1160
2011-09-09,22.049999,22.750000,21.799999,22.750000,22.750000,14760
2011-09-12,23.000000,23.250000,22.200001,23.250000,23.250000,4900
2011-09-13,23.150000,23.450001,22.450001,23.450001,23.450001,1040
2011-09-14,23.400000,23.450001,23.049999,23.100000,23.100000,1720
2011-09-15,23.500000,23.500000,22.549999,23.250000,23.250000,760
2011-09-16,22.950001,23.500000,22.750000,23.450001,23.450001,2720
2011-09-19,23.100000,23.100000,23.100000,23.100000,23.100000,140
2011-09-20,23.100000,23.600000,22.700001,23.600000,23.600000,3400
2011-09-21,23.700001,23.700001,23.450001,23.450001,23.450001,300
2011-09-22,23.299999,23.299999,21.299999,22.350000,22.350000,340
2011-09-23,21.450001,21.500000,20.500000,21.299999,21.299999,860
2011-09-26,21.500000,22.350000,21.500000,22.299999,22.299999,2960
2011-09-27,22.350000,23.100000,22.299999,22.799999,22.799999,2920
2011-09-28,22.900000,22.900000,22.250000,22.750000,22.750000,1080
2011-09-29,22.900000,22.900000,21.750000,21.750000,21.750000,700
2011-09-30,22.100000,22.400000,22.100000,22.400000,22.400000,340
2011-10-03,22.000000,22.900000,21.799999,22.000000,22.000000,320
2011-10-04,21.549999,22.900000,21.549999,22.900000,22.900000,620
2011-10-05,22.250000,22.750000,21.900000,22.750000,22.750000,3480
2011-10-06,22.900000,22.900000,21.950001,22.500000,22.500000,700
2011-10-07,22.850000,23.250000,22.150000,23.250000,23.250000,5720
2011-10-10,23.000000,23.500000,22.500000,23.450001,23.450001,5640
2011-10-11,23.000000,23.500000,22.549999,23.500000,23.500000,1180
2011-10-12,23.500000,23.500000,22.950001,23.000000,23.000000,2580
2011-10-13,23.049999,23.750000,23.000000,23.500000,23.500000,4060
2011-10-14,23.750000,23.750000,23.750000,23.750000,23.750000,440
2011-10-17,23.700001,23.750000,23.549999,23.750000,23.750000,180
2011-10-18,23.650000,23.750000,23.000000,23.750000,23.750000,1560
2011-10-19,23.500000,26.000000,23.500000,25.549999,25.549999,14020
2011-10-20,25.350000,27.850000,25.250000,27.250000,27.250000,16080
2011-10-21,28.150000,28.700001,26.250000,28.200001,28.200001,12320
2011-10-24,28.600000,29.700001,28.500000,29.200001,29.200001,8380
2011-10-25,29.500000,29.500000,28.950001,29.100000,29.100000,4040
2011-10-26,29.200001,29.450001,29.100000,29.200001,29.200001,4900
2011-10-27,29.600000,29.799999,26.250000,27.200001,27.200001,11580
2011-10-28,27.549999,28.200001,27.000000,27.750000,27.750000,1660
2011-10-31,28.750000,29.900000,27.250000,29.500000,29.500000,6840
2011-11-01,29.250000,29.950001,28.299999,29.650000,29.650000,7040
2011-11-02,29.950001,29.950001,28.900000,28.900000,28.900000,3640
2011-11-03,29.549999,29.850000,28.150000,28.150000,28.150000,2440
2011-11-04,29.950001,33.450001,29.400000,32.849998,32.849998,58160
2011-11-07,30.049999,32.799999,29.500000,30.900000,30.900000,15520
2011-11-08,31.600000,31.750000,29.100000,29.850000,29.850000,8300
2011-11-09,29.850000,29.900000,27.049999,27.650000,27.650000,11360
2011-11-10,28.250000,28.700001,27.549999,28.700001,28.700001,3000
2011-11-11,29.700001,29.799999,28.100000,28.549999,28.549999,5460
2011-11-14,28.600000,28.750000,27.950001,28.750000,28.750000,4740
2011-11-15,28.750000,28.750000,28.250000,28.750000,28.750000,1680
2011-11-16,28.600000,28.750000,28.350000,28.600000,28.600000,1640
2011-11-17,28.250000,28.450001,26.650000,26.850000,26.850000,6180
2011-11-18,26.500000,26.500000,23.900000,24.450001,24.450001,16360
2011-11-21,23.299999,24.100000,22.350000,22.750000,22.750000,5240
2011-11-22,22.750000,23.250000,22.000000,22.500000,22.500000,3080
2011-11-23,22.500000,23.200001,22.000000,22.600000,22.600000,4360
2011-11-25,22.650000,23.200001,22.650000,23.200001,23.200001,1220
2011-11-28,24.299999,24.350000,23.799999,24.150000,24.150000,1480
2011-11-29,24.900000,24.900000,24.150000,24.299999,24.299999,2700
2011-11-30,25.049999,25.500000,24.900000,25.100000,25.100000,3640
2011-12-01,25.150000,25.450001,24.100000,25.250000,25.250000,1760
2011-12-02,25.500000,26.000000,25.500000,25.799999,25.799999,3240
2011-12-05,25.799999,27.850000,25.799999,26.900000,26.900000,2260
2011-12-06,27.250000,27.450001,26.049999,26.549999,26.549999,1580
2011-12-07,26.100000,26.850000,25.500000,25.500000,25.500000,1960
2011-12-08,25.700001,25.700001,25.200001,25.549999,25.549999,360
2011-12-09,24.750000,26.700001,24.750000,25.049999,25.049999,1300
2011-12-12,24.100000,25.700001,24.100000,25.600000,25.600000,2320
2011-12-13,26.200001,26.900000,26.150000,26.900000,26.900000,3580
2011-12-14,26.900000,27.799999,26.850000,27.000000,27.000000,1380
2011-12-15,25.900000,26.299999,21.549999,23.100000,23.100000,8980
2011-12-16,23.250000,25.799999,23.250000,25.799999,25.799999,1740
2011-12-19,25.799999,25.850000,24.600000,25.049999,25.049999,4340
2011-12-20,25.049999,25.049999,23.400000,24.250000,24.250000,4140
2011-12-21,24.850000,24.950001,24.549999,24.850000,24.850000,520
2011-12-22,24.900000,24.950001,24.400000,24.400000,24.400000,300
2011-12-23,24.000000,24.400000,23.799999,23.799999,23.799999,1920
2011-12-27,23.700001,27.549999,23.700001,26.600000,26.600000,7560
2011-12-28,25.299999,25.900000,24.650000,24.650000,24.650000,1900
2011-12-29,23.700001,24.100000,23.000000,24.100000,24.100000,4000
2011-12-30,25.400000,25.799999,23.750000,25.000000,25.000000,3760
2012-01-03,25.500000,27.450001,24.600000,27.200001,27.200001,9420
2012-01-04,26.700001,26.850000,25.500000,26.600000,26.600000,3100
2012-01-05,25.450001,25.900000,25.450001,25.549999,25.549999,300
2012-01-06,25.600000,25.950001,24.450001,24.650000,24.650000,3580
2012-01-09,24.200001,25.100000,23.750000,25.049999,25.049999,1120
2012-01-10,25.049999,26.450001,24.350000,25.200001,25.200001,2480
2012-01-11,24.850000,26.299999,24.850000,26.000000,26.000000,1820
2012-01-12,25.450001,25.799999,25.450001,25.600000,25.600000,80
2012-01-13,25.799999,26.200001,25.500000,25.750000,25.750000,1400
2012-01-17,26.250000,26.250000,25.500000,26.049999,26.049999,1500
2012-01-18,26.000000,26.250000,24.500000,24.750000,24.750000,4960
2012-01-19,25.250000,26.000000,24.549999,25.250000,25.250000,3280
2012-01-20,25.350000,25.750000,25.350000,25.700001,25.700001,580
2012-01-23,25.650000,25.950001,24.950001,24.950001,24.950001,920
2012-01-24,24.750000,25.000000,24.600000,24.650000,24.650000,4020
2012-01-25,24.600000,25.250000,24.299999,25.000000,25.000000,3300
2012-01-26,25.200001,26.150000,25.150000,25.500000,25.500000,1680
2012-01-27,25.150000,25.950001,25.150000,25.750000,25.750000,560
2012-01-30,25.100000,25.500000,25.100000,25.500000,25.500000,280
2012-01-31,25.750000,25.750000,25.250000,25.299999,25.299999,1540
2012-02-01,25.299999,25.750000,25.299999,25.700001,25.700001,3180
2012-02-02,25.900000,26.000000,25.549999,26.000000,26.000000,920
2012-02-03,25.600000,27.350000,25.600000,27.350000,27.350000,5640
2012-02-06,27.450001,27.450001,26.950001,27.450001,27.450001,1340
2012-02-07,27.600000,29.049999,27.600000,28.650000,28.650000,3600
2012-02-08,28.650000,28.750000,27.600000,28.299999,28.299999,1660
2012-02-09,28.049999,28.049999,27.600000,27.900000,27.900000,680
2012-02-10,27.950001,27.950001,27.250000,27.650000,27.650000,1300
2012-02-13,27.950001,28.299999,27.500000,28.150000,28.150000,4660
2012-02-14,28.450001,28.950001,28.450001,28.750000,28.750000,2320
2012-02-15,29.000000,29.350000,28.299999,28.850000,28.850000,3460
2012-02-16,28.650000,28.850000,27.950001,28.400000,28.400000,2100
2012-02-17,28.150000,29.700001,27.750000,29.450001,29.450001,9640
2012-02-21,30.000000,31.200001,29.700001,30.700001,30.700001,6520
2012-02-22,31.100000,31.100000,30.450001,30.900000,30.900000,2560
2012-02-23,31.049999,31.100000,30.750000,30.900000,30.900000,6080
2012-02-24,31.000000,31.450001,30.850000,31.150000,31.150000,3640
2012-02-27,31.150000,31.400000,30.850000,31.250000,31.250000,4780
2012-02-28,27.500000,28.750000,26.299999,28.000000,28.000000,23380
2012-02-29,28.000000,28.000000,25.000000,25.299999,25.299999,14680
2012-03-01,25.549999,25.650000,24.750000,25.100000,25.100000,6900
2012-03-02,25.100000,25.400000,24.750000,25.400000,25.400000,9500
2012-03-05,25.350000,25.400000,24.000000,24.400000,24.400000,4640
2012-03-06,25.000000,25.049999,24.000000,24.000000,24.000000,3420
2012-03-07,24.450001,24.850000,22.549999,23.100000,23.100000,10900
2012-03-08,22.950001,23.750000,22.150000,22.400000,22.400000,4080
2012-03-09,22.549999,23.400000,22.500000,23.150000,23.150000,1840
2012-03-12,23.600000,23.600000,23.000000,23.049999,23.049999,1520
2012-03-13,23.049999,24.000000,23.000000,23.700001,23.700001,2260
2012-03-14,23.150000,23.950001,23.049999,23.850000,23.850000,2660
2012-03-15,23.799999,23.799999,22.700001,23.150000,23.150000,3020
2012-03-16,23.000000,23.000000,21.250000,21.700001,21.700001,3500
2012-03-19,21.700001,22.600000,21.400000,22.600000,22.600000,10160
2012-03-20,22.549999,23.150000,22.549999,23.000000,23.000000,2000
2012-03-21,22.799999,23.000000,22.750000,22.750000,22.750000,800
2012-03-22,22.549999,23.250000,21.250000,22.200001,22.200001,3520
2012-03-23,21.750000,23.049999,21.750000,22.750000,22.750000,2460
2012-03-26,22.500000,22.950001,22.500000,22.900000,22.900000,920
2012-03-27,22.750000,23.450001,22.750000,22.900000,22.900000,1520
2012-03-28,23.100000,23.500000,23.100000,23.200001,23.200001,900
2012-03-29,23.150000,23.150000,23.100000,23.150000,23.150000,60
2012-03-30,23.000000,23.200001,23.000000,23.200001,23.200001,3060
2012-04-02,23.100000,23.450001,23.100000,23.450001,23.450001,1320
2012-04-03,23.299999,23.500000,23.000000,23.000000,23.000000,820
2012-04-04,23.250000,23.250000,23.150000,23.250000,23.250000,1020
2012-04-05,23.000000,23.200001,22.500000,22.900000,22.900000,560
2012-04-09,22.600000,23.200001,22.600000,23.200001,23.200001,800
2012-04-10,23.500000,23.600000,22.850000,23.400000,23.400000,1540
2012-04-11,23.450001,23.450001,22.650000,23.000000,23.000000,580
2012-04-12,23.200001,23.250000,23.000000,23.000000,23.000000,1060
2012-04-13,23.650000,24.500000,23.250000,23.250000,23.250000,1080
2012-04-16,23.250000,23.250000,22.549999,22.650000,22.650000,1300
2012-04-17,22.799999,23.049999,22.650000,22.900000,22.900000,240
2012-04-18,22.750000,22.950001,22.500000,22.950001,22.950001,740
2012-04-19,22.549999,22.700001,22.500000,22.700001,22.700001,620
2012-04-20,22.850000,22.900000,21.750000,22.500000,22.500000,2300
2012-04-23,22.299999,22.400000,21.549999,22.400000,22.400000,140
2012-04-24,22.400000,22.500000,21.850000,22.500000,22.500000,960
2012-04-25,22.350000,22.350000,21.750000,22.350000,22.350000,180
2012-04-26,21.799999,22.450001,21.799999,22.450001,22.450001,340
2012-04-27,22.450001,22.500000,22.350000,22.400000,22.400000,440
2012-04-30,22.400000,22.400000,21.549999,22.150000,22.150000,1140
2012-05-01,21.950001,22.500000,21.549999,21.750000,21.750000,1480
2012-05-02,21.600000,22.250000,21.549999,22.200001,22.200001,1440
2012-05-03,22.200001,22.200001,22.200001,22.200001,22.200001,0
2012-05-04,22.299999,22.299999,21.549999,21.549999,21.549999,740
2012-05-07,21.850000,21.900000,21.850000,21.900000,21.900000,360
2012-05-08,21.549999,21.900000,21.250000,21.850000,21.850000,3580
2012-05-09,21.500000,21.700001,20.299999,20.900000,20.900000,1360
2012-05-10,20.850000,20.850000,19.750000,20.250000,20.250000,1700
2012-05-11,20.200001,21.049999,19.000000,20.950001,20.950001,680
2012-05-14,20.799999,20.799999,19.000000,20.700001,20.700001,1520
2012-05-15,19.400000,20.000000,18.900000,20.000000,20.000000,2000
2012-05-16,18.700001,19.900000,18.600000,19.900000,19.900000,3080
2012-05-17,18.750000,20.049999,18.750000,20.049999,20.049999,620
2012-05-18,19.650000,20.049999,19.650000,19.799999,19.799999,160
2012-05-21,19.500000,20.000000,18.200001,19.950001,19.950001,880
2012-05-22,20.049999,20.200001,18.549999,20.200001,20.200001,1640
2012-05-23,19.900000,20.549999,19.799999,20.299999,20.299999,500
2012-05-24,20.250000,20.500000,20.000000,20.450001,20.450001,340
2012-05-25,20.350000,20.350000,20.350000,20.350000,20.350000,60
2012-05-29,20.500000,20.650000,20.400000,20.400000,20.400000,720
2012-05-30,20.299999,20.850000,20.200001,20.850000,20.850000,220
2012-05-31,20.049999,20.700001,20.000000,20.700001,20.700001,100
2012-06-01,20.450001,20.450001,18.650000,19.549999,19.549999,1160
2012-06-04,19.150000,20.000000,19.150000,19.799999,19.799999,160
2012-06-05,19.150000,19.750000,19.049999,19.750000,19.750000,860
2012-06-06,19.700001,20.000000,19.700001,20.000000,20.000000,580
2012-06-07,20.299999,20.799999,19.850000,20.799999,20.799999,280
2012-06-08,20.549999,20.750000,20.500000,20.600000,20.600000,100
2012-06-11,20.600000,20.600000,19.250000,19.950001,19.950001,200
2012-06-12,19.549999,20.250000,19.549999,19.950001,19.950001,320
2012-06-13,20.000000,20.250000,19.500000,20.250000,20.250000,380
2012-06-14,20.200001,20.200001,20.200001,20.200001,20.200001,40
2012-06-15,19.950001,19.950001,19.900000,19.900000,19.900000,580
2012-06-18,19.600000,19.750000,19.000000,19.000000,19.000000,3560
2012-06-19,19.400000,20.200001,19.400000,20.200001,20.200001,1380
2012-06-20,20.200001,20.250000,19.750000,20.000000,20.000000,2300
2012-06-21,20.000000,20.000000,20.000000,20.000000,20.000000,160
2012-06-22,20.250000,20.250000,20.250000,20.250000,20.250000,200
2012-06-25,20.299999,20.299999,20.250000,20.250000,20.250000,60
2012-06-26,20.000000,20.450001,19.950001,20.450001,20.450001,760
2012-06-27,20.250000,20.250000,19.750000,19.750000,19.750000,420
2012-06-28,20.200001,20.200001,20.200001,20.200001,20.200001,40
2012-06-29,20.750000,21.000000,20.200001,20.900000,20.900000,1060
2012-07-02,20.750000,20.750000,19.750000,20.650000,20.650000,1440
2012-07-03,20.650000,20.650000,20.650000,20.650000,20.650000,0
2012-07-05,20.650000,20.650000,20.650000,20.650000,20.650000,0
2012-07-06,20.900000,20.900000,20.549999,20.700001,20.700001,480
2012-07-09,20.799999,21.100000,19.750000,21.100000,21.100000,3140
2012-07-10,21.150000,21.150000,21.150000,21.150000,21.150000,160
2012-07-11,21.049999,21.049999,21.049999,21.049999,21.049999,20
2012-07-12,20.900000,21.049999,20.900000,21.049999,21.049999,180
2012-07-13,21.100000,21.100000,21.100000,21.100000,21.100000,40
2012-07-16,19.799999,21.950001,19.799999,21.950001,21.950001,320
2012-07-17,21.500000,21.850000,21.200001,21.850000,21.850000,160
2012-07-18,20.299999,21.850000,19.700001,21.750000,21.750000,420
2012-07-19,21.400000,21.650000,20.450001,21.650000,21.650000,360
2012-07-20,22.100000,22.350000,20.000000,21.000000,21.000000,560
2012-07-23,20.400000,21.400000,20.400000,20.900000,20.900000,1360
2012-07-24,21.000000,21.049999,19.799999,20.250000,20.250000,4580
2012-07-25,20.150000,20.299999,19.500000,20.100000,20.100000,740
2012-07-26,19.450001,19.850000,17.500000,19.650000,19.650000,2120
2012-07-27,19.700001,20.299999,19.350000,20.049999,20.049999,680
2012-07-30,20.200001,20.200001,19.049999,19.799999,19.799999,1160
2012-07-31,19.250000,20.000000,19.250000,20.000000,20.000000,520
2012-08-01,19.049999,21.000000,19.049999,21.000000,21.000000,500
2012-08-02,20.700001,20.750000,19.150000,20.049999,20.049999,620
2012-08-03,20.000000,20.700001,20.000000,20.700001,20.700001,100
2012-08-06,20.700001,20.700001,19.750000,19.750000,19.750000,520
2012-08-07,18.500000,18.500000,16.549999,17.400000,17.400000,4720
2012-08-08,17.150000,17.150000,16.250000,16.700001,16.700001,340
2012-08-09,16.750000,16.799999,16.250000,16.250000,16.250000,740
2012-08-10,17.000000,17.000000,17.000000,17.000000,17.000000,20
2012-08-13,17.150000,17.250000,16.600000,17.200001,17.200001,740
2012-08-14,15.550000,17.150000,15.550000,16.000000,16.000000,280
2012-08-15,16.350000,16.700001,16.350000,16.650000,16.650000,440
2012-08-16,16.650000,17.200001,16.650000,17.200001,17.200001,280
2012-08-17,17.500000,17.500000,16.900000,16.900000,16.900000,680
2012-08-20,16.950001,16.950001,16.750000,16.750000,16.750000,1320
2012-08-21,16.400000,16.950001,16.400000,16.950001,16.950001,380
2012-08-22,16.799999,16.900000,16.450001,16.900000,16.900000,200
2012-08-23,16.900000,16.950001,16.900000,16.950001,16.950001,540
2012-08-24,16.950001,17.450001,16.750000,17.200001,17.200001,600
2012-08-27,16.500000,17.150000,16.400000,17.150000,17.150000,80
2012-08-28,17.000000,17.000000,16.950001,16.950001,16.950001,40
2012-08-29,16.250000,16.850000,16.250000,16.850000,16.850000,300
2012-08-30,17.450001,17.450001,16.850000,16.900000,16.900000,500
2012-08-31,16.350000,16.900000,16.250000,16.900000,16.900000,380
2012-09-04,16.000000,17.000000,16.000000,17.000000,17.000000,1000
2012-09-05,16.299999,17.000000,16.299999,16.850000,16.850000,200
2012-09-06,17.000000,18.000000,17.000000,17.750000,17.750000,2380
2012-09-07,17.750000,17.750000,17.500000,17.750000,17.750000,1100
2012-09-10,17.650000,18.049999,17.650000,18.049999,18.049999,1000
2012-09-11,17.799999,18.650000,17.500000,18.650000,18.650000,720
2012-09-12,18.250000,18.250000,18.250000,18.250000,18.250000,100
2012-09-13,18.200001,18.200001,17.549999,18.000000,18.000000,160
2012-09-14,18.000000,18.250000,17.600000,18.250000,18.250000,440
2012-09-17,18.250000,18.250000,17.549999,18.250000,18.250000,820
2012-09-18,18.150000,19.500000,17.500000,18.750000,18.750000,2440
2012-09-19,18.250000,18.799999,17.000000,17.799999,17.799999,1540
2012-09-20,17.150000,17.500000,16.950001,17.000000,17.000000,580
2012-09-21,17.900000,17.900000,16.400000,16.700001,16.700001,1260
2012-09-24,16.600000,16.600000,16.450001,16.450001,16.450001,220
2012-09-25,17.000000,17.000000,16.400000,16.400000,16.400000,240
2012-09-26,16.400000,16.400000,16.400000,16.400000,16.400000,120
2012-09-27,16.500000,16.500000,16.299999,16.500000,16.500000,680
2012-09-28,17.150000,17.150000,16.000000,16.549999,16.549999,1740
2012-10-01,16.000000,16.700001,16.000000,16.700001,16.700001,240
2012-10-02,16.650000,16.650000,16.000000,16.000000,16.000000,1080
2012-10-03,16.900000,18.000000,15.500000,16.100000,16.100000,1620
2012-10-04,16.100000,16.100000,16.100000,16.100000,16.100000,0
2012-10-05,15.900000,15.900000,13.900000,15.000000,15.000000,1740
2012-10-08,14.650000,14.750000,12.800000,14.000000,14.000000,1400
2012-10-09,13.750000,13.750000,13.200000,13.500000,13.500000,400
2012-10-10,13.700000,13.700000,11.300000,12.550000,12.550000,3620
2012-10-11,12.350000,13.250000,12.350000,13.100000,13.100000,4280
2012-10-12,13.100000,13.100000,12.100000,12.500000,12.500000,1060
2012-10-15,12.500000,12.950000,12.500000,12.950000,12.950000,1040
2012-10-16,12.750000,12.850000,12.600000,12.600000,12.600000,380
2012-10-17,12.700000,14.250000,12.650000,12.750000,12.750000,2480
2012-10-18,13.100000,13.200000,12.650000,13.100000,13.100000,1620
2012-10-19,12.850000,12.950000,12.650000,12.650000,12.650000,460
2012-10-22,12.600000,12.700000,12.600000,12.700000,12.700000,660
2012-10-23,12.600000,12.600000,12.100000,12.100000,12.100000,2180
2012-10-24,12.400000,12.450000,12.400000,12.400000,12.400000,1200
2012-10-25,12.350000,12.350000,10.800000,11.550000,11.550000,2880
2012-10-26,11.300000,11.900000,10.750000,11.400000,11.400000,1960
2012-10-31,11.550000,12.000000,11.550000,12.000000,12.000000,2600
2012-11-01,12.200000,13.050000,11.750000,12.500000,12.500000,2080
2012-11-02,12.500000,13.550000,12.500000,12.500000,12.500000,1560
2012-11-05,12.600000,13.500000,11.500000,11.500000,11.500000,2780
2012-11-06,10.050000,10.500000,7.500000,10.000000,10.000000,36820
2012-11-07,9.950000,10.000000,9.000000,9.850000,9.850000,1760
2012-11-08,9.650000,9.800000,9.000000,9.550000,9.550000,580
2012-11-09,9.450000,9.600000,9.450000,9.600000,9.600000,340
2012-11-12,9.000000,9.100000,8.750000,8.800000,8.800000,640
2012-11-13,8.750000,9.650000,8.750000,9.450000,9.450000,220
2012-11-14,9.450000,9.500000,8.750000,9.250000,9.250000,500
2012-11-15,8.750000,9.450000,8.250000,9.400000,9.400000,1580
2012-11-16,9.200000,9.300000,7.050000,7.050000,7.050000,2780
2012-11-19,7.050000,7.050000,6.450000,6.900000,6.900000,32340
2012-11-20,6.900000,6.950000,6.400000,6.900000,6.900000,1400
2012-11-21,6.800000,8.750000,6.800000,7.450000,7.450000,7980
2012-11-23,7.050000,8.850000,7.050000,7.500000,7.500000,2720
2012-11-26,7.500000,8.050000,7.050000,7.350000,7.350000,1900
2012-11-27,7.400000,8.500000,6.500000,6.900000,6.900000,4440
2012-11-28,6.900000,7.800000,6.900000,7.250000,7.250000,5340
2012-11-29,7.750000,8.200000,7.250000,7.500000,7.500000,11120
2012-11-30,7.350000,7.450000,6.600000,7.000000,7.000000,14080
2012-12-03,7.050000,7.050000,6.650000,6.650000,6.650000,8440
2012-12-04,6.700000,7.050000,6.700000,6.950000,6.950000,160
2012-12-05,6.900000,6.950000,6.050000,6.500000,6.500000,12340
2012-12-06,6.250000,7.600000,6.100000,6.750000,6.750000,8640
2012-12-07,6.750000,7.500000,6.250000,7.000000,7.000000,4320
2012-12-10,6.350000,7.000000,6.350000,6.950000,6.950000,320
2012-12-11,6.500000,7.050000,6.300000,6.400000,6.400000,7560
2012-12-12,6.500000,6.950000,6.100000,6.100000,6.100000,7420
2012-12-13,6.400000,6.400000,5.600000,6.100000,6.100000,17180
2012-12-14,6.000000,6.000000,5.600000,5.800000,5.800000,4920
2012-12-17,5.600000,5.800000,5.500000,5.750000,5.750000,9500
2012-12-18,5.750000,6.250000,5.700000,6.000000,6.000000,4220
2012-12-19,6.050000,6.750000,6.050000,6.500000,6.500000,3720
2012-12-20,6.700000,6.700000,6.400000,6.550000,6.550000,1980
2012-12-21,6.500000,7.000000,6.250000,6.900000,6.900000,10260
2012-12-24,6.550000,7.100000,6.400000,7.100000,7.100000,4940
2012-12-26,7.350000,7.500000,6.750000,7.100000,7.100000,6000
2012-12-27,7.200000,7.200000,6.450000,6.450000,6.450000,7800
2012-12-28,6.500000,6.950000,6.450000,6.450000,6.450000,3440
2012-12-31,6.450000,6.750000,6.350000,6.700000,6.700000,6420
2013-01-02,7.000000,7.450000,7.000000,7.300000,7.300000,4920
2013-01-03,7.450000,7.500000,7.250000,7.250000,7.250000,3200
2013-01-04,7.350000,7.350000,6.800000,7.300000,7.300000,1380
2013-01-07,7.250000,7.600000,6.850000,7.250000,7.250000,4060
2013-01-08,7.100000,7.750000,7.100000,7.700000,7.700000,3840
2013-01-09,7.750000,7.850000,7.250000,7.650000,7.650000,2260
2013-01-10,7.500000,7.900000,7.500000,7.650000,7.650000,380
2013-01-11,7.900000,7.900000,7.600000,7.700000,7.700000,1000
2013-01-14,7.850000,8.000000,7.750000,8.000000,8.000000,1720
2013-01-15,7.850000,7.850000,7.400000,7.700000,7.700000,2660
2013-01-16,7.700000,7.900000,7.400000,7.800000,7.800000,2720
2013-01-17,7.400000,7.800000,7.400000,7.800000,7.800000,4460
2013-01-18,7.950000,8.000000,7.650000,7.850000,7.850000,2080
2013-01-22,8.000000,8.000000,7.350000,7.650000,7.650000,1500
2013-01-23,7.600000,7.700000,7.600000,7.650000,7.650000,80
2013-01-24,7.550000,7.550000,6.850000,7.200000,7.200000,5580
2013-01-25,7.000000,7.000000,6.800000,6.800000,6.800000,800
2013-01-28,6.950000,7.400000,6.750000,7.400000,7.400000,3560
2013-01-29,7.400000,7.650000,7.050000,7.450000,7.450000,7700
2013-01-30,7.350000,7.750000,7.300000,7.500000,7.500000,3280
2013-01-31,7.300000,7.650000,7.300000,7.600000,7.600000,1180
2013-02-01,7.500000,7.750000,7.250000,7.700000,7.700000,3140
2013-02-04,7.700000,7.750000,7.400000,7.400000,7.400000,1940
2013-02-05,7.350000,7.400000,7.250000,7.400000,7.400000,1280
2013-02-06,7.250000,7.500000,7.000000,7.450000,7.450000,2700
2013-02-07,7.250000,7.400000,7.000000,7.200000,7.200000,1440
2013-02-08,7.250000,7.550000,7.250000,7.250000,7.250000,580
2013-02-11,7.250000,7.500000,7.000000,7.200000,7.200000,3520
2013-02-12,7.350000,7.450000,7.250000,7.350000,7.350000,1500
2013-02-13,7.050000,7.400000,6.900000,7.000000,7.000000,1840
2013-02-14,7.200000,7.250000,6.750000,6.750000,6.750000,2040
2013-02-15,6.600000,6.850000,6.400000,6.750000,6.750000,3860
2013-02-19,6.900000,6.900000,6.850000,6.850000,6.850000,380
2013-02-20,6.950000,7.000000,6.650000,6.850000,6.850000,2880
2013-02-21,6.750000,6.900000,6.550000,6.750000,6.750000,7720
2013-02-22,6.700000,6.850000,6.600000,6.750000,6.750000,4960
2013-02-25,6.650000,6.850000,6.450000,6.500000,6.500000,3180
2013-02-26,6.450000,6.600000,6.250000,6.450000,6.450000,8020
2013-02-27,6.650000,6.800000,6.300000,6.400000,6.400000,6900
2013-02-28,6.450000,7.100000,6.250000,7.100000,7.100000,30340
2013-03-01,6.550000,7.200000,6.550000,7.000000,7.000000,19340
2013-03-04,7.000000,7.250000,6.850000,7.000000,7.000000,6580
2013-03-05,6.750000,7.200000,6.750000,6.900000,6.900000,6320
2013-03-06,6.900000,7.000000,6.150000,6.150000,6.150000,20000
2013-03-07,6.200000,6.750000,6.200000,6.500000,6.500000,15300
2013-03-08,6.350000,6.350000,5.800000,6.000000,6.000000,37200
2013-03-11,6.150000,6.700000,5.800000,6.100000,6.100000,12900
2013-03-12,6.000000,6.500000,5.900000,6.350000,6.350000,2180
2013-03-13,6.300000,6.350000,6.050000,6.300000,6.300000,540
2013-03-14,6.000000,6.550000,6.000000,6.400000,6.400000,4720
2013-03-15,6.050000,6.450000,6.050000,6.300000,6.300000,2160
2013-03-18,6.300000,6.450000,6.200000,6.400000,6.400000,3380
2013-03-19,6.550000,6.550000,6.150000,6.350000,6.350000,3220
2013-03-20,6.250000,6.250000,6.050000,6.250000,6.250000,280
2013-03-21,6.300000,6.500000,6.050000,6.050000,6.050000,8120
2013-03-22,6.250000,6.250000,6.000000,6.100000,6.100000,2200
2013-03-25,6.100000,6.400000,6.100000,6.400000,6.400000,4100
2013-03-26,6.400000,6.500000,6.250000,6.500000,6.500000,1600
2013-03-27,6.550000,6.950000,6.500000,6.850000,6.850000,8360
2013-03-28,6.800000,6.850000,6.800000,6.850000,6.850000,1340
2013-04-01,6.850000,6.950000,6.600000,6.850000,6.850000,1840
2013-04-02,6.950000,7.300000,6.500000,6.900000,6.900000,12780
2013-04-03,7.000000,7.100000,6.800000,7.000000,7.000000,4240
2013-04-04,7.000000,7.200000,6.800000,7.000000,7.000000,5320
2013-04-05,6.800000,7.100000,6.750000,7.100000,7.100000,560
2013-04-08,6.900000,7.000000,6.750000,6.750000,6.750000,640
2013-04-09,6.800000,7.000000,6.550000,6.950000,6.950000,660
2013-04-10,6.750000,7.000000,6.750000,6.950000,6.950000,5500
2013-04-11,7.000000,7.400000,6.900000,7.100000,7.100000,5540
2013-04-12,6.950000,7.250000,6.800000,7.200000,7.200000,2400
2013-04-15,7.000000,7.250000,7.000000,7.200000,7.200000,380
2013-04-16,7.350000,7.350000,7.050000,7.250000,7.250000,460
2013-04-17,7.200000,7.200000,7.200000,7.200000,7.200000,200
2013-04-18,7.200000,7.200000,7.200000,7.200000,7.200000,0
2013-04-19,7.350000,7.400000,6.850000,7.400000,7.400000,740
2013-04-22,7.400000,7.400000,7.050000,7.300000,7.300000,900
2013-04-23,7.350000,7.350000,7.200000,7.300000,7.300000,380
2013-04-24,7.300000,7.300000,7.300000,7.300000,7.300000,0
2013-04-25,7.000000,7.350000,6.550000,7.300000,7.300000,3160
2013-04-26,6.850000,7.350000,6.850000,7.350000,7.350000,360
2013-04-29,7.350000,7.400000,6.850000,7.300000,7.300000,1860
2013-04-30,7.350000,7.400000,7.350000,7.400000,7.400000,80
2013-05-01,7.300000,7.300000,7.300000,7.300000,7.300000,100
2013-05-02,7.250000,7.650000,7.250000,7.550000,7.550000,2580
2013-05-03,7.550000,7.550000,6.950000,7.000000,7.000000,4160
2013-05-06,7.200000,7.400000,7.050000,7.400000,7.400000,1560
2013-05-07,8.250000,10.000000,8.100000,9.500000,9.500000,128800
2013-05-08,9.550000,9.950000,8.550000,8.550000,8.550000,32960
2013-05-09,9.150000,10.000000,8.600000,9.450000,9.450000,30280
2013-05-10,9.500000,10.750000,9.000000,9.600000,9.600000,31460
2013-05-13,9.550000,10.450000,9.100000,9.950000,9.950000,29100
2013-05-14,10.150000,10.450000,9.300000,9.700000,9.700000,17700
2013-05-15,9.850000,9.850000,9.300000,9.600000,9.600000,7940
2013-05-16,9.500000,9.600000,9.300000,9.550000,9.550000,12080
2013-05-17,9.750000,10.250000,9.450000,10.000000,10.000000,10520
2013-05-20,10.200000,11.500000,10.200000,10.850000,10.850000,41020
2013-05-21,10.950000,11.250000,10.250000,10.550000,10.550000,6880
2013-05-22,10.250000,10.450000,9.900000,10.150000,10.150000,7540
2013-05-23,10.100000,10.500000,10.100000,10.250000,10.250000,620
2013-05-24,9.750000,10.250000,9.750000,10.200000,10.200000,3280
2013-05-28,10.250000,10.450000,9.900000,10.100000,10.100000,4520
2013-05-29,10.350000,10.400000,9.750000,10.150000,10.150000,1120
2013-05-30,9.750000,10.150000,9.750000,10.000000,10.000000,5740
2013-05-31,9.950000,10.100000,9.950000,10.100000,10.100000,640
2013-06-03,10.100000,10.550000,9.950000,10.250000,10.250000,4020
2013-06-04,10.100000,10.550000,9.950000,10.300000,10.300000,5540
2013-06-05,10.100000,10.300000,9.900000,10.250000,10.250000,1300
2013-06-06,10.100000,10.500000,10.000000,10.200000,10.200000,1960
2013-06-07,10.050000,11.100000,9.900000,10.950000,10.950000,26540
2013-06-10,10.900000,12.200000,10.900000,11.950000,11.950000,29540
2013-06-11,12.100000,12.250000,10.900000,11.300000,11.300000,19380
2013-06-12,11.300000,11.400000,10.650000,10.800000,10.800000,4480
2013-06-13,10.850000,11.150000,10.750000,11.100000,11.100000,2180
2013-06-14,11.000000,11.400000,10.550000,10.750000,10.750000,11920
2013-06-17,10.900000,11.000000,10.600000,10.850000,10.850000,12400
2013-06-18,10.850000,10.850000,10.600000,10.750000,10.750000,3900
2013-06-19,10.800000,10.850000,10.750000,10.850000,10.850000,4340
2013-06-20,10.750000,10.850000,10.750000,10.800000,10.800000,5360
2013-06-21,10.800000,11.450000,10.800000,11.150000,11.150000,16380
2013-06-24,11.250000,12.200000,10.950000,11.800000,11.800000,32600
2013-06-25,12.250000,12.250000,11.750000,12.100000,12.100000,3200
2013-06-26,12.350000,13.850000,12.000000,13.000000,13.000000,49420
2013-06-27,13.300000,13.300000,12.350000,13.150000,13.150000,7080
2013-06-28,13.400000,13.400000,12.100000,12.900000,12.900000,11900
2013-07-01,12.750000,12.950000,11.800000,12.050000,12.050000,7740
2013-07-02,12.000000,12.000000,11.050000,11.500000,11.500000,11600
2013-07-03,11.300000,11.650000,11.300000,11.550000,11.550000,3320
2013-07-05,11.450000,11.800000,11.250000,11.500000,11.500000,2040
2013-07-08,11.650000,11.900000,11.650000,11.900000,11.900000,1060
2013-07-09,11.800000,12.450000,11.800000,12.400000,12.400000,6020
2013-07-10,11.850000,12.700000,11.850000,12.650000,12.650000,4840
2013-07-11,12.650000,13.200000,12.650000,12.850000,12.850000,15440
2013-07-12,12.750000,13.200000,12.700000,13.150000,13.150000,1240
2013-07-15,13.000000,13.150000,12.550000,13.050000,13.050000,2880
2013-07-16,13.000000,13.150000,12.600000,13.050000,13.050000,580
2013-07-17,13.150000,13.150000,12.500000,12.850000,12.850000,3380
2013-07-18,12.500000,12.900000,12.250000,12.650000,12.650000,700
2013-07-19,12.500000,12.600000,12.200000,12.400000,12.400000,2300
2013-07-22,12.400000,13.400000,12.400000,13.250000,13.250000,10020
2013-07-23,13.200000,13.300000,12.950000,13.100000,13.100000,1160
2013-07-24,13.000000,13.850000,13.000000,13.650000,13.650000,30560
2013-07-25,13.950000,14.150000,13.600000,14.000000,14.000000,5160
2013-07-26,14.000000,14.000000,13.350000,13.400000,13.400000,2220
2013-07-29,13.250000,13.750000,13.200000,13.550000,13.550000,4460
2013-07-30,13.400000,13.900000,13.250000,13.300000,13.300000,1920
2013-07-31,13.200000,13.750000,13.200000,13.500000,13.500000,3120
2013-08-01,13.650000,13.900000,12.950000,13.000000,13.000000,8080
2013-08-02,13.250000,13.550000,12.750000,12.950000,12.950000,8300
2013-08-05,13.000000,13.500000,12.900000,13.350000,13.350000,29900
2013-08-06,15.500000,15.550000,13.400000,13.400000,13.400000,25980
2013-08-07,13.450000,14.000000,13.400000,13.500000,13.500000,6420
2013-08-08,13.600000,14.650000,13.450000,14.500000,14.500000,5900
2013-08-09,14.300000,14.500000,13.700000,14.450000,14.450000,4580
2013-08-12,14.200000,14.900000,14.200000,14.600000,14.600000,11380
2013-08-13,14.700000,14.750000,13.800000,14.400000,14.400000,10040
2013-08-14,14.700000,14.800000,14.000000,14.600000,14.600000,11940
2013-08-15,14.700000,14.700000,13.850000,14.400000,14.400000,2040
2013-08-16,14.650000,15.200000,14.600000,15.200000,15.200000,22640
2013-08-19,15.500000,16.000000,14.550000,15.150000,15.150000,24560
2013-08-20,15.000000,15.050000,14.550000,14.900000,14.900000,2320
2013-08-21,14.900000,14.950000,14.100000,14.700000,14.700000,4240
2013-08-22,15.050000,15.050000,14.350000,14.950000,14.950000,1780
2013-08-23,14.900000,14.950000,14.100000,14.900000,14.900000,1560
2013-08-26,14.850000,14.850000,14.400000,14.500000,14.500000,2800
2013-08-27,14.000000,14.450000,13.200000,13.300000,13.300000,18580
2013-08-28,13.400000,13.600000,12.750000,13.550000,13.550000,2680
2013-08-29,13.650000,13.700000,13.100000,13.500000,13.500000,1480
2013-08-30,13.650000,13.750000,13.150000,13.300000,13.300000,320
2013-09-03,13.150000,13.300000,13.100000,13.250000,13.250000,5720
2013-09-04,13.100000,13.650000,13.000000,13.500000,13.500000,3740
2013-09-05,13.600000,13.950000,13.600000,13.900000,13.900000,3720
2013-09-06,14.150000,14.150000,13.400000,13.400000,13.400000,1040
2013-09-09,13.550000,14.100000,13.550000,13.650000,13.650000,10980
2013-09-10,13.700000,14.300000,13.700000,14.150000,14.150000,7380
2013-09-11,14.100000,14.900000,14.100000,14.450000,14.450000,2460
2013-09-12,14.450000,14.500000,14.200000,14.500000,14.500000,6020
2013-09-13,14.200000,14.350000,14.050000,14.300000,14.300000,860
2013-09-16,14.250000,14.500000,14.000000,14.250000,14.250000,1560
2013-09-17,14.150000,14.400000,14.100000,14.100000,14.100000,2540
2013-09-18,13.800000,14.200000,13.500000,13.600000,13.600000,5240
2013-09-19,13.750000,14.500000,13.750000,14.350000,14.350000,4900
2013-09-20,14.250000,14.300000,14.200000,14.300000,14.300000,720
2013-09-23,14.300000,14.300000,14.300000,14.300000,14.300000,0
2013-09-24,14.250000,14.750000,14.250000,14.350000,14.350000,5780
2013-09-25,14.350000,14.750000,14.350000,14.750000,14.750000,4980
2013-09-26,13.950000,14.700000,13.950000,14.500000,14.500000,480
2013-09-27,14.250000,14.650000,13.700000,14.450000,14.450000,2220
2013-09-30,14.250000,14.750000,14.250000,14.750000,14.750000,5480
2013-10-01,14.500000,15.000000,14.250000,14.900000,14.900000,3140
2013-10-02,14.950000,14.950000,14.500000,14.900000,14.900000,800
2013-10-03,14.900000,14.950000,14.250000,14.750000,14.750000,7480
2013-10-04,14.850000,14.900000,14.600000,14.850000,14.850000,1520
2013-10-07,14.700000,14.800000,14.400000,14.650000,14.650000,1280
2013-10-08,14.500000,14.750000,14.450000,14.650000,14.650000,660
2013-10-09,14.400000,14.750000,14.400000,14.750000,14.750000,120
2013-10-10,15.000000,15.350000,14.750000,15.300000,15.300000,7920
2013-10-11,15.250000,15.250000,15.000000,15.250000,15.250000,3640
2013-10-14,15.050000,15.600000,14.950000,15.600000,15.600000,1980
2013-10-15,15.500000,15.650000,15.400000,15.600000,15.600000,420
2013-10-16,15.600000,15.750000,15.450000,15.700000,15.700000,1020
2013-10-17,15.800000,15.800000,15.150000,15.450000,15.450000,3240
2013-10-18,15.350000,15.350000,14.250000,14.600000,14.600000,7380
2013-10-21,14.850000,15.800000,14.500000,14.650000,14.650000,1200
2013-10-22,14.850000,14.850000,14.250000,14.700000,14.700000,5960
2013-10-23,14.750000,14.750000,14.250000,14.350000,14.350000,2820
2013-10-24,14.000000,14.600000,14.000000,14.450000,14.450000,1800
2013-10-25,14.650000,14.850000,14.500000,14.750000,14.750000,2700
2013-10-28,14.850000,14.850000,14.300000,14.500000,14.500000,1180
2013-10-29,14.550000,14.750000,14.350000,14.600000,14.600000,2560
2013-10-30,14.500000,14.750000,14.350000,14.750000,14.750000,4520
2013-10-31,14.750000,14.850000,14.300000,14.550000,14.550000,1780
2013-11-01,14.450000,14.750000,14.350000,14.700000,14.700000,2180
2013-11-04,14.800000,14.950000,14.700000,14.750000,14.750000,11940
2013-11-05,16.650000,18.350000,15.250000,18.150000,18.150000,83560
2013-11-06,18.049999,18.049999,16.650000,16.750000,16.750000,27120
2013-11-07,16.750000,17.299999,15.750000,16.700001,16.700001,13020
2013-11-08,16.750000,16.950001,16.650000,16.799999,16.799999,4760
2013-11-11,16.950001,16.950001,16.500000,16.750000,16.750000,9820
2013-11-12,16.750000,16.750000,16.299999,16.750000,16.750000,820
2013-11-13,16.600000,17.700001,16.200001,17.549999,17.549999,15880
2013-11-14,17.450001,17.500000,17.200001,17.350000,17.350000,5740
2013-11-15,17.000000,17.450001,16.700001,17.100000,17.100000,8680
2013-11-18,17.100000,17.450001,16.700001,17.100000,17.100000,6820
2013-11-19,16.900000,17.200001,16.299999,16.350000,16.350000,6460
2013-11-20,16.400000,16.549999,16.250000,16.450001,16.450001,9940
2013-11-21,16.500000,17.000000,16.250000,16.799999,16.799999,1360
2013-11-22,16.799999,16.950001,16.500000,16.900000,16.900000,1560
2013-11-25,17.100000,18.250000,16.750000,17.000000,17.000000,20580
2013-11-26,17.000000,17.650000,16.250000,16.750000,16.750000,11580
2013-11-27,16.500000,16.750000,16.250000,16.500000,16.500000,2660
2013-11-29,16.500000,16.700001,16.500000,16.700001,16.700001,700
2013-12-02,16.700001,17.150000,16.700001,17.000000,17.000000,2800
2013-12-03,16.700001,17.450001,16.500000,16.950001,16.950001,3440
2013-12-04,16.750000,16.750000,16.299999,16.500000,16.500000,1420
2013-12-05,16.450001,16.900000,16.299999,16.700001,16.700001,2700
2013-12-06,17.000000,17.000000,16.350000,16.850000,16.850000,820
2013-12-09,16.850000,16.850000,16.250000,16.400000,16.400000,2400
2013-12-10,16.250000,16.650000,16.000000,16.150000,16.150000,2800
2013-12-11,16.350000,16.400000,15.750000,16.049999,16.049999,4460
2013-12-12,16.100000,16.250000,15.700000,16.200001,16.200001,840
2013-12-13,16.049999,16.049999,15.600000,15.950000,15.950000,1680
2013-12-16,15.800000,15.950000,15.250000,15.650000,15.650000,5260
2013-12-17,15.450000,15.850000,15.250000,15.350000,15.350000,3400
2013-12-18,15.550000,15.750000,14.500000,15.200000,15.200000,15120
2013-12-19,14.950000,15.100000,14.500000,14.600000,14.600000,3180
2013-12-20,14.550000,15.200000,14.250000,14.950000,14.950000,3940
2013-12-23,14.950000,14.950000,14.000000,14.300000,14.300000,5300
2013-12-24,14.500000,14.500000,14.450000,14.450000,14.450000,1740
2013-12-26,14.400000,14.500000,14.000000,14.400000,14.400000,4580
2013-12-27,14.300000,14.900000,14.200000,14.500000,14.500000,2500
2013-12-30,14.350000,14.600000,13.550000,14.000000,14.000000,8220
2013-12-31,13.900000,14.350000,13.750000,14.350000,14.350000,5920
2014-01-02,14.350000,14.650000,14.100000,14.500000,14.500000,1880
2014-01-03,14.250000,14.750000,14.250000,14.700000,14.700000,2000
2014-01-06,14.500000,14.650000,14.400000,14.650000,14.650000,320
2014-01-07,14.500000,14.800000,14.300000,14.750000,14.750000,5300
2014-01-08,14.800000,14.800000,14.300000,14.800000,14.800000,300
2014-01-09,14.550000,14.800000,14.200000,14.300000,14.300000,1880
2014-01-10,14.500000,14.850000,14.500000,14.550000,14.550000,1500
2014-01-13,15.000000,15.150000,14.700000,15.000000,15.000000,3260
2014-01-14,15.100000,15.100000,14.650000,14.900000,14.900000,1180
2014-01-15,14.800000,15.100000,14.800000,14.950000,14.950000,1440
2014-01-16,14.750000,15.750000,14.750000,15.750000,15.750000,5340
2014-01-17,15.750000,15.950000,15.400000,15.950000,15.950000,4880
2014-01-21,16.049999,16.049999,15.500000,15.750000,15.750000,4300
2014-01-22,15.850000,16.200001,15.800000,15.800000,15.800000,1720
2014-01-23,16.000000,16.150000,15.800000,16.049999,16.049999,900
2014-01-24,16.100000,16.100000,15.500000,15.700000,15.700000,6160
2014-01-27,15.800000,16.100000,15.800000,15.800000,15.800000,1260
2014-01-28,16.049999,17.100000,16.049999,16.299999,16.299999,1000
2014-01-29,16.750000,16.750000,15.950000,16.600000,16.600000,1820
2014-01-30,16.400000,16.500000,15.850000,16.450001,16.450001,560
2014-01-31,16.700001,16.700001,16.250000,16.450001,16.450001,360
2014-02-03,16.299999,16.650000,15.850000,15.850000,15.850000,740
2014-02-04,16.049999,16.450001,15.850000,15.850000,15.850000,2060
2014-02-05,15.900000,16.000000,15.500000,15.700000,15.700000,1660
2014-02-06,15.800000,16.250000,15.800000,16.000000,16.000000,1060
2014-02-07,16.000000,16.150000,16.000000,16.150000,16.150000,1120
2014-02-10,16.250000,16.600000,16.100000,16.250000,16.250000,6320
2014-02-11,16.250000,16.700001,16.250000,16.299999,16.299999,1120
2014-02-12,16.450001,16.450001,16.299999,16.299999,16.299999,280
2014-02-13,16.400000,16.400000,16.400000,16.400000,16.400000,40
2014-02-14,16.500000,16.549999,16.250000,16.500000,16.500000,420
2014-02-18,16.500000,16.500000,16.250000,16.450001,16.450001,200
2014-02-19,16.450001,16.450001,16.299999,16.299999,16.299999,340
2014-02-20,16.500000,16.500000,16.350000,16.400000,16.400000,1520
2014-02-21,16.500000,16.500000,16.350000,16.450001,16.450001,1040
2014-02-24,16.450001,16.650000,16.299999,16.450001,16.450001,14680
2014-02-25,17.450001,17.950001,15.800000,15.900000,15.900000,27280
2014-02-26,15.600000,17.450001,15.000000,15.000000,15.000000,4120
2014-02-27,15.100000,15.100000,14.450000,14.500000,14.500000,11860
2014-02-28,14.350000,14.900000,13.400000,14.600000,14.600000,8580
2014-03-03,14.150000,14.800000,14.150000,14.450000,14.450000,4180
2014-03-04,14.350000,14.350000,13.800000,14.050000,14.050000,5080
2014-03-05,13.500000,14.500000,13.500000,14.500000,14.500000,2240
2014-03-06,14.800000,16.450001,14.550000,14.750000,14.750000,2920
2014-03-07,14.950000,14.950000,14.450000,14.450000,14.450000,1360
2014-03-10,14.500000,15.000000,14.000000,14.750000,14.750000,1900
2014-03-11,14.750000,14.750000,14.100000,14.400000,14.400000,3760
2014-03-12,14.450000,14.450000,13.550000,14.000000,14.000000,3000
2014-03-13,14.250000,14.450000,14.050000,14.150000,14.150000,1640
2014-03-14,14.350000,14.500000,13.850000,14.000000,14.000000,1760
2014-03-17,14.100000,14.600000,14.050000,14.600000,14.600000,2440
2014-03-18,14.500000,16.049999,14.350000,15.650000,15.650000,10840
2014-03-19,15.750000,15.750000,14.750000,15.500000,15.500000,10780
2014-03-20,15.500000,15.700000,14.650000,15.650000,15.650000,4600
2014-03-21,15.000000,16.250000,14.650000,16.250000,16.250000,17580
2014-03-24,16.500000,16.500000,15.750000,16.000000,16.000000,2780
2014-03-25,15.850000,15.850000,15.450000,15.500000,15.500000,940
2014-03-26,15.500000,15.600000,14.550000,15.400000,15.400000,3160
2014-03-27,14.500000,15.000000,14.500000,15.000000,15.000000,420
2014-03-28,15.200000,15.250000,14.700000,15.150000,15.150000,1920
2014-03-31,15.150000,15.150000,15.000000,15.150000,15.150000,220
2014-04-01,15.150000,15.150000,14.500000,14.500000,14.500000,2020
2014-04-02,14.850000,15.000000,14.850000,15.000000,15.000000,240
2014-04-03,14.550000,14.650000,14.250000,14.300000,14.300000,1840
2014-04-04,14.200000,14.350000,13.750000,14.150000,14.150000,3640
2014-04-07,14.150000,14.400000,13.700000,13.700000,13.700000,2980
2014-04-08,13.650000,13.750000,13.400000,13.600000,13.600000,4180
2014-04-09,14.000000,14.350000,14.000000,14.350000,14.350000,420
2014-04-10,14.050000,14.450000,14.000000,14.450000,14.450000,1040
2014-04-11,13.950000,14.550000,13.950000,14.550000,14.550000,10720
2014-04-14,14.250000,14.400000,14.000000,14.400000,14.400000,2220
2014-04-15,14.250000,14.250000,13.500000,13.550000,13.550000,1500
2014-04-16,13.750000,14.200000,13.750000,13.900000,13.900000,2020
2014-04-17,13.950000,14.250000,13.850000,13.950000,13.950000,140
2014-04-21,14.000000,14.350000,14.000000,14.350000,14.350000,180
2014-04-22,14.250000,14.250000,14.050000,14.200000,14.200000,780
2014-04-23,14.000000,14.000000,14.000000,14.000000,14.000000,540
2014-04-24,13.200000,14.000000,13.200000,13.750000,13.750000,7860
2014-04-25,13.500000,13.700000,13.400000,13.450000,13.450000,4420
2014-04-28,13.450000,13.800000,13.400000,13.650000,13.650000,2440
2014-04-29,13.750000,13.800000,13.150000,13.800000,13.800000,200
2014-04-30,13.950000,13.950000,13.400000,13.500000,13.500000,1620
2014-05-01,13.400000,13.500000,13.400000,13.400000,13.400000,1540
2014-05-02,13.600000,13.650000,13.400000,13.500000,13.500000,820
2014-05-05,13.700000,14.450000,13.400000,14.400000,14.400000,7680
2014-05-06,16.000000,19.200001,16.000000,18.500000,18.500000,201960
2014-05-07,17.500000,18.150000,16.250000,17.000000,17.000000,62320
2014-05-08,16.049999,17.900000,16.049999,17.350000,17.350000,10540
2014-05-09,17.049999,17.049999,16.549999,16.799999,16.799999,6260
2014-05-12,17.000000,18.350000,16.750000,16.950001,16.950001,31860
2014-05-13,17.549999,17.650000,17.000000,17.250000,17.250000,10720
2014-05-14,17.299999,17.500000,16.900000,17.100000,17.100000,6820
2014-05-15,17.200001,17.200001,16.799999,17.000000,17.000000,5940
2014-05-16,16.900000,16.900000,16.750000,16.850000,16.850000,1660
2014-05-19,16.850000,17.850000,16.750000,17.250000,17.250000,6680
2014-05-20,17.000000,17.650000,17.000000,17.450001,17.450001,4520
2014-05-21,17.250000,17.400000,16.950001,17.400000,17.400000,1800
2014-05-22,17.400000,17.450001,17.150000,17.350000,17.350000,160
2014-05-23,17.450001,17.450001,16.799999,16.950001,16.950001,560
2014-05-27,17.450001,18.600000,17.450001,18.450001,18.450001,22680
2014-05-28,18.150000,18.700001,18.000000,18.450001,18.450001,3720
2014-05-29,18.549999,18.600000,17.900000,18.500000,18.500000,5420
2014-05-30,18.500000,20.150000,18.350000,19.400000,19.400000,22660
2014-06-02,19.799999,21.650000,19.799999,20.950001,20.950001,31800
2014-06-03,21.250000,21.250000,20.200001,20.500000,20.500000,11720
2014-06-04,20.850000,20.850000,20.500000,20.500000,20.500000,5020
2014-06-05,20.500000,20.650000,20.100000,20.500000,20.500000,3280
2014-06-06,20.600000,20.600000,20.000000,20.250000,20.250000,8640
2014-06-09,20.450001,21.000000,20.250000,21.000000,21.000000,7400
2014-06-10,21.000000,21.000000,20.549999,20.900000,20.900000,5260
2014-06-11,20.850000,20.900000,20.549999,20.600000,20.600000,7720
2014-06-12,20.700001,20.850000,20.600000,20.799999,20.799999,6860
2014-06-13,20.850000,20.850000,20.299999,20.400000,20.400000,5340
2014-06-16,20.250000,20.350000,20.000000,20.350000,20.350000,6000
2014-06-17,20.500000,20.500000,19.299999,20.049999,20.049999,5020
2014-06-18,19.650000,19.950001,19.350000,19.850000,19.850000,4020
2014-06-19,19.700001,19.950001,19.450001,19.950001,19.950001,1620
2014-06-20,19.650000,20.250000,19.650000,20.200001,20.200001,6320
2014-06-23,20.049999,20.299999,19.950001,20.200001,20.200001,1920
2014-06-24,20.049999,20.250000,20.049999,20.100000,20.100000,1720
2014-06-25,20.049999,20.250000,19.950001,20.200001,20.200001,2360
2014-06-26,20.200001,20.200001,20.100000,20.200001,20.200001,1980
2014-06-27,20.200001,20.200001,19.950001,20.200001,20.200001,2100
2014-06-30,20.150000,20.150000,19.750000,19.950001,19.950001,2420
2014-07-01,19.900000,20.200001,19.750000,20.100000,20.100000,4540
2014-07-02,20.100000,20.350000,20.100000,20.200001,20.200001,1780
2014-07-03,20.049999,20.250000,20.000000,20.000000,20.000000,6140
2014-07-07,19.900000,20.250000,19.750000,19.750000,19.750000,5600
2014-07-08,19.950001,19.950001,18.299999,19.100000,19.100000,12980
2014-07-09,18.900000,19.600000,18.900000,19.500000,19.500000,2960
2014-07-10,19.700001,19.900000,19.150000,19.299999,19.299999,2380
2014-07-11,19.250000,19.250000,18.950001,19.250000,19.250000,240
2014-07-14,18.900000,20.150000,18.850000,19.950001,19.950001,2200
2014-07-15,19.500000,19.600000,19.049999,19.100000,19.100000,1700
2014-07-16,19.100000,19.700001,19.100000,19.549999,19.549999,520
2014-07-17,18.950001,19.650000,18.950001,19.600000,19.600000,900
2014-07-18,19.500000,19.950001,19.500000,19.900000,19.900000,2840
2014-07-21,19.750000,20.150000,19.350000,19.600000,19.600000,11000
2014-07-22,20.100000,20.200001,19.799999,20.150000,20.150000,5340
2014-07-23,20.299999,20.750000,20.250000,20.750000,20.750000,5440
2014-07-24,20.799999,21.000000,20.350000,20.950001,20.950001,7940
2014-07-25,20.799999,22.100000,20.600000,21.150000,21.150000,7240
2014-07-28,21.350000,21.650000,19.900000,20.850000,20.850000,16580
2014-07-29,20.600000,21.000000,20.500000,20.500000,20.500000,1220
2014-07-30,20.700001,20.700001,20.150000,20.400000,20.400000,1120
2014-07-31,20.299999,21.400000,20.049999,20.200001,20.200001,7600
2014-08-01,20.450001,20.450001,19.950001,20.049999,20.049999,5400
2014-08-04,19.799999,21.450001,19.799999,20.000000,20.000000,3200
2014-08-05,20.100000,20.350000,19.750000,19.900000,19.900000,6200
2014-08-06,20.000000,20.900000,20.000000,20.500000,20.500000,11660
2014-08-07,17.500000,17.549999,14.900000,14.950000,14.950000,58540
2014-08-08,14.950000,15.100000,14.500000,14.500000,14.500000,43020
2014-08-11,14.950000,15.600000,14.850000,15.200000,15.200000,27880
2014-08-12,15.350000,15.900000,15.050000,15.450000,15.450000,28440
2014-08-13,15.750000,15.750000,15.350000,15.450000,15.450000,8780
2014-08-14,15.350000,15.550000,15.250000,15.550000,15.550000,5320
2014-08-15,15.300000,15.400000,15.000000,15.350000,15.350000,2820
2014-08-18,15.500000,15.500000,15.000000,15.100000,15.100000,7520
2014-08-19,14.950000,15.400000,14.700000,15.000000,15.000000,3400
2014-08-20,15.150000,15.450000,15.050000,15.250000,15.250000,2180
2014-08-21,15.350000,15.500000,15.200000,15.300000,15.300000,5080
2014-08-22,15.500000,15.650000,15.350000,15.400000,15.400000,7820
2014-08-25,15.450000,15.750000,15.450000,15.500000,15.500000,3600
2014-08-26,15.650000,15.800000,15.450000,15.700000,15.700000,1760
2014-08-27,15.700000,15.700000,15.550000,15.700000,15.700000,280
2014-08-28,15.500000,15.650000,15.500000,15.650000,15.650000,5760
2014-08-29,15.650000,15.700000,15.400000,15.650000,15.650000,7460
2014-09-02,15.500000,15.800000,15.500000,15.600000,15.600000,5780
2014-09-03,15.650000,15.650000,15.450000,15.550000,15.550000,3300
2014-09-04,15.350000,15.650000,15.300000,15.550000,15.550000,2740
2014-09-05,15.500000,15.600000,15.400000,15.550000,15.550000,1520
2014-09-08,15.200000,16.200001,15.200000,15.400000,15.400000,4240
2014-09-09,15.700000,16.200001,15.550000,15.650000,15.650000,2160
2014-09-10,15.800000,15.800000,15.600000,15.750000,15.750000,980
2014-09-11,15.550000,15.800000,15.450000,15.600000,15.600000,8660
2014-09-12,15.600000,16.200001,15.350000,15.500000,15.500000,1840
2014-09-15,15.250000,15.750000,15.250000,15.600000,15.600000,11840
2014-09-16,15.900000,15.900000,15.300000,15.400000,15.400000,3600
2014-09-17,15.400000,15.450000,15.200000,15.250000,15.250000,6440
2014-09-18,15.200000,15.250000,15.000000,15.100000,15.100000,3940
2014-09-19,14.700000,14.900000,14.500000,14.500000,14.500000,5100
2014-09-22,14.500000,14.900000,14.400000,14.450000,14.450000,5240
2014-09-23,14.650000,14.650000,13.950000,14.100000,14.100000,7240
2014-09-24,14.050000,14.450000,14.000000,14.050000,14.050000,5240
2014-09-25,13.950000,14.100000,13.950000,13.950000,13.950000,2760
2014-09-26,14.000000,14.750000,13.950000,14.150000,14.150000,1760
2014-09-29,14.250000,14.550000,14.250000,14.400000,14.400000,1620
2014-09-30,15.050000,15.050000,14.400000,14.750000,14.750000,1240
2014-10-01,14.850000,14.950000,14.600000,14.600000,14.600000,800
2014-10-02,14.450000,15.000000,14.300000,14.600000,14.600000,1280
2014-10-03,14.650000,14.900000,14.300000,14.600000,14.600000,3800
2014-10-06,14.600000,14.850000,14.500000,14.500000,14.500000,880
2014-10-07,14.300000,14.850000,14.300000,14.350000,14.350000,1920
2014-10-08,14.550000,14.550000,14.250000,14.400000,14.400000,2940
2014-10-09,14.250000,14.400000,14.250000,14.250000,14.250000,2260
2014-10-10,14.350000,14.400000,14.250000,14.250000,14.250000,3880
2014-10-13,14.250000,14.400000,13.500000,13.500000,13.500000,3940
2014-10-14,13.500000,13.650000,13.500000,13.500000,13.500000,2040
2014-10-15,13.500000,13.500000,13.000000,13.150000,13.150000,2760
2014-10-16,13.200000,14.100000,13.150000,13.900000,13.900000,1900
2014-10-17,14.300000,14.300000,13.900000,14.250000,14.250000,480
2014-10-20,14.050000,14.400000,13.900000,14.200000,14.200000,2080
2014-10-21,14.350000,15.300000,14.000000,14.500000,14.500000,1920
2014-10-22,14.750000,15.350000,13.850000,13.850000,13.850000,760
2014-10-23,14.000000,14.750000,13.750000,13.800000,13.800000,1440
2014-10-24,15.000000,15.000000,13.650000,13.750000,13.750000,2340
2014-10-27,13.750000,14.950000,13.550000,13.600000,13.600000,1500
2014-10-28,13.600000,14.250000,13.550000,14.200000,14.200000,1060
2014-10-29,14.050000,15.750000,14.050000,14.750000,14.750000,1080
2014-10-30,14.950000,14.950000,13.750000,14.650000,14.650000,1260
2014-10-31,15.050000,15.050000,13.900000,14.250000,14.250000,1160
2014-11-03,14.050000,15.100000,14.050000,14.750000,14.750000,1540
2014-11-04,13.500000,14.350000,13.300000,13.300000,13.300000,2600
2014-11-05,13.700000,14.300000,13.350000,13.800000,13.800000,8500
2014-11-06,14.000000,14.750000,14.000000,14.450000,14.450000,3560
2014-11-07,14.500000,14.700000,14.400000,14.450000,14.450000,2580
2014-11-10,14.500000,14.700000,14.400000,14.700000,14.700000,920
2014-11-11,14.700000,14.700000,13.900000,14.100000,14.100000,7560
2014-11-12,14.150000,14.150000,13.800000,14.150000,14.150000,1320
2014-11-13,14.200000,14.250000,14.150000,14.200000,14.200000,760
2014-11-14,14.550000,14.550000,14.150000,14.500000,14.500000,1000
2014-11-17,14.450000,14.650000,13.750000,13.800000,13.800000,560
2014-11-18,14.300000,14.500000,13.750000,13.900000,13.900000,1440
2014-11-19,13.800000,13.800000,13.750000,13.800000,13.800000,120
2014-11-20,14.200000,14.400000,13.700000,14.300000,14.300000,1460
2014-11-21,14.150000,14.250000,13.700000,13.800000,13.800000,460
2014-11-24,13.800000,14.400000,13.650000,13.750000,13.750000,1180
2014-11-25,13.500000,13.650000,13.500000,13.550000,13.550000,1280
2014-11-26,13.550000,14.200000,13.300000,13.500000,13.500000,940
2014-11-28,14.050000,14.150000,13.700000,13.950000,13.950000,1700
2014-12-01,13.750000,13.750000,13.300000,13.350000,13.350000,1020
2014-12-02,13.350000,13.850000,13.250000,13.250000,13.250000,720
2014-12-03,13.250000,13.600000,13.200000,13.350000,13.350000,2940
2014-12-04,13.500000,13.750000,13.500000,13.650000,13.650000,1560
2014-12-05,13.650000,13.700000,13.000000,13.450000,13.450000,3120
2014-12-08,13.550000,13.550000,13.000000,13.000000,13.000000,1000
2014-12-09,13.000000,13.350000,13.000000,13.000000,13.000000,1960
2014-12-10,13.000000,13.250000,13.000000,13.050000,13.050000,920
2014-12-11,13.000000,13.250000,13.000000,13.200000,13.200000,1360
2014-12-12,13.000000,13.050000,13.000000,13.000000,13.000000,3500
2014-12-15,13.000000,13.050000,12.800000,12.800000,12.800000,1840
2014-12-16,12.800000,12.850000,12.800000,12.850000,12.850000,1080
2014-12-17,12.800000,14.050000,12.800000,13.350000,13.350000,11440
2014-12-18,13.900000,14.500000,13.300000,14.000000,14.000000,76840
2014-12-19,13.800000,14.250000,13.100000,14.250000,14.250000,1500
2014-12-22,13.200000,13.850000,13.200000,13.750000,13.750000,940
2014-12-23,14.100000,14.400000,13.350000,13.450000,13.450000,1180
2014-12-24,13.400000,13.450000,13.250000,13.250000,13.250000,1120
2014-12-26,13.250000,14.250000,13.250000,13.650000,13.650000,2260
2014-12-29,13.550000,13.850000,13.000000,13.850000,13.850000,2480
2014-12-30,13.200000,13.850000,13.200000,13.800000,13.800000,2660
2014-12-31,13.850000,13.850000,13.350000,13.750000,13.750000,2580
2015-01-02,13.600000,13.850000,13.350000,13.350000,13.350000,520
2015-01-05,13.300000,13.950000,13.300000,13.900000,13.900000,740
2015-01-06,14.000000,14.200000,13.300000,13.300000,13.300000,30980
2015-01-07,13.900000,15.450000,13.900000,15.100000,15.100000,9120
2015-01-08,14.450000,15.150000,14.450000,15.150000,15.150000,4180
2015-01-09,15.100000,15.150000,14.750000,14.900000,14.900000,7680
2015-01-12,14.600000,15.000000,14.550000,15.000000,15.000000,300
2015-01-13,15.000000,15.000000,14.250000,14.550000,14.550000,1440
2015-01-14,14.700000,14.700000,14.250000,14.350000,14.350000,2400
2015-01-15,14.550000,14.550000,14.000000,14.000000,14.000000,51500
2015-01-16,14.000000,14.700000,13.900000,14.100000,14.100000,1160
2015-01-20,14.350000,14.650000,13.950000,14.200000,14.200000,1560
2015-01-21,14.300000,14.550000,14.300000,14.550000,14.550000,120
2015-01-22,14.700000,14.700000,14.050000,14.050000,14.050000,100
2015-01-23,14.050000,14.050000,13.900000,13.900000,13.900000,460
2015-01-26,14.000000,14.000000,12.800000,13.000000,13.000000,8080
2015-01-27,12.550000,13.500000,12.550000,13.350000,13.350000,3400
2015-01-28,13.000000,13.250000,13.000000,13.250000,13.250000,180
2015-01-29,12.950000,13.850000,12.700000,13.700000,13.700000,2740
2015-01-30,13.700000,13.700000,13.700000,13.700000,13.700000,0
2015-02-02,13.700000,13.700000,13.700000,13.700000,13.700000,0
2015-02-03,13.850000,14.700000,13.800000,14.400000,14.400000,1620
2015-02-04,14.700000,14.700000,14.250000,14.450000,14.450000,2060
2015-02-05,14.550000,14.950000,14.250000,14.800000,14.800000,500
2015-02-06,14.350000,14.950000,14.300000,14.800000,14.800000,4860
2015-02-09,14.550000,14.800000,14.500000,14.600000,14.600000,3240
2015-02-10,14.500000,14.900000,13.800000,14.550000,14.550000,2100
2015-02-11,14.850000,14.850000,14.850000,14.850000,14.850000,20
2015-02-12,14.000000,14.500000,12.050000,12.700000,12.700000,29500
2015-02-13,12.900000,13.350000,12.550000,12.650000,12.650000,6140
2015-02-17,12.950000,14.400000,12.800000,14.350000,14.350000,17140
2015-02-18,14.250000,14.250000,13.550000,13.800000,13.800000,2980
2015-02-19,14.100000,14.500000,13.900000,14.000000,14.000000,2280
2015-02-20,14.000000,14.450000,14.000000,14.100000,14.100000,1040
2015-02-23,13.850000,14.500000,13.650000,13.750000,13.750000,2380
2015-02-24,13.750000,13.750000,13.150000,13.500000,13.500000,4440
2015-02-25,13.600000,13.700000,13.300000,13.400000,13.400000,1040
2015-02-26,13.600000,13.700000,13.250000,13.300000,13.300000,1760
2015-02-27,13.250000,13.400000,13.050000,13.400000,13.400000,1740
2015-03-02,13.400000,13.800000,13.400000,13.500000,13.500000,4400
2015-03-03,13.700000,13.850000,13.650000,13.700000,13.700000,2320
2015-03-04,13.500000,13.900000,13.450000,13.550000,13.550000,1180
2015-03-05,14.000000,14.000000,13.950000,13.950000,13.950000,80
2015-03-06,13.700000,13.700000,13.400000,13.450000,13.450000,1440
2015-03-09,13.450000,13.450000,12.900000,13.050000,13.050000,4780
2015-03-10,12.750000,13.150000,12.650000,13.000000,13.000000,2740
2015-03-11,13.250000,13.600000,13.000000,13.100000,13.100000,980
2015-03-12,13.650000,13.650000,12.650000,12.700000,12.700000,2320
2015-03-13,12.850000,12.950000,12.700000,12.750000,12.750000,440
2015-03-16,12.600000,12.800000,12.600000,12.650000,12.650000,520
2015-03-17,12.650000,12.850000,12.650000,12.650000,12.650000,140
2015-03-18,12.600000,12.950000,12.600000,12.650000,12.650000,1220
2015-03-19,12.950000,12.950000,12.900000,12.900000,12.900000,400
2015-03-20,12.800000,13.400000,12.750000,13.400000,13.400000,1540
2015-03-23,13.150000,13.150000,12.800000,13.000000,13.000000,940
2015-03-24,13.050000,13.350000,12.850000,12.950000,12.950000,320
2015-03-25,12.950000,12.950000,12.700000,12.700000,12.700000,1420
2015-03-26,12.650000,12.950000,12.600000,12.600000,12.600000,320
2015-03-27,12.850000,13.250000,12.550000,12.700000,12.700000,1720
2015-03-30,13.000000,13.250000,12.600000,12.600000,12.600000,960
2015-03-31,12.250000,12.400000,10.250000,10.250000,10.250000,17440
2015-04-01,10.600000,10.650000,9.750000,9.800000,9.800000,7020
2015-04-02,10.000000,10.800000,10.000000,10.750000,10.750000,7620
2015-04-06,10.250000,10.850000,10.100000,10.200000,10.200000,4640
2015-04-07,10.000000,10.500000,10.000000,10.400000,10.400000,1400
2015-04-08,10.250000,10.400000,9.750000,9.800000,9.800000,2840
2015-04-09,9.750000,10.300000,9.750000,10.050000,10.050000,1300
2015-04-10,10.100000,10.250000,9.850000,10.000000,10.000000,2200
2015-04-13,9.800000,10.350000,9.800000,10.050000,10.050000,1380
2015-04-14,10.000000,10.000000,10.000000,10.000000,10.000000,180
2015-04-15,9.900000,10.350000,9.900000,10.100000,10.100000,980
2015-04-16,9.950000,10.300000,9.950000,10.250000,10.250000,420
2015-04-17,10.250000,10.350000,10.100000,10.150000,10.150000,7180
2015-04-20,10.250000,10.400000,10.200000,10.400000,10.400000,1480
2015-04-21,10.500000,10.500000,10.400000,10.450000,10.450000,320
2015-04-22,10.000000,10.200000,9.900000,10.100000,10.100000,3220
2015-04-23,10.100000,10.100000,10.100000,10.100000,10.100000,0
2015-04-24,10.350000,10.350000,10.150000,10.150000,10.150000,580
2015-04-27,10.000000,10.000000,9.800000,9.900000,9.900000,2420
2015-04-28,9.800000,10.300000,9.800000,9.900000,9.900000,1240
2015-04-29,10.100000,10.100000,9.800000,10.050000,10.050000,1100
2015-04-30,10.100000,10.100000,9.800000,9.800000,9.800000,140
2015-05-01,9.950000,10.150000,9.950000,10.000000,10.000000,200
2015-05-04,9.750000,10.000000,9.750000,10.000000,10.000000,120
2015-05-05,10.150000,10.150000,10.150000,10.150000,10.150000,80
2015-05-06,10.150000,10.150000,9.800000,9.800000,9.800000,1920
2015-05-07,9.900000,10.100000,9.850000,10.000000,10.000000,2760
2015-05-08,9.850000,10.000000,9.850000,10.000000,10.000000,520
2015-05-11,9.900000,9.900000,9.800000,9.800000,9.800000,840
2015-05-12,9.800000,9.800000,9.800000,9.800000,9.800000,200
2015-05-13,9.800000,10.000000,9.800000,9.850000,9.850000,220
2015-05-14,9.800000,10.000000,9.750000,9.750000,9.750000,440
2015-05-15,9.950000,9.950000,9.850000,9.850000,9.850000,300
2015-05-18,9.800000,9.900000,9.800000,9.900000,9.900000,480
2015-05-19,9.850000,9.850000,9.750000,9.750000,9.750000,600
2015-05-20,9.750000,9.750000,8.950000,8.950000,8.950000,14400
2015-05-21,8.750000,9.000000,8.550000,8.950000,8.950000,2500
2015-05-22,9.000000,9.000000,8.850000,8.900000,8.900000,1300
2015-05-26,9.400000,9.450000,8.500000,8.700000,8.700000,4860
2015-05-27,8.500000,10.000000,8.350000,9.950000,9.950000,9480
2015-05-28,10.450000,11.050000,10.200000,10.300000,10.300000,9100
2015-05-29,10.300000,10.750000,10.000000,10.700000,10.700000,1380
2015-06-01,9.700000,10.300000,9.700000,10.000000,10.000000,720
2015-06-02,10.000000,10.200000,9.900000,9.950000,9.950000,880
2015-06-03,9.500000,10.000000,9.450000,9.550000,9.550000,1760
2015-06-04,10.050000,10.100000,9.550000,9.700000,9.700000,3020
2015-06-05,10.000000,10.000000,9.700000,9.700000,9.700000,1220
2015-06-08,9.800000,9.800000,9.750000,9.750000,9.750000,260
2015-06-09,9.700000,10.000000,9.700000,9.750000,9.750000,3040
2015-06-10,9.750000,9.750000,9.650000,9.650000,9.650000,1540
2015-06-11,9.600000,9.600000,9.250000,9.250000,9.250000,2080
2015-06-12,9.350000,9.350000,9.250000,9.250000,9.250000,380
2015-06-15,9.250000,9.750000,9.200000,9.500000,9.500000,1200
2015-06-16,9.500000,9.500000,9.400000,9.400000,9.400000,1980
2015-06-17,9.400000,9.400000,9.350000,9.350000,9.350000,1540
2015-06-18,9.250000,9.500000,9.250000,9.450000,9.450000,2000
2015-06-19,9.300000,9.300000,9.250000,9.250000,9.250000,2200
2015-06-22,9.050000,10.000000,9.050000,9.350000,9.350000,560
2015-06-23,9.250000,10.000000,8.900000,9.350000,9.350000,2680
2015-06-24,9.450000,9.550000,9.450000,9.550000,9.550000,100
2015-06-25,9.300000,9.700000,9.300000,9.350000,9.350000,1440
2015-06-26,9.000000,9.400000,9.000000,9.050000,9.050000,560
2015-06-29,9.150000,9.150000,9.050000,9.100000,9.100000,400
2015-06-30,9.250000,9.450000,9.000000,9.150000,9.150000,1340
2015-07-01,9.250000,9.350000,9.250000,9.350000,9.350000,60
2015-07-02,9.450000,9.450000,9.450000,9.450000,9.450000,20
2015-07-06,9.200000,9.200000,9.000000,9.000000,9.000000,660
2015-07-07,9.200000,9.200000,9.050000,9.050000,9.050000,920
2015-07-08,9.050000,9.500000,9.000000,9.000000,9.000000,1900
2015-07-09,9.050000,9.050000,8.800000,8.800000,8.800000,1320
2015-07-10,8.800000,8.950000,8.750000,8.750000,8.750000,1400
2015-07-13,8.900000,9.450000,8.750000,9.350000,9.350000,820
2015-07-14,9.500000,9.500000,9.450000,9.450000,9.450000,120
2015-07-15,8.900000,9.350000,8.900000,9.350000,9.350000,200
2015-07-16,9.000000,9.050000,8.950000,8.950000,8.950000,580
2015-07-17,8.750000,9.300000,8.750000,9.300000,9.300000,220
2015-07-20,8.750000,8.850000,8.500000,8.550000,8.550000,740
2015-07-21,8.100000,8.400000,7.550000,7.550000,7.550000,900
2015-07-22,7.550000,7.550000,7.550000,7.550000,7.550000,0
2015-07-23,7.600000,7.600000,6.300000,7.500000,7.500000,660
2015-07-24,7.350000,8.400000,7.350000,8.400000,8.400000,3440
2015-07-27,8.400000,8.400000,7.500000,7.500000,7.500000,340
2015-07-28,7.750000,7.750000,7.500000,7.500000,7.500000,960
2015-07-29,7.500000,7.500000,7.050000,7.100000,7.100000,420
2015-07-30,7.250000,7.850000,7.250000,7.850000,7.850000,1060
2015-07-31,7.500000,7.500000,7.500000,7.500000,7.500000,2020
2015-08-03,7.500000,7.500000,7.500000,7.500000,7.500000,0
2015-08-04,7.200000,7.550000,7.150000,7.550000,7.550000,1360
2015-08-05,7.000000,7.000000,5.600000,6.600000,6.600000,2740
2015-08-06,6.500000,6.900000,6.450000,6.900000,6.900000,1540
2015-08-07,6.450000,7.100000,5.100000,6.450000,6.450000,1880
2015-08-10,6.750000,6.800000,6.750000,6.800000,6.800000,360
2015-08-11,6.800000,6.800000,6.800000,6.800000,6.800000,0
2015-08-12,6.250000,6.300000,5.800000,5.850000,5.850000,1100
2015-08-13,7.100000,7.800000,6.750000,6.850000,6.850000,6700
2015-08-14,6.000000,6.900000,6.000000,6.900000,6.900000,140
2015-08-17,6.600000,6.600000,6.150000,6.350000,6.350000,3600
2015-08-18,6.350000,6.500000,6.150000,6.300000,6.300000,2400
2015-08-19,6.250000,6.250000,6.250000,6.250000,6.250000,140
2015-08-20,6.500000,6.500000,6.250000,6.300000,6.300000,320
2015-08-21,6.750000,6.750000,5.850000,5.900000,5.900000,820
2015-08-24,6.750000,6.750000,5.850000,5.900000,5.900000,260
2015-08-25,6.400000,6.450000,5.550000,5.650000,5.650000,880
2015-08-26,5.750000,5.750000,5.750000,5.750000,5.750000,60
2015-08-27,5.750000,5.750000,5.750000,5.750000,5.750000,0
2015-08-28,6.150000,6.200000,6.150000,6.200000,6.200000,40
2015-08-31,6.000000,6.200000,5.800000,5.900000,5.900000,860
2015-09-01,6.800000,6.800000,5.600000,5.700000,5.700000,1460
2015-09-02,6.400000,6.950000,6.000000,6.600000,6.600000,2380
2015-09-03,6.050000,6.050000,5.400000,5.450000,5.450000,1680
2015-09-04,5.900000,6.200000,5.900000,6.200000,6.200000,560
2015-09-08,6.400000,6.400000,5.500000,5.850000,5.850000,2260
2015-09-09,5.800000,6.050000,5.800000,6.000000,6.000000,760
2015-09-10,6.000000,6.100000,5.750000,5.850000,5.850000,2040
2015-09-11,5.750000,6.250000,5.600000,5.700000,5.700000,1080
2015-09-14,5.550000,6.150000,5.550000,5.700000,5.700000,2220
2015-09-15,5.400000,6.300000,5.400000,5.600000,5.600000,1120
2015-09-16,5.200000,6.150000,5.150000,5.850000,5.850000,8040
2015-09-17,6.150000,6.450000,5.750000,5.950000,5.950000,4560
2015-09-18,5.750000,5.950000,5.700000,5.800000,5.800000,10620
2015-09-21,6.100000,6.100000,5.600000,5.600000,5.600000,200
2015-09-22,5.650000,5.900000,5.550000,5.550000,5.550000,440
2015-09-23,5.700000,5.750000,5.700000,5.700000,5.700000,940
2015-09-24,5.450000,5.750000,5.450000,5.750000,5.750000,1500
2015-09-25,5.700000,5.800000,5.500000,5.750000,5.750000,12560
2015-09-28,5.550000,5.850000,5.550000,5.550000,5.550000,2420
2015-09-29,5.600000,5.800000,5.600000,5.700000,5.700000,600
2015-09-30,5.600000,5.800000,5.600000,5.800000,5.800000,80
2015-10-01,5.550000,5.550000,5.200000,5.200000,5.200000,2040
2015-10-02,5.150000,5.250000,5.150000,5.200000,5.200000,8920
2015-10-05,5.200000,5.350000,4.650000,4.750000,4.750000,7260
2015-10-06,4.800000,5.250000,4.800000,5.000000,5.000000,4680
2015-10-07,5.200000,5.250000,5.050000,5.050000,5.050000,2340
2015-10-08,5.250000,5.250000,5.050000,5.050000,5.050000,160
2015-10-09,5.150000,5.250000,5.050000,5.050000,5.050000,540
2015-10-12,5.150000,5.200000,5.000000,5.200000,5.200000,1980
2015-10-13,5.200000,5.200000,5.050000,5.050000,5.050000,620
2015-10-14,5.000000,5.200000,5.000000,5.200000,5.200000,320
2015-10-15,5.000000,5.050000,4.800000,4.900000,4.900000,4300
2015-10-16,4.900000,5.150000,4.900000,5.150000,5.150000,320
2015-10-19,5.100000,5.150000,5.100000,5.150000,5.150000,80
2015-10-20,5.150000,5.150000,5.150000,5.150000,5.150000,0
2015-10-21,4.950000,4.950000,4.850000,4.850000,4.850000,240
2015-10-22,5.000000,5.000000,4.850000,4.950000,4.950000,2440
2015-10-23,4.950000,4.950000,4.900000,4.900000,4.900000,1840
2015-10-26,5.000000,5.000000,4.650000,4.650000,4.650000,440
2015-10-27,4.650000,4.650000,4.300000,4.350000,4.350000,4680
2015-10-28,4.350000,4.500000,4.250000,4.250000,4.250000,10900
2015-10-29,4.250000,4.400000,3.900000,3.900000,3.900000,16380
2015-10-30,4.100000,4.100000,3.750000,3.750000,3.750000,1760
2015-11-02,4.000000,4.000000,3.650000,3.650000,3.650000,3820
2015-11-03,3.900000,4.150000,3.900000,4.000000,4.000000,120
2015-11-04,4.150000,4.150000,4.050000,4.050000,4.050000,760
2015-11-05,4.150000,4.150000,4.000000,4.050000,4.050000,1840
2015-11-06,4.000000,4.150000,3.900000,3.950000,3.950000,1400
2015-11-09,4.050000,4.150000,4.050000,4.150000,4.150000,120
2015-11-10,4.000000,4.000000,3.900000,3.900000,3.900000,1920
2015-11-11,3.800000,3.950000,3.750000,3.750000,3.750000,120
2015-11-12,3.950000,3.950000,3.650000,3.650000,3.650000,60
2015-11-13,3.750000,3.750000,3.700000,3.750000,3.750000,5680
2015-11-16,3.750000,3.750000,3.700000,3.700000,3.700000,4720
2015-11-17,3.750000,3.750000,3.700000,3.700000,3.700000,700
2015-11-18,3.700000,3.750000,3.700000,3.700000,3.700000,540
2015-11-19,3.650000,3.650000,3.500000,3.550000,3.550000,1380
2015-11-20,3.050000,3.500000,3.000000,3.500000,3.500000,5180
2015-11-23,3.500000,3.500000,3.000000,3.050000,3.050000,9240
2015-11-24,3.300000,3.500000,3.000000,3.050000,3.050000,12720
2015-11-25,3.050000,3.100000,2.700000,3.100000,3.100000,9100
2015-11-27,2.850000,3.500000,2.850000,3.500000,3.500000,16160
2015-11-30,3.400000,3.450000,3.150000,3.200000,3.200000,3280
2015-12-01,3.200000,3.600000,3.200000,3.600000,3.600000,16240
2015-12-02,3.900000,4.350000,3.850000,4.050000,4.050000,6360
2015-12-03,4.250000,7.350000,4.150000,5.400000,5.400000,75340
2015-12-04,5.950000,5.950000,4.950000,5.450000,5.450000,8380
2015-12-07,5.250000,5.650000,5.250000,5.350000,5.350000,4420
2015-12-08,5.400000,5.450000,5.300000,5.350000,5.350000,2900
2015-12-09,5.450000,5.700000,5.350000,5.450000,5.450000,3800
2015-12-10,5.500000,5.900000,5.400000,5.650000,5.650000,2720
2015-12-11,5.700000,6.100000,5.600000,5.600000,5.600000,2100
2015-12-14,6.050000,6.100000,5.600000,6.050000,6.050000,4740
2015-12-15,5.500000,6.050000,5.500000,5.750000,5.750000,1380
2015-12-16,5.700000,6.100000,5.550000,5.850000,5.850000,900
2015-12-17,6.250000,6.250000,5.550000,5.600000,5.600000,2360
2015-12-18,5.500000,5.750000,5.500000,5.500000,5.500000,1880
2015-12-21,5.500000,6.300000,5.500000,6.250000,6.250000,6960
2015-12-22,5.700000,6.150000,5.550000,6.150000,6.150000,1240
2015-12-23,5.800000,5.900000,5.750000,5.750000,5.750000,360
2015-12-24,5.600000,5.950000,5.450000,5.550000,5.550000,2640
2015-12-28,5.550000,6.050000,5.550000,5.600000,5.600000,620
2015-12-29,5.850000,6.050000,5.500000,6.050000,6.050000,1880
2015-12-30,5.750000,5.950000,5.500000,5.500000,5.500000,240
2015-12-31,5.500000,5.800000,5.000000,5.250000,5.250000,7080
2016-01-04,5.100000,5.250000,4.850000,5.150000,5.150000,1220
2016-01-05,5.100000,5.100000,4.900000,4.900000,4.900000,40
2016-01-06,5.150000,5.150000,4.850000,4.850000,4.850000,80
2016-01-07,4.850000,4.900000,4.650000,4.650000,4.650000,2200
2016-01-08,4.900000,5.100000,4.650000,4.950000,4.950000,1560
2016-01-11,4.950000,4.950000,4.950000,4.950000,4.950000,0
2016-01-12,4.650000,4.900000,4.650000,4.900000,4.900000,10640
2016-01-13,4.600000,4.600000,4.500000,4.500000,4.500000,780
2016-01-14,4.050000,4.250000,4.050000,4.050000,4.050000,2000
2016-01-15,4.050000,4.050000,3.750000,3.750000,3.750000,1120
2016-01-19,3.750000,3.950000,3.600000,3.900000,3.900000,5540
2016-01-20,4.350000,4.350000,3.600000,4.100000,4.100000,200
2016-01-21,4.150000,4.300000,4.150000,4.300000,4.300000,540
2016-01-22,4.300000,4.300000,4.200000,4.200000,4.200000,100
2016-01-25,4.250000,4.500000,4.200000,4.350000,4.350000,600
2016-01-26,4.450000,4.450000,4.450000,4.450000,4.450000,80
2016-01-27,4.450000,4.450000,4.450000,4.450000,4.450000,140
2016-01-28,4.200000,4.200000,4.050000,4.150000,4.150000,220
2016-01-29,4.100000,4.350000,4.100000,4.350000,4.350000,1720
2016-02-01,4.350000,4.350000,4.200000,4.200000,4.200000,920
2016-02-02,4.250000,4.700000,4.100000,4.700000,4.700000,5100
2016-02-03,4.800000,4.850000,4.300000,4.550000,4.550000,1600
2016-02-04,4.500000,4.650000,4.500000,4.650000,4.650000,80
2016-02-05,4.550000,4.550000,4.550000,4.550000,4.550000,40
2016-02-08,4.500000,4.550000,4.150000,4.400000,4.400000,2260
2016-02-09,4.150000,4.150000,4.000000,4.050000,4.050000,5040
2016-02-10,4.300000,4.300000,3.250000,3.400000,3.400000,4600
2016-02-11,3.600000,3.600000,3.350000,3.400000,3.400000,6660
2016-02-12,3.700000,4.600000,3.300000,4.050000,4.050000,21020
2016-02-16,4.050000,4.150000,3.700000,4.100000,4.100000,1100
2016-02-17,4.900000,4.900000,4.000000,4.350000,4.350000,480
2016-02-18,4.450000,4.550000,4.450000,4.450000,4.450000,540
2016-02-19,3.700000,4.300000,3.700000,4.300000,4.300000,280
2016-02-22,4.350000,4.350000,4.350000,4.350000,4.350000,440
2016-02-23,3.800000,3.900000,3.800000,3.900000,3.900000,740
2016-02-24,4.000000,4.000000,4.000000,4.000000,4.000000,260
2016-02-25,4.300000,4.350000,4.300000,4.300000,4.300000,1580
2016-02-26,4.300000,4.300000,4.300000,4.300000,4.300000,0
2016-02-29,4.650000,4.650000,4.150000,4.150000,4.150000,1860
2016-03-01,3.950000,3.950000,3.950000,3.950000,3.950000,240
2016-03-02,3.950000,3.950000,3.950000,3.950000,3.950000,0
2016-03-03,4.500000,4.500000,3.900000,4.150000,4.150000,340
2016-03-04,3.950000,4.550000,3.750000,4.450000,4.450000,5460
2016-03-07,4.500000,4.550000,4.300000,4.300000,4.300000,1520
2016-03-08,4.700000,4.700000,4.250000,4.450000,4.450000,360
2016-03-09,4.550000,4.800000,4.500000,4.800000,4.800000,6120
2016-03-10,4.750000,4.750000,4.050000,4.100000,4.100000,5400
2016-03-11,4.950000,4.950000,4.500000,4.500000,4.500000,460
2016-03-14,4.500000,5.150000,4.400000,5.100000,5.100000,1560
2016-03-15,5.100000,5.100000,5.100000,5.100000,5.100000,220
2016-03-16,4.550000,4.800000,4.550000,4.800000,4.800000,280
2016-03-17,5.050000,5.250000,5.050000,5.100000,5.100000,1120
2016-03-18,5.100000,5.200000,5.100000,5.150000,5.150000,1080
2016-03-21,5.000000,5.000000,5.000000,5.000000,5.000000,80
2016-03-22,5.000000,5.000000,5.000000,5.000000,5.000000,0
2016-03-23,4.650000,5.200000,4.350000,5.200000,5.200000,720
2016-03-24,5.200000,5.300000,4.150000,5.300000,5.300000,6860
2016-03-28,5.450000,5.450000,5.150000,5.450000,5.450000,1440
2016-03-29,5.450000,5.450000,5.450000,5.450000,5.450000,80
2016-03-30,5.500000,5.750000,5.200000,5.700000,5.700000,820
2016-03-31,5.750000,6.150000,5.750000,5.900000,5.900000,18780
2016-04-01,6.000000,6.100000,5.850000,5.850000,5.850000,2440
2016-04-04,5.850000,5.850000,4.600000,4.650000,4.650000,21100
2016-04-05,4.900000,4.900000,4.850000,4.850000,4.850000,440
2016-04-06,5.000000,5.250000,5.000000,5.250000,5.250000,5340
2016-04-07,5.250000,5.350000,5.250000,5.300000,5.300000,1040
2016-04-08,5.300000,5.850000,5.300000,5.750000,5.750000,1800
2016-04-11,5.750000,6.050000,5.500000,5.600000,5.600000,10620
2016-04-12,5.750000,5.750000,5.500000,5.500000,5.500000,7280
2016-04-13,5.600000,6.100000,5.400000,5.650000,5.650000,3220
2016-04-14,5.800000,5.800000,5.150000,5.350000,5.350000,9280
2016-04-15,5.200000,5.900000,5.200000,5.500000,5.500000,1560
2016-04-18,5.550000,5.900000,5.250000,5.500000,5.500000,1320
2016-04-19,5.800000,5.800000,5.500000,5.650000,5.650000,120
2016-04-20,5.750000,5.950000,5.500000,5.900000,5.900000,3500
2016-04-21,5.900000,6.300000,5.550000,6.250000,6.250000,9800
2016-04-22,6.300000,6.350000,6.150000,6.300000,6.300000,3600
2016-04-25,6.350000,7.250000,6.350000,7.050000,7.050000,19860
2016-04-26,7.200000,7.250000,7.000000,7.200000,7.200000,4020
2016-04-27,7.100000,7.250000,6.150000,6.400000,6.400000,6380
2016-04-28,6.250000,7.000000,6.250000,6.950000,6.950000,1940
2016-04-29,6.750000,6.900000,6.550000,6.750000,6.750000,720
2016-05-02,6.750000,7.000000,6.750000,6.850000,6.850000,1300
2016-05-03,6.850000,7.000000,6.500000,6.650000,6.650000,2400
2016-05-04,6.550000,9.000000,6.400000,9.000000,9.000000,30980
2016-05-05,8.000000,8.000000,7.000000,7.150000,7.150000,9260
2016-05-06,7.050000,7.550000,7.050000,7.250000,7.250000,1800
2016-05-09,7.200000,7.850000,6.250000,6.450000,6.450000,7420
2016-05-10,6.550000,6.750000,6.550000,6.650000,6.650000,6760
2016-05-11,6.800000,6.900000,6.600000,6.800000,6.800000,1580
2016-05-12,6.800000,6.800000,6.000000,6.550000,6.550000,1860
2016-05-13,6.600000,6.800000,6.200000,6.200000,6.200000,1160
2016-05-16,6.200000,6.600000,6.200000,6.400000,6.400000,480
2016-05-17,6.200000,6.400000,6.100000,6.100000,6.100000,10020
2016-05-18,6.100000,6.600000,6.050000,6.050000,6.050000,3420
2016-05-19,6.100000,6.450000,6.050000,6.100000,6.100000,1320
2016-05-20,6.400000,6.400000,5.800000,5.800000,5.800000,4360
2016-05-23,5.900000,6.250000,5.900000,6.150000,6.150000,1080
2016-05-24,6.150000,6.300000,6.000000,6.250000,6.250000,1400
2016-05-25,6.200000,6.350000,6.200000,6.250000,6.250000,5260
2016-05-26,6.250000,6.350000,6.250000,6.350000,6.350000,1800
2016-05-27,6.400000,6.450000,6.050000,6.300000,6.300000,980
2016-05-31,6.350000,7.400000,6.350000,6.500000,6.500000,380
2016-06-01,6.900000,6.900000,6.150000,6.150000,6.150000,1880
2016-06-02,6.450000,6.550000,6.100000,6.200000,6.200000,580
2016-06-03,6.200000,6.200000,6.200000,6.200000,6.200000,0
2016-06-06,6.200000,6.350000,6.050000,6.350000,6.350000,320
2016-06-07,6.350000,6.350000,6.350000,6.350000,6.350000,0
2016-06-08,6.500000,6.950000,6.000000,6.500000,6.500000,23080
2016-06-09,6.500000,6.700000,6.350000,6.500000,6.500000,2940
2016-06-10,6.500000,6.500000,6.500000,6.500000,6.500000,0
2016-06-13,6.300000,6.500000,6.300000,6.500000,6.500000,440
2016-06-14,6.500000,6.500000,6.500000,6.500000,6.500000,0
2016-06-15,6.700000,6.750000,6.100000,6.100000,6.100000,2080
2016-06-16,6.300000,6.300000,6.300000,6.300000,6.300000,900
2016-06-17,6.200000,6.200000,6.200000,6.200000,6.200000,60
2016-06-20,6.200000,6.600000,6.100000,6.150000,6.150000,2000
2016-06-21,6.150000,6.150000,6.100000,6.100000,6.100000,640
2016-06-22,6.200000,6.200000,6.100000,6.100000,6.100000,800
2016-06-23,6.500000,6.500000,6.500000,6.500000,6.500000,20
2016-06-24,6.400000,6.400000,6.100000,6.150000,6.150000,180
2016-06-27,6.000000,6.150000,6.000000,6.150000,6.150000,880
2016-06-28,5.800000,6.100000,5.800000,5.800000,5.800000,240
2016-06-29,6.050000,6.050000,5.800000,5.800000,5.800000,220
2016-06-30,6.150000,6.150000,5.800000,5.800000,5.800000,140
2016-07-01,6.050000,6.150000,6.050000,6.050000,6.050000,1240
2016-07-05,6.100000,6.100000,5.900000,5.900000,5.900000,2200
2016-07-06,5.900000,6.150000,5.850000,6.000000,6.000000,5740
2016-07-07,6.000000,6.000000,5.950000,6.000000,6.000000,4600
2016-07-08,6.250000,6.400000,6.100000,6.350000,6.350000,5120
2016-07-11,6.350000,6.450000,5.700000,5.750000,5.750000,3260
2016-07-12,5.850000,6.300000,5.850000,6.100000,6.100000,3600
2016-07-13,6.150000,8.750000,6.150000,7.200000,7.200000,50640
2016-07-14,7.200000,7.850000,6.400000,6.900000,6.900000,5720
2016-07-15,6.900000,7.450000,6.450000,6.450000,6.450000,1720
2016-07-18,6.550000,6.850000,6.450000,6.450000,6.450000,2800
2016-07-19,7.000000,7.000000,6.700000,7.000000,7.000000,400
2016-07-20,6.700000,7.000000,6.400000,6.650000,6.650000,10180
2016-07-21,6.750000,6.950000,6.400000,6.550000,6.550000,660
2016-07-22,6.450000,6.850000,6.450000,6.750000,6.750000,1320
2016-07-25,7.000000,7.000000,6.450000,6.900000,6.900000,320
2016-07-26,6.700000,6.700000,6.550000,6.700000,6.700000,420
2016-07-27,6.700000,7.550000,6.650000,7.550000,7.550000,2260
2016-07-28,7.200000,7.750000,6.950000,6.950000,6.950000,2640
2016-07-29,7.050000,7.200000,7.050000,7.050000,7.050000,940
2016-08-01,7.050000,7.250000,7.050000,7.150000,7.150000,520
2016-08-02,7.150000,7.150000,7.150000,7.150000,7.150000,280
2016-08-03,7.300000,7.650000,7.150000,7.500000,7.500000,6220
2016-08-04,7.650000,7.700000,7.100000,7.100000,7.100000,2160
2016-08-05,7.150000,8.000000,6.650000,7.650000,7.650000,34420
2016-08-08,7.550000,8.250000,7.250000,7.400000,7.400000,18880
2016-08-09,7.450000,7.750000,7.100000,7.350000,7.350000,25600
2016-08-10,7.300000,7.300000,6.950000,7.150000,7.150000,6840
2016-08-11,7.300000,7.300000,7.000000,7.050000,7.050000,1620
2016-08-12,6.900000,7.350000,6.900000,7.350000,7.350000,1140
2016-08-15,7.150000,7.150000,6.800000,6.900000,6.900000,6280
2016-08-16,7.250000,7.300000,7.250000,7.300000,7.300000,80
2016-08-17,5.500000,5.650000,4.400000,5.600000,5.600000,83820
2016-08-18,5.650000,5.750000,5.200000,5.200000,5.200000,26440
2016-08-19,5.750000,5.750000,5.200000,5.200000,5.200000,10940
2016-08-22,5.200000,5.400000,5.100000,5.100000,5.100000,4380
2016-08-23,5.100000,5.300000,5.050000,5.050000,5.050000,5760
2016-08-24,5.250000,5.250000,5.000000,5.150000,5.150000,1500
2016-08-25,5.050000,5.300000,5.050000,5.250000,5.250000,1040
2016-08-26,5.100000,5.300000,5.050000,5.250000,5.250000,4400
2016-08-29,5.300000,5.300000,5.100000,5.250000,5.250000,2700
2016-08-30,5.200000,5.300000,5.150000,5.300000,5.300000,5320
2016-08-31,5.300000,5.400000,5.300000,5.400000,5.400000,1360
2016-09-01,5.300000,5.400000,5.300000,5.300000,5.300000,2660
2016-09-02,5.400000,5.450000,5.350000,5.350000,5.350000,780
2016-09-06,5.550000,5.600000,5.300000,5.450000,5.450000,2860
2016-09-07,5.600000,5.600000,5.450000,5.450000,5.450000,3020
2016-09-08,5.450000,5.450000,5.100000,5.200000,5.200000,4520
2016-09-09,5.150000,5.200000,5.100000,5.150000,5.150000,2020
2016-09-12,5.200000,5.200000,4.950000,5.000000,5.000000,5880
2016-09-13,5.150000,5.150000,4.900000,5.150000,5.150000,4480
2016-09-14,5.000000,5.150000,5.000000,5.150000,5.150000,80
2016-09-15,5.000000,5.000000,5.000000,5.000000,5.000000,500
2016-09-16,5.000000,5.050000,4.850000,5.000000,5.000000,2180
2016-09-19,5.000000,5.000000,4.900000,4.900000,4.900000,160
2016-09-20,4.900000,5.000000,4.750000,5.000000,5.000000,760
2016-09-21,5.000000,5.000000,4.900000,4.950000,4.950000,1560
2016-09-22,4.950000,4.950000,4.800000,4.800000,4.800000,320
2016-09-23,5.000000,5.000000,4.900000,4.900000,4.900000,160
2016-09-26,4.750000,4.900000,4.750000,4.750000,4.750000,1580
2016-09-27,4.750000,4.900000,4.750000,4.850000,4.850000,260
2016-09-28,4.900000,4.900000,4.750000,4.750000,4.750000,420
2016-09-29,4.750000,5.000000,4.750000,4.750000,4.750000,640
2016-09-30,4.800000,5.000000,4.750000,4.900000,4.900000,580
2016-10-03,5.000000,5.000000,4.800000,4.800000,4.800000,11720
2016-10-04,4.900000,4.900000,4.600000,4.600000,4.600000,3080
2016-10-05,4.700000,4.750000,4.600000,4.750000,4.750000,200
2016-10-06,4.650000,4.900000,4.650000,4.900000,4.900000,260
2016-10-07,4.900000,5.000000,4.850000,4.950000,4.950000,10340
2016-10-10,4.900000,4.950000,4.700000,4.950000,4.950000,980
2016-10-11,4.700000,4.700000,4.700000,4.700000,4.700000,20
2016-10-12,4.750000,4.750000,4.650000,4.650000,4.650000,800
2016-10-13,4.750000,4.750000,4.600000,4.650000,4.650000,300
2016-10-14,4.500000,4.500000,4.100000,4.250000,4.250000,7560
2016-10-17,4.250000,4.250000,4.250000,4.250000,4.250000,60
2016-10-18,4.200000,4.700000,4.200000,4.600000,4.600000,420
2016-10-19,4.750000,5.000000,4.750000,4.950000,4.950000,2460
2016-10-20,4.950000,4.950000,4.950000,4.950000,4.950000,20
2016-10-21,4.500000,4.950000,4.450000,4.950000,4.950000,700
2016-10-24,5.000000,5.000000,4.500000,4.500000,4.500000,900
2016-10-25,4.500000,4.650000,4.500000,4.600000,4.600000,3840
2016-10-26,4.600000,4.900000,4.600000,4.650000,4.650000,280
2016-10-27,4.400000,5.000000,4.400000,4.950000,4.950000,4100
2016-10-28,5.000000,5.000000,4.800000,4.950000,4.950000,440
2016-10-31,4.850000,4.850000,4.750000,4.750000,4.750000,220
2016-11-01,4.750000,4.850000,4.750000,4.850000,4.850000,900
2016-11-02,4.750000,4.750000,4.500000,4.700000,4.700000,1340
2016-11-03,4.650000,4.700000,4.650000,4.700000,4.700000,60
2016-11-04,4.800000,4.800000,4.800000,4.800000,4.800000,20
2016-11-07,4.800000,4.800000,4.700000,4.700000,4.700000,480
2016-11-08,4.750000,4.750000,4.650000,4.750000,4.750000,1240
2016-11-09,4.500000,4.500000,4.000000,4.200000,4.200000,6840
2016-11-10,4.500000,4.900000,4.400000,4.800000,4.800000,4340
2016-11-11,4.550000,4.900000,4.550000,4.900000,4.900000,1880
2016-11-14,4.800000,5.100000,4.800000,5.000000,5.000000,11120
2016-11-15,5.000000,8.450000,5.000000,5.950000,5.950000,101600
2016-11-16,5.750000,6.100000,4.850000,5.350000,5.350000,26200
2016-11-17,5.550000,5.750000,4.850000,5.050000,5.050000,24360
2016-11-18,5.300000,5.900000,5.300000,5.450000,5.450000,18740
2016-11-21,5.700000,5.700000,5.000000,5.500000,5.500000,7520
2016-11-22,5.750000,5.900000,5.050000,5.450000,5.450000,66460
2016-11-23,5.300000,5.450000,5.000000,5.000000,5.000000,4820
2016-11-25,5.150000,5.900000,5.150000,5.500000,5.500000,14800
2016-11-28,5.650000,6.500000,5.300000,5.400000,5.400000,87720
2016-11-29,5.250000,5.550000,5.100000,5.100000,5.100000,14060
2016-11-30,5.300000,5.400000,5.150000,5.300000,5.300000,13080
2016-12-01,5.400000,5.500000,5.200000,5.450000,5.450000,9820
2016-12-02,5.150000,5.600000,5.150000,5.200000,5.200000,6880
2016-12-05,5.250000,5.600000,5.200000,5.300000,5.300000,2760
2016-12-06,5.350000,5.850000,5.300000,5.650000,5.650000,22500
2016-12-07,5.700000,5.700000,5.250000,5.500000,5.500000,2960
2016-12-08,5.450000,5.600000,5.450000,5.450000,5.450000,4400
2016-12-09,5.450000,5.700000,5.450000,5.600000,5.600000,2860
2016-12-12,5.600000,5.600000,5.300000,5.350000,5.350000,3220
2016-12-13,5.600000,5.600000,5.300000,5.500000,5.500000,1920
2016-12-14,5.350000,5.500000,5.050000,5.050000,5.050000,9000
2016-12-15,5.050000,5.450000,5.000000,5.400000,5.400000,8040
2016-12-16,5.400000,5.400000,5.150000,5.150000,5.150000,740
2016-12-19,5.300000,5.350000,5.050000,5.350000,5.350000,6560
2016-12-20,5.050000,5.400000,5.050000,5.150000,5.150000,3260
2016-12-21,5.350000,5.350000,5.100000,5.100000,5.100000,280
2016-12-22,5.250000,5.300000,5.000000,5.300000,5.300000,3940
2016-12-23,5.250000,5.300000,5.000000,5.000000,5.000000,2920
2016-12-27,5.250000,5.400000,5.000000,5.400000,5.400000,6040
2016-12-28,5.350000,5.400000,5.050000,5.200000,5.200000,4020
2016-12-29,5.200000,5.600000,5.100000,5.250000,5.250000,8120
2016-12-30,5.250000,5.600000,5.050000,5.600000,5.600000,16860
2017-01-03,5.500000,6.000000,5.450000,5.550000,5.550000,19340
2017-01-04,5.650000,5.950000,5.350000,5.600000,5.600000,2000
2017-01-05,5.650000,5.650000,5.400000,5.500000,5.500000,720
2017-01-06,5.650000,5.650000,5.150000,5.550000,5.550000,12080
2017-01-09,5.300000,5.500000,5.150000,5.350000,5.350000,9020
2017-01-10,5.350000,5.850000,5.350000,5.450000,5.450000,12760
2017-01-11,5.400000,5.700000,5.400000,5.600000,5.600000,2080
2017-01-12,5.750000,5.750000,5.100000,5.450000,5.450000,9900
2017-01-13,5.600000,5.950000,5.250000,5.750000,5.750000,13020
2017-01-17,5.850000,7.000000,5.700000,5.850000,5.850000,37760
2017-01-18,6.000000,6.200000,5.150000,5.400000,5.400000,6340
2017-01-19,5.450000,5.750000,5.200000,5.550000,5.550000,8960
2017-01-20,5.500000,5.900000,5.500000,5.550000,5.550000,640
2017-01-23,5.600000,5.950000,5.600000,5.800000,5.800000,740
2017-01-24,5.950000,7.000000,5.900000,5.900000,5.900000,22420
2017-01-25,5.900000,6.100000,5.800000,5.800000,5.800000,4920
2017-01-26,5.800000,6.000000,5.500000,5.750000,5.750000,800
2017-01-27,5.800000,5.800000,5.600000,5.600000,5.600000,700
2017-01-30,5.750000,5.750000,5.500000,5.550000,5.550000,520
2017-01-31,5.450000,5.700000,5.450000,5.450000,5.450000,1040
2017-02-01,5.400000,5.650000,5.300000,5.300000,5.300000,4440
2017-02-02,5.500000,5.600000,5.300000,5.600000,5.600000,3800
2017-02-03,5.400000,5.750000,5.400000,5.650000,5.650000,720
2017-02-06,5.550000,5.550000,5.350000,5.350000,5.350000,3480
2017-02-07,5.500000,5.750000,5.200000,5.650000,5.650000,24580
2017-02-08,5.700000,5.900000,5.500000,5.650000,5.650000,12540
2017-02-09,5.800000,5.950000,5.650000,5.800000,5.800000,5980
2017-02-10,5.800000,6.100000,5.800000,6.100000,6.100000,18380
2017-02-13,6.100000,6.100000,5.550000,5.950000,5.950000,780
2017-02-14,6.050000,6.100000,5.950000,5.950000,5.950000,2500
2017-02-15,5.900000,6.200000,5.900000,6.050000,6.050000,2720
2017-02-16,5.900000,6.500000,5.550000,6.000000,6.000000,9100
2017-02-17,6.050000,6.350000,5.850000,6.250000,6.250000,13240
2017-02-21,6.200000,6.450000,6.050000,6.100000,6.100000,11980
2017-02-22,6.250000,6.400000,5.600000,5.750000,5.750000,17480
2017-02-23,5.700000,5.900000,5.400000,5.850000,5.850000,1360
2017-02-24,5.800000,5.800000,5.450000,5.500000,5.500000,13520
2017-02-27,5.550000,5.750000,5.550000,5.650000,5.650000,520
2017-02-28,5.500000,5.650000,5.300000,5.500000,5.500000,5880
2017-03-01,5.450000,6.000000,5.450000,5.900000,5.900000,3880
2017-03-02,5.750000,5.950000,5.500000,5.750000,5.750000,3280
2017-03-03,5.850000,5.950000,5.500000,5.550000,5.550000,5460
2017-03-06,5.500000,5.600000,5.500000,5.600000,5.600000,120
2017-03-07,5.500000,5.550000,5.450000,5.450000,5.450000,2340
2017-03-08,5.450000,5.450000,5.250000,5.350000,5.350000,4020
2017-03-09,5.300000,5.300000,5.100000,5.150000,5.150000,5580
2017-03-10,5.250000,5.400000,5.150000,5.200000,5.200000,5700
2017-03-13,5.000000,5.350000,5.000000,5.200000,5.200000,3700
2017-03-14,5.150000,5.400000,5.150000,5.350000,5.350000,4680
2017-03-15,5.200000,5.250000,5.150000,5.150000,5.150000,380
2017-03-16,5.050000,5.300000,5.050000,5.150000,5.150000,4640
2017-03-17,5.200000,5.300000,5.150000,5.300000,5.300000,600
2017-03-20,5.300000,5.400000,5.000000,5.000000,5.000000,5000
2017-03-21,5.000000,5.250000,5.000000,5.200000,5.200000,4320
2017-03-22,5.000000,5.450000,4.900000,5.100000,5.100000,7460
2017-03-23,5.050000,5.150000,5.050000,5.150000,5.150000,720
2017-03-24,5.200000,5.200000,5.150000,5.150000,5.150000,220
2017-03-27,5.150000,5.150000,5.050000,5.150000,5.150000,620
2017-03-28,5.050000,5.450000,5.050000,5.100000,5.100000,4020
2017-03-29,5.350000,5.450000,5.350000,5.350000,5.350000,4480
2017-03-30,5.250000,5.450000,5.100000,5.300000,5.300000,2600
2017-03-31,5.300000,5.400000,5.100000,5.300000,5.300000,2000
2017-04-03,5.350000,5.350000,5.250000,5.250000,5.250000,180
2017-04-04,5.400000,5.400000,5.000000,5.050000,5.050000,2880
2017-04-05,5.250000,5.250000,5.050000,5.100000,5.100000,700
2017-04-06,5.050000,5.100000,5.050000,5.100000,5.100000,400
2017-04-07,5.100000,5.200000,5.000000,5.000000,5.000000,1000
2017-04-10,5.000000,5.100000,5.000000,5.100000,5.100000,580
2017-04-11,5.100000,5.100000,5.000000,5.000000,5.000000,1540
2017-04-12,5.300000,5.300000,4.950000,5.000000,5.000000,3380
2017-04-13,4.950000,4.950000,4.950000,4.950000,4.950000,640
2017-04-17,5.000000,5.300000,5.000000,5.300000,5.300000,1080
2017-04-18,5.000000,5.000000,5.000000,5.000000,5.000000,1680
2017-04-19,4.950000,4.950000,4.300000,4.600000,4.600000,4120
2017-04-20,4.550000,4.850000,4.550000,4.750000,4.750000,2140
2017-04-21,4.550000,4.700000,4.550000,4.650000,4.650000,1020
2017-04-24,4.650000,4.750000,4.050000,4.250000,4.250000,24160
2017-04-25,4.400000,4.400000,4.250000,4.250000,4.250000,1820
2017-04-26,4.250000,4.350000,4.250000,4.250000,4.250000,3720
2017-04-27,4.350000,4.600000,4.250000,4.600000,4.600000,12860
2017-04-28,4.600000,5.500000,4.250000,4.300000,4.300000,54900
2017-05-01,4.300000,4.400000,4.050000,4.050000,4.050000,8040
2017-05-02,4.100000,4.250000,4.100000,4.150000,4.150000,1740
2017-05-03,4.100000,4.500000,4.100000,4.450000,4.450000,480
2017-05-04,4.400000,4.400000,4.100000,4.100000,4.100000,1400
2017-05-05,4.100000,4.850000,4.100000,4.350000,4.350000,7640
2017-05-08,4.600000,4.650000,4.300000,4.550000,4.550000,1320
2017-05-09,4.100000,4.800000,4.100000,4.400000,4.400000,13300
2017-05-10,4.300000,4.650000,4.200000,4.350000,4.350000,640
2017-05-11,4.400000,4.650000,4.250000,4.550000,4.550000,740
2017-05-12,4.400000,4.650000,4.400000,4.550000,4.550000,280
2017-05-15,4.600000,4.600000,4.550000,4.550000,4.550000,220
2017-05-16,4.650000,5.250000,4.100000,4.550000,4.550000,70120
2017-05-17,4.400000,4.400000,4.150000,4.150000,4.150000,6320
2017-05-18,4.150000,5.000000,4.150000,4.250000,4.250000,4780
2017-05-19,4.350000,4.650000,4.350000,4.500000,4.500000,7020
2017-05-22,4.450000,4.500000,4.200000,4.500000,4.500000,1300
2017-05-23,4.550000,4.550000,4.250000,4.250000,4.250000,4760
2017-05-24,4.200000,4.250000,4.200000,4.250000,4.250000,2900
2017-05-25,4.200000,4.550000,4.200000,4.200000,4.200000,3860
2017-05-26,4.500000,4.500000,4.200000,4.350000,4.350000,2140
2017-05-30,4.300000,4.300000,4.150000,4.200000,4.200000,1900
2017-05-31,4.050000,4.200000,4.050000,4.150000,4.150000,1220
2017-06-01,4.150000,4.300000,3.800000,3.800000,3.800000,15140
2017-06-02,3.800000,3.950000,3.800000,3.800000,3.800000,5740
2017-06-05,3.800000,3.850000,3.500000,3.500000,3.500000,10380
2017-06-06,3.850000,3.850000,2.850000,3.250000,3.250000,26680
2017-06-07,3.000000,3.750000,2.800000,3.350000,3.350000,53800
2017-06-08,3.450000,5.250000,3.450000,4.050000,4.050000,137920
2017-06-09,4.250000,4.300000,3.450000,3.600000,3.600000,61180
2017-06-12,3.750000,3.900000,3.550000,3.550000,3.550000,7320
2017-06-13,3.750000,4.000000,3.000000,3.450000,3.450000,26340
2017-06-14,3.500000,3.600000,3.450000,3.550000,3.550000,2140
2017-06-15,3.450000,3.600000,3.250000,3.300000,3.300000,3680
2017-06-16,3.450000,3.450000,3.300000,3.300000,3.300000,5700
2017-06-19,3.300000,3.750000,3.300000,3.450000,3.450000,4720
2017-06-20,3.450000,3.700000,3.300000,3.350000,3.350000,2240
2017-06-21,3.500000,3.500000,3.300000,3.500000,3.500000,840
2017-06-22,3.500000,3.500000,3.150000,3.300000,3.300000,1300
2017-06-23,3.450000,3.500000,3.300000,3.400000,3.400000,2040
2017-06-26,3.500000,3.750000,3.300000,3.750000,3.750000,9060
2017-06-27,3.700000,5.000000,3.700000,3.850000,3.850000,39000
2017-06-28,3.850000,4.250000,3.800000,4.000000,4.000000,6380
2017-06-29,4.350000,4.400000,3.900000,4.050000,4.050000,4320
2017-06-30,4.200000,4.200000,3.900000,3.950000,3.950000,2980
2017-07-03,4.150000,4.150000,3.900000,3.900000,3.900000,1100
2017-07-05,3.950000,4.300000,3.750000,4.000000,4.000000,6900
2017-07-06,4.300000,4.300000,3.500000,3.750000,3.750000,5260
2017-07-07,3.550000,4.200000,3.550000,3.900000,3.900000,6540
2017-07-10,4.250000,4.250000,3.700000,4.050000,4.050000,5460
2017-07-11,4.050000,4.050000,3.650000,3.650000,3.650000,7380
2017-07-12,3.700000,3.800000,3.600000,3.700000,3.700000,3820
2017-07-13,3.800000,3.800000,3.600000,3.800000,3.800000,5520
2017-07-14,3.600000,3.750000,3.550000,3.550000,3.550000,11140
2017-07-17,3.550000,3.550000,3.400000,3.450000,3.450000,7560
2017-07-18,3.550000,3.600000,3.450000,3.550000,3.550000,4960
2017-07-19,3.700000,3.800000,3.500000,3.600000,3.600000,4460
2017-07-20,3.750000,3.750000,3.550000,3.600000,3.600000,260
2017-07-21,3.750000,3.750000,3.550000,3.600000,3.600000,960
2017-07-24,3.500000,3.700000,3.500000,3.500000,3.500000,1500
2017-07-25,3.500000,3.650000,3.500000,3.550000,3.550000,5840
2017-07-26,3.550000,3.650000,3.550000,3.650000,3.650000,1800
2017-07-27,3.550000,3.600000,3.550000,3.600000,3.600000,1540
2017-07-28,3.500000,3.600000,3.400000,3.550000,3.550000,1980
2017-07-31,3.400000,3.500000,3.150000,3.350000,3.350000,4940
2017-08-01,3.300000,3.450000,3.250000,3.300000,3.300000,2280
2017-08-02,3.250000,3.500000,3.250000,3.450000,3.450000,280
2017-08-03,3.400000,3.450000,3.250000,3.300000,3.300000,580
2017-08-04,3.400000,3.450000,3.300000,3.350000,3.350000,1140
2017-08-07,3.300000,3.450000,3.300000,3.450000,3.450000,1360
2017-08-08,3.250000,3.450000,3.250000,3.250000,3.250000,1900
2017-08-09,3.250000,3.450000,3.250000,3.300000,3.300000,520
2017-08-10,3.300000,3.300000,3.250000,3.250000,3.250000,1660
2017-08-11,3.400000,3.500000,3.200000,3.500000,3.500000,6280
2017-08-14,3.450000,3.450000,3.250000,3.400000,3.400000,1760
2017-08-15,3.250000,3.350000,2.950000,3.050000,3.050000,20200
2017-08-16,3.400000,4.150000,2.600000,3.050000,3.050000,171540
2017-08-17,3.050000,3.350000,2.850000,3.050000,3.050000,10860
2017-08-18,3.200000,3.200000,3.000000,3.050000,3.050000,2740
2017-08-21,4.450000,8.150000,4.200000,7.250000,7.250000,2711240
2017-08-22,8.200000,8.750000,6.300000,6.750000,6.750000,1452560
2017-08-23,6.550000,6.900000,5.600000,6.750000,6.750000,417120
2017-08-24,7.000000,7.600000,6.250000,6.500000,6.500000,326520
2017-08-25,6.750000,7.000000,6.300000,6.400000,6.400000,138600
2017-08-28,6.300000,6.450000,6.100000,6.250000,6.250000,59080
2017-08-29,6.250000,6.450000,6.000000,6.400000,6.400000,72660
2017-08-30,6.450000,7.400000,6.350000,7.150000,7.150000,247800
2017-08-31,7.150000,7.550000,6.500000,6.850000,6.850000,132960
2017-09-01,6.850000,7.000000,6.550000,6.900000,6.900000,35700
2017-09-05,6.950000,7.000000,6.250000,6.600000,6.600000,61960
2017-09-06,6.650000,6.650000,6.350000,6.400000,6.400000,11040
2017-09-07,6.450000,7.850000,6.400000,7.050000,7.050000,171440
2017-09-08,6.800000,6.950000,6.350000,6.600000,6.600000,62680
2017-09-11,6.700000,6.800000,6.450000,6.600000,6.600000,27820
2017-09-12,6.650000,6.850000,6.550000,6.800000,6.800000,12900
2017-09-13,6.950000,7.200000,6.500000,7.000000,7.000000,126040
2017-09-14,6.850000,7.100000,6.650000,7.050000,7.050000,40360
2017-09-15,7.100000,7.100000,6.650000,7.000000,7.000000,47160
2017-09-18,6.950000,7.100000,6.750000,6.900000,6.900000,37740
2017-09-19,6.950000,6.950000,6.650000,6.700000,6.700000,27460
2017-09-20,6.650000,6.750000,6.150000,6.450000,6.450000,59740
2017-09-21,6.400000,6.400000,5.550000,5.650000,5.650000,58340
2017-09-22,5.700000,5.900000,5.350000,5.800000,5.800000,26540
2017-09-25,5.000000,5.550000,4.600000,5.400000,5.400000,56120
2017-09-26,5.400000,5.500000,5.150000,5.250000,5.250000,18040
2017-09-27,5.250000,5.500000,5.250000,5.450000,5.450000,7520
2017-09-28,5.400000,5.500000,5.350000,5.450000,5.450000,6520
2017-09-29,5.300000,5.400000,5.100000,5.150000,5.150000,12620
2017-10-02,5.000000,5.350000,4.950000,5.250000,5.250000,17820
2017-10-03,5.500000,5.600000,5.350000,5.450000,5.450000,14680
2017-10-04,5.450000,5.500000,5.250000,5.300000,5.300000,17960
2017-10-05,5.250000,5.400000,5.250000,5.300000,5.300000,5560
2017-10-06,5.250000,5.700000,5.250000,5.450000,5.450000,14360
2017-10-09,5.500000,5.600000,5.300000,5.300000,5.300000,7460
2017-10-10,5.300000,5.400000,5.300000,5.350000,5.350000,2640
2017-10-11,5.250000,6.900000,5.250000,5.700000,5.700000,200240
2017-10-12,5.650000,5.650000,5.300000,5.300000,5.300000,18060
2017-10-13,5.250000,5.450000,5.250000,5.400000,5.400000,7960
2017-10-16,5.300000,5.450000,5.250000,5.250000,5.250000,33420
2017-10-17,5.300000,5.300000,4.950000,5.300000,5.300000,25020
2017-10-18,5.250000,5.250000,5.100000,5.150000,5.150000,6220
2017-10-19,5.100000,5.100000,4.950000,4.950000,4.950000,12480
2017-10-20,4.950000,5.200000,4.950000,4.950000,4.950000,17640
2017-10-23,5.050000,5.050000,4.850000,4.900000,4.900000,10980
2017-10-24,4.850000,4.950000,4.500000,4.750000,4.750000,19280
2017-10-25,4.750000,4.850000,4.550000,4.600000,4.600000,6960
2017-10-26,4.600000,4.650000,4.200000,4.350000,4.350000,23380
2017-10-27,4.500000,4.500000,4.350000,4.400000,4.400000,5520
2017-10-30,4.500000,4.500000,4.400000,4.400000,4.400000,2460
2017-10-31,4.500000,4.600000,4.400000,4.600000,4.600000,5860
2017-11-01,4.400000,4.600000,4.400000,4.400000,4.400000,1960
2017-11-02,4.400000,4.600000,4.400000,4.500000,4.500000,9060
2017-11-03,4.400000,4.650000,4.400000,4.550000,4.550000,13200
2017-11-06,4.600000,4.600000,4.350000,4.350000,4.350000,10820
2017-11-07,4.350000,4.550000,4.250000,4.450000,4.450000,18240
2017-11-08,4.400000,4.400000,4.250000,4.300000,4.300000,4900
2017-11-09,4.450000,4.500000,4.250000,4.400000,4.400000,9000
2017-11-10,4.550000,5.500000,4.500000,4.850000,4.850000,86860
2017-11-13,4.750000,5.350000,4.750000,5.200000,5.200000,14960
2017-11-14,5.750000,5.750000,4.800000,5.100000,5.100000,59820
2017-11-15,5.250000,5.450000,4.800000,5.250000,5.250000,34060
2017-11-16,5.200000,5.500000,5.000000,5.250000,5.250000,16100
2017-11-17,5.300000,5.450000,4.800000,5.150000,5.150000,40680
2017-11-20,5.250000,5.600000,5.100000,5.250000,5.250000,13700
2017-11-21,5.250000,5.400000,5.100000,5.250000,5.250000,8340
2017-11-22,5.400000,5.400000,5.050000,5.250000,5.250000,13180
2017-11-24,5.350000,5.700000,5.350000,5.450000,5.450000,15880
2017-11-27,5.500000,5.550000,5.350000,5.400000,5.400000,8560
2017-11-28,5.300000,5.300000,4.250000,4.250000,4.250000,66780
2017-11-29,4.350000,4.600000,4.250000,4.400000,4.400000,21880
2017-11-30,4.450000,6.000000,4.450000,4.500000,4.500000,303560
2017-12-01,4.450000,4.700000,4.350000,4.550000,4.550000,20380
2017-12-04,4.450000,4.650000,4.450000,4.600000,4.600000,15000
2017-12-05,4.750000,4.750000,4.500000,4.750000,4.750000,14440
2017-12-06,4.450000,4.800000,4.450000,4.550000,4.550000,3860
2017-12-07,4.450000,4.650000,4.450000,4.500000,4.500000,4760
2017-12-08,4.400000,4.500000,4.350000,4.450000,4.450000,7800
2017-12-11,4.550000,4.650000,4.450000,4.550000,4.550000,3740
2017-12-12,4.550000,4.800000,4.500000,4.600000,4.600000,36780
2017-12-13,4.550000,4.600000,4.500000,4.500000,4.500000,7380
2017-12-14,4.500000,4.650000,4.500000,4.550000,4.550000,3640
2017-12-15,4.650000,4.700000,4.450000,4.450000,4.450000,4100
2017-12-18,4.550000,4.700000,4.450000,4.450000,4.450000,10020
2017-12-19,4.450000,4.600000,4.450000,4.500000,4.500000,1900
2017-12-20,4.500000,4.600000,4.500000,4.600000,4.600000,1380
2017-12-21,4.600000,4.700000,4.500000,4.600000,4.600000,2060
2017-12-22,4.700000,4.900000,4.550000,4.850000,4.850000,8860
2017-12-26,4.850000,5.150000,4.850000,4.950000,4.950000,16280
2017-12-27,5.000000,5.000000,4.850000,4.950000,4.950000,6640
2017-12-28,4.850000,5.000000,4.800000,5.000000,5.000000,15380
2017-12-29,5.100000,5.500000,5.100000,5.200000,5.200000,34800
2018-01-02,5.450000,5.600000,5.350000,5.450000,5.450000,19100
2018-01-03,5.500000,5.750000,5.450000,5.700000,5.700000,16280
2018-01-04,5.750000,5.750000,5.500000,5.650000,5.650000,10600
2018-01-05,5.750000,6.200000,5.500000,5.850000,5.850000,72660
2018-01-08,5.850000,6.150000,5.600000,5.650000,5.650000,58300
2018-01-09,5.700000,5.750000,4.800000,4.800000,4.800000,85340
2018-01-10,5.000000,5.100000,4.800000,5.050000,5.050000,12600
2018-01-11,5.050000,5.050000,4.850000,4.900000,4.900000,17740
2018-01-12,4.900000,5.050000,4.800000,4.950000,4.950000,3700
2018-01-16,5.200000,5.200000,5.050000,5.100000,5.100000,12280
2018-01-17,5.100000,5.100000,4.900000,4.950000,4.950000,3620
2018-01-18,5.050000,5.050000,4.900000,5.000000,5.000000,5280
2018-01-19,5.000000,5.200000,4.950000,5.150000,5.150000,5840
2018-01-22,5.150000,5.300000,5.050000,5.200000,5.200000,14420
2018-01-23,5.200000,5.400000,5.200000,5.350000,5.350000,17740
2018-01-24,5.350000,5.450000,5.300000,5.350000,5.350000,12940
2018-01-25,5.400000,5.450000,5.050000,5.250000,5.250000,8920
2018-01-26,5.450000,5.450000,5.100000,5.200000,5.200000,7320
2018-01-29,5.100000,5.250000,5.100000,5.150000,5.150000,6180
2018-01-30,5.100000,5.150000,5.000000,5.000000,5.000000,7980
2018-01-31,5.100000,5.200000,5.000000,5.000000,5.000000,6420
2018-02-01,5.050000,5.050000,4.850000,4.900000,4.900000,7860
2018-02-02,4.950000,5.050000,4.800000,4.850000,4.850000,6980
2018-02-05,4.850000,4.850000,4.550000,4.700000,4.700000,10280
2018-02-06,5.000000,5.000000,4.600000,4.700000,4.700000,13680
2018-02-07,4.600000,4.850000,4.600000,4.650000,4.650000,4620
2018-02-08,4.800000,4.800000,4.600000,4.700000,4.700000,5340
2018-02-09,4.800000,5.000000,4.600000,5.000000,5.000000,5380
2018-02-12,5.000000,5.000000,4.600000,4.800000,4.800000,8740
2018-02-13,4.900000,4.900000,4.800000,4.800000,4.800000,1760
2018-02-14,4.800000,4.950000,4.600000,4.600000,4.600000,8800
2018-02-15,4.800000,4.900000,4.650000,4.700000,4.700000,2040
2018-02-16,4.850000,4.850000,4.700000,4.750000,4.750000,2900
2018-02-20,4.900000,4.900000,4.800000,4.850000,4.850000,5700
2018-02-21,4.800000,4.850000,4.800000,4.800000,4.800000,3620
2018-02-22,4.850000,4.900000,4.700000,4.700000,4.700000,1080
2018-02-23,4.700000,4.750000,4.550000,4.650000,4.650000,4440
2018-02-26,4.750000,4.750000,4.500000,4.750000,4.750000,6460
2018-02-27,4.650000,4.650000,4.500000,4.550000,4.550000,2720
2018-02-28,4.600000,4.650000,4.400000,4.400000,4.400000,9700
2018-03-01,4.600000,4.600000,4.400000,4.450000,4.450000,6180
2018-03-02,4.450000,4.500000,4.400000,4.450000,4.450000,1440
2018-03-05,4.500000,4.900000,4.500000,4.700000,4.700000,59220
2018-03-06,4.700000,4.700000,4.550000,4.600000,4.600000,5320
2018-03-07,4.600000,4.900000,4.600000,4.850000,4.850000,24820
2018-03-08,4.900000,4.900000,4.750000,4.850000,4.850000,6180
2018-03-09,4.850000,4.850000,4.750000,4.800000,4.800000,5600
2018-03-12,4.800000,4.800000,4.650000,4.750000,4.750000,11280
2018-03-13,4.700000,4.750000,4.600000,4.700000,4.700000,7240
2018-03-14,4.600000,4.700000,4.600000,4.600000,4.600000,3720
2018-03-15,4.550000,4.600000,4.400000,4.450000,4.450000,14800
2018-03-16,4.450000,4.600000,4.450000,4.600000,4.600000,1880
2018-03-19,4.600000,5.250000,4.450000,4.850000,4.850000,110500
2018-03-20,5.000000,5.350000,4.700000,5.000000,5.000000,51240
2018-03-21,5.150000,5.150000,4.800000,4.900000,4.900000,5020
2018-03-22,4.850000,5.000000,4.800000,4.900000,4.900000,4540
2018-03-23,5.000000,5.000000,4.650000,4.700000,4.700000,4420
2018-03-26,4.700000,4.700000,4.450000,4.500000,4.500000,12580
2018-03-27,4.550000,4.600000,4.500000,4.500000,4.500000,10920
2018-03-28,4.600000,4.600000,4.300000,4.450000,4.450000,10600
2018-03-29,4.450000,4.450000,4.050000,4.150000,4.150000,16340
2018-04-02,4.150000,4.150000,3.500000,3.850000,3.850000,14160
2018-04-03,4.050000,4.050000,3.750000,3.750000,3.750000,16060
2018-04-04,3.850000,4.000000,3.750000,3.900000,3.900000,7300
2018-04-05,3.900000,4.050000,3.850000,3.850000,3.850000,1620
2018-04-06,3.850000,4.000000,3.850000,3.950000,3.950000,6480
2018-04-09,4.000000,4.400000,4.000000,4.200000,4.200000,18080
2018-04-10,4.350000,4.600000,4.000000,4.200000,4.200000,25500
2018-04-11,4.050000,4.150000,4.050000,4.150000,4.150000,3840
2018-04-12,4.150000,4.200000,4.050000,4.100000,4.100000,2980
2018-04-13,4.050000,4.200000,4.050000,4.150000,4.150000,11240
2018-04-16,4.250000,4.450000,4.150000,4.400000,4.400000,65540
2018-04-17,4.250000,4.400000,4.100000,4.150000,4.150000,8940
2018-04-18,4.300000,4.300000,4.150000,4.150000,4.150000,5920
2018-04-19,4.050000,4.200000,4.050000,4.050000,4.050000,4580
2018-04-20,4.050000,4.100000,4.050000,4.050000,4.050000,5060
2018-04-23,4.000000,4.050000,3.850000,3.850000,3.850000,13340
2018-04-24,3.850000,3.950000,3.850000,3.900000,3.900000,4400
2018-04-25,3.850000,3.950000,3.500000,3.850000,3.850000,6780
2018-04-26,3.750000,3.750000,3.650000,3.650000,3.650000,4280
2018-04-27,3.650000,3.650000,3.450000,3.650000,3.650000,4740
2018-04-30,3.450000,3.800000,3.450000,3.800000,3.800000,1580
2018-05-01,3.700000,3.800000,3.500000,3.700000,3.700000,820
2018-05-02,3.800000,3.800000,3.650000,3.800000,3.800000,1500
2018-05-03,3.950000,3.950000,3.650000,3.750000,3.750000,1480
2018-05-04,3.650000,3.950000,3.650000,3.950000,3.950000,8680
2018-05-07,4.050000,4.100000,3.750000,3.900000,3.900000,10060
2018-05-08,4.000000,4.150000,4.000000,4.150000,4.150000,3040
2018-05-09,4.000000,4.250000,4.000000,4.200000,4.200000,7640
2018-05-10,4.250000,4.250000,3.600000,4.000000,4.000000,5760
2018-05-11,3.650000,4.100000,3.650000,4.100000,4.100000,1100
2018-05-14,4.000000,4.100000,4.000000,4.000000,4.000000,720
2018-05-15,4.000000,4.100000,3.950000,4.100000,4.100000,18820
2018-05-16,3.850000,4.100000,3.850000,4.050000,4.050000,4340
2018-05-17,4.150000,4.150000,3.900000,3.950000,3.950000,1440
2018-05-18,4.100000,4.250000,4.000000,4.250000,4.250000,4840
2018-05-21,4.000000,4.100000,3.850000,4.100000,4.100000,520
2018-05-22,4.150000,4.750000,3.700000,3.800000,3.800000,117600
2018-05-23,3.950000,4.350000,3.850000,4.100000,4.100000,28300
2018-05-24,4.250000,4.250000,3.900000,4.100000,4.100000,11440
2018-05-25,4.000000,4.250000,3.950000,4.200000,4.200000,5500
2018-05-29,4.250000,4.250000,3.900000,3.900000,3.900000,5800
2018-05-30,3.950000,4.100000,3.900000,3.950000,3.950000,9480
2018-05-31,4.050000,4.050000,3.900000,3.900000,3.900000,1640
2018-06-01,3.900000,4.050000,3.700000,3.800000,3.800000,11340
2018-06-04,3.950000,4.050000,3.900000,3.900000,3.900000,4120
2018-06-05,3.900000,4.000000,3.900000,3.900000,3.900000,1000
2018-06-06,4.000000,4.000000,3.900000,3.900000,3.900000,3220
2018-06-07,3.950000,4.100000,3.900000,3.950000,3.950000,6400
2018-06-08,4.000000,4.100000,4.000000,4.050000,4.050000,460
2018-06-11,3.900000,4.150000,3.900000,4.150000,4.150000,8320
2018-06-12,3.900000,4.100000,3.900000,4.050000,4.050000,2880
2018-06-13,4.100000,4.650000,3.800000,3.850000,3.850000,200160
2018-06-14,3.700000,4.050000,3.500000,3.650000,3.650000,55900
2018-06-15,3.750000,3.750000,3.450000,3.450000,3.450000,17980
2018-06-18,3.550000,4.000000,3.550000,3.650000,3.650000,28680
2018-06-19,3.500000,3.750000,3.450000,3.450000,3.450000,30400
2018-06-20,3.500000,3.650000,3.350000,3.500000,3.500000,11760
2018-06-21,3.550000,3.600000,3.450000,3.450000,3.450000,5300
2018-06-22,3.550000,3.550000,3.400000,3.500000,3.500000,20560
2018-06-25,3.500000,3.650000,3.150000,3.600000,3.600000,47020
2018-06-26,3.150000,3.600000,3.150000,3.550000,3.550000,2440
2018-06-27,3.600000,3.900000,3.300000,3.400000,3.400000,38280
2018-06-28,3.550000,3.550000,3.350000,3.400000,3.400000,4200
2018-06-29,3.450000,3.550000,3.400000,3.450000,3.450000,7460
2018-07-02,3.250000,3.350000,2.950000,3.200000,3.200000,13200
2018-07-03,3.200000,3.300000,3.200000,3.200000,3.200000,600
2018-07-05,3.150000,4.100000,3.000000,3.350000,3.350000,105360
2018-07-06,3.200000,3.450000,3.200000,3.300000,3.300000,28820
2018-07-09,3.300000,3.500000,3.300000,3.500000,3.500000,5120
2018-07-10,3.300000,3.900000,3.300000,3.500000,3.500000,23420
2018-07-11,3.500000,3.500000,3.300000,3.400000,3.400000,5540
2018-07-12,3.400000,4.200000,3.400000,3.800000,3.800000,135520
2018-07-13,3.850000,3.850000,3.450000,3.550000,3.550000,24220
2018-07-16,3.500000,3.600000,3.450000,3.550000,3.550000,18800
2018-07-17,3.550000,3.650000,3.450000,3.500000,3.500000,2920
2018-07-18,3.450000,3.550000,3.350000,3.400000,3.400000,8760
2018-07-19,3.450000,3.650000,3.350000,3.400000,3.400000,17120
2018-07-20,3.450000,3.500000,3.350000,3.400000,3.400000,11280
2018-07-23,3.350000,3.650000,3.300000,3.300000,3.300000,9040
2018-07-24,3.550000,3.550000,3.300000,3.300000,3.300000,4600
2018-07-25,3.350000,3.350000,3.300000,3.350000,3.350000,9680
2018-07-26,3.500000,3.500000,3.350000,3.400000,3.400000,10680
2018-07-27,3.400000,3.400000,3.300000,3.350000,3.350000,1580
2018-07-30,3.300000,3.950000,3.300000,3.400000,3.400000,86980
2018-07-31,3.450000,3.650000,3.450000,3.450000,3.450000,9340
2018-08-01,3.550000,3.550000,3.350000,3.500000,3.500000,4880
2018-08-02,3.450000,3.450000,3.400000,3.400000,3.400000,2320
2018-08-03,3.450000,3.450000,3.400000,3.400000,3.400000,5220
2018-08-06,3.350000,3.350000,3.250000,3.300000,3.300000,7100
2018-08-07,3.350000,3.350000,3.300000,3.350000,3.350000,13560
2018-08-08,3.300000,3.300000,3.100000,3.300000,3.300000,10820
2018-08-09,3.150000,3.300000,3.150000,3.200000,3.200000,3780
2018-08-10,3.150000,3.300000,3.150000,3.200000,3.200000,7060
2018-08-13,3.200000,3.200000,3.000000,3.150000,3.150000,5680
2018-08-14,3.050000,3.150000,3.050000,3.050000,3.050000,3640
2018-08-15,3.150000,3.650000,3.050000,3.400000,3.400000,50500
2018-08-16,3.700000,3.800000,3.450000,3.750000,3.750000,69540
2018-08-17,3.900000,3.900000,3.550000,3.600000,3.600000,24460
2018-08-20,3.600000,3.650000,3.450000,3.600000,3.600000,5000
2018-08-21,3.450000,3.500000,3.450000,3.450000,3.450000,1760
2018-08-22,3.600000,3.600000,3.400000,3.400000,3.400000,620
2018-08-23,3.400000,3.600000,3.400000,3.550000,3.550000,6420
2018-08-24,3.550000,4.100000,3.550000,3.900000,3.900000,83660
2018-08-27,3.950000,4.050000,3.800000,3.950000,3.950000,11280
2018-08-28,4.100000,4.200000,4.000000,4.200000,4.200000,43320
2018-08-29,4.500000,7.500000,4.500000,5.150000,5.150000,932380
2018-08-30,5.050000,5.800000,5.000000,5.600000,5.600000,287540
2018-08-31,5.950000,6.400000,5.100000,5.350000,5.350000,290380
2018-09-04,5.400000,5.450000,5.000000,5.300000,5.300000,97020
2018-09-05,5.500000,5.500000,4.900000,5.050000,5.050000,41260
2018-09-06,5.000000,5.350000,4.900000,5.200000,5.200000,44460
2018-09-07,5.400000,5.500000,5.150000,5.300000,5.300000,29360
2018-09-10,5.350000,5.650000,5.050000,5.600000,5.600000,50240
2018-09-11,5.500000,6.250000,5.450000,6.100000,6.100000,85120
2018-09-12,6.500000,8.400000,6.350000,6.850000,6.850000,389120
2018-09-13,6.950000,7.050000,5.550000,6.200000,6.200000,99360
2018-09-14,6.000000,6.200000,5.700000,5.950000,5.950000,47780
2018-09-17,5.750000,6.400000,5.450000,6.050000,6.050000,64440
2018-09-18,6.000000,6.100000,5.600000,5.650000,5.650000,41580
2018-09-19,5.900000,5.950000,5.350000,5.350000,5.350000,40520
2018-09-20,5.500000,5.650000,5.250000,5.600000,5.600000,22780
2018-09-21,5.650000,5.700000,5.350000,5.500000,5.500000,11280
2018-09-24,5.550000,5.600000,5.100000,5.200000,5.200000,24580
2018-09-25,5.150000,5.150000,4.800000,5.100000,5.100000,23900
2018-09-26,5.150000,5.200000,4.750000,4.850000,4.850000,11980
2018-09-27,4.950000,4.950000,4.700000,4.800000,4.800000,17220
2018-09-28,5.000000,5.000000,4.450000,4.650000,4.650000,17240
2018-10-01,4.600000,4.800000,4.500000,4.500000,4.500000,16700
2018-10-02,4.500000,4.650000,4.350000,4.400000,4.400000,10640
2018-10-03,4.400000,4.850000,4.150000,4.550000,4.550000,70660
2018-10-04,4.500000,4.500000,4.200000,4.250000,4.250000,13160
2018-10-05,4.400000,4.450000,3.750000,4.000000,4.000000,12100
2018-10-08,4.000000,4.250000,3.900000,4.000000,4.000000,7380
2018-10-09,4.050000,4.250000,4.000000,4.000000,4.000000,8920
2018-10-10,4.000000,4.150000,3.800000,3.850000,3.850000,8640
2018-10-11,3.900000,4.050000,3.750000,3.900000,3.900000,11980
2018-10-12,4.000000,4.000000,3.750000,4.000000,4.000000,3740
2018-10-15,4.050000,4.250000,3.800000,3.800000,3.800000,19880
2018-10-16,4.000000,4.050000,3.750000,3.750000,3.750000,19160
2018-10-17,3.750000,3.900000,3.750000,3.750000,3.750000,3940
2018-10-18,3.800000,3.900000,3.800000,3.800000,3.800000,3960
2018-10-19,3.800000,4.000000,3.750000,3.750000,3.750000,7700
2018-10-22,3.750000,3.900000,3.750000,3.800000,3.800000,5300
2018-10-23,3.800000,3.900000,3.800000,3.800000,3.800000,1100
2018-10-24,3.800000,4.500000,3.750000,3.900000,3.900000,104680
2018-10-25,3.850000,4.050000,3.850000,3.850000,3.850000,11480
2018-10-26,3.800000,3.900000,3.750000,3.800000,3.800000,5740
2018-10-29,3.750000,3.900000,3.500000,3.750000,3.750000,13580
2018-10-30,3.800000,3.800000,3.450000,3.700000,3.700000,7500
2018-10-31,3.750000,3.800000,3.450000,3.800000,3.800000,4740
2018-11-01,3.800000,3.800000,3.500000,3.600000,3.600000,6140
2018-11-02,3.800000,3.800000,3.500000,3.500000,3.500000,4480
2018-11-05,3.500000,3.750000,3.500000,3.550000,3.550000,1360
2018-11-06,3.750000,3.750000,3.550000,3.650000,3.650000,3220
2018-11-07,3.550000,3.700000,3.550000,3.550000,3.550000,3660
2018-11-08,3.550000,3.650000,3.350000,3.400000,3.400000,7520
2018-11-09,3.400000,3.500000,3.100000,3.250000,3.250000,10900
2018-11-12,3.100000,3.300000,3.100000,3.100000,3.100000,11140
2018-11-13,3.100000,3.450000,2.700000,3.050000,3.050000,19460
2018-11-14,3.150000,3.150000,2.800000,2.850000,2.850000,22360
2018-11-15,2.800000,3.250000,2.650000,3.150000,3.150000,90740
2018-11-16,2.750000,3.100000,2.700000,2.850000,2.850000,12720
2018-11-19,2.750000,2.900000,2.700000,2.700000,2.700000,10500
2018-11-20,2.700000,3.000000,2.650000,2.900000,2.900000,10240
2018-11-21,2.750000,3.100000,2.600000,3.000000,3.000000,39200
2018-11-23,4.400000,5.350000,3.500000,3.750000,3.750000,1885180
2018-11-26,3.600000,3.700000,3.250000,3.500000,3.500000,90780
2018-11-27,3.350000,3.500000,3.000000,3.100000,3.100000,54880
2018-11-28,3.100000,3.250000,2.650000,2.900000,2.900000,32040
2018-11-29,2.950000,3.050000,2.850000,2.850000,2.850000,16680
2018-11-30,3.000000,3.000000,2.600000,2.750000,2.750000,23500
2018-12-03,2.800000,3.750000,2.800000,3.000000,3.000000,264620
2018-12-04,3.050000,3.150000,2.800000,2.800000,2.800000,50560
2018-12-06,2.800000,2.900000,2.700000,2.750000,2.750000,19980
2018-12-07,2.800000,2.900000,2.700000,2.750000,2.750000,17880
2018-12-10,2.800000,2.950000,2.650000,2.700000,2.700000,22900
2018-12-11,2.800000,2.800000,2.650000,2.650000,2.650000,11320
2018-12-12,2.750000,3.150000,2.650000,2.850000,2.850000,155060
2018-12-13,2.800000,2.850000,2.650000,2.650000,2.650000,28500
2018-12-14,2.650000,2.750000,2.600000,2.650000,2.650000,6980
2018-12-17,2.650000,2.650000,2.500000,2.500000,2.500000,23480
2018-12-18,2.500000,2.500000,2.250000,2.250000,2.250000,25080
2018-12-19,2.250000,2.350000,2.250000,2.350000,2.350000,6660
2018-12-20,2.350000,2.350000,2.150000,2.150000,2.150000,13400
2018-12-21,2.200000,2.350000,1.850000,2.000000,2.000000,14820
2018-12-24,1.850000,2.000000,1.800000,1.800000,1.800000,8300
2018-12-26,1.800000,2.300000,1.800000,2.000000,2.000000,31000
2018-12-27,2.000000,2.500000,2.000000,2.350000,2.350000,15780
2018-12-28,2.450000,2.750000,2.450000,2.550000,2.550000,11280
2018-12-31,2.500000,2.500000,2.000000,2.200000,2.200000,11940
2019-01-02,2.200000,2.300000,2.200000,2.300000,2.300000,4580
2019-01-03,2.300000,2.300000,2.000000,2.150000,2.150000,2940
2019-01-04,2.150000,2.300000,2.050000,2.100000,2.100000,3420
2019-01-07,2.050000,2.400000,2.050000,2.250000,2.250000,14400
2019-01-08,2.250000,2.400000,2.200000,2.250000,2.250000,16320
2019-01-09,2.400000,2.550000,2.300000,2.450000,2.450000,28600
2019-01-10,2.300000,2.550000,2.300000,2.400000,2.400000,6420
2019-01-11,2.300000,2.500000,2.150000,2.400000,2.400000,5000
2019-01-14,2.300000,2.350000,2.250000,2.250000,2.250000,3500
2019-01-15,2.350000,3.000000,2.300000,2.450000,2.450000,134940
2019-01-16,2.550000,2.750000,2.450000,2.650000,2.650000,28420
2019-01-17,2.750000,2.900000,2.300000,2.600000,2.600000,22560
2019-01-18,2.650000,2.650000,2.550000,2.600000,2.600000,4080
2019-01-22,2.550000,2.650000,2.300000,2.500000,2.500000,3380
2019-01-23,2.550000,2.650000,2.400000,2.450000,2.450000,2600
2019-01-24,2.550000,2.700000,2.450000,2.600000,2.600000,7060
2019-01-25,2.700000,2.700000,2.550000,2.550000,2.550000,14720
2019-01-28,2.500000,2.500000,2.300000,2.300000,2.300000,18920
2019-01-29,2.400000,2.450000,2.000000,2.250000,2.250000,23240
2019-01-30,2.200000,2.300000,2.200000,2.200000,2.200000,3420
2019-01-31,2.200000,2.250000,2.200000,2.250000,2.250000,5860
2019-02-01,2.300000,2.350000,2.150000,2.200000,2.200000,23460
2019-02-04,2.250000,2.250000,2.150000,2.200000,2.200000,5540
2019-02-05,2.200000,2.350000,2.200000,2.250000,2.250000,13800
2019-02-06,2.250000,2.500000,2.250000,2.350000,2.350000,23960
2019-02-07,2.300000,2.450000,2.250000,2.250000,2.250000,9440
2019-02-08,2.250000,2.350000,2.200000,2.200000,2.200000,8080
2019-02-11,2.250000,2.300000,2.200000,2.250000,2.250000,4280
2019-02-12,2.200000,2.300000,2.200000,2.250000,2.250000,1940
2019-02-13,2.200000,2.250000,2.000000,2.200000,2.200000,12400
2019-02-14,2.200000,2.200000,2.100000,2.150000,2.150000,4220
2019-02-15,2.100000,2.300000,2.100000,2.150000,2.150000,7980
2019-02-19,2.100000,2.200000,2.100000,2.150000,2.150000,7600
2019-02-20,2.100000,2.250000,2.100000,2.150000,2.150000,16640
2019-02-21,2.150000,2.200000,2.000000,2.100000,2.100000,8260
2019-02-22,2.000000,2.300000,2.000000,2.100000,2.100000,15860
2019-02-25,2.200000,2.450000,2.200000,2.400000,2.400000,40420
2019-02-26,2.400000,2.500000,2.200000,2.500000,2.500000,6620
2019-02-27,2.350000,2.450000,2.250000,2.450000,2.450000,3820
2019-02-28,2.350000,2.450000,2.300000,2.450000,2.450000,2780
2019-03-01,2.350000,2.500000,2.350000,2.400000,2.400000,13980
2019-03-04,2.400000,2.400000,2.250000,2.400000,2.400000,23760
2019-03-05,2.250000,2.400000,2.250000,2.400000,2.400000,19120
2019-03-06,2.300000,2.300000,2.100000,2.250000,2.250000,42960
2019-03-07,2.150000,2.250000,2.000000,2.200000,2.200000,14500
2019-03-08,2.100000,2.200000,2.000000,2.200000,2.200000,4400
2019-03-11,2.250000,2.350000,2.100000,2.350000,2.350000,47920
2019-03-12,2.200000,2.750000,2.200000,2.700000,2.700000,191060
2019-03-13,2.500000,2.850000,2.450000,2.500000,2.500000,93860
2019-03-14,2.400000,3.100000,2.300000,2.900000,2.900000,218420
2019-03-15,2.900000,3.100000,2.400000,2.800000,2.800000,65480
2019-03-18,2.550000,2.700000,2.500000,2.650000,2.650000,42500
2019-03-19,2.550000,2.550000,2.200000,2.400000,2.400000,44180
2019-03-20,2.500000,2.650000,2.250000,2.650000,2.650000,57300
2019-03-21,2.600000,2.650000,2.450000,2.650000,2.650000,22600
2019-03-22,2.500000,2.650000,2.200000,2.350000,2.350000,63680
2019-03-25,2.400000,2.500000,2.300000,2.450000,2.450000,27300
2019-03-26,2.350000,2.750000,2.300000,2.700000,2.700000,148380
2019-03-27,2.600000,2.650000,2.400000,2.500000,2.500000,40820
2019-03-28,2.400000,2.500000,2.300000,2.450000,2.450000,15860
2019-03-29,2.350000,2.450000,2.050000,2.200000,2.200000,63320
2019-04-01,2.300000,3.200000,2.300000,2.850000,2.850000,422960
2019-04-02,2.700000,2.700000,2.250000,2.400000,2.400000,132360
2019-04-03,2.350000,2.550000,2.350000,2.500000,2.500000,54580
2019-04-04,2.400000,2.550000,2.300000,2.550000,2.550000,32640
2019-04-05,2.450000,2.650000,2.400000,2.550000,2.550000,22160
2019-04-08,2.400000,2.700000,2.400000,2.650000,2.650000,33080
2019-04-09,2.550000,2.850000,2.550000,2.800000,2.800000,50080
2019-04-10,2.600000,3.100000,2.600000,3.000000,3.000000,62700
2019-04-11,3.000000,3.150000,2.850000,2.900000,2.900000,40600
2019-04-12,2.850000,3.300000,2.850000,3.000000,3.000000,125100
2019-04-15,2.800000,3.050000,2.800000,2.950000,2.950000,20060
2019-04-16,3.000000,3.100000,2.850000,2.950000,2.950000,12300
2019-04-17,2.850000,3.050000,2.850000,2.900000,2.900000,18640
2019-04-18,2.800000,3.250000,2.550000,3.250000,3.250000,117380
2019-04-22,3.800000,4.960000,3.500000,3.630000,3.630000,1597500
2019-04-23,4.000000,4.240000,3.780000,4.050000,4.050000,221600
2019-04-24,4.010000,5.180000,3.900000,4.700000,4.700000,806600
2019-04-25,8.010000,9.560000,5.110000,5.210000,5.210000,20696000
2019-04-26,5.110000,5.400000,4.700000,5.020000,5.020000,660600
2019-04-29,4.980000,4.990000,4.250000,4.410000,4.410000,282000
2019-04-30,4.370000,4.650000,4.320000,4.500000,4.500000,193600
2019-05-01,4.510000,4.950000,4.300000,4.430000,4.430000,393900
2019-05-02,4.440000,4.980000,4.310000,4.950000,4.950000,331600
2019-05-03,4.900000,5.450000,4.570000,4.590000,4.590000,391100
2019-05-06,4.420000,4.840000,4.300000,4.740000,4.740000,187000
2019-05-07,4.920000,5.590000,4.540000,4.800000,4.800000,1277600
2019-05-08,4.800000,4.900000,4.450000,4.590000,4.590000,426100
2019-05-09,4.530000,4.580000,4.310000,4.390000,4.390000,107100
2019-05-10,4.380000,4.530000,4.330000,4.530000,4.530000,51000
2019-05-13,4.520000,4.550000,4.170000,4.410000,4.410000,91700
2019-05-14,4.410000,4.570000,4.390000,4.520000,4.520000,245300
2019-05-15,5.400000,5.450000,4.760000,4.910000,4.910000,2041000
2019-05-16,4.700000,4.840000,4.520000,4.650000,4.650000,212400
2019-05-17,4.560000,4.780000,4.300000,4.500000,4.500000,147200
2019-05-20,4.420000,4.670000,4.400000,4.540000,4.540000,92100
2019-05-21,4.620000,4.930000,4.200000,4.810000,4.810000,126900
2019-05-22,4.750000,5.050000,4.670000,4.940000,4.940000,141500
2019-05-23,4.820000,5.250000,4.670000,5.140000,5.140000,122300
2019-05-24,5.120000,5.500000,5.080000,5.500000,5.500000,110300
2019-05-28,5.450000,5.880000,5.450000,5.660000,5.660000,169400
2019-05-29,5.530000,5.530000,4.800000,4.960000,4.960000,104300
2019-05-30,4.890000,5.330000,4.880000,5.070000,5.070000,109200
2019-05-31,4.960000,5.270000,4.830000,5.150000,5.150000,88500
2019-06-03,5.210000,5.240000,4.980000,5.120000,5.120000,60300
2019-06-04,5.110000,5.250000,4.990000,4.990000,4.990000,43800
2019-06-05,4.960000,5.000000,4.590000,4.770000,4.770000,85900
2019-06-06,4.690000,4.800000,4.520000,4.580000,4.580000,31500
2019-06-07,4.560000,4.840000,4.560000,4.700000,4.700000,33300
2019-06-10,4.700000,4.800000,4.540000,4.630000,4.630000,32900
2019-06-11,4.570000,4.920000,4.570000,4.710000,4.710000,117000
2019-06-12,4.670000,4.850000,4.650000,4.760000,4.760000,31700
2019-06-13,4.750000,4.770000,4.600000,4.680000,4.680000,39200
2019-06-14,4.660000,4.740000,4.510000,4.520000,4.520000,26200
2019-06-17,4.520000,4.630000,4.410000,4.610000,4.610000,22700
2019-06-18,4.600000,4.600000,4.400000,4.470000,4.470000,29200
2019-06-19,4.400000,4.480000,4.310000,4.460000,4.460000,19600
2019-06-20,4.410000,4.700000,4.400000,4.600000,4.600000,30400
2019-06-21,4.690000,4.690000,4.510000,4.540000,4.540000,9300
2019-06-24,4.550000,4.690000,4.510000,4.690000,4.690000,4900
2019-06-25,4.490000,4.550000,4.340000,4.480000,4.480000,20400
2019-06-26,4.570000,4.570000,4.220000,4.270000,4.270000,39900
2019-06-27,4.220000,4.450000,4.220000,4.260000,4.260000,23100
2019-06-28,4.360000,4.450000,4.280000,4.390000,4.390000,15200
2019-07-01,4.400000,4.410000,4.240000,4.240000,4.240000,18600
2019-07-02,4.280000,4.280000,3.970000,4.050000,4.050000,28200
2019-07-03,4.000000,4.050000,3.630000,3.900000,3.900000,24600
2019-07-05,3.900000,4.140000,3.830000,4.090000,4.090000,8800
2019-07-08,4.150000,4.170000,4.020000,4.100000,4.100000,7300
2019-07-09,4.140000,4.150000,3.820000,3.820000,3.820000,20000
2019-07-10,3.990000,4.380000,3.980000,4.080000,4.080000,78400
2019-07-11,4.270000,4.450000,4.180000,4.300000,4.300000,16300
2019-07-12,4.290000,4.450000,4.200000,4.250000,4.250000,12300
2019-07-15,4.380000,4.380000,4.250000,4.300000,4.300000,12900
2019-07-16,4.400000,4.410000,4.250000,4.350000,4.350000,11500
2019-07-17,4.430000,4.430000,4.290000,4.310000,4.310000,4100
2019-07-18,4.350000,4.450000,4.250000,4.250000,4.250000,4400
2019-07-19,4.350000,4.350000,4.000000,4.000000,4.000000,21600
2019-07-22,4.050000,4.200000,3.820000,4.050000,4.050000,26100
2019-07-23,3.910000,4.050000,3.890000,3.980000,3.980000,10900
2019-07-24,3.930000,4.050000,3.810000,3.880000,3.880000,18100
2019-07-25,4.100000,4.150000,3.920000,4.090000,4.090000,7400
2019-07-26,4.100000,4.100000,3.940000,4.100000,4.100000,6100
2019-07-29,3.950000,4.000000,3.900000,3.900000,3.900000,7800
2019-07-30,4.100000,4.100000,3.980000,4.000000,4.000000,5800
2019-07-31,4.000000,4.090000,3.920000,3.920000,3.920000,7400
2019-08-01,4.100000,4.100000,3.920000,3.920000,3.920000,4100
2019-08-02,4.070000,4.070000,4.010000,4.010000,4.010000,600
2019-08-05,3.920000,4.040000,3.520000,3.780000,3.780000,26900
2019-08-06,3.750000,4.030000,3.570000,3.570000,3.570000,7100
2019-08-07,3.570000,3.910000,3.490000,3.720000,3.720000,22500
2019-08-08,3.840000,3.840000,3.510000,3.690000,3.690000,13200
2019-08-09,3.720000,3.720000,3.540000,3.660000,3.660000,3700
2019-08-12,3.590000,3.640000,3.520000,3.520000,3.520000,13000
2019-08-13,3.550000,3.700000,3.550000,3.610000,3.610000,5200
2019-08-14,3.530000,3.540000,3.340000,3.500000,3.500000,13400
2019-08-15,3.490000,3.800000,3.220000,3.250000,3.250000,24700
2019-08-16,3.300000,3.740000,3.300000,3.450000,3.450000,11800
2019-08-19,3.440000,3.490000,3.340000,3.460000,3.460000,4500
2019-08-20,3.330000,3.410000,2.800000,3.220000,3.220000,30000
2019-08-21,3.260000,3.260000,3.070000,3.240000,3.240000,4400
2019-08-22,3.190000,3.610000,3.180000,3.480000,3.480000,18400
2019-08-23,3.340000,3.500000,3.320000,3.500000,3.500000,7800
2019-08-26,3.490000,7.590000,3.490000,6.050000,6.050000,11975500
2019-08-27,5.400000,9.240000,3.640000,4.020000,4.020000,4596900
2019-08-28,4.100000,4.350000,3.540000,3.930000,3.930000,610100
2019-08-29,5.000000,5.530000,4.200000,4.500000,4.500000,6793100
2019-08-30,4.500000,4.500000,4.100000,4.300000,4.300000,549100
2019-09-03,4.200000,4.540000,4.160000,4.250000,4.250000,221400
2019-09-04,4.250000,4.480000,4.200000,4.250000,4.250000,128700
2019-09-05,4.210000,4.880000,4.110000,4.700000,4.700000,337600
2019-09-06,4.650000,4.680000,4.180000,4.480000,4.480000,88600
2019-09-09,4.480000,4.660000,4.270000,4.620000,4.620000,53500
2019-09-10,4.550000,4.550000,4.200000,4.270000,4.270000,78500
2019-09-11,4.270000,4.590000,3.780000,4.590000,4.590000,67900
2019-09-12,4.590000,4.590000,3.880000,4.160000,4.160000,52700
2019-09-13,4.250000,4.630000,4.130000,4.480000,4.480000,108100
2019-09-16,4.400000,4.950000,4.390000,4.410000,4.410000,392400
2019-09-17,4.450000,4.450000,4.050000,4.260000,4.260000,30000
2019-09-18,4.200000,4.270000,3.940000,3.960000,3.960000,38800
2019-09-19,3.910000,4.030000,3.820000,3.900000,3.900000,33200
2019-09-20,3.890000,4.050000,3.800000,3.860000,3.860000,41600
2019-09-23,3.850000,3.850000,3.700000,3.760000,3.760000,32100
2019-09-24,3.780000,3.830000,3.550000,3.580000,3.580000,29600
2019-09-25,3.570000,3.700000,3.500000,3.500000,3.500000,35200
2019-09-26,3.500000,3.510000,3.160000,3.210000,3.210000,42000
2019-09-27,3.110000,3.200000,2.870000,2.900000,2.900000,28900
2019-09-30,2.860000,2.890000,2.770000,2.800000,2.800000,21700
2019-10-01,2.850000,2.890000,2.770000,2.790000,2.790000,19600
2019-10-02,2.800000,2.800000,2.580000,2.690000,2.690000,24200
2019-10-03,2.640000,2.720000,2.560000,2.650000,2.650000,11900
2019-10-04,2.630000,2.640000,2.440000,2.510000,2.510000,12600
2019-10-07,2.540000,2.550000,2.410000,2.450000,2.450000,7400
2019-10-08,2.450000,2.460000,2.250000,2.390000,2.390000,18100
2019-10-09,2.370000,2.380000,2.250000,2.250000,2.250000,6800
2019-10-10,2.210000,2.370000,2.000000,2.260000,2.260000,79000
2019-10-11,2.260000,2.350000,2.120000,2.260000,2.260000,14700
2019-10-14,2.150000,2.630000,2.150000,2.520000,2.520000,73000
2019-10-15,2.460000,3.190000,2.460000,2.940000,2.940000,154100
2019-10-16,3.450000,3.450000,2.810000,3.210000,3.210000,93600
2019-10-17,3.200000,3.200000,2.610000,2.970000,2.970000,23100
2019-10-18,2.900000,2.900000,2.620000,2.640000,2.640000,27300
2019-10-21,2.560000,2.730000,2.560000,2.680000,2.680000,11200
2019-10-22,2.650000,2.730000,2.600000,2.720000,2.720000,2200
2019-10-23,2.700000,2.780000,2.630000,2.780000,2.780000,19100
2019-10-24,2.760000,2.780000,2.620000,2.730000,2.730000,8200
2019-10-25,2.730000,3.250000,2.670000,3.210000,3.210000,144500
2019-10-28,3.200000,3.200000,2.810000,2.980000,2.980000,32700
2019-10-29,2.910000,3.130000,2.850000,3.020000,3.020000,28800
2019-10-30,3.000000,3.230000,2.910000,3.150000,3.150000,54100
2019-10-31,2.940000,3.050000,2.940000,2.940000,2.940000,6400
2019-11-01,3.020000,3.110000,2.960000,3.000000,3.000000,13600
2019-11-04,2.990000,3.070000,2.960000,3.030000,3.030000,18700
2019-11-05,2.980000,3.120000,2.970000,3.000000,3.000000,10300
2019-11-06,2.950000,3.020000,2.690000,2.790000,2.790000,34500
2019-11-07,2.790000,2.790000,2.580000,2.630000,2.630000,9800
2019-11-08,2.780000,2.780000,2.510000,2.510000,2.510000,18900
2019-11-11,2.520000,2.710000,2.520000,2.580000,2.580000,18900
2019-11-12,2.610000,2.730000,2.400000,2.660000,2.660000,18200
2019-11-13,2.560000,2.560000,2.500000,2.530000,2.530000,4800
2019-11-14,2.520000,2.550000,2.490000,2.490000,2.490000,8000
2019-11-15,2.580000,2.580000,2.410000,2.410000,2.410000,22700
2019-11-18,2.400000,2.400000,2.060000,2.330000,2.330000,26100
2019-11-19,2.240000,2.250000,2.090000,2.240000,2.240000,20300
2019-11-20,2.310000,2.320000,2.270000,2.300000,2.300000,8200
2019-11-21,2.190000,2.750000,2.190000,2.400000,2.400000,62100
2019-11-22,2.480000,2.560000,2.240000,2.550000,2.550000,8000
2019-11-25,6.800000,7.200000,3.510000,3.940000,3.940000,12822400
2019-11-26,3.510000,3.790000,3.450000,3.780000,3.780000,411800
2019-11-27,3.660000,4.450000,3.600000,3.880000,3.880000,283000
2019-11-29,3.890000,4.040000,3.530000,3.650000,3.650000,113600
2019-12-02,3.560000,3.620000,3.250000,3.330000,3.330000,96400
2019-12-03,3.350000,3.350000,2.860000,2.940000,2.940000,74900
2019-12-04,2.970000,3.140000,2.930000,3.000000,3.000000,70100
2019-12-05,3.000000,3.020000,2.850000,2.930000,2.930000,35100
2019-12-06,2.940000,3.020000,2.870000,2.900000,2.900000,48800
2019-12-09,2.890000,2.890000,2.670000,2.780000,2.780000,65200
2019-12-10,2.710000,2.850000,2.630000,2.810000,2.810000,63800
2019-12-11,2.850000,3.160000,2.810000,3.020000,3.020000,76500
2019-12-12,3.010000,3.060000,2.920000,2.920000,2.920000,18200
2019-12-13,2.940000,3.000000,2.820000,2.860000,2.860000,42000
2019-12-16,2.810000,2.900000,2.760000,2.840000,2.840000,40400
2019-12-17,2.770000,2.820000,2.690000,2.770000,2.770000,25400
2019-12-18,2.760000,2.800000,2.730000,2.750000,2.750000,20500
2019-12-19,2.850000,2.880000,2.750000,2.800000,2.800000,18100
2019-12-20,2.790000,2.850000,2.740000,2.800000,2.800000,11900
2019-12-23,2.880000,2.880000,2.700000,2.740000,2.740000,36100
2019-12-24,2.750000,2.840000,2.700000,2.750000,2.750000,21800
2019-12-26,2.830000,3.150000,2.810000,2.960000,2.960000,143400
2019-12-27,2.970000,2.990000,2.780000,2.930000,2.930000,27000
2019-12-30,2.940000,2.940000,2.800000,2.870000,2.870000,13800
2019-12-31,2.940000,2.960000,2.810000,2.960000,2.960000,29600
2020-01-02,2.880000,3.390000,2.820000,3.030000,3.030000,102800
2020-01-03,3.050000,3.200000,2.960000,3.100000,3.100000,36300
2020-01-06,3.170000,3.190000,3.010000,3.030000,3.030000,19100
2020-01-07,2.970000,3.180000,2.970000,3.130000,3.130000,15700
2020-01-08,3.180000,3.180000,3.000000,3.010000,3.010000,31300
2020-01-09,3.050000,3.080000,2.900000,2.990000,2.990000,30100
2020-01-10,2.890000,3.020000,2.820000,2.950000,2.950000,10300
2020-01-13,2.970000,3.030000,2.900000,3.010000,3.010000,12300
2020-01-14,2.960000,3.010000,2.850000,3.000000,3.000000,8200
2020-01-15,2.890000,3.250000,2.860000,3.190000,3.190000,71700
2020-01-16,3.370000,4.870000,3.120000,3.920000,3.920000,1043500
2020-01-17,3.740000,3.920000,3.370000,3.700000,3.700000,227900
2020-01-21,3.530000,3.540000,3.320000,3.490000,3.490000,53100
2020-01-22,3.490000,3.490000,3.350000,3.380000,3.380000,13400
2020-01-23,3.570000,4.100000,3.270000,3.370000,3.370000,367800
2020-01-24,3.350000,3.390000,3.000000,3.290000,3.290000,107300
2020-01-27,3.110000,3.250000,3.010000,3.150000,3.150000,34400
2020-01-28,3.400000,3.400000,3.060000,3.170000,3.170000,73800
2020-01-29,3.270000,3.270000,3.030000,3.160000,3.160000,36100
2020-01-30,3.080000,3.200000,3.050000,3.110000,3.110000,19800
2020-01-31,3.050000,3.100000,3.000000,3.040000,3.040000,29300
2020-02-03,3.050000,3.220000,3.000000,3.220000,3.220000,22200
2020-02-04,3.120000,3.340000,3.100000,3.320000,3.320000,19400
2020-02-05,3.220000,3.320000,3.110000,3.130000,3.130000,4300
2020-02-06,6.380000,6.400000,3.920000,4.120000,4.120000,7779700
2020-02-07,3.800000,3.910000,3.530000,3.850000,3.850000,419000
2020-02-10,3.820000,3.820000,3.440000,3.550000,3.550000,102700
2020-02-11,3.410000,3.860000,3.400000,3.510000,3.510000,180800
2020-02-12,3.490000,3.700000,3.430000,3.520000,3.520000,57200
2020-02-13,3.450000,3.760000,3.320000,3.650000,3.650000,104700
2020-02-14,3.580000,3.650000,3.560000,3.590000,3.590000,16100
2020-02-18,3.530000,3.590000,3.450000,3.590000,3.590000,49700
2020-02-19,3.690000,3.690000,3.360000,3.570000,3.570000,37500
2020-02-20,3.460000,3.580000,3.450000,3.500000,3.500000,18100
2020-02-21,3.500000,3.790000,3.290000,3.700000,3.700000,71400
2020-02-24,3.490000,3.650000,3.420000,3.550000,3.550000,10300
2020-02-25,3.470000,3.680000,3.470000,3.520000,3.520000,30400
2020-02-26,3.520000,3.620000,3.490000,3.540000,3.540000,20400
2020-02-27,3.420000,3.560000,3.360000,3.550000,3.550000,42400
2020-02-28,3.430000,3.580000,3.420000,3.500000,3.500000,17700
2020-03-02,3.450000,3.800000,3.420000,3.730000,3.730000,39400
2020-03-03,3.730000,3.750000,3.560000,3.700000,3.700000,16000
2020-03-04,3.610000,4.040000,3.600000,3.900000,3.900000,53400
2020-03-05,3.900000,3.930000,3.780000,3.780000,3.780000,15200
2020-03-06,3.720000,3.840000,3.600000,3.800000,3.800000,25700
2020-03-09,3.600000,3.730000,3.460000,3.530000,3.530000,28700
2020-03-10,3.590000,3.690000,3.300000,3.680000,3.680000,33400
2020-03-11,3.530000,3.570000,3.380000,3.560000,3.560000,8600
2020-03-12,3.300000,3.480000,3.230000,3.440000,3.440000,38600
2020-03-13,3.470000,3.580000,3.240000,3.290000,3.290000,10700
2020-03-16,3.280000,3.280000,2.770000,2.770000,2.770000,33500
2020-03-17,3.350000,3.350000,2.540000,2.630000,2.630000,16000
2020-03-18,2.520000,2.520000,2.050000,2.050000,2.050000,10000
2020-03-19,2.060000,2.380000,2.010000,2.240000,2.240000,9400
2020-03-20,2.340000,2.580000,2.340000,2.350000,2.350000,10200
2020-03-23,2.490000,2.490000,2.070000,2.130000,2.130000,3900
2020-03-24,2.110000,2.500000,2.110000,2.310000,2.310000,51200
2020-03-25,2.390000,2.400000,2.140000,2.250000,2.250000,18300
2020-03-26,2.210000,2.330000,2.190000,2.310000,2.310000,4300
2020-03-27,2.280000,2.380000,2.180000,2.230000,2.230000,15300
2020-03-30,2.230000,2.490000,2.230000,2.360000,2.360000,10400
2020-03-31,2.210000,2.340000,2.140000,2.240000,2.240000,27300
2020-04-01,2.260000,2.260000,2.150000,2.160000,2.160000,7500
2020-04-02,2.050000,2.190000,2.050000,2.100000,2.100000,3000
2020-04-03,2.120000,2.190000,2.100000,2.130000,2.130000,4100
2020-04-06,2.060000,2.280000,2.060000,2.230000,2.230000,23300
2020-04-07,2.200000,2.800000,2.150000,2.580000,2.580000,54000
2020-04-08,2.900000,2.990000,2.740000,2.890000,2.890000,28400
2020-04-09,2.900000,2.970000,2.580000,2.690000,2.690000,35200
2020-04-13,2.610000,2.680000,2.400000,2.610000,2.610000,9400
2020-04-14,2.510000,2.950000,2.480000,2.670000,2.670000,13000
2020-04-15,2.650000,2.650000,2.450000,2.560000,2.560000,3200
2020-04-16,2.510000,2.930000,2.510000,2.620000,2.620000,6800
2020-04-17,2.600000,2.820000,2.550000,2.550000,2.550000,12200
2020-04-20,2.510000,2.890000,2.510000,2.680000,2.680000,8000
2020-04-21,2.570000,2.760000,2.570000,2.570000,2.570000,6000
2020-04-22,2.550000,2.600000,2.550000,2.600000,2.600000,900
2020-04-23,2.650000,2.690000,2.520000,2.580000,2.580000,8400
2020-04-24,2.740000,2.740000,2.550000,2.570000,2.570000,1900
2020-04-27,2.590000,2.640000,2.500000,2.620000,2.620000,8300
2020-04-28,2.630000,2.910000,2.500000,2.600000,2.600000,21100
2020-04-29,2.610000,2.650000,2.530000,2.590000,2.590000,7900
2020-04-30,2.680000,2.680000,2.540000,2.610000,2.610000,2500
2020-05-01,2.590000,2.630000,2.540000,2.550000,2.550000,4800
2020-05-04,2.460000,2.620000,2.460000,2.620000,2.620000,5000
2020-05-05,2.630000,2.630000,2.420000,2.590000,2.590000,4800
2020-05-06,2.520000,2.630000,2.450000,2.550000,2.550000,12700
2020-05-07,2.650000,2.650000,2.230000,2.540000,2.540000,16800
2020-05-08,2.600000,2.600000,2.500000,2.530000,2.530000,3500
2020-05-11,2.650000,2.650000,2.320000,2.450000,2.450000,20000
2020-05-12,2.450000,2.560000,2.330000,2.330000,2.330000,17200
2020-05-13,2.350000,2.470000,2.260000,2.380000,2.380000,10000
2020-05-14,2.350000,2.390000,2.350000,2.380000,2.380000,3100
2020-05-15,2.350000,2.490000,2.320000,2.470000,2.470000,13900
2020-05-18,2.350000,2.660000,2.350000,2.660000,2.660000,17100
2020-05-19,2.570000,2.690000,2.560000,2.680000,2.680000,14400
2020-05-20,2.610000,2.920000,2.610000,2.800000,2.800000,20100
2020-05-21,2.810000,2.810000,2.630000,2.650000,2.650000,5500
2020-05-22,2.890000,2.890000,2.760000,2.860000,2.860000,11100
2020-05-26,2.820000,3.500000,2.770000,3.100000,3.100000,65100
2020-05-27,3.200000,3.390000,3.160000,3.350000,3.350000,19200
2020-05-28,3.400000,3.600000,2.840000,3.160000,3.160000,42100
2020-05-29,3.160000,3.340000,3.050000,3.160000,3.160000,9600
2020-06-01,3.140000,3.490000,3.100000,3.280000,3.280000,35700
2020-06-02,3.390000,3.500000,3.180000,3.360000,3.360000,26100
2020-06-03,3.350000,3.500000,3.240000,3.420000,3.420000,21600
2020-06-04,3.500000,3.500000,3.230000,3.230000,3.230000,24900
2020-06-05,3.260000,3.260000,3.180000,3.180000,3.180000,6400
2020-06-08,3.160000,3.180000,3.070000,3.160000,3.160000,5800
2020-06-09,3.360000,3.360000,3.150000,3.230000,3.230000,9900
2020-06-10,3.230000,3.470000,3.150000,3.250000,3.250000,13300
2020-06-11,3.140000,3.140000,2.810000,2.810000,2.810000,21600
2020-06-12,2.820000,2.990000,2.810000,2.950000,2.950000,7300
2020-06-15,3.060000,3.180000,3.060000,3.070000,3.070000,9600
2020-06-16,3.340000,3.650000,3.110000,3.350000,3.350000,107400
2020-06-17,3.500000,3.850000,3.400000,3.670000,3.670000,163900
2020-06-18,5.140000,5.140000,3.010000,3.380000,3.380000,1274500
2020-06-19,3.370000,3.430000,3.110000,3.380000,3.380000,96200
2020-06-22,3.010000,3.250000,3.010000,3.100000,3.100000,59900
2020-06-23,3.150000,3.300000,3.100000,3.210000,3.210000,23900
2020-06-24,3.110000,3.260000,3.100000,3.100000,3.100000,18500
2020-06-25,3.180000,3.250000,3.020000,3.110000,3.110000,43500
2020-06-26,3.180000,3.220000,2.860000,3.000000,3.000000,63100
2020-06-29,3.000000,3.040000,2.910000,3.000000,3.000000,30900
2020-06-30,3.020000,3.200000,3.020000,3.200000,3.200000,16900
2020-07-01,3.280000,3.280000,3.130000,3.210000,3.210000,17300
2020-07-02,3.150000,3.250000,3.110000,3.190000,3.190000,9300
2020-07-06,3.150000,3.370000,3.150000,3.230000,3.230000,42900
2020-07-07,3.230000,3.330000,3.200000,3.260000,3.260000,5900
2020-07-08,3.250000,3.560000,3.140000,3.450000,3.450000,146300
2020-07-09,3.510000,3.510000,3.310000,3.420000,3.420000,16600
2020-07-10,3.490000,3.630000,3.310000,3.560000,3.560000,51200
2020-07-13,3.520000,3.570000,3.270000,3.270000,3.270000,18000
2020-07-14,3.270000,3.360000,3.070000,3.070000,3.070000,18700
2020-07-15,3.080000,3.280000,3.080000,3.180000,3.180000,13900
2020-07-16,3.270000,3.640000,3.150000,3.330000,3.330000,96800
2020-07-17,3.400000,3.500000,3.300000,3.370000,3.370000,18800
2020-07-20,3.500000,3.530000,3.250000,3.490000,3.490000,36200
2020-07-21,5.650000,5.650000,3.510000,3.560000,3.560000,3019700
2020-07-22,3.450000,3.560000,3.250000,3.490000,3.490000,232000
2020-07-23,3.490000,3.490000,3.250000,3.390000,3.390000,43700
2020-07-24,3.250000,3.490000,3.210000,3.400000,3.400000,66200
2020-07-27,3.270000,3.500000,3.260000,3.490000,3.490000,43300
2020-07-28,3.380000,3.550000,3.280000,3.540000,3.540000,41100
2020-07-29,3.500000,3.850000,3.490000,3.740000,3.740000,165000
2020-07-30,3.640000,3.900000,3.560000,3.860000,3.860000,71400
2020-07-31,3.870000,4.090000,3.740000,3.940000,3.940000,157000
2020-08-03,3.920000,4.270000,3.850000,4.220000,4.220000,108700
2020-08-04,4.140000,4.420000,4.060000,4.150000,4.150000,123200
2020-08-05,4.130000,4.140000,3.900000,3.980000,3.980000,51100
2020-08-06,3.920000,6.400000,3.790000,5.390000,5.390000,2490000
2020-08-07,4.660000,5.200000,3.970000,4.160000,4.160000,851000
2020-08-10,4.280000,5.050000,4.270000,4.830000,4.830000,590400
2020-08-11,4.840000,6.520000,4.620000,5.010000,5.010000,4465400
2020-08-12,5.100000,5.160000,4.480000,5.090000,5.090000,221200
2020-08-13,5.080000,5.080000,4.450000,4.530000,4.530000,114900
2020-08-14,4.450000,4.790000,4.360000,4.550000,4.550000,49000
2020-08-17,4.490000,4.900000,4.350000,4.750000,4.750000,60900
2020-08-18,5.000000,5.170000,4.690000,5.060000,5.060000,302600
2020-08-19,5.170000,6.150000,5.150000,5.860000,5.860000,1143400
2020-08-20,5.800000,7.470000,5.800000,6.270000,6.270000,2837500
2020-08-21,6.060000,8.160000,6.010000,7.150000,7.150000,8243900
2020-08-24,6.990000,7.800000,6.610000,7.730000,7.730000,797600
2020-08-25,7.640000,7.800000,7.000000,7.250000,7.250000,331600
2020-08-26,7.130000,9.100000,6.820000,7.330000,7.330000,2683900
2020-08-27,7.360000,8.130000,7.270000,7.630000,7.630000,574500
2020-08-28,7.760000,8.540000,7.610000,7.790000,7.790000,955500
2020-08-31,7.840000,7.840000,6.890000,6.980000,6.980000,375900
2020-09-01,7.000000,7.020000,6.410000,6.540000,6.540000,147700
2020-09-02,6.450000,6.480000,5.950000,6.180000,6.180000,311000
2020-09-03,6.070000,7.060000,5.830000,5.830000,5.830000,306900
2020-09-04,5.770000,6.200000,5.510000,6.000000,6.000000,191900
2020-09-08,5.880000,6.260000,5.750000,5.870000,5.870000,64800
2020-09-09,6.180000,6.180000,5.820000,6.100000,6.100000,76500
2020-09-10,6.160000,6.240000,5.960000,6.170000,6.170000,88100
2020-09-11,6.120000,6.310000,5.770000,5.910000,5.910000,57700
2020-09-14,5.820000,5.820000,5.260000,5.290000,5.290000,112500
2020-09-15,5.290000,5.360000,5.130000,5.180000,5.180000,42100
2020-09-16,5.160000,6.590000,4.890000,4.930000,4.930000,483600
2020-09-17,5.030000,5.060000,4.580000,4.730000,4.730000,104900
2020-09-18,4.770000,5.020000,4.640000,4.680000,4.680000,44900
2020-09-21,4.550000,4.630000,4.290000,4.350000,4.350000,46900
2020-09-22,4.360000,4.810000,4.360000,4.570000,4.570000,79700
2020-09-23,4.620000,4.850000,4.330000,4.330000,4.330000,29200
2020-09-24,4.270000,4.790000,3.900000,4.140000,4.140000,294300
2020-09-25,4.160000,4.520000,4.050000,4.280000,4.280000,43600
2020-09-28,4.330000,4.480000,4.250000,4.390000,4.390000,15500
2020-09-29,4.330000,4.550000,4.330000,4.480000,4.480000,25700
2020-09-30,4.470000,4.800000,4.410000,4.740000,4.740000,51300
2020-10-01,4.830000,5.130000,4.670000,4.770000,4.770000,147700
2020-10-02,4.710000,4.720000,4.400000,4.480000,4.480000,25400
2020-10-05,4.560000,4.560000,4.080000,4.240000,4.240000,47900
2020-10-06,4.260000,4.430000,4.130000,4.280000,4.280000,30000
2020-10-07,4.290000,4.480000,4.290000,4.480000,4.480000,14100
2020-10-08,4.520000,4.700000,4.400000,4.430000,4.430000,7600
2020-10-09,4.390000,4.480000,4.300000,4.340000,4.340000,19300
2020-10-12,4.340000,4.430000,4.220000,4.380000,4.380000,13700
2020-10-13,4.260000,4.290000,4.220000,4.270000,4.270000,4000
2020-10-14,4.270000,4.550000,4.230000,4.440000,4.440000,32700
2020-10-15,4.310000,4.410000,4.280000,4.380000,4.380000,12900
2020-10-16,4.420000,4.420000,4.330000,4.410000,4.410000,11700
2020-10-19,4.330000,4.640000,4.330000,4.440000,4.440000,65600
2020-10-20,4.410000,5.070000,4.410000,4.610000,4.610000,270500
2020-10-21,4.560000,4.670000,4.320000,4.430000,4.430000,59900
2020-10-22,4.550000,4.550000,4.320000,4.330000,4.330000,26300
2020-10-23,4.350000,4.420000,4.240000,4.270000,4.270000,25400
2020-10-26,4.310000,4.310000,3.770000,3.850000,3.850000,84400
2020-10-27,3.910000,3.960000,3.500000,3.500000,3.500000,47800
2020-10-28,3.530000,3.690000,3.490000,3.650000,3.650000,38600
2020-10-29,3.630000,4.290000,3.620000,3.930000,3.930000,195900
2020-10-30,3.950000,4.120000,3.660000,3.660000,3.660000,44100
2020-11-02,3.710000,3.840000,3.530000,3.560000,3.560000,12800
2020-11-03,3.620000,3.740000,3.610000,3.680000,3.680000,18400
2020-11-04,3.680000,3.750000,3.620000,3.680000,3.680000,22200
2020-11-05,3.720000,4.170000,3.640000,3.850000,3.850000,76400
2020-11-06,3.800000,4.100000,3.740000,3.800000,3.800000,66100
2020-11-09,3.820000,3.980000,3.740000,3.890000,3.890000,46200
2020-11-10,3.860000,3.940000,3.710000,3.900000,3.900000,45100
2020-11-11,3.800000,4.290000,3.800000,4.080000,4.080000,64600
2020-11-12,4.150000,4.290000,3.940000,4.050000,4.050000,57900
2020-11-13,4.020000,4.140000,3.950000,4.080000,4.080000,17400
2020-11-16,4.080000,4.400000,4.070000,4.240000,4.240000,73000
2020-11-17,4.250000,4.330000,4.190000,4.330000,4.330000,17000
2020-11-18,4.280000,4.450000,4.200000,4.200000,4.200000,65700
2020-11-19,4.240000,4.390000,4.240000,4.330000,4.330000,48300
2020-11-20,4.350000,4.480000,4.320000,4.440000,4.440000,21000
2020-11-23,4.420000,4.600000,4.420000,4.590000,4.590000,21800
2020-11-24,4.600000,4.680000,4.450000,4.510000,4.510000,21900
2020-11-25,4.450000,4.640000,4.450000,4.620000,4.620000,20300
2020-11-27,4.530000,4.600000,4.450000,4.500000,4.500000,13200
2020-11-30,4.510000,4.540000,4.200000,4.270000,4.270000,29100
2020-12-01,4.220000,4.400000,4.170000,4.370000,4.370000,24200
2020-12-02,4.290000,4.290000,4.070000,4.160000,4.160000,29500
2020-12-03,4.210000,4.500000,4.210000,4.400000,4.400000,20200
2020-12-04,4.480000,4.590000,4.400000,4.420000,4.420000,28600
2020-12-07,4.410000,4.470000,4.190000,4.200000,4.200000,21100
2020-12-08,4.240000,4.320000,4.180000,4.290000,4.290000,10200
2020-12-09,4.250000,4.320000,4.110000,4.140000,4.140000,20800
2020-12-10,4.430000,4.430000,4.000000,4.140000,4.140000,57000
2020-12-11,4.150000,5.880000,4.050000,4.460000,4.460000,1541800
2020-12-14,4.380000,4.500000,4.100000,4.210000,4.210000,93200
2020-12-15,4.170000,4.330000,4.100000,4.210000,4.210000,47300
2020-12-16,4.180000,4.210000,3.950000,4.100000,4.100000,31500
2020-12-17,4.100000,4.190000,4.030000,4.150000,4.150000,26800
2020-12-18,4.070000,4.290000,4.060000,4.200000,4.200000,67700
2020-12-21,4.060000,4.170000,4.060000,4.140000,4.140000,43200
2020-12-22,4.170000,4.190000,3.900000,3.950000,3.950000,78500
2020-12-23,3.950000,4.070000,3.810000,3.920000,3.920000,23100
2020-12-24,3.920000,4.000000,3.910000,3.940000,3.940000,4600
2020-12-28,3.950000,5.200000,3.880000,4.260000,4.260000,1021200
2020-12-29,4.230000,5.100000,4.170000,5.080000,5.080000,5086400
2020-12-30,6.590000,6.750000,4.900000,5.440000,5.440000,5504500
2020-12-31,5.110000,5.220000,4.550000,4.890000,4.890000,476100
2021-01-04,4.810000,4.810000,4.250000,4.480000,4.480000,225100
2021-01-05,4.560000,4.750000,4.420000,4.470000,4.470000,79800
2021-01-06,4.670000,4.900000,4.500000,4.770000,4.770000,181100
2021-01-07,4.730000,4.940000,4.700000,4.820000,4.820000,60800
2021-01-08,4.790000,4.910000,4.640000,4.890000,4.890000,62800
2021-01-11,4.800000,5.230000,4.710000,4.900000,4.900000,214500
2021-01-12,4.850000,5.120000,4.780000,4.940000,4.940000,48200
2021-01-13,5.010000,5.400000,4.950000,5.200000,5.200000,194200
2021-01-14,5.180000,5.720000,5.010000,5.470000,5.470000,230900
2021-01-15,5.410000,5.690000,5.150000,5.430000,5.430000,219400
2021-01-19,5.560000,5.800000,5.340000,5.530000,5.530000,201100
2021-01-20,5.570000,5.940000,5.550000,5.800000,5.800000,135500
2021-01-21,5.810000,6.090000,5.620000,5.650000,5.650000,143600
2021-01-22,5.600000,5.730000,5.470000,5.520000,5.520000,36400
2021-01-25,5.540000,5.590000,5.220000,5.230000,5.230000,110900
2021-01-26,5.320000,6.490000,5.320000,6.450000,6.450000,729100
2021-01-27,6.160000,11.640000,5.680000,9.520000,9.520000,3122700
2021-01-28,22.299999,31.830000,11.800000,12.990000,12.990000,8182000
2021-01-29,12.650000,12.690000,8.630000,9.010000,9.010000,1573000
2021-02-01,8.870000,10.790000,8.160000,9.400000,9.400000,1920800
2021-02-02,10.470000,11.250000,9.260000,10.100000,10.100000,1590800
2021-02-03,9.900000,10.030000,9.030000,9.470000,9.470000,668500
2021-02-04,9.250000,9.500000,8.750000,9.140000,9.140000,413700
2021-02-05,8.860000,10.800000,8.530000,8.540000,8.540000,1481400
2021-02-08,8.500000,8.520000,7.920000,8.310000,8.310000,412300
2021-02-09,8.600000,9.850000,8.510000,9.390000,9.390000,1314900
2021-02-10,9.240000,10.780000,9.120000,10.280000,10.280000,957600
2021-02-11,10.100000,10.440000,9.130000,9.180000,9.180000,335300
2021-02-12,9.200000,9.430000,8.570000,8.870000,8.870000,459500
2021-02-16,8.950000,9.390000,8.350000,9.050000,9.050000,415100
2021-02-17,8.860000,9.120000,8.520000,8.990000,8.990000,358300
2021-02-18,8.750000,8.970000,8.120000,8.250000,8.250000,536700
2021-02-19,8.230000,9.110000,8.010000,8.200000,8.200000,424700
2021-02-22,8.300000,8.760000,8.050000,8.390000,8.390000,296500
2021-02-23,7.650000,7.650000,6.050000,7.120000,7.120000,487800
2021-02-24,7.140000,8.920000,7.130000,8.310000,8.310000,1344400
2021-02-25,11.770000,12.970000,8.590000,9.680000,9.680000,5998900
2021-02-26,9.150000,9.600000,8.200000,8.460000,8.460000,1030100
2021-03-01,8.880000,9.850000,8.500000,8.750000,8.750000,1496000
2021-03-02,8.750000,8.820000,8.030000,8.280000,8.280000,677000
2021-03-03,8.120000,8.570000,8.010000,8.110000,8.110000,343700
2021-03-04,8.040000,8.060000,6.800000,7.010000,7.010000,624000
2021-03-05,7.250000,7.890000,6.720000,7.770000,7.770000,493000
2021-03-08,7.720000,8.800000,7.370000,8.690000,8.690000,1361900
2021-03-09,8.450000,9.120000,8.060000,8.110000,8.110000,719000
2021-03-10,8.240000,10.000000,8.110000,8.900000,8.900000,2906200
2021-03-11,8.750000,9.200000,8.550000,8.810000,8.810000,561600
2021-03-12,8.750000,9.440000,8.650000,9.210000,9.210000,555300
2021-03-15,9.200000,9.390000,8.990000,9.120000,9.120000,256500
2021-03-16,9.240000,9.240000,8.240000,8.450000,8.450000,389700
2021-03-17,8.360000,9.150000,8.110000,8.800000,8.800000,244900
2021-03-18,8.690000,9.080000,8.600000,8.630000,8.630000,101200
2021-03-19,8.650000,9.100000,8.400000,9.000000,9.000000,218200
2021-03-22,9.000000,9.190000,8.720000,8.830000,8.830000,85500
2021-03-23,8.670000,8.820000,8.200000,8.340000,8.340000,148000
2021-03-24,8.420000,8.480000,7.750000,7.890000,7.890000,128400
2021-03-25,7.560000,8.280000,7.460000,7.740000,7.740000,740500
2021-03-26,7.800000,7.980000,7.350000,7.870000,7.870000,133700
2021-03-29,7.870000,8.350000,7.460000,8.250000,8.250000,206600
2021-03-30,8.220000,8.340000,7.940000,8.260000,8.260000,92200
2021-03-31,8.320000,8.460000,7.950000,8.420000,8.420000,209400
2021-04-01,8.290000,11.230000,7.930000,8.800000,8.800000,2948200
2021-04-05,8.500000,9.310000,8.280000,8.790000,8.790000,664500
2021-04-06,8.920000,9.220000,8.500000,8.860000,8.860000,196800
2021-04-07,8.740000,9.940000,8.670000,8.900000,8.900000,904800
2021-04-08,8.920000,9.260000,8.670000,9.050000,9.050000,307100
2021-04-09,9.150000,9.590000,8.890000,9.460000,9.460000,299500
2021-04-12,9.310000,9.310000,8.700000,8.710000,8.710000,272300
2021-04-13,8.700000,8.970000,8.590000,8.930000,8.930000,281400
2021-04-14,8.830000,9.040000,8.630000,8.680000,8.680000,218900
2021-04-15,8.770000,8.880000,8.430000,8.630000,8.630000,101300
2021-04-16,8.550000,8.870000,8.290000,8.560000,8.560000,175500
2021-04-19,8.500000,8.680000,8.240000,8.530000,8.530000,137800
2021-04-20,8.400000,8.520000,7.300000,7.350000,7.350000,308900
2021-04-21,7.190000,7.390000,7.060000,7.250000,7.250000,140800
2021-04-22,7.330000,7.330000,6.900000,7.030000,7.030000,133100
2021-04-23,7.040000,7.500000,6.990000,7.290000,7.290000,121500
2021-04-26,7.320000,7.490000,7.090000,7.220000,7.220000,139100
2021-04-27,7.190000,7.390000,7.090000,7.170000,7.170000,68900
2021-04-28,7.220000,7.310000,7.100000,7.220000,7.220000,58100
2021-04-29,7.250000,7.300000,6.670000,6.840000,6.840000,138000
2021-04-30,6.700000,7.270000,6.500000,6.920000,6.920000,276600
2021-05-03,6.970000,6.970000,6.620000,6.660000,6.660000,56200
2021-05-04,6.670000,6.700000,6.230000,6.430000,6.430000,99600
2021-05-05,6.470000,7.340000,6.350000,6.900000,6.900000,462300
2021-05-06,7.770000,8.050000,7.310000,7.700000,7.700000,734600
2021-05-07,7.520000,7.670000,6.870000,6.970000,6.970000,241900
2021-05-10,6.910000,6.910000,6.130000,6.200000,6.200000,174700
2021-05-11,6.030000,6.300000,5.800000,6.080000,6.080000,125500
2021-05-12,6.050000,6.170000,5.820000,5.900000,5.900000,53800
2021-05-13,5.910000,7.160000,5.910000,6.810000,6.810000,1067600
2021-05-14,6.470000,7.910000,6.400000,6.710000,6.710000,1326400
2021-05-17,6.560000,7.370000,6.310000,6.700000,6.700000,1629600
2021-05-18,6.680000,6.990000,6.580000,6.760000,6.760000,326700
2021-05-19,6.500000,6.500000,5.900000,6.140000,6.140000,311600
2021-05-20,6.160000,6.600000,6.100000,6.380000,6.380000,161900
2021-05-21,6.350000,6.690000,6.230000,6.610000,6.610000,173400
2021-05-24,6.600000,6.900000,6.520000,6.650000,6.650000,524300
2021-05-25,6.720000,7.080000,6.410000,6.740000,6.740000,1638500
2021-05-26,6.900000,7.470000,6.780000,7.040000,7.040000,1814100
2021-05-27,6.910000,7.260000,6.610000,7.030000,7.030000,1125600
2021-05-28,7.110000,7.640000,6.810000,6.890000,6.890000,709800
2021-06-01,7.000000,7.090000,6.570000,6.620000,6.620000,588000
2021-06-02,6.690000,9.350000,6.460000,7.940000,7.940000,3579100
2021-06-03,7.620000,8.190000,7.060000,7.210000,7.210000,1460100
2021-06-04,7.280000,7.490000,6.920000,6.990000,6.990000,503000
2021-06-07,6.990000,7.530000,6.980000,7.220000,7.220000,881400
2021-06-08,7.240000,8.850000,7.220000,8.000000,8.000000,1684700
2021-06-09,7.860000,8.000000,7.600000,7.680000,7.680000,400200
2021-06-10,7.650000,8.210000,7.390000,8.120000,8.120000,868900
2021-06-11,8.060000,9.070000,7.990000,8.930000,8.930000,719800
2021-06-14,8.810000,9.680000,8.260000,8.350000,8.350000,681100
2021-06-15,8.340000,8.820000,7.980000,8.070000,8.070000,453300
2021-06-16,7.990000,8.350000,7.810000,8.200000,8.200000,175000
2021-06-17,8.290000,8.500000,7.840000,8.110000,8.110000,252600
2021-06-18,7.910000,8.290000,7.910000,8.190000,8.190000,107200
2021-06-21,8.250000,8.660000,8.220000,8.440000,8.440000,211800
2021-06-22,8.650000,12.280000,8.510000,9.310000,9.310000,4951500
2021-06-23,9.120000,10.200000,8.560000,8.800000,8.800000,1381600
2021-06-24,8.710000,8.920000,8.310000,8.670000,8.670000,371800
2021-06-25,8.650000,8.830000,8.410000,8.580000,8.580000,223000
2021-06-28,8.610000,8.750000,8.350000,8.580000,8.580000,134900
2021-06-29,8.610000,8.620000,8.360000,8.380000,8.380000,74900
2021-06-30,8.400000,8.410000,7.720000,7.800000,7.800000,317100
2021-07-01,7.800000,7.840000,7.460000,7.560000,7.560000,154800
2021-07-02,7.550000,7.780000,7.300000,7.580000,7.580000,94300
2021-07-06,7.530000,8.180000,7.530000,7.720000,7.720000,446800
2021-07-07,7.650000,7.680000,7.150000,7.300000,7.300000,132300
2021-07-08,7.170000,7.390000,6.910000,7.190000,7.190000,144800
2021-07-09,7.160000,7.600000,7.160000,7.500000,7.500000,75500
2021-07-12,7.340000,7.700000,7.260000,7.670000,7.670000,165500
2021-07-13,7.740000,7.750000,7.370000,7.390000,7.390000,184400
2021-07-14,7.560000,7.560000,7.050000,7.100000,7.100000,81000
2021-07-15,7.000000,7.330000,6.860000,7.170000,7.170000,68800
2021-07-16,7.260000,7.280000,7.000000,7.020000,7.020000,49600
2021-07-19,6.900000,7.800000,6.810000,7.650000,7.650000,396000
2021-07-20,7.510000,7.610000,7.200000,7.200000,7.200000,210900
2021-07-21,7.340000,7.990000,7.250000,7.500000,7.500000,403000
2021-07-22,7.510000,8.220000,7.380000,7.860000,7.860000,881400
2021-07-23,7.800000,8.000000,7.150000,7.160000,7.160000,166500
2021-07-26,7.100000,7.410000,6.890000,6.970000,6.970000,132200
2021-07-27,6.970000,7.050000,6.710000,7.040000,7.040000,71400
2021-07-28,6.970000,7.280000,6.860000,7.240000,7.240000,42300
2021-07-29,7.240000,7.590000,7.150000,7.310000,7.310000,122300
2021-07-30,7.300000,7.430000,7.060000,7.290000,7.290000,80000
2021-08-02,7.490000,7.810000,7.300000,7.710000,7.710000,226900
2021-08-03,7.730000,8.090000,7.400000,7.890000,7.890000,290900
2021-08-04,7.100000,8.180000,7.100000,8.000000,8.000000,912500
2021-08-05,7.880000,7.920000,7.500000,7.610000,7.610000,174300
2021-08-06,7.520000,7.610000,7.030000,7.100000,7.100000,266700
2021-08-09,7.100000,7.330000,6.800000,6.940000,6.940000,258200
2021-08-10,6.860000,7.200000,6.810000,6.970000,6.970000,188400
2021-08-11,7.020000,7.100000,6.710000,6.810000,6.810000,255500
2021-08-12,6.750000,6.770000,6.340000,6.390000,6.390000,150100
2021-08-13,6.390000,6.530000,6.010000,6.060000,6.060000,120000
2021-08-16,5.950000,6.170000,5.800000,6.020000,6.020000,128100
2021-08-17,5.870000,6.310000,5.870000,6.240000,6.240000,92500
2021-08-18,6.300000,6.390000,6.080000,6.230000,6.230000,70000
2021-08-19,6.220000,6.380000,6.000000,6.260000,6.260000,155700
2021-08-20,6.160000,6.550000,6.110000,6.270000,6.270000,95800
2021-08-23,6.200000,6.580000,6.150000,6.480000,6.480000,154700
2021-08-24,6.430000,6.970000,6.430000,6.800000,6.800000,334600
2021-08-25,6.740000,6.930000,6.400000,6.530000,6.530000,304400
2021-08-26,6.450000,6.610000,6.260000,6.350000,6.350000,95000
2021-08-27,6.420000,7.090000,6.360000,6.850000,6.850000,225900
2021-08-30,6.820000,7.190000,6.710000,6.910000,6.910000,136200
2021-08-31,6.940000,6.940000,6.480000,6.530000,6.530000,69800
2021-09-01,6.520000,6.900000,6.310000,6.840000,6.840000,78200
2021-09-02,6.740000,6.960000,6.560000,6.620000,6.620000,85300
2021-09-03,6.650000,7.250000,6.590000,6.900000,6.900000,133300
2021-09-07,6.950000,6.950000,6.720000,6.730000,6.730000,74500
2021-09-08,6.670000,6.970000,6.620000,6.790000,6.790000,58500
2021-09-09,6.700000,7.140000,6.690000,6.980000,6.980000,99100
2021-09-10,7.080000,7.080000,6.750000,6.750000,6.750000,28000
2021-09-13,6.760000,7.060000,6.710000,6.900000,6.900000,71900
2021-09-14,6.850000,6.850000,6.260000,6.270000,6.270000,102600
2021-09-15,6.270000,6.440000,6.220000,6.340000,6.340000,35700
2021-09-16,6.300000,6.670000,6.290000,6.440000,6.440000,48200
2021-09-17,6.430000,6.640000,6.330000,6.400000,6.400000,60700
2021-09-20,6.350000,6.450000,5.940000,5.980000,5.980000,103200
2021-09-21,6.100000,6.310000,5.900000,6.200000,6.200000,41100
2021-09-22,6.150000,6.380000,6.100000,6.360000,6.360000,49000
2021-09-23,6.320000,6.750000,6.310000,6.560000,6.560000,95500
2021-09-24,6.520000,8.110000,6.250000,6.990000,6.990000,1041500
2021-09-27,6.880000,7.320000,6.770000,6.900000,6.900000,116000
2021-09-28,6.870000,7.750000,6.660000,7.420000,7.420000,1135300
2021-09-29,7.350000,7.350000,6.660000,7.240000,7.240000,396300
2021-09-30,7.160000,7.320000,6.700000,6.840000,6.840000,249700
2021-10-01,6.780000,6.870000,6.460000,6.650000,6.650000,171300
2021-10-04,6.580000,6.650000,6.150000,6.220000,6.220000,110400
2021-10-05,6.320000,6.390000,6.120000,6.270000,6.270000,100000
2021-10-06,6.230000,6.410000,6.130000,6.260000,6.260000,103300
2021-10-07,6.860000,7.130000,6.000000,6.230000,6.230000,2554900
2021-10-08,6.130000,6.230000,5.800000,5.910000,5.910000,273000
2021-10-11,5.920000,6.200000,5.770000,5.930000,5.930000,248500
2021-10-12,5.880000,6.090000,5.810000,6.040000,6.040000,159400
2021-10-13,6.050000,6.170000,5.900000,6.150000,6.150000,157700
2021-10-14,6.090000,6.350000,6.010000,6.160000,6.160000,103500
2021-10-15,6.160000,6.190000,6.020000,6.160000,6.160000,20600
2021-10-18,6.120000,6.250000,6.060000,6.170000,6.170000,48400
2021-10-19,6.200000,6.300000,6.030000,6.260000,6.260000,134600
2021-10-20,6.270000,6.270000,6.100000,6.210000,6.210000,40500
2021-10-21,6.190000,6.380000,6.150000,6.270000,6.270000,117600
2021-10-22,6.220000,6.340000,6.020000,6.060000,6.060000,61600
2021-10-25,6.010000,6.080000,5.900000,6.000000,6.000000,40900
2021-10-26,5.980000,6.080000,5.930000,6.000000,6.000000,62800
2021-10-27,6.000000,6.090000,5.940000,6.020000,6.020000,47900
2021-10-28,6.020000,6.090000,5.990000,6.090000,6.090000,24000
2021-10-29,6.090000,6.190000,6.000000,6.130000,6.130000,40700
2021-11-01,6.070000,6.280000,6.070000,6.230000,6.230000,36000
2021-11-02,6.190000,6.380000,6.140000,6.300000,6.300000,104600
2021-11-03,6.250000,6.550000,6.220000,6.540000,6.540000,149300
2021-11-04,6.490000,6.490000,6.310000,6.420000,6.420000,19300
2021-11-05,6.420000,6.500000,6.280000,6.380000,6.380000,36000
2021-11-08,6.340000,7.100000,6.160000,6.420000,6.420000,518800
2021-11-09,6.350000,6.350000,5.980000,6.030000,6.030000,96300
2021-11-10,6.050000,6.120000,5.890000,5.930000,5.930000,64900
2021-11-11,6.010000,6.030000,5.840000,5.880000,5.880000,54500
2021-11-12,5.900000,5.980000,5.800000,5.810000,5.810000,42500
2021-11-15,5.930000,5.970000,5.820000,5.830000,5.830000,60900
2021-11-16,5.750000,5.780000,5.600000,5.610000,5.610000,84000
2021-11-17,5.620000,5.690000,5.440000,5.480000,5.480000,39600
2021-11-18,5.480000,5.500000,5.200000,5.210000,5.210000,28700
2021-11-19,5.210000,5.360000,5.150000,5.260000,5.260000,61800
2021-11-22,5.280000,5.400000,5.050000,5.080000,5.080000,71900
2021-11-23,5.060000,5.170000,4.790000,5.080000,5.080000,53500
2021-11-24,5.080000,5.210000,5.020000,5.070000,5.070000,28900
2021-11-26,5.030000,5.200000,5.030000,5.180000,5.180000,26500
2021-11-29,5.210000,5.250000,5.110000,5.160000,5.160000,23500
2021-11-30,5.070000,5.180000,4.830000,4.880000,4.880000,26100
2021-12-01,4.990000,4.990000,4.500000,4.640000,4.640000,32400
2021-12-02,4.640000,4.870000,4.640000,4.740000,4.740000,30100
2021-12-03,4.800000,4.800000,4.590000,4.630000,4.630000,26800
2021-12-06,4.630000,4.710000,4.430000,4.540000,4.540000,53400
2021-12-07,4.760000,5.090000,4.560000,4.900000,4.900000,631000
2021-12-08,4.850000,4.960000,4.710000,4.870000,4.870000,64400
2021-12-09,4.830000,5.290000,4.830000,5.050000,5.050000,95100
2021-12-10,5.050000,5.050000,4.470000,4.480000,4.480000,72400
2021-12-13,4.470000,4.580000,4.210000,4.310000,4.310000,136400
2021-12-14,4.300000,4.300000,3.690000,3.900000,3.900000,181000
2021-12-15,3.860000,4.100000,3.760000,4.080000,4.080000,70800
2021-12-16,4.140000,4.180000,3.790000,3.860000,3.860000,130800
2021-12-17,3.820000,4.140000,3.800000,4.120000,4.120000,115600
2021-12-20,4.070000,4.170000,4.010000,4.150000,4.150000,23900
2021-12-21,4.150000,4.300000,4.110000,4.200000,4.200000,29700
2021-12-22,4.250000,4.400000,4.150000,4.280000,4.280000,29300
2021-12-23,4.250000,4.450000,4.250000,4.400000,4.400000,15400
2021-12-27,4.400000,4.500000,4.370000,4.390000,4.390000,14100
2021-12-28,4.350000,4.390000,4.180000,4.180000,4.180000,17800
2021-12-29,4.130000,4.180000,4.010000,4.030000,4.030000,28200
2021-12-30,4.030000,4.220000,4.020000,4.110000,4.110000,18200
2021-12-31,4.140000,4.220000,4.070000,4.090000,4.090000,21800
2022-01-03,4.110000,4.240000,4.070000,4.190000,4.190000,33600
2022-01-04,4.270000,4.270000,3.820000,3.940000,3.940000,535200
2022-01-05,3.960000,4.060000,3.800000,3.800000,3.800000,66300
2022-01-06,3.740000,3.840000,3.520000,3.620000,3.620000,57800
2022-01-07,3.660000,3.790000,3.620000,3.700000,3.700000,16800
2022-01-10,3.640000,3.700000,3.540000,3.620000,3.620000,27300
2022-01-11,3.660000,3.800000,3.660000,3.750000,3.750000,15900
2022-01-12,3.690000,3.760000,3.660000,3.740000,3.740000,16000
2022-01-13,3.660000,3.730000,3.620000,3.720000,3.720000,10900
2022-01-14,3.670000,3.670000,3.520000,3.570000,3.570000,8100
2022-01-18,3.570000,3.610000,3.250000,3.310000,3.310000,28600
2022-01-19,3.310000,3.310000,3.100000,3.150000,3.150000,16300
2022-01-20,3.120000,3.190000,3.090000,3.090000,3.090000,25000
2022-01-21,3.050000,3.090000,2.750000,2.770000,2.770000,48100
2022-01-24,2.870000,2.870000,2.650000,2.820000,2.820000,52600
2022-01-25,2.760000,2.980000,2.740000,2.980000,2.980000,11400
2022-01-26,2.970000,3.090000,2.870000,2.990000,2.990000,51500
2022-01-27,2.990000,3.020000,2.890000,2.910000,2.910000,11400
2022-01-28,2.930000,2.940000,2.800000,2.830000,2.830000,11600
2022-01-31,2.880000,3.050000,2.880000,3.040000,3.040000,14000
2022-02-01,3.030000,3.100000,2.980000,3.030000,3.030000,13100
2022-02-02,3.030000,3.090000,3.000000,3.090000,3.090000,4400
2022-02-03,3.080000,3.080000,2.920000,3.070000,3.070000,6300
2022-02-04,2.940000,3.050000,2.940000,3.000000,3.000000,10700
2022-02-07,3.040000,3.040000,2.940000,2.990000,2.990000,10300
2022-02-08,2.990000,3.060000,2.930000,3.060000,3.060000,13400
2022-02-09,3.030000,3.030000,2.960000,2.960000,2.960000,14900
2022-02-10,3.000000,3.190000,2.970000,3.170000,3.170000,114800
2022-02-11,3.170000,3.170000,3.000000,3.070000,3.070000,18400
2022-02-14,3.050000,3.060000,2.940000,2.980000,2.980000,14700
2022-02-15,2.980000,3.060000,2.900000,3.010000,3.010000,16400
2022-02-16,3.040000,3.100000,2.960000,3.070000,3.070000,8600
2022-02-17,2.970000,3.010000,2.850000,2.910000,2.910000,14900
2022-02-18,2.910000,2.910000,2.600000,2.610000,2.610000,25500
2022-02-22,2.620000,2.620000,2.480000,2.520000,2.520000,13700
2022-02-23,2.580000,2.630000,2.500000,2.550000,2.550000,7500
2022-02-24,2.450000,2.520000,2.290000,2.520000,2.520000,34600
2022-02-25,2.480000,2.500000,2.400000,2.500000,2.500000,11300
2022-02-28,2.500000,2.590000,2.450000,2.500000,2.500000,112900
2022-03-01,2.700000,2.970000,2.670000,2.750000,2.750000,61400
2022-03-02,2.770000,2.970000,2.740000,2.920000,2.920000,52900
2022-03-03,2.860000,2.910000,2.750000,2.750000,2.750000,13200
2022-03-04,2.750000,2.900000,2.750000,2.840000,2.840000,6400
2022-03-07,2.840000,2.950000,2.680000,2.780000,2.780000,27100
2022-03-08,2.750000,2.780000,2.650000,2.760000,2.760000,19800
2022-03-09,2.810000,2.920000,2.800000,2.880000,2.880000,19200
2022-03-10,2.860000,2.910000,2.750000,2.910000,2.910000,15800
2022-03-11,2.910000,3.050000,2.900000,2.920000,2.920000,28300
2022-03-14,2.950000,2.950000,2.760000,2.780000,2.780000,20300
2022-03-15,2.800000,3.500000,2.800000,3.390000,3.390000,127200
2022-03-16,3.440000,3.550000,3.330000,3.510000,3.510000,15200
2022-03-17,3.420000,3.770000,3.390000,3.730000,3.730000,25700
2022-03-18,3.770000,3.770000,3.520000,3.680000,3.680000,18800
2022-03-21,3.640000,3.680000,3.530000,3.610000,3.610000,7500
2022-03-22,3.590000,4.190000,3.520000,3.880000,3.880000,365600
2022-03-23,3.850000,4.100000,3.610000,3.820000,3.820000,201100
2022-03-24,3.810000,4.030000,3.670000,3.790000,3.790000,38500
2022-03-25,3.700000,4.000000,3.700000,3.790000,3.790000,44500
2022-03-28,3.810000,5.000000,3.810000,4.250000,4.250000,674900
2022-03-29,4.340000,4.340000,3.920000,4.100000,4.100000,171700
2022-03-30,4.200000,4.200000,3.900000,3.990000,3.990000,55300
2022-03-31,3.890000,4.030000,3.390000,3.490000,3.490000,99300
2022-04-01,3.430000,3.600000,3.350000,3.390000,3.390000,45900
2022-04-04,3.390000,3.640000,3.380000,3.530000,3.530000,38400
2022-04-05,3.540000,3.580000,3.420000,3.420000,3.420000,20200
2022-04-06,3.400000,3.440000,3.140000,3.200000,3.200000,40500
2022-04-07,3.370000,3.380000,3.140000,3.200000,3.200000,12300
2022-04-08,3.150000,3.240000,3.070000,3.070000,3.070000,3100
2022-04-11,3.060000,3.250000,3.060000,3.230000,3.230000,31000
2022-04-12,3.140000,3.320000,3.010000,3.020000,3.020000,31300
2022-04-13,2.860000,3.060000,2.860000,2.910000,2.910000,14500
2022-04-14,3.070000,3.070000,2.860000,2.880000,2.880000,18100
2022-04-18,2.830000,2.920000,2.750000,2.750000,2.750000,18000
2022-04-19,2.860000,2.940000,2.800000,2.840000,2.840000,24200
2022-04-20,2.800000,2.950000,2.800000,2.850000,2.850000,16400
2022-04-21,2.950000,2.950000,2.640000,2.640000,2.640000,51500
2022-04-22,2.750000,2.870000,2.440000,2.450000,2.450000,52800
2022-04-25,2.420000,2.490000,2.400000,2.410000,2.410000,24400
2022-04-26,2.410000,2.460000,2.330000,2.330000,2.330000,16000
2022-04-27,2.350000,2.440000,2.310000,2.320000,2.320000,12100
2022-04-28,2.300000,2.740000,2.250000,2.740000,2.740000,79400
2022-04-29,2.700000,2.870000,2.350000,2.470000,2.470000,69100
2022-05-02,2.410000,2.560000,2.330000,2.410000,2.410000,25100
2022-05-03,2.640000,2.830000,2.550000,2.790000,2.790000,25200
2022-05-04,2.710000,2.720000,2.540000,2.720000,2.720000,7400
2022-05-05,2.670000,2.670000,2.400000,2.490000,2.490000,11300
2022-05-06,2.400000,2.600000,2.290000,2.320000,2.320000,9500
2022-05-09,2.240000,2.330000,2.040000,2.080000,2.080000,32400
2022-05-10,2.090000,2.230000,2.090000,2.210000,2.210000,20300
2022-05-11,2.180000,2.220000,2.010000,2.020000,2.020000,20300
2022-05-12,2.000000,2.300000,1.890000,2.000000,2.000000,90700
2022-05-13,2.060000,2.180000,2.060000,2.130000,2.130000,12100
2022-05-16,2.180000,2.190000,2.130000,2.160000,2.160000,5100
2022-05-17,2.180000,2.210000,2.110000,2.170000,2.170000,11100
2022-05-18,2.280000,2.280000,2.060000,2.060000,2.060000,3000
2022-05-19,2.190000,2.190000,2.080000,2.090000,2.090000,12100
2022-05-20,2.150000,2.150000,2.000000,2.030000,2.030000,4800
2022-05-23,2.080000,2.150000,2.080000,2.150000,2.150000,6000
2022-05-24,2.150000,2.150000,2.150000,2.150000,2.150000,0
2022-05-25,1.980000,2.310000,1.980000,2.050000,2.050000,89000
2022-05-26,2.230000,2.230000,2.030000,2.040000,2.040000,3300
2022-05-27,2.140000,2.270000,2.100000,2.240000,2.240000,19100
2022-05-31,4.620000,4.890000,3.630000,3.730000,3.730000,33363900
2022-06-01,3.480000,3.490000,2.460000,2.500000,2.500000,1086100
2022-06-02,2.500000,2.720000,2.500000,2.650000,2.650000,348500
2022-06-03,2.570000,2.620000,2.360000,2.460000,2.460000,143200
2022-06-06,2.390000,2.540000,2.370000,2.500000,2.500000,68100
2022-06-07,3.550000,5.000000,3.270000,4.070000,4.070000,85081700
2022-06-08,3.900000,4.140000,3.550000,3.780000,3.780000,4245200
2022-06-09,4.390000,5.000000,3.670000,3.770000,3.770000,21234800
2022-06-10,3.520000,3.690000,3.100000,3.260000,3.260000,1395800
2022-06-13,3.030000,3.160000,2.850000,3.130000,3.130000,434500
2022-06-14,3.000000,3.350000,3.000000,3.110000,3.110000,590500
2022-06-15,3.060000,3.260000,2.980000,3.140000,3.140000,454000
2022-06-16,3.140000,3.520000,3.060000,3.150000,3.150000,1189700
2022-06-17,3.110000,3.280000,3.070000,3.090000,3.090000,339400
2022-06-21,3.130000,3.300000,3.070000,3.190000,3.190000,477600
2022-06-22,3.150000,3.280000,3.020000,3.070000,3.070000,437700
2022-06-23,3.110000,3.190000,2.930000,2.980000,2.980000,127200
2022-06-24,2.980000,3.030000,2.840000,2.890000,2.890000,192200
2022-06-27,2.860000,2.910000,2.790000,2.850000,2.850000,74200
2022-06-28,2.860000,2.950000,2.600000,2.650000,2.650000,359400
2022-06-29,2.590000,2.750000,2.550000,2.590000,2.590000,121900
2022-06-30,2.550000,2.620000,2.450000,2.580000,2.580000,114800
2022-07-01,2.620000,2.650000,2.510000,2.610000,2.610000,62600
2022-07-05,2.590000,2.720000,2.500000,2.720000,2.720000,63300
2022-07-06,2.690000,2.720000,2.550000,2.680000,2.680000,48100
2022-07-07,2.650000,2.970000,2.650000,2.840000,2.840000,170100
2022-07-08,2.820000,2.900000,2.670000,2.820000,2.820000,47900
2022-07-11,2.770000,2.850000,2.760000,2.820000,2.820000,19400
2022-07-12,2.800000,2.950000,2.770000,2.860000,2.860000,114400
2022-07-13,2.760000,2.940000,2.710000,2.850000,2.850000,23100
2022-07-14,2.760000,2.800000,2.680000,2.690000,2.690000,19800
2022-07-15,2.670000,2.750000,2.640000,2.680000,2.680000,22800
2022-07-18,2.700000,2.770000,2.630000,2.660000,2.660000,43300
2022-07-19,2.620000,2.720000,2.610000,2.640000,2.640000,22000
2022-07-20,2.650000,2.930000,2.650000,2.850000,2.850000,138900
2022-07-21,2.870000,3.080000,2.790000,2.970000,2.970000,78500
2022-07-22,3.050000,3.050000,2.790000,2.800000,2.800000,54600
2022-07-25,2.750000,2.900000,2.720000,2.780000,2.780000,76500
2022-07-26,2.800000,2.810000,2.650000,2.660000,2.660000,30900
2022-07-27,2.670000,2.750000,2.600000,2.730000,2.730000,21900
2022-07-28,2.720000,2.810000,2.700000,2.760000,2.760000,34200
2022-07-29,2.800000,2.840000,2.700000,2.760000,2.760000,75400
2022-08-01,2.750000,3.020000,2.720000,2.900000,2.900000,100800
2022-08-02,2.840000,3.250000,2.770000,3.140000,3.140000,184500
2022-08-03,3.150000,3.420000,3.140000,3.350000,3.350000,112200
2022-08-04,3.250000,4.190000,3.250000,3.300000,3.300000,584700
2022-08-05,3.190000,3.870000,3.030000,3.170000,3.170000,671700
2022-08-08,3.110000,3.460000,3.110000,3.230000,3.230000,226000
2022-08-09,3.170000,3.210000,2.920000,2.990000,2.990000,55500
2022-08-10,3.020000,3.220000,3.000000,3.180000,3.180000,27600
2022-08-11,3.250000,3.350000,3.070000,3.100000,3.100000,49500
2022-08-12,3.190000,3.330000,3.090000,3.290000,3.290000,86100
2022-08-15,3.240000,3.580000,3.240000,3.380000,3.380000,125100
2022-08-16,3.260000,3.560000,3.180000,3.380000,3.380000,240500
2022-08-17,3.320000,3.380000,3.260000,3.280000,3.280000,68000
2022-08-18,3.270000,3.530000,3.270000,3.430000,3.430000,53600
2022-08-19,3.310000,3.400000,3.050000,3.100000,3.100000,66700
2022-08-22,3.060000,3.150000,2.980000,3.020000,3.020000,51700
2022-08-23,3.060000,3.070000,2.790000,2.990000,2.990000,62600
2022-08-24,3.000000,3.080000,2.950000,3.050000,3.050000,29800
2022-08-25,3.120000,3.120000,3.010000,3.090000,3.090000,8300
2022-08-26,3.110000,3.110000,2.790000,2.920000,2.920000,50400
2022-08-29,2.850000,3.040000,2.800000,2.900000,2.900000,74700
2022-08-30,2.820000,2.910000,2.800000,2.860000,2.860000,26600
2022-08-31,2.840000,2.970000,2.830000,2.970000,2.970000,24500
2022-09-01,3.060000,3.060000,2.890000,2.990000,2.990000,10600
2022-09-02,3.000000,3.000000,2.890000,2.900000,2.900000,10600
2022-09-06,2.870000,2.890000,2.790000,2.810000,2.810000,9800
2022-09-07,2.780000,2.820000,2.590000,2.620000,2.620000,64500
2022-09-08,2.610000,2.700000,2.520000,2.540000,2.540000,37000
2022-09-09,2.550000,2.700000,2.530000,2.700000,2.700000,43900
2022-09-12,2.640000,2.690000,2.540000,2.540000,2.540000,32900
2022-09-13,2.430000,2.650000,2.420000,2.520000,2.520000,34100
2022-09-14,2.550000,2.550000,2.310000,2.330000,2.330000,47200
2022-09-15,2.420000,2.420000,2.320000,2.380000,2.380000,20700
2022-09-16,2.370000,2.740000,2.310000,2.490000,2.490000,141400
2022-09-19,2.550000,2.690000,2.330000,2.340000,2.340000,47200
2022-09-20,2.350000,2.420000,2.310000,2.350000,2.350000,24300
2022-09-21,2.360000,2.400000,2.310000,2.310000,2.310000,11300
2022-09-22,2.260000,2.360000,2.250000,2.330000,2.330000,20300
2022-09-23,2.300000,2.300000,2.200000,2.270000,2.270000,13900
2022-09-26,2.320000,2.320000,2.180000,2.180000,2.180000,12300
2022-09-27,2.170000,2.220000,2.130000,2.130000,2.130000,14300
2022-09-28,2.190000,2.240000,2.140000,2.170000,2.170000,6300
2022-09-29,2.140000,2.210000,2.130000,2.140000,2.140000,4900
2022-09-30,2.170000,2.180000,2.130000,2.140000,2.140000,4100
2022-10-03,2.180000,2.250000,2.160000,2.250000,2.250000,21100
2022-10-04,2.260000,2.320000,2.150000,2.240000,2.240000,29000
2022-10-05,2.260000,2.320000,2.220000,2.230000,2.230000,10900
2022-10-06,2.300000,2.300000,2.150000,2.150000,2.150000,15500
2022-10-07,2.150000,2.150000,1.940000,1.980000,1.980000,34500
2022-10-10,1.880000,2.000000,1.880000,1.930000,1.930000,21800
2022-10-11,1.910000,1.930000,1.870000,1.880000,1.880000,18700
2022-10-12,1.860000,1.950000,1.850000,1.850000,1.850000,13700
2022-10-13,1.820000,1.940000,1.800000,1.870000,1.870000,16500
2022-10-14,1.920000,1.950000,1.860000,1.930000,1.930000,8300
2022-10-17,1.950000,1.990000,1.920000,1.920000,1.920000,11200
2022-10-18,1.950000,1.950000,1.860000,1.870000,1.870000,15800
2022-10-19,1.880000,1.920000,1.800000,1.870000,1.870000,17200
2022-10-20,1.850000,1.890000,1.800000,1.800000,1.800000,11300
2022-10-21,1.800000,1.980000,1.800000,1.920000,1.920000,35200
2022-10-24,1.880000,1.970000,1.840000,1.940000,1.940000,21400
2022-10-25,1.910000,2.190000,1.910000,2.190000,2.190000,69100
2022-10-26,2.180000,2.260000,2.170000,2.200000,2.200000,10100
2022-10-27,2.290000,2.360000,2.250000,2.330000,2.330000,14700
2022-10-28,2.340000,2.420000,2.180000,2.410000,2.410000,24900
2022-10-31,2.350000,2.350000,2.250000,2.270000,2.270000,15100
2022-11-01,2.280000,2.280000,2.190000,2.220000,2.220000,13000
2022-11-02,2.150000,2.290000,2.110000,2.120000,2.120000,21100
2022-11-03,2.110000,2.120000,2.070000,2.120000,2.120000,7400
2022-11-04,2.150000,2.150000,1.880000,2.010000,2.010000,64100
2022-11-07,1.930000,2.260000,1.930000,2.000000,2.000000,14800
2022-11-08,2.000000,2.000000,1.900000,1.950000,1.950000,13000
2022-11-09,1.910000,1.930000,1.860000,1.890000,1.890000,12600
2022-11-10,1.880000,2.000000,1.880000,2.000000,2.000000,13400
2022-11-11,2.070000,2.100000,1.990000,2.060000,2.060000,13600
2022-11-14,2.140000,2.170000,2.070000,2.120000,2.120000,12600
2022-11-15,2.110000,2.150000,2.010000,2.010000,2.010000,10500
2022-11-16,1.940000,2.010000,1.900000,1.980000,1.980000,11800
2022-11-17,1.990000,1.990000,1.950000,1.950000,1.950000,4800
2022-11-18,1.910000,2.060000,1.910000,2.060000,2.060000,11000
2022-11-21,1.910000,2.050000,1.910000,1.980000,1.980000,4200
2022-11-22,2.010000,2.010000,1.930000,2.000000,2.000000,3300
2022-11-23,2.070000,2.120000,2.040000,2.040000,2.040000,13300
2022-11-25,2.030000,2.040000,2.020000,2.020000,2.020000,700
2022-11-28,2.000000,2.000000,1.850000,1.850000,1.850000,10900
2022-11-29,1.850000,1.900000,1.830000,1.850000,1.850000,11100
2022-11-30,1.850000,1.970000,1.840000,1.950000,1.950000,12100
2022-12-01,1.980000,2.010000,1.940000,2.000000,2.000000,9200
2022-12-02,2.000000,2.050000,1.990000,2.010000,2.010000,9700
2022-12-05,2.080000,2.080000,1.960000,2.000000,2.000000,5900
2022-12-06,1.970000,1.970000,1.900000,1.900000,1.900000,3500
2022-12-07,1.910000,1.930000,1.860000,1.890000,1.890000,10000
2022-12-08,1.960000,1.980000,1.900000,1.920000,1.920000,4600
2022-12-09,1.910000,1.940000,1.870000,1.870000,1.870000,3400
2022-12-12,1.880000,1.930000,1.860000,1.890000,1.890000,5800
2022-12-13,1.920000,1.970000,1.870000,1.960000,1.960000,10100
2022-12-14,1.950000,2.230000,1.930000,2.010000,2.010000,24600
2022-12-15,1.950000,2.060000,1.950000,2.060000,2.060000,5400
2022-12-16,2.000000,2.100000,1.860000,1.860000,1.860000,29600
2022-12-19,1.950000,1.950000,1.880000,1.880000,1.880000,2700
2022-12-20,1.870000,1.870000,1.750000,1.770000,1.770000,29700
2022-12-21,1.800000,1.850000,1.700000,1.730000,1.730000,18400
2022-12-22,1.700000,1.750000,1.700000,1.720000,1.720000,11000
2022-12-23,1.710000,1.740000,1.650000,1.700000,1.700000,8200
2022-12-27,1.680000,1.740000,1.610000,1.660000,1.660000,22900
2022-12-28,1.630000,1.630000,1.440000,1.480000,1.480000,35300
2022-12-29,1.550000,1.550000,1.460000,1.470000,1.470000,25200
2022-12-30,1.480000,1.490000,1.310000,1.370000,1.370000,48200
2023-01-03,1.420000,1.500000,1.410000,1.480000,1.480000,21100
2023-01-04,1.500000,1.540000,1.470000,1.520000,1.520000,339700
2023-01-05,1.610000,1.670000,1.380000,1.590000,1.590000,195100
2023-01-06,1.500000,1.550000,1.440000,1.480000,1.480000,45800
2023-01-09,1.510000,1.510000,1.400000,1.460000,1.460000,29100
2023-01-10,1.720000,1.790000,1.480000,1.570000,1.570000,2065900
2023-01-11,1.460000,1.530000,1.390000,1.460000,1.460000,116100
2023-01-12,1.510000,1.650000,1.410000,1.590000,1.590000,156600
2023-01-13,1.580000,1.660000,1.530000,1.630000,1.630000,77600
2023-01-17,1.640000,1.640000,1.510000,1.540000,1.540000,69200
2023-01-18,1.540000,1.570000,1.360000,1.420000,1.420000,61500
2023-01-19,1.410000,1.410000,1.310000,1.360000,1.360000,45600
2023-01-20,1.400000,1.410000,1.330000,1.380000,1.380000,24300
2023-01-23,1.400000,1.510000,1.360000,1.500000,1.500000,37700
2023-01-24,1.480000,1.510000,1.430000,1.470000,1.470000,15900
2023-01-25,1.430000,1.470000,1.400000,1.440000,1.440000,12100
2023-01-26,1.450000,1.490000,1.400000,1.440000,1.440000,21300
2023-01-27,1.380000,1.470000,1.370000,1.420000,1.420000,35100
2023-01-30,1.430000,1.620000,1.410000,1.550000,1.550000,71000
2023-01-31,1.560000,1.600000,1.500000,1.580000,1.580000,22100
2023-02-01,1.520000,1.570000,1.510000,1.560000,1.560000,22200
2023-02-02,1.520000,1.640000,1.520000,1.640000,1.640000,46800
2023-02-03,1.640000,1.650000,1.590000,1.600000,1.600000,23600
2023-02-06,1.620000,1.810000,1.590000,1.750000,1.750000,136500
2023-02-07,1.690000,1.830000,1.640000,1.750000,1.750000,48000
2023-02-08,1.760000,1.800000,1.730000,1.770000,1.770000,19800
2023-02-09,1.770000,1.800000,1.650000,1.710000,1.710000,24300
2023-02-10,1.710000,1.760000,1.650000,1.680000,1.680000,11800
2023-02-13,1.660000,1.700000,1.500000,1.670000,1.670000,43200
2023-02-14,1.650000,1.690000,1.620000,1.650000,1.650000,28600
2023-02-15,1.640000,1.680000,1.600000,1.630000,1.630000,10600
2023-02-16,1.570000,1.630000,1.570000,1.620000,1.620000,4400
2023-02-17,1.570000,1.630000,1.570000,1.630000,1.630000,7700
2023-02-21,1.620000,1.640000,1.600000,1.610000,1.610000,4300
2023-02-22,1.580000,1.680000,1.580000,1.640000,1.640000,10600
2023-02-23,1.660000,1.700000,1.640000,1.690000,1.690000,9100
2023-02-24,1.650000,1.700000,1.610000,1.640000,1.640000,12300
2023-02-27,1.640000,1.720000,1.560000,1.610000,1.610000,19000
2023-02-28,1.570000,1.670000,1.560000,1.610000,1.610000,9400
2023-03-01,1.630000,1.630000,1.580000,1.580000,1.580000,7200
2023-03-02,1.560000,1.570000,1.450000,1.480000,1.480000,35700
2023-03-03,1.450000,1.510000,1.430000,1.500000,1.500000,38100
2023-03-06,1.510000,1.520000,1.490000,1.500000,1.500000,8200
2023-03-07,1.510000,1.520000,1.480000,1.480000,1.480000,5000
2023-03-08,1.500000,1.580000,1.500000,1.530000,1.530000,16700
2023-03-09,1.550000,1.610000,1.500000,1.510000,1.510000,9900
2023-03-10,1.500000,1.500000,1.410000,1.430000,1.430000,6900
2023-03-13,1.410000,1.500000,1.410000,1.450000,1.450000,11600
2023-03-14,1.450000,1.500000,1.450000,1.460000,1.460000,5800
2023-03-15,1.450000,1.450000,1.400000,1.420000,1.420000,547800
2023-03-16,1.650000,1.730000,1.430000,1.650000,1.650000,2966000
2023-03-17,1.480000,1.600000,1.250000,1.280000,1.280000,406500
2023-03-20,1.280000,1.310000,1.100000,1.170000,1.170000,186000
2023-03-21,1.180000,1.200000,1.140000,1.170000,1.170000,41500
2023-03-22,1.330000,1.670000,1.230000,1.280000,1.280000,15292900
2023-03-23,1.000000,1.250000,0.970000,1.250000,1.250000,1380200
2023-03-24,1.280000,1.360000,1.150000,1.340000,1.340000,441800
2023-03-27,1.260000,1.300000,1.170000,1.180000,1.180000,116400
2023-03-28,1.180000,1.200000,1.030000,1.070000,1.070000,46600
2023-03-29,1.070000,1.220000,1.070000,1.210000,1.210000,82500
2023-03-30,1.170000,1.200000,1.150000,1.170000,1.170000,58600
2023-03-31,1.150000,1.200000,1.120000,1.140000,1.140000,70900
2023-04-03,1.130000,1.130000,1.040000,1.060000,1.060000,50300
2023-04-04,1.070000,1.070000,1.020000,1.040000,1.040000,38300
2023-04-05,1.000000,1.060000,0.990000,1.010000,1.010000,23500
2023-04-06,1.010000,1.050000,0.990000,0.990000,0.990000,33700
2023-04-10,0.970000,1.010000,0.930000,0.960000,0.960000,64300
2023-04-11,0.960000,0.990000,0.870000,0.870000,0.870000,61400
2023-04-12,0.910000,0.910000,0.870000,0.890000,0.890000,16700
2023-04-13,0.870000,0.930000,0.860000,0.930000,0.930000,37800
2023-04-14,0.930000,0.990000,0.890000,0.940000,0.940000,30500
2023-04-17,0.960000,1.090000,0.900000,1.070000,1.070000,149500
2023-04-18,1.050000,1.070000,0.980000,0.990000,0.990000,54200
2023-04-19,1.010000,1.090000,0.990000,1.060000,1.060000,42400
2023-04-20,1.040000,1.130000,1.040000,1.080000,1.080000,25300
2023-04-21,1.040000,1.080000,1.000000,1.050000,1.050000,29100
2023-04-24,1.050000,1.050000,0.950000,0.980000,0.980000,26700
2023-04-25,0.970000,0.970000,0.890000,0.900000,0.900000,43700
2023-04-26,0.880000,0.960000,0.880000,0.940000,0.940000,7400
2023-04-27,0.930000,0.950000,0.890000,0.940000,0.940000,26100
2023-04-28,0.900000,0.960000,0.900000,0.930000,0.930000,15300
2023-05-01,0.930000,0.940000,0.900000,0.920000,0.920000,12400
2023-05-02,0.950000,0.960000,0.920000,0.940000,0.940000,6200
2023-05-03,0.980000,0.980000,0.930000,0.940000,0.940000,20600
2023-05-04,0.980000,1.430000,0.930000,1.020000,1.020000,1183400
2023-05-05,0.950000,1.030000,0.950000,1.010000,1.010000,77800
2023-05-08,0.950000,1.150000,0.950000,1.020000,1.020000,80500
2023-05-09,1.050000,1.060000,0.990000,1.040000,1.040000,21300
2023-05-10,1.080000,1.080000,1.020000,1.060000,1.060000,26200
2023-05-11,1.050000,1.080000,0.990000,1.050000,1.050000,24700
2023-05-12,1.040000,1.060000,0.960000,1.030000,1.030000,17500
2023-05-15,1.030000,1.050000,1.000000,1.020000,1.020000,10600
2023-05-16,1.030000,1.050000,1.010000,1.050000,1.050000,4200
2023-05-17,1.080000,1.130000,1.030000,1.130000,1.130000,60100
2023-05-18,1.130000,1.170000,1.110000,1.150000,1.150000,28400
2023-05-19,1.130000,1.230000,1.110000,1.120000,1.120000,20300
2023-05-22,1.170000,1.200000,1.070000,1.190000,1.190000,45700
2023-05-23,1.180000,1.190000,1.120000,1.170000,1.170000,25400
2023-05-24,1.170000,1.170000,1.100000,1.120000,1.120000,15000
2023-05-25,1.060000,1.090000,1.050000,1.090000,1.090000,10100
2023-05-26,1.060000,1.100000,1.010000,1.050000,1.050000,13800
2023-05-30,1.050000,1.170000,1.030000,1.120000,1.120000,19200
2023-05-31,1.180000,1.250000,1.150000,1.190000,1.190000,66500
2023-06-01,1.200000,1.210000,1.150000,1.200000,1.200000,15600
2023-06-02,1.190000,1.230000,1.060000,1.140000,1.140000,38100
2023-06-05,1.110000,1.180000,1.110000,1.180000,1.180000,13600
2023-06-06,1.240000,1.240000,1.180000,1.190000,1.190000,18300
2023-06-07,1.160000,1.190000,1.140000,1.140000,1.140000,5800
2023-06-08,1.120000,1.210000,1.110000,1.190000,1.190000,10300
2023-06-09,1.100000,1.160000,1.080000,1.130000,1.130000,44200
2023-06-12,1.080000,1.150000,1.070000,1.080000,1.080000,4800
2023-06-13,1.090000,1.110000,1.050000,1.100000,1.100000,5600
2023-06-14,1.080000,1.100000,1.020000,1.020000,1.020000,17300
2023-06-15,1.080000,1.080000,0.980000,1.000000,1.000000,41400
2023-06-16,1.020000,1.030000,0.970000,0.970000,0.970000,14600
2023-06-20,1.020000,1.020000,0.960000,0.980000,0.980000,14900
2023-06-21,0.980000,1.020000,0.980000,1.010000,1.010000,9500
2023-06-22,1.010000,1.020000,1.010000,1.020000,1.020000,7000
2023-06-23,0.990000,1.030000,0.980000,0.980000,0.980000,10100
2023-06-26,0.980000,0.980000,0.980000,0.980000,0.980000,2500
2023-06-27,0.990000,1.060000,0.990000,1.060000,1.060000,17100
2023-06-28,1.090000,1.090000,1.010000,1.040000,1.040000,10400
2023-06-29,1.060000,1.100000,1.050000,1.070000,1.070000,14900
2023-06-30,1.100000,1.100000,1.030000,1.050000,1.050000,4500
2023-07-03,1.070000,1.090000,1.070000,1.070000,1.070000,4900
2023-07-05,1.090000,1.090000,1.040000,1.040000,1.040000,2900
2023-07-06,1.010000,1.020000,1.010000,1.020000,1.020000,1500
2023-07-07,1.030000,1.050000,1.020000,1.030000,1.030000,1100
2023-07-10,1.010000,1.030000,0.980000,0.980000,0.980000,19000
2023-07-11,0.990000,1.020000,0.980000,0.980000,0.980000,7900
2023-07-12,0.990000,1.000000,0.960000,0.990000,0.990000,10700
2023-07-13,0.970000,1.070000,0.970000,1.050000,1.050000,18300
2023-07-14,1.060000,1.270000,0.960000,1.010000,1.010000,539000
2023-07-17,1.010000,1.050000,0.970000,0.990000,0.990000,59300
2023-07-18,1.010000,1.010000,0.950000,0.990000,0.990000,30900
2023-07-19,0.950000,1.010000,0.950000,0.970000,0.970000,16200
2023-07-20,0.990000,0.990000,0.970000,0.980000,0.980000,9100
2023-07-21,0.970000,1.000000,0.950000,0.960000,0.960000,19400
2023-07-24,0.960000,1.000000,0.960000,0.980000,0.980000,9000
2023-07-25,0.960000,1.000000,0.960000,1.000000,1.000000,10400
2023-07-26,0.970000,1.000000,0.960000,1.000000,1.000000,25300
2023-07-27,1.010000,1.170000,0.970000,1.030000,1.030000,429800
2023-07-28,1.050000,1.100000,0.990000,1.010000,1.010000,161300
2023-07-31,1.010000,1.030000,0.910000,0.940000,0.940000,119200
2023-08-01,0.960000,0.960000,0.920000,0.930000,0.930000,22200
2023-08-02,0.920000,0.960000,0.920000,0.930000,0.930000,14100
2023-08-03,0.970000,0.980000,0.930000,0.960000,0.960000,20800
2023-08-04,0.880000,0.940000,0.820000,0.870000,0.870000,120200
2023-08-07,0.870000,0.900000,0.840000,0.860000,0.860000,21600
2023-08-08,0.850000,0.900000,0.850000,0.870000,0.870000,8600
2023-08-09,0.850000,0.870000,0.810000,0.830000,0.830000,19900
2023-08-10,0.850000,0.870000,0.810000,0.830000,0.830000,19500
2023-08-11,0.850000,0.850000,0.790000,0.810000,0.810000,27300
2023-08-14,0.850000,0.850000,0.770000,0.820000,0.820000,35600
2023-08-15,0.820000,0.820000,0.790000,0.810000,0.810000,3600
2023-08-16,0.790000,0.790000,0.750000,0.750000,0.750000,43600
2023-08-17,0.770000,0.770000,0.750000,0.760000,0.760000,10600
2023-08-18,0.770000,1.070000,0.750000,0.810000,0.810000,1800000
2023-08-21,0.680000,0.750000,0.650000,0.670000,0.670000,194200
2023-08-22,0.700000,0.700000,0.610000,0.620000,0.620000,56500
2023-08-23,0.640000,0.740000,0.600000,0.610000,0.610000,172000
2023-08-24,0.590000,0.610000,0.530000,0.550000,0.550000,57000
2023-08-25,0.530000,0.590000,0.530000,0.580000,0.580000,68200
2023-08-28,0.590000,0.590000,0.530000,0.580000,0.580000,69900
2023-08-29,0.570000,0.850000,0.560000,0.600000,0.600000,4054600
2023-08-30,0.600000,0.690000,0.580000,0.620000,0.620000,993600
2023-08-31,0.590000,0.590000,0.380000,0.470000,0.470000,1121100
2023-09-01,0.530000,0.590000,0.480000,0.560000,0.560000,1848400
2023-09-05,0.530000,0.530000,0.440000,0.480000,0.480000,556000
2023-09-06,0.500000,0.500000,0.460000,0.460000,0.460000,418000
2023-09-07,0.490000,0.490000,0.420000,0.430000,0.430000,121600
2023-09-08,0.430000,0.430000,0.390000,0.420000,0.420000,211400
2023-09-11,0.420000,0.480000,0.410000,0.440000,0.440000,190500
2023-09-12,0.450000,0.460000,0.410000,0.450000,0.450000,53600
2023-09-13,0.460000,0.460000,0.410000,0.430000,0.430000,99000
2023-09-14,0.420000,0.430000,0.400000,0.410000,0.410000,50500
2023-09-15,0.430000,0.450000,0.390000,0.430000,0.430000,42400
2023-09-18,0.430000,0.440000,0.420000,0.430000,0.430000,33400
2023-09-19,0.430000,0.450000,0.420000,0.450000,0.450000,25700
2023-09-20,0.430000,0.460000,0.430000,0.450000,0.450000,28300
2023-09-21,0.420000,0.500000,0.420000,0.450000,0.450000,59600
2023-09-22,0.430000,0.490000,0.430000,0.460000,0.460000,39700
2023-09-25,0.480000,0.480000,0.440000,0.460000,0.460000,79800
2023-09-26,0.470000,0.470000,0.410000,0.430000,0.430000,53800
2023-09-27,0.430000,0.450000,0.400000,0.420000,0.420000,26900
2023-09-28,0.430000,0.430000,0.400000,0.430000,0.430000,27500
2023-09-29,0.420000,0.420000,0.400000,0.410000,0.410000,29300
2023-10-02,0.400000,0.440000,0.400000,0.430000,0.430000,18200
2023-10-03,0.410000,0.420000,0.360000,0.400000,0.400000,49500
2023-10-04,0.400000,0.400000,0.370000,0.400000,0.400000,8900
2023-10-05,0.400000,0.400000,0.380000,0.390000,0.390000,25100
2023-10-06,0.390000,0.400000,0.370000,0.390000,0.390000,25000
2023-10-09,0.430000,0.430000,0.350000,0.380000,0.380000,35400
2023-10-10,0.390000,0.390000,0.220000,0.330000,0.330000,196700
2023-10-11,0.350000,0.370000,0.330000,0.360000,0.360000,466500
2023-10-12,0.390000,0.410000,0.340000,0.410000,0.410000,189000
2023-10-13,0.400000,0.400000,0.350000,0.360000,0.360000,108200
2023-10-16,0.390000,0.400000,0.350000,0.370000,0.370000,44000
2023-10-17,0.350000,0.410000,0.350000,0.360000,0.360000,29700
2023-10-18,0.370000,0.370000,0.320000,0.360000,0.360000,46900
2023-10-19,0.320000,0.360000,0.320000,0.340000,0.340000,24500
2023-10-20,0.350000,0.350000,0.310000,0.340000,0.340000,30100
2023-10-23,0.330000,0.330000,0.290000,0.300000,0.300000,60200
2023-10-24,0.310000,0.310000,0.290000,0.310000,0.310000,63400
2023-10-25,0.300000,0.330000,0.290000,0.330000,0.330000,47000
2023-10-26,0.320000,0.350000,0.310000,0.340000,0.340000,15400
2023-10-27,0.350000,0.350000,0.320000,0.330000,0.330000,23600
2023-10-30,0.310000,0.330000,0.310000,0.320000,0.320000,13000
2023-10-31,0.320000,0.330000,0.310000,0.320000,0.320000,5700
2023-11-01,0.340000,0.340000,0.300000,0.320000,0.320000,16800
2023-11-02,0.300000,0.320000,0.300000,0.300000,0.300000,27400
2023-11-03,0.310000,0.320000,0.300000,0.310000,0.310000,5400
2023-11-06,0.300000,0.320000,0.300000,0.310000,0.310000,17900
2023-11-07,0.300000,0.320000,0.300000,0.300000,0.300000,9900
2023-11-08,0.300000,0.340000,0.300000,0.320000,0.320000,4152700
2023-11-09,0.400000,0.820000,0.360000,0.530000,0.530000,59496300
2023-11-10,0.490000,0.580000,0.400000,0.540000,0.540000,2269800
2023-11-13,0.560000,0.630000,0.340000,0.400000,0.400000,3001500
2023-11-14,0.350000,0.370000,0.300000,0.330000,0.330000,827100
2023-11-15,0.350000,0.450000,0.350000,0.400000,0.400000,1084300
2023-11-16,0.400000,0.410000,0.360000,0.400000,0.400000,316400
2023-11-17,0.400000,0.450000,0.380000,0.450000,0.450000,470100
2023-11-20,0.430000,0.430000,0.380000,0.410000,0.410000,190900
2023-11-21,0.390000,0.420000,0.350000,0.380000,0.380000,201600
2023-11-22,0.410000,0.410000,0.380000,0.400000,0.400000,120000
2023-11-24,0.390000,0.410000,0.370000,0.380000,0.380000,37300
2023-11-27,0.410000,0.410000,0.360000,0.370000,0.370000,160800
2023-11-28,0.380000,0.380000,0.360000,0.380000,0.380000,83500
2023-11-29,0.360000,0.440000,0.360000,0.430000,0.430000,128900
2023-11-30,0.430000,0.430000,0.390000,0.420000,0.420000,99300
2023-12-01,0.430000,0.430000,0.390000,0.430000,0.430000,282900
2023-12-04,0.430000,0.500000,0.430000,0.490000,0.490000,279300
2023-12-05,0.480000,0.550000,0.480000,0.500000,0.500000,271700
2023-12-06,0.480000,0.500000,0.470000,0.490000,0.490000,110500
2023-12-07,0.480000,0.490000,0.450000,0.470000,0.470000,54900
2023-12-08,0.470000,0.540000,0.470000,0.530000,0.530000,230200
2023-12-11,0.580000,0.590000,0.520000,0.550000,0.550000,452300
2023-12-12,0.570000,0.710000,0.560000,0.660000,0.660000,480700
2023-12-13,0.670000,0.680000,0.590000,0.620000,0.620000,311900
2023-12-14,0.640000,0.660000,0.460000,0.580000,0.580000,238400
2023-12-15,0.590000,0.620000,0.550000,0.570000,0.570000,97000
2023-12-18,0.600000,0.600000,0.540000,0.570000,0.570000,85400
2023-12-19,0.580000,0.620000,0.580000,0.610000,0.610000,99300
2023-12-20,0.600000,0.610000,0.590000,0.610000,0.610000,25400
2023-12-21,0.610000,0.610000,0.560000,0.590000,0.590000,69700
2023-12-22,0.550000,0.650000,0.550000,0.630000,0.630000,158000
2023-12-26,0.630000,0.630000,0.580000,0.620000,0.620000,38100
2023-12-27,0.580000,0.620000,0.550000,0.560000,0.560000,74600
2023-12-28,0.570000,0.580000,0.530000,0.560000,0.560000,108200
2023-12-29,0.540000,0.580000,0.520000,0.560000,0.560000,92000
2024-01-02,0.560000,0.630000,0.560000,0.610000,0.610000,127100
2024-01-03,0.610000,0.630000,0.590000,0.590000,0.590000,55200
2024-01-04,0.560000,0.610000,0.560000,0.580000,0.580000,50200
2024-01-05,0.630000,0.630000,0.580000,0.590000,0.590000,53200
2024-01-08,0.590000,0.610000,0.580000,0.580000,0.580000,16400
2024-01-09,0.570000,0.600000,0.500000,0.520000,0.520000,121100
2024-01-10,0.550000,0.570000,0.520000,0.540000,0.540000,8500
2024-01-11,0.530000,0.580000,0.520000,0.580000,0.580000,30300
2024-01-12,0.550000,0.630000,0.520000,0.570000,0.570000,170700
2024-01-16,0.580000,0.600000,0.530000,0.540000,0.540000,29800
2024-01-17,0.550000,0.550000,0.500000,0.500000,0.500000,92000
2024-01-18,0.500000,0.550000,0.500000,0.520000,0.520000,55500
2024-01-19,0.510000,0.540000,0.500000,0.500000,0.500000,6000
2024-01-22,0.530000,0.530000,0.500000,0.510000,0.510000,28200
2024-01-23,0.510000,0.530000,0.500000,0.500000,0.500000,12500
2024-01-24,0.500000,0.530000,0.500000,0.510000,0.510000,20700
2024-01-25,0.500000,0.520000,0.500000,0.510000,0.510000,30600
2024-01-26,0.510000,0.540000,0.510000,0.510000,0.510000,10000
2024-01-29,0.500000,0.520000,0.500000,0.500000,0.500000,11000
2024-01-30,0.500000,0.570000,0.500000,0.530000,0.530000,36900
2024-01-31,0.520000,0.550000,0.500000,0.530000,0.530000,15800
2024-02-01,0.570000,0.600000,0.550000,0.560000,0.560000,7700
2024-02-02,0.590000,0.630000,0.540000,0.580000,0.580000,71900
2024-02-05,0.640000,0.670000,0.560000,0.600000,0.600000,102000
2024-02-06,0.640000,0.650000,0.600000,0.610000,0.610000,50000
2024-02-07,0.600000,0.650000,0.590000,0.600000,0.600000,66900
2024-02-08,0.580000,0.650000,0.580000,0.610000,0.610000,76800
2024-02-09,0.620000,0.640000,0.600000,0.600000,0.600000,113700
2024-02-12,0.620000,1.170000,0.600000,0.670000,0.670000,2142800
2024-02-13,0.650000,1.170000,0.640000,1.000000,1.000000,3401500
2024-02-14,0.950000,1.260000,0.920000,1.160000,1.160000,1142300
2024-02-15,1.050000,1.180000,1.010000,1.120000,1.120000,239500
2024-02-16,1.100000,1.100000,0.940000,1.020000,1.020000,200700
2024-02-20,0.960000,1.000000,0.910000,0.960000,0.960000,165500
2024-02-21,0.920000,0.930000,0.780000,0.910000,0.910000,258300
2024-02-22,0.930000,0.930000,0.810000,0.930000,0.930000,76400
2024-02-23,0.940000,1.070000,0.940000,1.030000,1.030000,191700
2024-02-26,1.000000,1.070000,1.000000,1.070000,1.070000,148700
2024-02-27,1.050000,1.100000,1.000000,1.020000,1.020000,347400
2024-02-28,1.030000,1.090000,0.980000,1.040000,1.040000,93300
2024-02-29,1.020000,1.090000,0.960000,1.090000,1.090000,231200
2024-03-01,1.090000,1.650000,1.040000,1.600000,1.600000,1196100
2024-03-04,1.640000,1.870000,1.510000,1.630000,1.630000,503700
2024-03-05,1.690000,2.920000,1.630000,2.500000,2.500000,1768700
2024-03-06,2.370000,2.790000,2.050000,2.490000,2.490000,576600
2024-03-07,2.420000,3.090000,2.420000,2.630000,2.630000,464200
2024-03-08,2.660000,2.970000,2.630000,2.830000,2.830000,200400