Date,Open,High,Low,Close,Adj Close,Volume
2012-03-13,18.000000,18.000000,18.000000,18.000000,18.000000,600
2012-03-14,18.000000,19.200001,18.000000,19.080000,19.080000,13600
2012-03-15,19.440001,19.799999,18.600000,19.799999,19.799999,52717
2012-03-16,19.799999,19.799999,18.600000,19.799999,19.799999,29200
2012-03-19,19.799999,19.920000,18.600000,19.559999,19.559999,34575
2012-03-20,19.200001,19.920000,18.600000,19.559999,19.559999,20467
2012-03-21,19.680000,19.799999,18.600000,19.200001,19.200001,7475
2012-03-22,19.200001,19.200001,16.799999,17.040001,17.040001,13542
2012-03-23,17.040001,17.879999,13.200000,17.879999,17.879999,6725
2012-03-26,17.879999,18.600000,17.400000,17.639999,17.639999,8908
2012-03-27,17.400000,18.600000,17.400000,17.879999,17.879999,2975
2012-03-28,17.879999,17.879999,16.799999,16.799999,16.799999,3125
2012-03-29,16.920000,17.400000,16.920000,17.400000,17.400000,1792
2012-03-30,17.400000,17.400000,16.799999,16.799999,16.799999,3342
2012-04-02,17.400000,17.879999,15.960000,17.400000,17.400000,1933
2012-04-03,17.400000,17.400000,16.799999,17.400000,17.400000,1225
2012-04-04,17.040001,17.400000,16.920000,17.400000,17.400000,1375
2012-04-05,17.400000,17.400000,16.920000,17.280001,17.280001,1083
2012-04-09,17.400000,17.400000,15.720000,15.960000,15.960000,2742
2012-04-10,15.720000,16.320000,14.520000,15.840000,15.840000,1142
2012-04-11,16.200001,17.400000,16.200001,17.400000,17.400000,433
2012-04-12,17.400000,17.400000,16.799999,16.799999,16.799999,3533
2012-04-13,16.200001,16.200001,14.520000,15.840000,15.840000,1600
2012-04-16,16.200001,16.200001,15.000000,15.600000,15.600000,800
2012-04-17,15.600000,15.600000,13.680000,13.800000,13.800000,1858
2012-04-18,13.200000,13.800000,12.240000,12.720000,12.720000,3325
2012-04-19,12.600000,12.720000,9.600000,11.280000,11.280000,5375
2012-04-20,11.280000,16.799999,11.280000,15.120000,15.120000,3600
2012-04-23,15.240000,15.600000,12.600000,14.400000,14.400000,1025
2012-04-24,12.000000,14.400000,12.000000,13.680000,13.680000,1225
2012-04-25,13.200000,13.320000,12.000000,12.600000,12.600000,1275
2012-04-26,12.600000,14.280000,11.280000,14.280000,14.280000,725
2012-04-27,14.280000,14.280000,11.280000,12.600000,12.600000,1167
2012-04-30,11.400000,14.280000,11.400000,12.360000,12.360000,642
2012-05-01,11.280000,16.200001,11.280000,15.000000,15.000000,1417
2012-05-02,15.000000,15.000000,14.280000,14.400000,14.400000,367
2012-05-03,13.800000,13.800000,13.680000,13.680000,13.680000,350
2012-05-04,12.240000,13.200000,12.240000,13.200000,13.200000,292
2012-05-07,12.000000,12.000000,11.400000,12.000000,12.000000,875
2012-05-08,11.280000,12.000000,11.280000,11.760000,11.760000,250
2012-05-09,11.400000,12.120000,11.280000,11.520000,11.520000,217
2012-05-10,11.280000,12.120000,9.840000,12.120000,12.120000,1750
2012-05-11,9.840000,14.400000,9.840000,9.840000,9.840000,983
2012-05-14,9.840000,12.000000,9.360000,12.000000,12.000000,1583
2012-05-15,9.840000,13.200000,9.840000,12.600000,12.600000,483
2012-05-16,12.600000,12.600000,10.200000,10.800000,10.800000,558
2012-05-17,12.000000,12.000000,10.800000,11.520000,11.520000,458
2012-05-18,12.240000,12.240000,10.200000,10.200000,10.200000,917
2012-05-21,10.200000,10.200000,10.200000,10.200000,10.200000,367
2012-05-22,10.200000,11.040000,10.200000,11.040000,11.040000,392
2012-05-23,10.200000,11.640000,10.200000,11.640000,11.640000,292
2012-05-24,10.200000,10.200000,10.200000,10.200000,10.200000,100
2012-05-25,10.800000,10.920000,10.800000,10.800000,10.800000,508
2012-05-29,10.200000,10.800000,10.200000,10.800000,10.800000,375
2012-05-30,10.200000,12.120000,10.200000,10.800000,10.800000,392
2012-05-31,10.800000,10.800000,10.800000,10.800000,10.800000,108
2012-06-01,10.800000,10.800000,10.200000,10.200000,10.200000,500
2012-06-04,10.800000,11.160000,10.200000,10.200000,10.200000,275
2012-06-05,10.200000,11.160000,10.200000,10.560000,10.560000,333
2012-06-06,10.200000,10.560000,10.200000,10.200000,10.200000,425
2012-06-07,10.560000,10.560000,10.200000,10.560000,10.560000,267
2012-06-08,10.200000,10.560000,10.200000,10.560000,10.560000,233
2012-06-11,10.200000,10.200000,9.840000,9.840000,9.840000,483
2012-06-12,10.200000,10.200000,9.600000,9.600000,9.600000,458
2012-06-13,9.840000,9.840000,9.840000,9.840000,9.840000,167
2012-06-14,9.840000,10.080000,9.840000,9.840000,9.840000,333
2012-06-15,9.840000,10.320000,9.840000,10.320000,10.320000,633
2012-06-18,9.840000,10.320000,9.000000,9.000000,9.000000,1758
2012-06-19,9.000000,9.000000,7.800000,7.800000,7.800000,4333
2012-06-20,7.440000,8.400000,7.200000,8.400000,8.400000,1675
2012-06-21,6.600000,6.600000,6.600000,6.600000,6.600000,167
2012-06-22,10.680000,10.680000,9.840000,9.840000,9.840000,142
2012-06-25,9.840000,9.840000,9.840000,9.840000,9.840000,25
2012-06-26,7.200000,9.840000,7.200000,7.200000,7.200000,1100
2012-06-27,7.200000,7.200000,6.600000,7.200000,7.200000,733
2012-06-28,6.600000,6.600000,6.600000,6.600000,6.600000,58
2012-06-29,8.040000,8.040000,7.920000,7.920000,7.920000,317
2012-07-02,9.600000,9.600000,9.600000,9.600000,9.600000,33
2012-07-03,6.600000,10.200000,6.600000,10.200000,10.200000,742
2012-07-05,7.920000,9.600000,6.600000,9.600000,9.600000,1050
2012-07-06,6.000000,9.480000,4.800000,9.480000,9.480000,225
2012-07-09,4.800000,10.560000,4.800000,10.560000,10.560000,533
2012-07-10,9.240000,10.560000,9.240000,10.560000,10.560000,83
2012-07-11,10.560000,10.560000,10.560000,10.560000,10.560000,42
2012-07-12,10.560000,10.560000,10.560000,10.560000,10.560000,0
2012-07-13,5.040000,10.200000,5.040000,10.200000,10.200000,117
2012-07-16,10.200000,10.200000,9.480000,10.200000,10.200000,383
2012-07-17,6.600000,10.200000,6.600000,10.200000,10.200000,33
2012-07-18,10.200000,10.200000,10.200000,10.200000,10.200000,8
2012-07-19,6.600000,10.200000,6.600000,10.200000,10.200000,325
2012-07-20,7.800000,10.200000,7.800000,9.000000,9.000000,92
2012-07-23,9.000000,9.000000,6.600000,6.960000,6.960000,608
2012-07-24,10.200000,10.440000,6.600000,10.200000,10.200000,1175
2012-07-25,3.720000,10.440000,3.720000,4.800000,4.800000,183
2012-07-26,4.800000,4.800000,4.800000,4.800000,4.800000,83
2012-07-27,4.200000,10.560000,4.200000,7.800000,7.800000,875
2012-07-30,10.200000,12.600000,5.040000,12.600000,12.600000,942
2012-07-31,5.400000,12.600000,5.400000,12.000000,12.000000,33
2012-08-01,12.000000,12.000000,12.000000,12.000000,12.000000,0
2012-08-02,7.200000,9.000000,7.200000,9.000000,9.000000,250
2012-08-03,9.000000,9.000000,9.000000,9.000000,9.000000,383
2012-08-06,9.600000,9.600000,9.600000,9.600000,9.600000,8
2012-08-07,4.200000,11.400000,4.200000,9.600000,9.600000,408
2012-08-08,9.600000,9.600000,5.400000,9.600000,9.600000,175
2012-08-09,5.400000,9.600000,5.400000,9.600000,9.600000,33
2012-08-10,4.800000,9.600000,4.800000,9.000000,9.000000,483
2012-08-13,6.600000,9.000000,6.600000,8.040000,8.040000,375
2012-08-14,6.600000,7.800000,6.600000,7.200000,7.200000,250
2012-08-15,7.200000,10.200000,7.080000,10.200000,10.200000,617
2012-08-16,4.800000,9.000000,4.800000,9.000000,9.000000,33
2012-08-17,9.000000,9.000000,9.000000,9.000000,9.000000,0
2012-08-20,8.400000,8.400000,8.400000,8.400000,8.400000,83
2012-08-21,5.520000,8.400000,5.520000,6.840000,6.840000,850
2012-08-22,8.400000,8.400000,5.640000,8.400000,8.400000,117
2012-08-23,9.000000,9.000000,9.000000,9.000000,9.000000,8
2012-08-24,5.640000,9.000000,5.640000,9.000000,9.000000,408
2012-08-27,5.520000,9.000000,5.520000,8.400000,8.400000,342
2012-08-28,5.520000,8.400000,5.520000,7.800000,7.800000,467
2012-08-29,6.960000,7.800000,6.960000,7.800000,7.800000,233
2012-08-30,6.120000,6.600000,6.120000,6.600000,6.600000,183
2012-08-31,6.840000,9.000000,6.120000,6.240000,6.240000,617
2012-09-04,6.120000,7.800000,6.120000,7.800000,7.800000,342
2012-09-05,6.120000,7.800000,6.120000,7.800000,7.800000,92
2012-09-06,6.120000,7.800000,6.120000,7.800000,7.800000,67
2012-09-07,7.800000,7.800000,6.600000,7.800000,7.800000,175
2012-09-10,6.600000,7.800000,6.600000,7.800000,7.800000,167
2012-09-11,7.200000,7.680000,7.200000,7.680000,7.680000,300
2012-09-12,5.880000,7.680000,5.760000,7.680000,7.680000,367
2012-09-13,5.640000,7.680000,5.640000,7.680000,7.680000,758
2012-09-14,7.680000,7.680000,7.680000,7.680000,7.680000,17
2012-09-17,5.760000,7.560000,5.760000,7.560000,7.560000,108
2012-09-18,7.560000,7.560000,7.560000,7.560000,7.560000,0
2012-09-19,7.200000,9.960000,5.640000,9.000000,9.000000,4225
2012-09-20,11.400000,12.000000,9.960000,10.320000,10.320000,8083
2012-09-21,11.400000,11.640000,10.440000,10.440000,10.440000,3158
2012-09-24,10.440000,12.120000,10.440000,11.760000,11.760000,10917
2012-09-25,11.760000,11.760000,10.800000,10.800000,10.800000,4325
2012-09-26,10.800000,11.400000,10.560000,10.560000,10.560000,1075
2012-09-27,10.200000,11.040000,10.080000,11.040000,11.040000,5125
2012-09-28,11.040000,11.040000,9.960000,9.960000,9.960000,2358
2012-10-01,10.680000,10.680000,9.600000,10.680000,10.680000,2792
2012-10-02,10.680000,10.680000,10.680000,10.680000,10.680000,200
2012-10-03,10.680000,10.680000,9.840000,10.680000,10.680000,1833
2012-10-04,10.680000,10.680000,9.120000,10.680000,10.680000,1833
2012-10-05,9.600000,10.680000,9.600000,10.680000,10.680000,17
2012-10-08,10.680000,10.680000,9.000000,10.680000,10.680000,483
2012-10-09,9.000000,10.680000,9.000000,10.680000,10.680000,50
2012-10-10,10.680000,10.680000,10.680000,10.680000,10.680000,75
2012-10-11,10.680000,10.680000,10.680000,10.680000,10.680000,1167
2012-10-12,10.680000,10.680000,10.560000,10.560000,10.560000,25
2012-10-15,9.000000,10.680000,9.000000,9.000000,9.000000,958
2012-10-16,9.360000,10.680000,9.000000,10.680000,10.680000,133
2012-10-17,10.680000,10.680000,10.680000,10.680000,10.680000,75
2012-10-18,10.680000,10.680000,9.840000,10.680000,10.680000,475
2012-10-19,10.200000,10.200000,9.000000,9.000000,9.000000,775
2012-10-22,9.000000,10.680000,9.000000,10.680000,10.680000,1500
2012-10-23,9.000000,10.680000,9.000000,10.680000,10.680000,117
2012-10-24,9.120000,10.680000,9.120000,10.680000,10.680000,92
2012-10-25,10.200000,10.200000,9.000000,10.200000,10.200000,192
2012-10-26,9.240000,10.200000,9.240000,10.200000,10.200000,25
2012-10-31,10.200000,10.200000,10.200000,10.200000,10.200000,0
2012-11-01,10.680000,10.680000,8.640000,8.640000,8.640000,42
2012-11-02,9.600000,9.600000,9.600000,9.600000,9.600000,92
2012-11-05,8.880000,9.600000,8.520000,9.600000,9.600000,1592
2012-11-06,9.600000,9.600000,9.600000,9.600000,9.600000,0
2012-11-07,9.480000,9.600000,8.400000,9.600000,9.600000,2425
2012-11-08,8.400000,9.600000,8.400000,9.600000,9.600000,50
2012-11-09,8.400000,9.600000,7.800000,8.520000,8.520000,1258
2012-11-12,9.000000,9.000000,7.800000,8.640000,8.640000,608
2012-11-13,8.520000,8.640000,7.800000,8.160000,8.160000,583
2012-11-14,8.160000,8.160000,7.800000,8.160000,8.160000,533
2012-11-15,8.160000,8.160000,8.160000,8.160000,8.160000,83
2012-11-16,7.800000,8.160000,7.800000,8.040000,8.040000,792
2012-11-19,7.200000,8.160000,7.200000,8.160000,8.160000,533
2012-11-20,7.200000,8.160000,7.200000,7.320000,7.320000,250
2012-11-21,8.160000,8.160000,8.160000,8.160000,8.160000,8
2012-11-23,8.160000,8.880000,8.160000,8.400000,8.400000,1442
2012-11-26,7.560000,8.880000,7.320000,8.400000,8.400000,542
2012-11-27,8.520000,8.520000,7.800000,8.400000,8.400000,142
2012-11-28,8.280000,9.000000,8.160000,9.000000,9.000000,708
2012-11-29,9.000000,9.000000,7.440000,7.440000,7.440000,350
2012-11-30,7.440000,8.400000,7.440000,8.400000,8.400000,175
2012-12-03,7.440000,9.000000,7.440000,9.000000,9.000000,217
2012-12-04,7.440000,9.000000,7.440000,8.640000,8.640000,425
2012-12-05,7.800000,9.600000,7.800000,9.360000,9.360000,200
2012-12-06,9.360000,9.360000,7.800000,9.360000,9.360000,858
2012-12-07,7.800000,9.360000,7.800000,9.360000,9.360000,617
2012-12-10,9.360000,9.360000,7.800000,9.360000,9.360000,800
2012-12-11,9.360000,9.360000,9.360000,9.360000,9.360000,0
2012-12-12,8.640000,9.360000,8.640000,9.360000,9.360000,433
2012-12-13,7.800000,9.360000,7.800000,9.360000,9.360000,50
2012-12-14,9.360000,9.360000,9.360000,9.360000,9.360000,17
2012-12-17,9.360000,9.360000,9.360000,9.360000,9.360000,0
2012-12-18,8.400000,9.240000,7.800000,9.240000,9.240000,708
2012-12-19,7.800000,8.400000,7.800000,8.400000,8.400000,225
2012-12-20,7.800000,8.400000,7.320000,7.800000,7.800000,1058
2012-12-21,7.320000,7.800000,7.320000,7.320000,7.320000,450
2012-12-24,7.800000,7.800000,7.080000,7.080000,7.080000,817
2012-12-26,6.960000,7.800000,6.960000,7.560000,7.560000,742
2012-12-27,7.560000,7.800000,7.560000,7.800000,7.800000,408
2012-12-28,9.360000,9.360000,7.680000,9.360000,9.360000,25
2012-12-31,6.600000,7.680000,6.000000,6.600000,6.600000,2575
2013-01-02,6.600000,7.440000,6.000000,6.480000,6.480000,1250
2013-01-03,6.000000,7.200000,5.880000,5.880000,5.880000,1225
2013-01-04,5.760000,6.000000,5.760000,6.000000,6.000000,6617
2013-01-07,6.000000,6.000000,5.280000,5.760000,5.760000,2542
2013-01-08,5.280000,5.760000,5.040000,5.760000,5.760000,4858
2013-01-09,5.520000,5.520000,4.800000,4.800000,4.800000,4600
2013-01-10,5.280000,5.280000,5.040000,5.040000,5.040000,1500
2013-01-11,4.800000,4.800000,4.200000,4.680000,4.680000,1625
2013-01-14,4.440000,4.800000,4.200000,4.800000,4.800000,4367
2013-01-15,4.800000,4.800000,4.200000,4.200000,4.200000,1225
2013-01-16,4.200000,4.680000,4.200000,4.200000,4.200000,3183
2013-01-17,4.680000,5.640000,4.680000,5.640000,5.640000,14575
2013-01-18,5.400000,5.760000,5.400000,5.760000,5.760000,37667
2013-01-22,5.760000,8.040000,5.760000,7.200000,7.200000,2442
2013-01-23,9.000000,9.000000,9.000000,9.000000,9.000000,83
2013-01-24,8.880000,8.880000,7.200000,8.400000,8.400000,925
2013-01-25,8.400000,8.400000,8.400000,8.400000,8.400000,0
2013-01-28,8.400000,9.000000,7.800000,8.160000,8.160000,1967
2013-01-29,8.160000,8.280000,8.160000,8.160000,8.160000,558
2013-01-30,8.160000,8.400000,8.160000,8.400000,8.400000,383
2013-01-31,7.800000,7.800000,7.800000,7.800000,7.800000,108
2013-02-01,7.920000,9.240000,7.920000,9.240000,9.240000,258
2013-02-04,9.000000,9.240000,8.400000,8.400000,8.400000,808
2013-02-05,9.000000,9.000000,7.920000,7.920000,7.920000,158
2013-02-06,7.920000,7.920000,7.920000,7.920000,7.920000,8
2013-02-07,7.920000,7.920000,7.920000,7.920000,7.920000,125
2013-02-08,7.920000,7.920000,7.920000,7.920000,7.920000,1125
2013-02-11,9.000000,9.000000,9.000000,9.000000,9.000000,275
2013-02-12,9.000000,9.000000,9.000000,9.000000,9.000000,717
2013-02-13,9.000000,9.000000,9.000000,9.000000,9.000000,0
2013-02-14,9.000000,9.000000,8.400000,8.400000,8.400000,100
2013-02-15,8.400000,8.400000,8.400000,8.400000,8.400000,0
2013-02-19,8.400000,9.600000,8.400000,9.600000,9.600000,958
2013-02-20,8.400000,8.400000,8.400000,8.400000,8.400000,25
2013-02-21,8.400000,8.400000,8.400000,8.400000,8.400000,83
2013-02-22,8.400000,8.400000,8.400000,8.400000,8.400000,42
2013-02-25,8.400000,9.600000,8.400000,9.600000,9.600000,433
2013-02-26,9.600000,9.600000,9.600000,9.600000,9.600000,83
2013-02-27,9.000000,9.000000,9.000000,9.000000,9.000000,500
2013-02-28,8.400000,9.000000,8.400000,8.400000,8.400000,625
2013-03-01,8.400000,8.400000,8.400000,8.400000,8.400000,192
2013-03-04,8.400000,8.400000,8.400000,8.400000,8.400000,0
2013-03-05,8.400000,8.400000,8.400000,8.400000,8.400000,92
2013-03-06,8.400000,8.400000,8.400000,8.400000,8.400000,325
2013-03-07,8.520000,8.880000,8.400000,8.880000,8.880000,3383
2013-03-08,9.000000,9.000000,8.160000,8.160000,8.160000,833
2013-03-11,9.600000,9.600000,9.000000,9.000000,9.000000,1250
2013-03-12,9.000000,9.000000,9.000000,9.000000,9.000000,250
2013-03-13,9.000000,9.000000,9.000000,9.000000,9.000000,167
2013-03-14,9.000000,10.200000,9.000000,10.200000,10.200000,375
2013-03-15,9.840000,10.200000,9.840000,10.200000,10.200000,550
2013-03-18,9.840000,9.840000,9.840000,9.840000,9.840000,108
2013-03-19,9.840000,10.200000,9.840000,10.200000,10.200000,292
2013-03-20,10.200000,10.800000,10.200000,10.800000,10.800000,317
2013-03-21,11.040000,11.400000,11.040000,11.400000,11.400000,375
2013-03-22,11.040000,11.040000,10.440000,10.800000,10.800000,925
2013-03-25,11.400000,12.000000,11.400000,12.000000,12.000000,183
2013-03-26,13.200000,14.400000,11.400000,11.520000,11.520000,1742
2013-03-27,11.400000,14.160000,11.400000,14.160000,14.160000,150
2013-03-28,14.400000,14.400000,14.400000,14.400000,14.400000,167
2013-04-01,11.520000,11.520000,11.520000,11.520000,11.520000,25
2013-04-02,12.000000,12.000000,12.000000,12.000000,12.000000,250
2013-04-03,12.000000,12.000000,12.000000,12.000000,12.000000,83
2013-04-04,11.400000,11.520000,10.680000,11.520000,11.520000,175
2013-04-05,11.520000,11.520000,11.520000,11.520000,11.520000,767
2013-04-08,10.680000,10.680000,10.680000,10.680000,10.680000,17
2013-04-09,10.680000,11.760000,10.680000,10.680000,10.680000,225
2013-04-10,10.800000,10.800000,10.800000,10.800000,10.800000,75
2013-04-11,10.800000,10.800000,10.800000,10.800000,10.800000,25
2013-04-12,10.800000,10.800000,10.800000,10.800000,10.800000,0
2013-04-15,10.800000,10.800000,8.400000,8.400000,8.400000,1025
2013-04-16,7.800000,9.600000,7.560000,7.560000,7.560000,800
2013-04-17,9.000000,9.600000,9.000000,9.600000,9.600000,267
2013-04-18,10.800000,11.760000,9.600000,9.600000,9.600000,4008
2013-04-19,9.600000,9.600000,9.600000,9.600000,9.600000,100
2013-04-22,9.600000,9.600000,9.600000,9.600000,9.600000,0
2013-04-23,9.600000,9.600000,9.600000,9.600000,9.600000,142
2013-04-24,10.800000,10.800000,10.800000,10.800000,10.800000,17
2013-04-25,10.800000,11.280000,10.800000,11.040000,11.040000,2017
2013-04-26,10.800000,10.800000,10.800000,10.800000,10.800000,108
2013-04-29,10.800000,10.800000,10.800000,10.800000,10.800000,325
2013-04-30,10.800000,10.800000,10.800000,10.800000,10.800000,250
2013-05-01,10.800000,10.800000,10.800000,10.800000,10.800000,167
2013-05-02,10.800000,10.800000,10.800000,10.800000,10.800000,783
2013-05-03,11.400000,11.400000,10.800000,10.800000,10.800000,167
2013-05-06,10.800000,10.800000,10.800000,10.800000,10.800000,225
2013-05-07,10.800000,10.800000,10.800000,10.800000,10.800000,0
2013-05-08,11.040000,11.040000,11.040000,11.040000,11.040000,167
2013-05-09,10.920000,11.040000,10.920000,11.040000,11.040000,275
2013-05-10,10.800000,11.400000,10.800000,11.400000,11.400000,1058
2013-05-13,11.160000,11.400000,11.160000,11.400000,11.400000,408
2013-05-14,10.800000,11.400000,10.800000,11.400000,11.400000,167
2013-05-15,10.800000,10.800000,10.800000,10.800000,10.800000,8
2013-05-16,10.800000,10.800000,10.800000,10.800000,10.800000,8
2013-05-17,11.400000,11.400000,10.800000,10.800000,10.800000,283
2013-05-20,11.400000,11.400000,10.800000,10.800000,10.800000,183
2013-05-21,10.800000,10.800000,10.800000,10.800000,10.800000,50
2013-05-22,11.400000,12.600000,11.400000,12.600000,12.600000,1658
2013-05-23,12.600000,12.600000,9.600000,12.600000,12.600000,575
2013-05-24,12.480000,12.480000,12.480000,12.480000,12.480000,92
2013-05-28,12.600000,12.600000,10.800000,12.600000,12.600000,158
2013-05-29,12.600000,12.600000,9.600000,12.480000,12.480000,167
2013-05-30,10.200000,12.000000,10.200000,12.000000,12.000000,25
2013-05-31,10.200000,11.400000,10.200000,11.400000,11.400000,350
2013-06-03,11.400000,11.400000,11.400000,11.400000,11.400000,0
2013-06-04,10.200000,10.200000,10.200000,10.200000,10.200000,233
2013-06-05,10.200000,10.200000,10.200000,10.200000,10.200000,100
2013-06-06,10.200000,10.200000,10.200000,10.200000,10.200000,0
2013-06-07,10.200000,10.200000,10.200000,10.200000,10.200000,0
2013-06-10,9.000000,9.000000,9.000000,9.000000,9.000000,242
2013-06-11,9.720000,10.320000,9.720000,10.320000,10.320000,125
2013-06-12,10.320000,10.320000,10.320000,10.320000,10.320000,0
2013-06-13,9.720000,9.720000,9.720000,9.720000,9.720000,200
2013-06-14,9.720000,9.720000,9.600000,9.600000,9.600000,208
2013-06-17,9.600000,9.720000,9.000000,9.720000,9.720000,933
2013-06-18,9.720000,9.720000,9.720000,9.720000,9.720000,0
2013-06-19,10.080000,10.080000,8.400000,10.080000,10.080000,608
2013-06-20,10.080000,10.080000,9.600000,10.080000,10.080000,417
2013-06-21,10.080000,10.080000,9.600000,10.080000,10.080000,800
2013-06-24,9.000000,9.000000,8.880000,8.880000,8.880000,167
2013-06-25,8.880000,9.000000,8.880000,9.000000,9.000000,217
2013-06-26,8.400000,8.400000,8.400000,8.400000,8.400000,8
2013-06-27,9.000000,9.000000,9.000000,9.000000,9.000000,8
2013-06-28,9.000000,9.000000,9.000000,9.000000,9.000000,358
2013-07-01,9.000000,9.000000,9.000000,9.000000,9.000000,0
2013-07-02,9.000000,9.000000,9.000000,9.000000,9.000000,92
2013-07-03,9.000000,9.000000,9.000000,9.000000,9.000000,0
2013-07-05,7.200000,10.680000,7.200000,8.400000,8.400000,208
2013-07-08,9.000000,9.000000,9.000000,9.000000,9.000000,42
2013-07-09,8.400000,8.400000,8.400000,8.400000,8.400000,92
2013-07-10,9.600000,9.600000,9.600000,9.600000,9.600000,200
2013-07-11,9.600000,9.600000,9.600000,9.600000,9.600000,0
2013-07-12,9.600000,9.600000,9.600000,9.600000,9.600000,0
2013-07-15,9.000000,9.000000,8.400000,8.400000,8.400000,533
2013-07-16,8.400000,9.000000,8.400000,9.000000,9.000000,400
2013-07-17,9.000000,9.000000,9.000000,9.000000,9.000000,0
2013-07-18,8.400000,9.000000,8.400000,8.400000,8.400000,125
2013-07-19,8.400000,9.720000,8.400000,9.720000,9.720000,350
2013-07-22,9.720000,9.720000,9.720000,9.720000,9.720000,500
2013-07-23,8.400000,9.720000,8.400000,9.720000,9.720000,192
2013-07-24,8.520000,8.640000,8.520000,8.640000,8.640000,333
2013-07-25,8.640000,8.640000,8.640000,8.640000,8.640000,0
2013-07-26,8.640000,8.640000,8.640000,8.640000,8.640000,83
2013-07-29,8.640000,8.640000,8.640000,8.640000,8.640000,83
2013-07-30,9.000000,9.720000,8.760000,9.720000,9.720000,1317
2013-07-31,9.000000,9.720000,9.000000,9.720000,9.720000,275
2013-08-01,9.000000,9.000000,9.000000,9.000000,9.000000,200
2013-08-02,9.000000,9.000000,9.000000,9.000000,9.000000,0
2013-08-05,9.000000,9.000000,9.000000,9.000000,9.000000,75
2013-08-06,9.000000,9.000000,9.000000,9.000000,9.000000,175
2013-08-07,9.000000,9.000000,9.000000,9.000000,9.000000,0
2013-08-08,9.000000,9.000000,9.000000,9.000000,9.000000,125
2013-08-09,9.000000,9.000000,9.000000,9.000000,9.000000,0
2013-08-12,8.640000,8.640000,8.640000,8.640000,8.640000,125
2013-08-13,8.640000,8.640000,8.640000,8.640000,8.640000,25
2013-08-14,8.640000,8.640000,8.640000,8.640000,8.640000,42
2013-08-15,8.640000,8.640000,8.640000,8.640000,8.640000,83
2013-08-16,8.760000,8.760000,8.760000,8.760000,8.760000,17
2013-08-19,8.280000,9.720000,8.280000,9.720000,9.720000,600
2013-08-20,9.720000,9.720000,9.720000,9.720000,9.720000,158
2013-08-21,7.800000,9.000000,7.800000,9.000000,9.000000,450
2013-08-22,8.400000,8.400000,8.400000,8.400000,8.400000,233
2013-08-23,8.400000,9.240000,8.400000,9.240000,9.240000,83
2013-08-26,9.240000,9.240000,9.240000,9.240000,9.240000,0
2013-08-27,9.240000,9.240000,9.240000,9.240000,9.240000,0
2013-08-28,8.400000,8.400000,8.400000,8.400000,8.400000,50
2013-08-29,8.400000,8.400000,8.400000,8.400000,8.400000,0
2013-08-30,6.720000,9.000000,6.720000,9.000000,9.000000,33
2013-09-03,6.600000,9.000000,6.600000,9.000000,9.000000,92
2013-09-04,9.000000,9.000000,9.000000,9.000000,9.000000,250
2013-09-05,9.000000,9.000000,8.400000,8.400000,8.400000,367
2013-09-06,8.400000,8.400000,8.400000,8.400000,8.400000,42
2013-09-09,8.400000,8.400000,6.600000,8.400000,8.400000,417
2013-09-10,7.200000,7.200000,7.200000,7.200000,7.200000,17
2013-09-11,7.320000,9.600000,7.320000,8.400000,8.400000,942
2013-09-12,8.400000,8.400000,8.400000,8.400000,8.400000,0
2013-09-13,8.400000,8.400000,8.400000,8.400000,8.400000,17
2013-09-16,7.200000,8.400000,7.200000,7.200000,7.200000,125
2013-09-17,7.320000,7.320000,7.320000,7.320000,7.320000,83
2013-09-18,8.400000,8.400000,7.440000,7.440000,7.440000,217
2013-09-19,7.440000,7.440000,7.440000,7.440000,7.440000,75
2013-09-20,7.440000,7.440000,7.440000,7.440000,7.440000,0
2013-09-23,7.440000,7.440000,7.440000,7.440000,7.440000,0
2013-09-24,7.320000,7.320000,5.760000,7.320000,7.320000,708
2013-09-25,7.320000,7.320000,7.320000,7.320000,7.320000,0
2013-09-26,7.320000,7.320000,5.760000,5.760000,5.760000,108
2013-09-27,7.320000,7.320000,7.320000,7.320000,7.320000,150
2013-09-30,7.320000,8.400000,7.320000,8.400000,8.400000,417
2013-10-01,8.400000,8.400000,8.400000,8.400000,8.400000,0
2013-10-02,8.400000,8.400000,8.400000,8.400000,8.400000,0
2013-10-03,8.400000,8.400000,8.400000,8.400000,8.400000,0
2013-10-04,7.200000,7.200000,7.200000,7.200000,7.200000,200
2013-10-07,7.200000,7.200000,7.200000,7.200000,7.200000,67
2013-10-08,7.200000,7.200000,6.600000,6.600000,6.600000,550
2013-10-09,6.600000,6.600000,6.600000,6.600000,6.600000,67
2013-10-10,5.760000,6.240000,5.760000,6.240000,6.240000,383
2013-10-11,6.360000,6.360000,6.240000,6.360000,6.360000,183
2013-10-14,6.360000,6.360000,6.360000,6.360000,6.360000,0
2013-10-15,6.360000,6.360000,6.360000,6.360000,6.360000,0
2013-10-16,7.200000,7.800000,7.200000,7.800000,7.800000,267
2013-10-17,8.400000,8.760000,8.400000,8.760000,8.760000,1883
2013-10-18,8.400000,8.400000,8.400000,8.400000,8.400000,992
2013-10-21,8.400000,8.400000,8.400000,8.400000,8.400000,0
2013-10-22,8.400000,8.400000,8.400000,8.400000,8.400000,1450
2013-10-23,9.000000,9.000000,7.800000,7.800000,7.800000,892
2013-10-24,8.400000,8.400000,8.400000,8.400000,8.400000,42
2013-10-25,8.400000,8.400000,8.400000,8.400000,8.400000,0
2013-10-28,8.400000,8.400000,6.000000,7.080000,7.080000,2358
2013-10-29,8.760000,9.000000,8.400000,9.000000,9.000000,375
2013-10-30,8.880000,8.880000,8.880000,8.880000,8.880000,167
2013-10-31,8.880000,8.880000,8.880000,8.880000,8.880000,0
2013-11-01,8.880000,8.880000,8.880000,8.880000,8.880000,42
2013-11-04,8.160000,8.160000,8.160000,8.160000,8.160000,175
2013-11-05,8.160000,8.160000,8.160000,8.160000,8.160000,0
2013-11-06,8.640000,8.640000,8.640000,8.640000,8.640000,242
2013-11-07,8.640000,8.640000,8.640000,8.640000,8.640000,0
2013-11-08,6.360000,8.520000,6.360000,8.520000,8.520000,83
2013-11-11,8.520000,8.520000,8.520000,8.520000,8.520000,117
2013-11-12,8.520000,8.520000,8.520000,8.520000,8.520000,0
2013-11-13,6.480000,6.480000,6.480000,6.480000,6.480000,83
2013-11-14,6.480000,8.280000,6.480000,8.280000,8.280000,417
2013-11-15,7.800000,7.800000,7.560000,7.560000,7.560000,200
2013-11-18,6.600000,6.600000,6.480000,6.480000,6.480000,1000
2013-11-19,7.200000,7.200000,7.200000,7.200000,7.200000,250
2013-11-20,6.480000,6.480000,6.240000,6.240000,6.240000,333
2013-11-21,6.240000,6.240000,6.240000,6.240000,6.240000,0
2013-11-22,6.600000,6.600000,6.600000,6.600000,6.600000,417
2013-11-25,8.280000,8.280000,7.200000,7.800000,7.800000,1008
2013-11-26,7.800000,7.800000,7.800000,7.800000,7.800000,0
2013-11-27,7.560000,8.400000,7.320000,7.320000,7.320000,475
2013-11-29,8.400000,8.400000,8.400000,8.400000,8.400000,333
2013-12-02,8.400000,8.400000,8.400000,8.400000,8.400000,458
2013-12-03,8.520000,8.520000,8.520000,8.520000,8.520000,33
2013-12-04,8.520000,9.600000,8.520000,9.600000,9.600000,1758
2013-12-05,9.600000,9.600000,9.600000,9.600000,9.600000,167
2013-12-06,8.760000,8.760000,8.280000,8.280000,8.280000,383
2013-12-09,8.280000,8.280000,8.280000,8.280000,8.280000,0
2013-12-10,8.280000,8.280000,6.600000,6.600000,6.600000,417
2013-12-11,7.200000,8.280000,7.200000,8.280000,8.280000,33
2013-12-12,8.280000,8.280000,8.280000,8.280000,8.280000,8
2013-12-13,8.280000,8.280000,8.280000,8.280000,8.280000,108
2013-12-16,7.200000,7.200000,6.720000,6.720000,6.720000,283
2013-12-17,6.840000,6.840000,6.840000,6.840000,6.840000,183
2013-12-18,6.840000,6.840000,6.840000,6.840000,6.840000,0
2013-12-19,7.200000,7.200000,6.840000,6.840000,6.840000,292
2013-12-20,7.680000,8.040000,7.680000,8.040000,8.040000,425
2013-12-23,7.440000,7.440000,7.080000,7.080000,7.080000,458
2013-12-24,6.840000,6.840000,6.840000,6.840000,6.840000,625
2013-12-26,6.840000,7.200000,6.840000,7.200000,7.200000,167
2013-12-27,6.840000,6.840000,6.840000,6.840000,6.840000,33
2013-12-30,6.840000,7.680000,6.600000,7.680000,7.680000,1258
2013-12-31,7.680000,7.680000,7.680000,7.680000,7.680000,0
2014-01-02,6.600000,6.600000,6.600000,6.600000,6.600000,175
2014-01-03,7.440000,7.440000,7.440000,7.440000,7.440000,83
2014-01-06,7.320000,7.320000,6.480000,6.480000,6.480000,683
2014-01-07,6.480000,6.480000,6.480000,6.480000,6.480000,33
2014-01-08,6.840000,7.200000,6.600000,7.200000,7.200000,1167
2014-01-09,6.600000,6.600000,6.600000,6.600000,6.600000,267
2014-01-10,6.600000,6.600000,6.600000,6.600000,6.600000,17
2014-01-13,7.200000,7.200000,6.960000,6.960000,6.960000,158
2014-01-14,6.960000,6.960000,6.960000,6.960000,6.960000,325
2014-01-15,7.200000,7.200000,7.200000,7.200000,7.200000,75
2014-01-16,6.720000,6.720000,6.720000,6.720000,6.720000,58
2014-01-17,6.960000,7.200000,6.960000,7.200000,7.200000,1042
2014-01-21,6.840000,6.840000,6.840000,6.840000,6.840000,408
2014-01-22,6.840000,6.840000,6.840000,6.840000,6.840000,0
2014-01-23,6.840000,6.840000,6.840000,6.840000,6.840000,0
2014-01-24,4.920000,4.920000,4.920000,4.920000,4.920000,25
2014-01-27,6.960000,6.960000,6.960000,6.960000,6.960000,250
2014-01-28,6.000000,6.960000,6.000000,6.960000,6.960000,475
2014-01-29,6.000000,6.000000,6.000000,6.000000,6.000000,100
2014-01-30,6.000000,6.720000,6.000000,6.720000,6.720000,233
2014-01-31,6.720000,6.720000,6.720000,6.720000,6.720000,0
2014-02-03,6.720000,6.720000,6.720000,6.720000,6.720000,0
2014-02-04,6.600000,6.600000,6.600000,6.600000,6.600000,250
2014-02-05,7.440000,8.160000,7.440000,7.440000,7.440000,292
2014-02-06,8.160000,8.160000,7.200000,7.200000,7.200000,100
2014-02-07,7.320000,7.320000,7.320000,7.320000,7.320000,667
2014-02-10,7.800000,7.800000,7.680000,7.680000,7.680000,117
2014-02-11,5.040000,7.560000,5.040000,7.560000,7.560000,875
2014-02-12,7.560000,7.560000,7.560000,7.560000,7.560000,125
2014-02-13,6.600000,6.600000,6.600000,6.600000,6.600000,817
2014-02-14,6.120000,7.560000,6.120000,7.560000,7.560000,242
2014-02-18,7.560000,7.800000,7.560000,7.800000,7.800000,167
2014-02-19,7.200000,7.200000,6.240000,6.240000,6.240000,817
2014-02-20,7.680000,7.680000,7.680000,7.680000,7.680000,417
2014-02-21,7.200000,7.200000,7.200000,7.200000,7.200000,608
2014-02-24,7.200000,7.200000,7.200000,7.200000,7.200000,750
2014-02-25,6.240000,6.360000,6.000000,6.240000,6.240000,1875
2014-02-26,5.760000,6.120000,5.760000,6.120000,6.120000,875
2014-02-27,6.000000,6.120000,6.000000,6.120000,6.120000,258
2014-02-28,6.120000,6.120000,6.120000,6.120000,6.120000,0
2014-03-03,6.120000,6.120000,6.120000,6.120000,6.120000,417
2014-03-04,6.120000,6.120000,6.120000,6.120000,6.120000,167
2014-03-05,5.280000,6.840000,5.280000,6.720000,6.720000,367
2014-03-06,6.720000,6.720000,6.720000,6.720000,6.720000,0
2014-03-07,6.720000,6.720000,6.720000,6.720000,6.720000,1267
2014-03-10,6.120000,6.120000,6.120000,6.120000,6.120000,92
2014-03-11,6.120000,6.120000,6.120000,6.120000,6.120000,83
2014-03-12,6.120000,6.480000,6.000000,6.000000,6.000000,492
2014-03-13,6.000000,6.000000,6.000000,6.000000,6.000000,133
2014-03-14,6.120000,6.600000,5.760000,6.600000,6.600000,1325
2014-03-17,9.360000,9.360000,6.000000,6.000000,6.000000,150
2014-03-18,6.360000,6.360000,5.400000,5.400000,5.400000,492
2014-03-19,5.520000,5.520000,5.520000,5.520000,5.520000,50
2014-03-20,6.360000,6.360000,6.360000,6.360000,6.360000,333
2014-03-21,6.480000,6.480000,6.480000,6.480000,6.480000,167
2014-03-24,6.480000,6.480000,6.480000,6.480000,6.480000,0
2014-03-25,6.480000,6.480000,6.480000,6.480000,6.480000,0
2014-03-26,6.480000,6.480000,6.480000,6.480000,6.480000,0
2014-03-27,6.480000,6.480000,6.480000,6.480000,6.480000,0
2014-03-28,6.480000,6.480000,6.480000,6.480000,6.480000,92
2014-03-31,6.840000,6.840000,6.840000,6.840000,6.840000,425
2014-04-01,5.520000,5.520000,5.520000,5.520000,5.520000,58
2014-04-02,5.760000,6.000000,5.760000,6.000000,6.000000,108
2014-04-03,6.120000,6.120000,6.120000,6.120000,6.120000,83
2014-04-04,6.000000,6.000000,6.000000,6.000000,6.000000,333
2014-04-07,5.760000,5.880000,5.760000,5.880000,5.880000,125
2014-04-08,5.880000,5.880000,5.880000,5.880000,5.880000,0
2014-04-09,6.000000,6.000000,6.000000,6.000000,6.000000,225
2014-04-10,5.760000,5.760000,5.760000,5.760000,5.760000,100
2014-04-11,7.200000,7.200000,7.200000,7.200000,7.200000,417
2014-04-14,5.880000,5.880000,5.880000,5.880000,5.880000,8
2014-04-15,5.520000,6.600000,5.520000,6.000000,6.000000,9325
2014-04-16,6.000000,6.000000,5.880000,6.000000,6.000000,17250
2014-04-17,5.880000,5.880000,5.880000,5.880000,5.880000,425
2014-04-21,5.880000,5.880000,5.880000,5.880000,5.880000,117
2014-04-22,5.880000,5.880000,5.880000,5.880000,5.880000,0
2014-04-23,5.880000,5.880000,5.880000,5.880000,5.880000,0
2014-04-24,5.880000,5.880000,5.880000,5.880000,5.880000,0
2014-04-25,5.880000,6.360000,5.880000,6.360000,6.360000,1592
2014-04-28,5.520000,5.880000,5.520000,5.880000,5.880000,1033
2014-04-29,6.240000,6.360000,6.240000,6.360000,6.360000,283
2014-04-30,6.360000,6.360000,6.360000,6.360000,6.360000,0
2014-05-01,6.360000,6.360000,6.360000,6.360000,6.360000,1667
2014-05-02,6.360000,6.360000,6.360000,6.360000,6.360000,0
2014-05-05,6.360000,6.360000,6.240000,6.240000,6.240000,67
2014-05-06,5.280000,6.240000,5.280000,6.240000,6.240000,92
2014-05-07,5.280000,6.240000,5.280000,6.240000,6.240000,167
2014-05-08,5.280000,6.240000,5.280000,5.640000,5.640000,925
2014-05-09,5.280000,6.240000,5.280000,6.000000,6.000000,2125
2014-05-12,5.280000,6.240000,5.280000,6.240000,6.240000,458
2014-05-13,5.400000,6.120000,5.400000,6.120000,6.120000,875
2014-05-14,5.280000,6.240000,5.280000,6.000000,6.000000,3600
2014-05-15,6.000000,6.000000,6.000000,6.000000,6.000000,0
2014-05-16,5.520000,6.120000,5.520000,6.120000,6.120000,33
2014-05-19,5.520000,6.240000,5.520000,6.240000,6.240000,1025
2014-05-20,6.240000,6.240000,6.240000,6.240000,6.240000,0
2014-05-21,6.240000,6.240000,6.240000,6.240000,6.240000,0
2014-05-22,6.240000,6.240000,6.240000,6.240000,6.240000,0
2014-05-23,6.000000,6.000000,5.520000,6.000000,6.000000,1583
2014-05-27,6.240000,6.240000,6.240000,6.240000,6.240000,0
2014-05-28,5.520000,6.000000,5.520000,6.000000,6.000000,383
2014-05-29,6.000000,6.000000,6.000000,6.000000,6.000000,83
2014-05-30,6.000000,6.000000,6.000000,6.000000,6.000000,0
2014-06-02,6.000000,6.000000,6.000000,6.000000,6.000000,83
2014-06-03,5.520000,6.000000,5.520000,6.000000,6.000000,183
2014-06-04,5.520000,6.000000,5.520000,6.000000,6.000000,100
2014-06-05,5.280000,6.000000,5.280000,6.000000,6.000000,100
2014-06-06,6.000000,6.000000,6.000000,6.000000,6.000000,0
2014-06-09,5.280000,6.000000,5.280000,6.000000,6.000000,25
2014-06-10,5.280000,5.280000,4.920000,5.280000,5.280000,1342
2014-06-11,5.280000,5.280000,5.040000,5.280000,5.280000,267
2014-06-12,5.040000,5.040000,5.040000,5.040000,5.040000,17
2014-06-13,5.040000,5.040000,5.040000,5.040000,5.040000,0
2014-06-16,5.280000,5.280000,5.040000,5.040000,5.040000,125
2014-06-17,5.040000,5.040000,5.040000,5.040000,5.040000,0
2014-06-18,4.920000,5.400000,4.560000,5.400000,5.400000,200
2014-06-19,5.400000,5.400000,5.400000,5.400000,5.400000,0
2014-06-20,5.400000,5.400000,5.400000,5.400000,5.400000,0
2014-06-23,4.080000,5.400000,4.080000,5.400000,5.400000,267
2014-06-24,4.080000,5.400000,4.080000,5.400000,5.400000,50
2014-06-25,5.400000,5.400000,5.400000,5.400000,5.400000,0
2014-06-26,5.400000,5.400000,5.400000,5.400000,5.400000,0
2014-06-27,6.000000,6.000000,4.800000,4.800000,4.800000,2542
2014-06-30,6.000000,6.000000,6.000000,6.000000,6.000000,858
2014-07-01,6.600000,6.600000,6.000000,6.240000,6.240000,450
2014-07-02,6.240000,6.240000,6.240000,6.240000,6.240000,0
2014-07-03,5.400000,6.240000,5.400000,6.240000,6.240000,83
2014-07-07,6.000000,6.000000,6.000000,6.000000,6.000000,167
2014-07-08,6.000000,6.000000,6.000000,6.000000,6.000000,342
2014-07-09,6.000000,6.000000,6.000000,6.000000,6.000000,0
2014-07-10,5.400000,6.240000,5.400000,6.240000,6.240000,58
2014-07-11,5.520000,6.000000,5.160000,6.000000,6.000000,875
2014-07-14,6.000000,6.000000,6.000000,6.000000,6.000000,0
2014-07-15,5.400000,5.400000,5.400000,5.400000,5.400000,125
2014-07-16,6.000000,6.240000,6.000000,6.000000,6.000000,542
2014-07-17,6.000000,6.000000,6.000000,6.000000,6.000000,0
2014-07-18,6.000000,6.000000,6.000000,6.000000,6.000000,83
2014-07-21,6.000000,6.000000,6.000000,6.000000,6.000000,283
2014-07-22,6.000000,6.000000,6.000000,6.000000,6.000000,0
2014-07-23,6.000000,6.000000,6.000000,6.000000,6.000000,0
2014-07-24,6.000000,6.000000,6.000000,6.000000,6.000000,0
2014-07-25,6.240000,6.240000,6.240000,6.240000,6.240000,17
2014-07-28,6.600000,6.600000,6.600000,6.600000,6.600000,17
2014-07-29,6.000000,6.600000,6.000000,6.360000,6.360000,4425
2014-07-30,6.000000,6.360000,5.520000,6.360000,6.360000,558
2014-07-31,6.360000,6.360000,6.360000,6.360000,6.360000,25
2014-08-01,6.360000,6.360000,6.360000,6.360000,6.360000,0
2014-08-04,6.120000,6.120000,6.120000,6.120000,6.120000,8
2014-08-05,6.120000,7.560000,6.120000,7.560000,7.560000,892
2014-08-06,6.120000,7.560000,6.000000,6.960000,6.960000,300
2014-08-07,6.240000,7.560000,6.000000,7.200000,7.200000,708
2014-08-08,7.560000,7.560000,7.200000,7.200000,7.200000,342
2014-08-11,7.200000,7.200000,7.200000,7.200000,7.200000,50
2014-08-12,7.200000,7.200000,7.200000,7.200000,7.200000,167
2014-08-13,7.200000,7.200000,7.200000,7.200000,7.200000,0
2014-08-14,6.120000,7.560000,6.120000,7.560000,7.560000,67
2014-08-15,7.560000,7.560000,7.560000,7.560000,7.560000,0
2014-08-18,7.560000,7.560000,6.120000,7.560000,7.560000,158
2014-08-19,7.560000,7.560000,7.560000,7.560000,7.560000,0
2014-08-20,6.480000,6.480000,6.480000,6.480000,6.480000,75
2014-08-21,6.480000,7.560000,6.480000,7.560000,7.560000,50
2014-08-22,7.200000,7.560000,7.200000,7.560000,7.560000,108
2014-08-25,6.600000,7.560000,6.600000,7.560000,7.560000,50
2014-08-26,7.560000,10.800000,7.560000,9.960000,9.960000,3758
2014-08-27,9.600000,9.840000,9.600000,9.840000,9.840000,1208
2014-08-28,10.200000,12.000000,10.080000,11.400000,11.400000,2708
2014-08-29,11.400000,11.400000,9.840000,10.800000,10.800000,833
2014-09-02,10.800000,10.800000,10.800000,10.800000,10.800000,0
2014-09-03,10.800000,10.800000,10.800000,10.800000,10.800000,0
2014-09-04,7.680000,7.680000,7.680000,7.680000,7.680000,242
2014-09-05,6.480000,9.000000,6.480000,7.800000,7.800000,200
2014-09-08,7.800000,9.000000,7.800000,7.800000,7.800000,733
2014-09-09,7.800000,7.800000,7.800000,7.800000,7.800000,2492
2014-09-10,7.800000,8.400000,7.800000,8.400000,8.400000,2758
2014-09-11,6.240000,8.400000,6.240000,7.200000,7.200000,2100
2014-09-12,9.000000,9.000000,8.400000,9.000000,9.000000,5608
2014-09-15,8.400000,8.880000,8.400000,8.880000,8.880000,183
2014-09-16,8.400000,8.400000,8.400000,8.400000,8.400000,33
2014-09-17,7.800000,8.280000,7.680000,8.160000,8.160000,1083
2014-09-18,7.200000,8.160000,7.200000,8.160000,8.160000,433
2014-09-19,7.200000,7.200000,6.960000,6.960000,6.960000,3192
2014-09-22,6.480000,7.800000,6.480000,7.800000,7.800000,33
2014-09-23,7.800000,7.800000,7.800000,7.800000,7.800000,0
2014-09-24,6.600000,6.600000,6.360000,6.360000,6.360000,150
2014-09-25,6.360000,6.360000,6.360000,6.360000,6.360000,83
2014-09-26,6.000000,6.600000,6.000000,6.600000,6.600000,300
2014-09-29,6.000000,6.480000,5.760000,5.760000,5.760000,283
2014-09-30,5.760000,6.480000,5.760000,6.480000,6.480000,233
2014-10-01,5.520000,6.480000,5.520000,6.360000,6.360000,492
2014-10-02,6.360000,6.360000,6.360000,6.360000,6.360000,0
2014-10-03,5.520000,6.000000,4.680000,6.000000,6.000000,1792
2014-10-06,6.000000,6.000000,6.000000,6.000000,6.000000,0
2014-10-07,6.120000,6.480000,6.120000,6.480000,6.480000,100
2014-10-08,5.520000,6.480000,5.520000,6.480000,6.480000,75
2014-10-09,6.480000,6.480000,6.480000,6.480000,6.480000,17
2014-10-10,6.000000,6.480000,6.000000,6.480000,6.480000,100
2014-10-13,6.480000,6.480000,6.480000,6.480000,6.480000,0
2014-10-14,6.000000,6.600000,6.000000,6.600000,6.600000,342
2014-10-15,6.000000,7.800000,6.000000,7.800000,7.800000,433
2014-10-16,7.800000,7.800000,7.800000,7.800000,7.800000,42
2014-10-17,6.000000,7.200000,6.000000,7.200000,7.200000,258
2014-10-20,7.200000,7.200000,7.200000,7.200000,7.200000,83
2014-10-21,6.000000,7.440000,6.000000,7.440000,7.440000,75
2014-10-22,7.440000,7.440000,7.440000,7.440000,7.440000,0
2014-10-23,7.200000,7.200000,6.600000,7.200000,7.200000,350
2014-10-24,7.200000,7.200000,7.200000,7.200000,7.200000,108
2014-10-27,7.800000,7.800000,7.800000,7.800000,7.800000,800
2014-10-28,7.800000,7.800000,7.200000,7.200000,7.200000,183
2014-10-29,7.200000,7.200000,7.200000,7.200000,7.200000,0
2014-10-30,6.600000,7.200000,6.360000,7.200000,7.200000,217
2014-10-31,7.200000,7.200000,6.960000,7.080000,7.080000,250
2014-11-03,8.400000,8.400000,7.200000,7.200000,7.200000,1142
2014-11-04,7.200000,7.200000,7.080000,7.080000,7.080000,175
2014-11-05,6.600000,6.600000,6.360000,6.360000,6.360000,467
2014-11-06,6.360000,6.360000,6.360000,6.360000,6.360000,0
2014-11-07,6.600000,6.600000,6.000000,6.480000,6.480000,2667
2014-11-10,6.360000,6.600000,6.360000,6.600000,6.600000,192
2014-11-11,6.120000,7.920000,6.120000,6.120000,6.120000,383
2014-11-12,7.920000,7.920000,7.920000,7.920000,7.920000,8
2014-11-13,7.920000,7.920000,6.600000,6.600000,6.600000,2600
2014-11-14,6.600000,7.200000,6.360000,7.200000,7.200000,425
2014-11-17,6.480000,8.040000,6.480000,6.840000,6.840000,117
2014-11-18,6.600000,6.600000,6.600000,6.600000,6.600000,25
2014-11-19,6.600000,6.600000,6.600000,6.600000,6.600000,0
2014-11-20,6.600000,6.600000,6.600000,6.600000,6.600000,0
2014-11-21,6.600000,6.600000,6.600000,6.600000,6.600000,42
2014-11-24,6.600000,8.400000,6.600000,8.400000,8.400000,258
2014-11-25,7.680000,7.680000,6.840000,7.560000,7.560000,150
2014-11-26,7.800000,8.280000,7.800000,8.280000,8.280000,1308
2014-11-28,7.920000,7.920000,7.800000,7.800000,7.800000,117
2014-12-01,7.800000,7.800000,7.080000,7.080000,7.080000,1767
2014-12-02,7.080000,7.080000,7.080000,7.080000,7.080000,0
2014-12-03,7.200000,7.200000,7.200000,7.200000,7.200000,33
2014-12-04,7.200000,7.200000,7.200000,7.200000,7.200000,0
2014-12-05,7.200000,7.200000,7.200000,7.200000,7.200000,83
2014-12-08,6.840000,7.560000,6.600000,6.600000,6.600000,2608
2014-12-09,7.200000,7.200000,7.200000,7.200000,7.200000,67
2014-12-10,7.800000,8.400000,7.800000,7.800000,7.800000,883
2014-12-11,8.400000,8.400000,7.800000,7.800000,7.800000,1392
2014-12-12,7.320000,8.040000,7.200000,7.560000,7.560000,1375
2014-12-15,7.560000,7.560000,6.600000,7.200000,7.200000,1325
2014-12-16,7.200000,7.200000,6.600000,7.080000,7.080000,842
2014-12-17,6.600000,7.200000,6.600000,6.600000,6.600000,758
2014-12-18,6.600000,7.200000,6.600000,7.200000,7.200000,1108
2014-12-19,6.480000,6.720000,4.920000,6.600000,6.600000,692
2014-12-22,6.600000,6.600000,6.600000,6.600000,6.600000,0
2014-12-23,7.200000,7.200000,5.520000,5.520000,5.520000,2542
2014-12-24,5.520000,6.360000,5.520000,6.360000,6.360000,17
2014-12-26,6.360000,6.360000,6.360000,6.360000,6.360000,0
2014-12-29,6.240000,6.240000,5.640000,5.640000,5.640000,175
2014-12-30,5.760000,5.760000,5.520000,5.760000,5.760000,367
2014-12-31,5.760000,6.960000,5.640000,6.960000,6.960000,2058
2015-01-02,6.960000,6.960000,6.960000,6.960000,6.960000,0
2015-01-05,6.000000,6.120000,5.400000,6.120000,6.120000,1308
2015-01-06,6.360000,7.200000,6.360000,7.200000,7.200000,625
2015-01-07,7.200000,7.200000,7.200000,7.200000,7.200000,0
2015-01-08,7.560000,7.560000,7.320000,7.320000,7.320000,33
2015-01-09,6.360000,6.720000,6.360000,6.480000,6.480000,217
2015-01-12,5.400000,7.200000,5.400000,6.840000,6.840000,458
2015-01-13,5.040000,6.840000,4.560000,4.560000,4.560000,2242
2015-01-14,6.720000,6.720000,6.720000,6.720000,6.720000,8
2015-01-15,6.720000,6.720000,6.720000,6.720000,6.720000,0
2015-01-16,6.720000,6.720000,5.400000,6.000000,6.000000,1467
2015-01-20,4.800000,5.880000,4.800000,5.400000,5.400000,958
2015-01-21,4.800000,5.880000,4.800000,5.400000,5.400000,567
2015-01-22,5.400000,5.880000,5.400000,5.880000,5.880000,1317
2015-01-23,5.880000,5.880000,5.880000,5.880000,5.880000,17
2015-01-26,5.640000,5.880000,5.160000,5.880000,5.880000,575
2015-01-27,5.880000,6.240000,5.400000,6.240000,6.240000,3283
2015-01-28,6.240000,6.600000,5.400000,5.400000,5.400000,1683
2015-01-29,5.400000,6.600000,5.400000,6.600000,6.600000,2275
2015-01-30,6.600000,7.800000,6.120000,7.680000,7.680000,2225
2015-02-02,9.000000,9.000000,7.560000,7.800000,7.800000,550
2015-02-03,8.040000,8.400000,6.360000,6.360000,6.360000,975
2015-02-04,6.360000,6.360000,6.360000,6.360000,6.360000,250
2015-02-05,6.600000,6.600000,6.600000,6.600000,6.600000,17
2015-02-06,7.680000,7.800000,7.680000,7.800000,7.800000,108
2015-02-09,7.800000,7.800000,7.800000,7.800000,7.800000,50
2015-02-10,7.080000,7.440000,6.000000,7.200000,7.200000,417
2015-02-11,7.200000,7.200000,6.600000,7.080000,7.080000,158
2015-02-12,7.080000,7.080000,7.080000,7.080000,7.080000,633
2015-02-13,7.080000,7.080000,7.080000,7.080000,7.080000,967
2015-02-17,7.200000,7.440000,6.600000,7.440000,7.440000,1267
2015-02-18,7.800000,7.800000,7.800000,7.800000,7.800000,2075
2015-02-19,8.880000,8.880000,7.560000,7.560000,7.560000,17
2015-02-20,8.400000,8.400000,8.280000,8.280000,8.280000,517
2015-02-23,8.280000,8.400000,8.280000,8.280000,8.280000,2750
2015-02-24,8.160000,8.160000,8.160000,8.160000,8.160000,50
2015-02-25,8.160000,8.160000,8.160000,8.160000,8.160000,0
2015-02-26,8.280000,8.280000,8.040000,8.040000,8.040000,217
2015-02-27,7.800000,7.800000,7.200000,7.200000,7.200000,108
2015-03-02,7.320000,7.800000,7.320000,7.680000,7.680000,658
2015-03-03,7.560000,7.560000,6.600000,7.320000,7.320000,267
2015-03-04,7.320000,7.320000,7.320000,7.320000,7.320000,0
2015-03-05,7.320000,7.320000,7.320000,7.320000,7.320000,0
2015-03-06,7.800000,7.920000,7.680000,7.680000,7.680000,758
2015-03-09,7.680000,7.680000,7.680000,7.680000,7.680000,0
2015-03-10,7.800000,8.160000,7.800000,8.160000,8.160000,350
2015-03-11,8.160000,8.760000,7.920000,8.760000,8.760000,542
2015-03-12,8.640000,8.640000,7.920000,8.400000,8.400000,883
2015-03-13,7.680000,7.680000,7.200000,7.680000,7.680000,425
2015-03-16,8.400000,8.400000,7.560000,7.560000,7.560000,567
2015-03-17,7.200000,7.200000,6.360000,7.200000,7.200000,967
2015-03-18,7.200000,7.200000,7.200000,7.200000,7.200000,33
2015-03-19,7.200000,7.200000,7.200000,7.200000,7.200000,133
2015-03-20,6.480000,7.080000,6.480000,6.960000,6.960000,317
2015-03-23,6.480000,6.600000,6.120000,6.600000,6.600000,833
2015-03-24,6.120000,6.120000,6.120000,6.120000,6.120000,108
2015-03-25,6.600000,6.600000,6.120000,6.600000,6.600000,725
2015-03-26,6.840000,6.840000,6.840000,6.840000,6.840000,8
2015-03-27,6.600000,7.200000,6.600000,7.200000,7.200000,1850
2015-03-30,7.200000,7.200000,7.200000,7.200000,7.200000,0
2015-03-31,7.080000,7.080000,7.080000,7.080000,7.080000,42
2015-04-01,7.080000,7.320000,7.080000,7.320000,7.320000,1192
2015-04-02,7.320000,7.440000,7.320000,7.440000,7.440000,325
2015-04-06,7.440000,7.440000,7.440000,7.440000,7.440000,167
2015-04-07,7.560000,7.560000,7.560000,7.560000,7.560000,83
2015-04-08,7.680000,7.800000,6.480000,7.080000,7.080000,4183
2015-04-09,7.800000,7.800000,7.800000,7.800000,7.800000,175
2015-04-10,7.800000,7.800000,7.800000,7.800000,7.800000,0
2015-04-13,7.800000,7.800000,7.800000,7.800000,7.800000,0
2015-04-14,7.800000,7.800000,7.800000,7.800000,7.800000,0
2015-04-15,7.440000,7.560000,7.200000,7.560000,7.560000,100
2015-04-16,6.480000,7.320000,6.480000,7.320000,7.320000,158
2015-04-17,7.560000,7.560000,7.560000,7.560000,7.560000,367
2015-04-20,7.560000,7.560000,7.560000,7.560000,7.560000,0
2015-04-21,7.560000,7.560000,6.480000,7.200000,7.200000,1275
2015-04-22,7.200000,7.440000,7.200000,7.440000,7.440000,692
2015-04-23,7.320000,7.320000,7.320000,7.320000,7.320000,8
2015-04-24,7.320000,7.320000,7.320000,7.320000,7.320000,0
2015-04-27,7.200000,7.200000,7.200000,7.200000,7.200000,592
2015-04-28,7.560000,7.560000,7.560000,7.560000,7.560000,100
2015-04-29,7.320000,7.320000,7.320000,7.320000,7.320000,83
2015-04-30,7.320000,7.320000,7.320000,7.320000,7.320000,0
2015-05-01,7.560000,7.560000,6.240000,6.240000,6.240000,433
2015-05-04,6.240000,6.240000,6.240000,6.240000,6.240000,0
2015-05-05,6.240000,6.240000,6.240000,6.240000,6.240000,0
2015-05-06,6.240000,6.240000,6.240000,6.240000,6.240000,0
2015-05-07,6.240000,6.240000,6.240000,6.240000,6.240000,0
2015-05-08,6.360000,6.360000,4.920000,6.120000,6.120000,1425
2015-05-11,6.360000,7.440000,6.360000,6.600000,6.600000,1433
2015-05-12,7.320000,7.320000,6.120000,7.080000,7.080000,342
2015-05-13,7.080000,7.080000,7.080000,7.080000,7.080000,33
2015-05-14,4.920000,7.080000,4.920000,7.080000,7.080000,158
2015-05-15,6.600000,7.080000,6.000000,7.080000,7.080000,542
2015-05-18,4.920000,6.720000,4.920000,6.720000,6.720000,450
2015-05-19,5.640000,6.720000,5.640000,6.720000,6.720000,100
2015-05-20,5.640000,6.720000,5.640000,6.720000,6.720000,225
2015-05-21,6.120000,6.720000,6.120000,6.720000,6.720000,700
2015-05-22,6.720000,6.720000,6.720000,6.720000,6.720000,0
2015-05-26,6.480000,6.480000,5.640000,6.120000,6.120000,450
2015-05-27,6.120000,6.120000,6.120000,6.120000,6.120000,50
2015-05-28,6.120000,6.120000,6.120000,6.120000,6.120000,600
2015-05-29,6.000000,6.000000,6.000000,6.000000,6.000000,167
2015-06-01,6.000000,6.600000,6.000000,6.360000,6.360000,1600
2015-06-02,6.360000,6.360000,6.360000,6.360000,6.360000,0
2015-06-03,6.600000,6.600000,5.640000,6.480000,6.480000,133
2015-06-04,6.120000,6.120000,6.000000,6.000000,6.000000,258
2015-06-05,6.000000,6.480000,5.760000,6.480000,6.480000,392
2015-06-08,6.000000,6.480000,6.000000,6.480000,6.480000,300
2015-06-09,6.480000,6.480000,5.760000,6.480000,6.480000,217
2015-06-10,6.360000,6.480000,6.360000,6.480000,6.480000,42
2015-06-11,6.480000,6.480000,6.480000,6.480000,6.480000,0
2015-06-12,6.000000,6.360000,5.760000,6.240000,6.240000,1008
2015-06-15,5.880000,6.000000,5.760000,6.000000,6.000000,733
2015-06-16,6.000000,6.000000,6.000000,6.000000,6.000000,0
2015-06-17,6.480000,6.600000,6.480000,6.600000,6.600000,33
2015-06-18,5.760000,6.480000,5.760000,6.360000,6.360000,225
2015-06-19,5.760000,5.760000,5.520000,5.640000,5.640000,1417
2015-06-22,5.640000,5.640000,5.640000,5.640000,5.640000,608
2015-06-23,5.160000,6.240000,5.160000,6.240000,6.240000,92
2015-06-24,6.240000,6.240000,6.240000,6.240000,6.240000,125
2015-06-25,5.760000,6.240000,5.760000,5.760000,5.760000,1400
2015-06-26,5.640000,5.640000,5.640000,5.640000,5.640000,1083
2015-06-29,6.120000,6.120000,6.120000,6.120000,6.120000,17
2015-06-30,6.000000,6.000000,5.400000,6.000000,6.000000,725
2015-07-01,5.640000,6.000000,5.640000,6.000000,6.000000,1942
2015-07-02,5.640000,6.000000,5.160000,6.000000,6.000000,1542
2015-07-06,5.400000,6.000000,5.280000,6.000000,6.000000,1100
2015-07-07,5.400000,5.400000,5.280000,5.280000,5.280000,1483
2015-07-08,5.280000,5.280000,5.280000,5.280000,5.280000,0
2015-07-09,5.880000,5.880000,4.920000,5.160000,5.160000,800
2015-07-10,5.160000,6.000000,4.680000,6.000000,6.000000,317
2015-07-13,5.400000,5.400000,5.400000,5.400000,5.400000,150
2015-07-14,5.400000,5.400000,5.400000,5.400000,5.400000,0
2015-07-15,5.280000,5.400000,4.680000,5.280000,5.280000,1342
2015-07-16,5.280000,5.280000,5.160000,5.160000,5.160000,125
2015-07-17,5.160000,5.160000,5.160000,5.160000,5.160000,0
2015-07-20,5.280000,5.280000,5.280000,5.280000,5.280000,33
2015-07-21,4.440000,4.440000,4.440000,4.440000,4.440000,25
2015-07-22,5.280000,5.280000,3.720000,5.280000,5.280000,558
2015-07-23,5.160000,5.160000,5.160000,5.160000,5.160000,17
2015-07-24,5.160000,5.160000,5.160000,5.160000,5.160000,0
2015-07-27,5.160000,5.160000,4.440000,5.160000,5.160000,83
2015-07-28,4.800000,4.800000,3.960000,3.960000,3.960000,2342
2015-07-29,3.960000,4.680000,3.720000,4.200000,4.200000,2583
2015-07-30,4.560000,4.800000,4.200000,4.320000,4.320000,36317
2015-07-31,3.720000,4.320000,3.720000,4.200000,4.200000,1158
2015-08-03,3.600000,4.200000,3.600000,3.960000,3.960000,7667
2015-08-04,4.200000,4.200000,4.200000,4.200000,4.200000,4500
2015-08-05,4.800000,4.800000,4.560000,4.800000,4.800000,458
2015-08-06,6.000000,6.000000,4.800000,5.880000,5.880000,1367
2015-08-07,5.880000,5.880000,5.880000,5.880000,5.880000,83
2015-08-10,5.880000,6.000000,5.880000,6.000000,6.000000,350
2015-08-11,5.040000,5.760000,5.040000,5.760000,5.760000,283
2015-08-12,5.760000,5.760000,5.760000,5.760000,5.760000,133
2015-08-13,5.760000,5.760000,5.760000,5.760000,5.760000,0
2015-08-14,5.760000,5.760000,5.760000,5.760000,5.760000,0
2015-08-17,5.640000,5.880000,5.640000,5.880000,5.880000,25
2015-08-18,5.880000,5.880000,5.880000,5.880000,5.880000,0
2015-08-19,5.880000,5.880000,5.880000,5.880000,5.880000,0
2015-08-20,5.880000,5.880000,5.880000,5.880000,5.880000,0
2015-08-21,5.880000,5.880000,5.880000,5.880000,5.880000,0
2015-08-24,5.640000,5.640000,4.800000,5.040000,5.040000,2333
2015-08-25,5.040000,5.040000,5.040000,5.040000,5.040000,0
2015-08-26,5.040000,5.040000,5.040000,5.040000,5.040000,0
2015-08-27,5.040000,5.040000,5.040000,5.040000,5.040000,0
2015-08-28,5.040000,5.040000,5.040000,5.040000,5.040000,117
2015-08-31,4.800000,4.800000,4.800000,4.800000,4.800000,583
2015-09-01,4.320000,4.920000,4.320000,4.320000,4.320000,2125
2015-09-02,4.440000,4.440000,3.600000,4.440000,4.440000,1400
2015-09-03,4.440000,4.680000,3.600000,3.840000,3.840000,12858
2015-09-04,3.840000,6.120000,3.840000,5.400000,5.400000,10250
2015-09-08,4.800000,5.400000,4.800000,5.400000,5.400000,1250
2015-09-09,5.640000,5.640000,5.280000,5.640000,5.640000,3733
2015-09-10,5.640000,5.640000,5.400000,5.520000,5.520000,983
2015-09-11,5.400000,5.520000,5.400000,5.520000,5.520000,608
2015-09-14,5.520000,5.520000,5.520000,5.520000,5.520000,0
2015-09-15,5.400000,5.400000,4.800000,5.400000,5.400000,1750
2015-09-16,5.520000,5.760000,5.520000,5.760000,5.760000,492
2015-09-17,5.760000,5.760000,5.760000,5.760000,5.760000,175
2015-09-18,5.520000,5.880000,4.800000,5.400000,5.400000,2800
2015-09-21,5.400000,5.400000,5.400000,5.400000,5.400000,0
2015-09-22,4.320000,5.040000,4.320000,5.040000,5.040000,342
2015-09-23,4.560000,4.800000,4.560000,4.560000,4.560000,1300
2015-09-24,4.560000,4.560000,4.560000,4.560000,4.560000,475
2015-09-25,4.440000,4.440000,4.320000,4.320000,4.320000,2308
2015-09-28,4.200000,4.200000,4.200000,4.200000,4.200000,2400
2015-09-29,4.200000,4.560000,4.200000,4.560000,4.560000,667
2015-09-30,4.200000,4.800000,3.960000,4.080000,4.080000,2592
2015-10-01,4.320000,4.440000,4.320000,4.440000,4.440000,217
2015-10-02,5.040000,5.040000,4.320000,4.320000,4.320000,500
2015-10-05,4.320000,4.320000,4.320000,4.320000,4.320000,0
2015-10-06,4.800000,4.800000,4.800000,4.800000,4.800000,158
2015-10-07,4.320000,4.320000,4.320000,4.320000,4.320000,833
2015-10-08,4.680000,4.800000,4.680000,4.800000,4.800000,2975
2015-10-09,4.800000,4.800000,4.800000,4.800000,4.800000,0
2015-10-12,4.800000,5.640000,3.960000,4.560000,4.560000,4375
2015-10-13,5.160000,5.160000,5.160000,5.160000,5.160000,167
2015-10-14,5.160000,5.160000,5.160000,5.160000,5.160000,0
2015-10-15,5.160000,5.160000,5.160000,5.160000,5.160000,0
2015-10-16,4.560000,5.160000,4.560000,5.040000,5.040000,558
2015-10-19,4.680000,4.800000,4.680000,4.800000,4.800000,858
2015-10-20,4.800000,5.040000,4.800000,5.040000,5.040000,625
2015-10-21,4.920000,4.920000,4.920000,4.920000,4.920000,100
2015-10-22,4.920000,5.040000,4.920000,4.920000,4.920000,583
2015-10-23,4.920000,4.920000,4.560000,4.560000,4.560000,750
2015-10-26,5.160000,5.160000,4.920000,4.920000,4.920000,375
2015-10-27,4.800000,4.800000,4.800000,4.800000,4.800000,667
2015-10-28,4.800000,4.800000,4.800000,4.800000,4.800000,0
2015-10-29,4.800000,4.800000,4.800000,4.800000,4.800000,0
2015-10-30,4.800000,4.800000,4.800000,4.800000,4.800000,0
2015-11-02,5.160000,5.160000,5.160000,5.160000,5.160000,67
2015-11-03,5.160000,5.160000,5.160000,5.160000,5.160000,525
2015-11-04,4.800000,4.800000,4.800000,4.800000,4.800000,67
2015-11-05,5.160000,5.160000,5.160000,5.160000,5.160000,167
2015-11-06,5.160000,5.160000,5.160000,5.160000,5.160000,0
2015-11-09,4.800000,4.800000,3.720000,3.720000,3.720000,3283
2015-11-10,4.200000,4.200000,3.720000,3.720000,3.720000,450
2015-11-11,3.720000,3.720000,3.720000,3.720000,3.720000,0
2015-11-12,3.720000,3.960000,3.600000,3.600000,3.600000,2258
2015-11-13,3.600000,3.600000,3.600000,3.600000,3.600000,0
2015-11-16,3.840000,4.200000,3.360000,4.080000,4.080000,2158
2015-11-17,4.080000,4.080000,4.080000,4.080000,4.080000,275
2015-11-18,4.080000,4.080000,4.080000,4.080000,4.080000,333
2015-11-19,4.080000,4.080000,4.080000,4.080000,4.080000,17
2015-11-20,4.080000,4.080000,4.080000,4.080000,4.080000,0
2015-11-23,4.680000,4.680000,4.680000,4.680000,4.680000,17
2015-11-24,4.680000,4.680000,4.680000,4.680000,4.680000,0
2015-11-25,4.680000,4.680000,4.680000,4.680000,4.680000,0
2015-11-27,4.680000,4.680000,4.680000,4.680000,4.680000,25
2015-11-30,4.080000,4.080000,3.600000,3.960000,3.960000,1083
2015-12-01,4.320000,4.320000,4.320000,4.320000,4.320000,83
2015-12-02,4.320000,4.320000,4.200000,4.200000,4.200000,175
2015-12-03,3.960000,3.960000,3.960000,3.960000,3.960000,8
2015-12-04,3.960000,3.960000,3.960000,3.960000,3.960000,0
2015-12-07,3.960000,4.200000,3.600000,3.600000,3.600000,1417
2015-12-08,3.600000,3.600000,3.600000,3.600000,3.600000,267
2015-12-09,3.120000,3.600000,3.120000,3.600000,3.600000,925
2015-12-10,3.240000,3.240000,3.240000,3.240000,3.240000,417
2015-12-11,3.240000,4.680000,3.240000,4.680000,4.680000,4492
2015-12-14,4.680000,4.680000,4.680000,4.680000,4.680000,333
2015-12-15,4.560000,4.560000,3.600000,3.600000,3.600000,325
2015-12-16,3.720000,4.560000,3.720000,4.560000,4.560000,750
2015-12-17,4.560000,4.560000,4.560000,4.560000,4.560000,500
2015-12-18,3.600000,4.080000,3.600000,4.080000,4.080000,500
2015-12-21,4.080000,4.080000,4.080000,4.080000,4.080000,0
2015-12-22,4.080000,4.080000,4.080000,4.080000,4.080000,0
2015-12-23,4.200000,4.200000,3.600000,4.200000,4.200000,858
2015-12-24,4.560000,4.680000,4.200000,4.680000,4.680000,1675
2015-12-28,4.560000,4.920000,3.960000,3.960000,3.960000,1433
2015-12-29,3.840000,3.840000,3.840000,3.840000,3.840000,167
2015-12-30,3.840000,3.840000,3.840000,3.840000,3.840000,0
2015-12-31,3.840000,3.840000,3.600000,3.840000,3.840000,650
2016-01-04,4.080000,4.080000,3.840000,3.840000,3.840000,492
2016-01-05,4.560000,4.560000,4.320000,4.320000,4.320000,383
2016-01-06,4.320000,4.320000,4.200000,4.200000,4.200000,258
2016-01-07,3.960000,3.960000,3.600000,3.600000,3.600000,2042
2016-01-08,3.720000,3.720000,3.720000,3.720000,3.720000,108
2016-01-11,3.840000,3.840000,3.840000,3.840000,3.840000,717
2016-01-12,3.840000,4.200000,3.600000,3.720000,3.720000,4192
2016-01-13,3.720000,4.560000,3.720000,4.560000,4.560000,1825
2016-01-14,4.560000,4.560000,3.360000,4.200000,4.200000,3850
2016-01-15,3.960000,3.960000,3.960000,3.960000,3.960000,8
2016-01-19,4.680000,4.680000,4.680000,4.680000,4.680000,25
2016-01-20,4.200000,4.200000,4.080000,4.200000,4.200000,692
2016-01-21,3.960000,3.960000,3.960000,3.960000,3.960000,75
2016-01-22,3.960000,3.960000,3.600000,3.960000,3.960000,1208
2016-01-25,3.960000,3.960000,3.960000,3.960000,3.960000,0
2016-01-26,3.840000,3.840000,3.840000,3.840000,3.840000,533
2016-01-27,3.840000,3.840000,3.840000,3.840000,3.840000,0
2016-01-28,3.960000,3.960000,3.960000,3.960000,3.960000,208
2016-01-29,4.320000,4.320000,3.960000,3.960000,3.960000,342
2016-02-01,3.960000,3.960000,3.960000,3.960000,3.960000,0
2016-02-02,4.080000,4.080000,4.080000,4.080000,4.080000,342
2016-02-03,4.200000,4.200000,4.200000,4.200000,4.200000,408
2016-02-04,4.080000,4.080000,4.080000,4.080000,4.080000,167
2016-02-05,4.080000,4.080000,4.080000,4.080000,4.080000,0
2016-02-08,4.200000,4.200000,4.200000,4.200000,4.200000,75
2016-02-09,3.960000,3.960000,3.840000,3.840000,3.840000,3917
2016-02-10,3.840000,3.840000,3.840000,3.840000,3.840000,0
2016-02-11,3.840000,3.840000,3.840000,3.840000,3.840000,0
2016-02-12,3.840000,3.840000,3.840000,3.840000,3.840000,0
2016-02-16,3.840000,3.840000,3.840000,3.840000,3.840000,0
2016-02-17,3.960000,3.960000,3.840000,3.840000,3.840000,208
2016-02-18,4.200000,4.200000,3.960000,4.200000,4.200000,342
2016-02-19,4.200000,4.200000,4.200000,4.200000,4.200000,0
2016-02-22,3.840000,3.840000,3.840000,3.840000,3.840000,458
2016-02-23,3.960000,3.960000,3.960000,3.960000,3.960000,292
2016-02-24,3.960000,3.960000,3.960000,3.960000,3.960000,0
2016-02-25,3.960000,3.960000,3.960000,3.960000,3.960000,42
2016-02-26,3.960000,3.960000,3.960000,3.960000,3.960000,0
2016-02-29,3.960000,3.960000,3.960000,3.960000,3.960000,0
2016-03-01,3.960000,3.960000,3.600000,3.600000,3.600000,5058
2016-03-02,3.600000,3.600000,3.600000,3.600000,3.600000,0
2016-03-03,3.600000,3.720000,3.600000,3.720000,3.720000,2900
2016-03-04,3.480000,4.680000,3.480000,3.720000,3.720000,317
2016-03-07,3.960000,3.960000,3.480000,3.480000,3.480000,100
2016-03-08,3.480000,3.480000,3.480000,3.480000,3.480000,0
2016-03-09,3.480000,3.480000,3.480000,3.480000,3.480000,0
2016-03-10,3.480000,3.480000,3.480000,3.480000,3.480000,0
2016-03-11,3.480000,3.480000,3.480000,3.480000,3.480000,0
2016-03-14,3.480000,3.480000,2.880000,3.000000,3.000000,617
2016-03-15,3.480000,3.480000,3.480000,3.480000,3.480000,100
2016-03-16,3.480000,3.480000,3.480000,3.480000,3.480000,0
2016-03-17,3.000000,3.240000,3.000000,3.240000,3.240000,342
2016-03-18,3.240000,3.240000,3.240000,3.240000,3.240000,0
2016-03-21,3.240000,3.240000,3.240000,3.240000,3.240000,0
2016-03-22,3.240000,3.240000,3.240000,3.240000,3.240000,0
2016-03-23,3.240000,3.240000,3.240000,3.240000,3.240000,0
2016-03-24,3.000000,3.000000,3.000000,3.000000,3.000000,83
2016-03-28,3.000000,3.000000,3.000000,3.000000,3.000000,17
2016-03-29,3.000000,3.000000,3.000000,3.000000,3.000000,67
2016-03-30,3.000000,3.000000,3.000000,3.000000,3.000000,0
2016-03-31,3.480000,3.480000,3.480000,3.480000,3.480000,75
2016-04-01,3.480000,3.600000,3.480000,3.600000,3.600000,758
2016-04-04,3.600000,3.600000,3.600000,3.600000,3.600000,0
2016-04-05,3.960000,3.960000,3.600000,3.960000,3.960000,658
2016-04-06,3.960000,3.960000,3.960000,3.960000,3.960000,417
2016-04-07,4.200000,4.200000,3.000000,3.000000,3.000000,358
2016-04-08,4.200000,4.200000,4.200000,4.200000,4.200000,167
2016-04-11,4.200000,4.560000,3.960000,4.560000,4.560000,3742
2016-04-12,3.600000,3.600000,3.600000,3.600000,3.600000,42
2016-04-13,3.720000,3.720000,3.600000,3.600000,3.600000,167
2016-04-14,3.600000,3.600000,3.600000,3.600000,3.600000,0
2016-04-15,3.600000,3.600000,3.600000,3.600000,3.600000,0
2016-04-18,3.600000,3.600000,3.600000,3.600000,3.600000,0
2016-04-19,3.600000,3.600000,3.600000,3.600000,3.600000,0
2016-04-20,3.600000,3.960000,3.600000,3.960000,3.960000,158
2016-04-21,3.960000,3.960000,3.960000,3.960000,3.960000,0
2016-04-22,3.720000,3.720000,3.480000,3.600000,3.600000,1750
2016-04-25,3.480000,3.480000,3.000000,3.360000,3.360000,833
2016-04-26,3.360000,3.360000,3.360000,3.360000,3.360000,0
2016-04-27,3.360000,3.360000,3.360000,3.360000,3.360000,1250
2016-04-28,3.360000,3.360000,3.360000,3.360000,3.360000,0
2016-04-29,3.360000,3.360000,3.360000,3.360000,3.360000,0
2016-05-02,3.600000,4.320000,3.360000,4.320000,4.320000,875
2016-05-03,4.320000,4.320000,4.320000,4.320000,4.320000,0
2016-05-04,4.320000,4.320000,3.840000,3.840000,3.840000,1417
2016-05-05,3.600000,4.320000,3.600000,4.320000,4.320000,433
2016-05-06,4.320000,4.320000,4.320000,4.320000,4.320000,0
2016-05-09,3.480000,4.680000,3.480000,4.680000,4.680000,167
2016-05-10,4.680000,4.680000,4.680000,4.680000,4.680000,0
2016-05-11,4.680000,4.680000,4.680000,4.680000,4.680000,0
2016-05-12,3.720000,4.320000,3.720000,4.320000,4.320000,1217
2016-05-13,4.200000,4.320000,3.960000,3.960000,3.960000,1875
2016-05-16,4.200000,4.200000,4.080000,4.080000,4.080000,2783
2016-05-17,3.840000,4.320000,3.720000,4.320000,4.320000,192
2016-05-18,4.320000,4.320000,4.320000,4.320000,4.320000,1292
2016-05-19,4.320000,4.320000,4.320000,4.320000,4.320000,0
2016-05-20,4.320000,4.320000,4.320000,4.320000,4.320000,0
2016-05-23,4.200000,4.800000,4.200000,4.800000,4.800000,33
2016-05-24,4.800000,4.800000,4.440000,4.440000,4.440000,1358
2016-05-25,4.320000,4.560000,4.320000,4.560000,4.560000,692
2016-05-26,4.560000,4.560000,4.560000,4.560000,4.560000,0
2016-05-27,4.320000,4.560000,4.320000,4.560000,4.560000,600
2016-05-31,4.560000,4.560000,4.200000,4.200000,4.200000,1708
2016-06-01,4.320000,4.560000,4.320000,4.560000,4.560000,1725
2016-06-02,4.560000,5.400000,4.560000,5.400000,5.400000,1292
2016-06-03,3.960000,5.400000,3.960000,5.400000,5.400000,108
2016-06-06,5.400000,5.400000,5.400000,5.400000,5.400000,0
2016-06-07,3.960000,5.280000,3.960000,5.280000,5.280000,83
2016-06-08,5.280000,5.280000,5.280000,5.280000,5.280000,0
2016-06-09,5.280000,5.280000,5.280000,5.280000,5.280000,0
2016-06-10,4.800000,4.800000,3.360000,3.360000,3.360000,908
2016-06-13,3.720000,5.280000,3.360000,4.800000,4.800000,483
2016-06-14,4.800000,4.800000,3.840000,4.800000,4.800000,75
2016-06-15,3.840000,4.560000,3.840000,4.560000,4.560000,50
2016-06-16,4.560000,4.560000,4.560000,4.560000,4.560000,17
2016-06-17,4.800000,4.800000,3.840000,4.200000,4.200000,1867
2016-06-20,4.200000,4.200000,4.200000,4.200000,4.200000,208
2016-06-21,4.200000,4.200000,4.200000,4.200000,4.200000,0
2016-06-22,3.840000,4.200000,3.840000,4.200000,4.200000,142
2016-06-23,4.200000,4.560000,4.200000,4.560000,4.560000,7950
2016-06-24,4.560000,4.680000,4.560000,4.560000,4.560000,1933
2016-06-27,4.680000,4.680000,4.560000,4.680000,4.680000,3558
2016-06-28,4.560000,4.680000,4.560000,4.680000,4.680000,5383
2016-06-29,4.560000,5.400000,4.560000,5.400000,5.400000,1233
2016-06-30,3.960000,5.400000,3.960000,5.400000,5.400000,100
2016-07-01,5.400000,5.400000,5.400000,5.400000,5.400000,0
2016-07-05,3.840000,5.400000,3.840000,5.400000,5.400000,33
2016-07-06,5.400000,5.400000,4.200000,5.400000,5.400000,83
2016-07-07,5.280000,5.400000,5.280000,5.400000,5.400000,167
2016-07-08,5.400000,5.400000,5.400000,5.400000,5.400000,0
2016-07-11,5.400000,5.400000,5.400000,5.400000,5.400000,0
2016-07-12,4.200000,5.400000,4.200000,5.400000,5.400000,333
2016-07-13,5.400000,5.400000,5.400000,5.400000,5.400000,0
2016-07-14,4.200000,5.400000,4.200000,5.400000,5.400000,475
2016-07-15,5.400000,5.400000,5.400000,5.400000,5.400000,25
2016-07-18,6.240000,6.240000,6.240000,6.240000,6.240000,17
2016-07-19,6.240000,6.240000,6.240000,6.240000,6.240000,0
2016-07-20,6.240000,6.240000,6.240000,6.240000,6.240000,0
2016-07-21,6.240000,6.240000,6.240000,6.240000,6.240000,0
2016-07-22,4.440000,4.440000,4.320000,4.320000,4.320000,533
2016-07-25,4.440000,5.160000,4.440000,5.160000,5.160000,733
2016-07-26,3.960000,5.160000,3.960000,5.160000,5.160000,92
2016-07-27,5.160000,5.160000,5.160000,5.160000,5.160000,0
2016-07-28,4.680000,5.160000,4.680000,5.160000,5.160000,358
2016-07-29,3.960000,5.160000,3.960000,5.160000,5.160000,267
2016-08-01,3.960000,5.160000,3.960000,5.160000,5.160000,2583
2016-08-02,5.160000,5.160000,5.160000,5.160000,5.160000,0
2016-08-03,5.160000,5.160000,5.160000,5.160000,5.160000,0
2016-08-04,5.160000,5.160000,5.160000,5.160000,5.160000,0
2016-08-05,5.160000,5.160000,5.160000,5.160000,5.160000,0
2016-08-08,5.160000,5.160000,5.160000,5.160000,5.160000,0
2016-08-09,5.160000,5.160000,5.160000,5.160000,5.160000,0
2016-08-10,5.160000,5.160000,5.160000,5.160000,5.160000,0
2016-08-11,3.960000,5.160000,3.960000,5.160000,5.160000,67
2016-08-12,4.080000,5.040000,4.080000,5.040000,5.040000,100
2016-08-15,4.080000,4.560000,4.080000,4.560000,4.560000,450
2016-08-16,4.560000,4.560000,4.560000,4.560000,4.560000,42
2016-08-17,4.560000,4.560000,4.560000,4.560000,4.560000,0
2016-08-18,4.560000,4.560000,4.560000,4.560000,4.560000,0
2016-08-19,4.560000,4.560000,4.560000,4.560000,4.560000,0
2016-08-22,4.080000,4.560000,4.080000,4.560000,4.560000,2567
2016-08-23,4.560000,4.560000,4.560000,4.560000,4.560000,0
2016-08-24,4.560000,4.560000,4.560000,4.560000,4.560000,0
2016-08-25,4.080000,4.560000,4.080000,4.560000,4.560000,1833
2016-08-26,4.560000,4.560000,4.560000,4.560000,4.560000,0
2016-08-29,4.080000,4.560000,4.080000,4.560000,4.560000,267
2016-08-30,5.160000,5.160000,5.160000,5.160000,5.160000,17
2016-08-31,3.840000,5.160000,3.840000,5.160000,5.160000,167
2016-09-01,5.160000,5.160000,5.160000,5.160000,5.160000,0
2016-09-02,5.160000,5.160000,5.160000,5.160000,5.160000,0
2016-09-06,5.160000,5.160000,5.160000,5.160000,5.160000,0
2016-09-07,5.160000,5.160000,5.160000,5.160000,5.160000,0
2016-09-08,5.160000,5.160000,5.160000,5.160000,5.160000,0
2016-09-09,5.160000,5.160000,5.160000,5.160000,5.160000,0
2016-09-12,3.840000,5.160000,3.840000,3.840000,3.840000,125
2016-09-13,5.160000,5.160000,3.960000,5.040000,5.040000,3133
2016-09-14,4.440000,4.920000,4.440000,4.920000,4.920000,58
2016-09-15,4.440000,4.440000,4.440000,4.440000,4.440000,1617
2016-09-16,4.320000,5.040000,4.320000,5.040000,5.040000,875
2016-09-19,5.040000,5.040000,5.040000,5.040000,5.040000,0
2016-09-20,4.560000,4.560000,4.560000,4.560000,4.560000,242
2016-09-21,5.040000,5.040000,5.040000,5.040000,5.040000,25
2016-09-22,4.560000,5.040000,4.560000,5.040000,5.040000,183
2016-09-23,4.560000,5.040000,4.080000,5.040000,5.040000,1200
2016-09-26,4.800000,5.040000,4.200000,5.040000,5.040000,200
2016-09-27,5.040000,5.040000,5.040000,5.040000,5.040000,0
2016-09-28,4.920000,4.920000,4.920000,4.920000,4.920000,92
2016-09-29,4.200000,4.920000,4.080000,4.920000,4.920000,167
2016-09-30,4.920000,4.920000,4.920000,4.920000,4.920000,0
2016-10-03,4.920000,4.920000,4.920000,4.920000,4.920000,0
2016-10-04,4.920000,4.920000,4.920000,4.920000,4.920000,0
2016-10-05,4.920000,4.920000,4.920000,4.920000,4.920000,0
2016-10-06,4.320000,4.920000,4.320000,4.920000,4.920000,225
2016-10-07,4.920000,4.920000,4.200000,4.200000,4.200000,150
2016-10-10,4.920000,4.920000,4.920000,4.920000,4.920000,17
2016-10-11,4.920000,4.920000,4.920000,4.920000,4.920000,0
2016-10-12,4.920000,4.920000,4.920000,4.920000,4.920000,0
2016-10-13,4.200000,4.920000,4.080000,4.920000,4.920000,1350
2016-10-14,4.920000,4.920000,4.920000,4.920000,4.920000,0
2016-10-17,4.080000,4.920000,4.080000,4.920000,4.920000,342
2016-10-18,4.080000,4.920000,4.080000,4.920000,4.920000,3358
2016-10-19,4.920000,4.920000,4.920000,4.920000,4.920000,0
2016-10-20,4.080000,4.800000,4.080000,4.800000,4.800000,2283
2016-10-21,3.600000,4.200000,3.600000,4.200000,4.200000,67
2016-10-24,4.560000,4.560000,4.560000,4.560000,4.560000,17
2016-10-25,4.560000,4.560000,4.560000,4.560000,4.560000,0
2016-10-26,3.960000,4.560000,3.960000,4.560000,4.560000,692
2016-10-27,4.560000,4.560000,4.560000,4.560000,4.560000,0
2016-10-28,4.560000,4.560000,4.560000,4.560000,4.560000,0
2016-10-31,4.560000,4.560000,4.560000,4.560000,4.560000,25
2016-11-01,3.960000,4.560000,3.840000,4.560000,4.560000,183
2016-11-02,3.720000,4.560000,3.360000,4.560000,4.560000,5192
2016-11-03,4.560000,4.560000,4.560000,4.560000,4.560000,0
2016-11-04,3.600000,3.600000,3.600000,3.600000,3.600000,517
2016-11-07,3.960000,4.440000,3.720000,4.440000,4.440000,1958
2016-11-08,4.080000,4.080000,4.080000,4.080000,4.080000,1517
2016-11-09,4.080000,4.320000,4.080000,4.320000,4.320000,2833
2016-11-10,4.080000,4.800000,4.080000,4.800000,4.800000,858
2016-11-11,4.800000,4.800000,4.800000,4.800000,4.800000,75
2016-11-14,4.080000,4.800000,4.080000,4.800000,4.800000,875
2016-11-15,4.080000,4.800000,4.080000,4.800000,4.800000,150
2016-11-16,4.800000,4.800000,4.800000,4.800000,4.800000,0
2016-11-17,4.680000,4.800000,4.680000,4.800000,4.800000,342
2016-11-18,4.080000,4.080000,4.080000,4.080000,4.080000,8
2016-11-21,4.080000,4.800000,4.080000,4.800000,4.800000,25
2016-11-22,4.800000,4.800000,4.800000,4.800000,4.800000,0
2016-11-23,4.200000,4.800000,4.080000,4.800000,4.800000,7367
2016-11-25,4.320000,4.320000,4.080000,4.080000,4.080000,167
2016-11-28,4.080000,4.680000,4.080000,4.680000,4.680000,67
2016-11-29,4.560000,4.560000,4.560000,4.560000,4.560000,208
2016-11-30,4.680000,4.680000,4.680000,4.680000,4.680000,8
2016-12-01,4.680000,4.680000,4.680000,4.680000,4.680000,0
2016-12-02,4.680000,4.680000,4.680000,4.680000,4.680000,0
2016-12-05,4.680000,4.680000,4.680000,4.680000,4.680000,0
2016-12-06,4.680000,4.680000,4.680000,4.680000,4.680000,0
2016-12-07,4.680000,4.680000,4.680000,4.680000,4.680000,0
2016-12-08,4.320000,4.680000,4.320000,4.680000,4.680000,50
2016-12-09,4.680000,4.680000,4.680000,4.680000,4.680000,0
2016-12-12,4.320000,4.680000,4.080000,4.680000,4.680000,1092
2016-12-13,4.680000,4.680000,4.680000,4.680000,4.680000,0
2016-12-14,4.680000,4.680000,4.680000,4.680000,4.680000,0
2016-12-15,4.680000,4.680000,4.680000,4.680000,4.680000,0
2016-12-16,4.680000,4.680000,4.680000,4.680000,4.680000,0
2016-12-19,4.680000,4.680000,4.200000,4.680000,4.680000,242
2016-12-20,4.680000,4.680000,4.680000,4.680000,4.680000,0
2016-12-21,4.680000,4.680000,4.680000,4.680000,4.680000,0
2016-12-22,4.680000,4.680000,4.680000,4.680000,4.680000,0
2016-12-23,4.680000,4.680000,4.680000,4.680000,4.680000,0
2016-12-27,4.200000,4.560000,4.200000,4.560000,4.560000,475
2016-12-28,4.560000,4.560000,4.560000,4.560000,4.560000,0
2016-12-29,4.560000,4.560000,4.560000,4.560000,4.560000,0
2016-12-30,4.080000,4.080000,3.720000,3.720000,3.720000,833
2017-01-03,3.720000,3.840000,3.720000,3.840000,3.840000,367
2017-01-04,3.600000,4.440000,3.600000,4.440000,4.440000,167
2017-01-05,4.440000,4.440000,4.440000,4.440000,4.440000,0
2017-01-06,4.440000,4.440000,4.440000,4.440000,4.440000,0
2017-01-09,3.840000,4.440000,3.840000,4.440000,4.440000,567
2017-01-10,4.440000,4.440000,4.440000,4.440000,4.440000,0
2017-01-11,4.440000,4.440000,4.440000,4.440000,4.440000,0
2017-01-12,4.440000,4.440000,4.440000,4.440000,4.440000,0
2017-01-13,4.440000,4.440000,4.440000,4.440000,4.440000,0
2017-01-17,3.840000,4.440000,3.840000,4.440000,4.440000,433
2017-01-18,4.440000,4.440000,4.440000,4.440000,4.440000,0
2017-01-19,3.960000,4.560000,3.960000,4.560000,4.560000,150
2017-01-20,4.560000,4.560000,4.560000,4.560000,4.560000,0
2017-01-23,4.080000,4.560000,4.080000,4.560000,4.560000,67
2017-01-24,4.080000,4.560000,4.080000,4.560000,4.560000,58
2017-01-25,4.560000,4.560000,4.560000,4.560000,4.560000,0
2017-01-26,4.560000,5.400000,4.440000,5.400000,5.400000,3775
2017-01-27,5.160000,6.120000,5.160000,6.000000,6.000000,650
2017-01-30,6.000000,6.000000,6.000000,6.000000,6.000000,0
2017-01-31,5.640000,5.640000,3.360000,4.920000,4.920000,1883
2017-02-01,4.320000,5.760000,4.320000,5.760000,5.760000,1950
2017-02-02,6.000000,6.960000,3.840000,6.600000,6.600000,2475
2017-02-03,6.360000,6.600000,6.240000,6.600000,6.600000,4208
2017-02-06,6.960000,7.080000,6.960000,7.080000,7.080000,1108
2017-02-07,7.080000,8.040000,7.080000,8.040000,8.040000,3517
2017-02-08,8.760000,8.760000,6.360000,8.640000,8.640000,692
2017-02-09,7.920000,7.920000,6.480000,7.200000,7.200000,4083
2017-02-10,8.640000,8.640000,8.160000,8.160000,8.160000,350
2017-02-13,8.280000,8.400000,7.200000,8.400000,8.400000,1467
2017-02-14,8.160000,8.400000,7.320000,8.400000,8.400000,333
2017-02-15,7.200000,8.400000,7.200000,8.400000,8.400000,50
2017-02-16,7.920000,9.000000,7.920000,8.400000,8.400000,20617
2017-02-17,8.400000,9.600000,8.400000,9.600000,9.600000,3133
2017-02-21,9.720000,10.680000,8.520000,9.600000,9.600000,3008
2017-02-22,9.480000,10.200000,9.480000,10.080000,10.080000,3358
2017-02-23,9.600000,10.080000,9.600000,9.960000,9.960000,300
2017-02-24,9.600000,9.840000,9.000000,9.600000,9.600000,542
2017-02-27,8.520000,9.600000,8.160000,9.600000,9.600000,2883
2017-02-28,8.760000,9.600000,8.760000,9.600000,9.600000,375
2017-03-01,9.240000,9.600000,9.240000,9.600000,9.600000,33
2017-03-02,9.360000,9.600000,8.640000,8.760000,8.760000,550
2017-03-03,9.360000,9.360000,9.240000,9.240000,9.240000,583
2017-03-06,8.640000,9.120000,8.640000,9.120000,9.120000,42
2017-03-07,9.000000,9.000000,7.920000,9.000000,9.000000,175
2017-03-08,8.760000,9.480000,8.400000,9.480000,9.480000,6017
2017-03-09,9.480000,9.480000,9.120000,9.480000,9.480000,4017
2017-03-10,9.600000,9.600000,9.120000,9.600000,9.600000,1708
2017-03-13,9.600000,9.840000,9.600000,9.840000,9.840000,1892
2017-03-14,9.600000,9.840000,9.120000,9.840000,9.840000,483
2017-03-15,9.600000,9.600000,9.600000,9.600000,9.600000,583
2017-03-16,9.600000,9.840000,9.600000,9.840000,9.840000,1075
2017-03-17,9.120000,10.080000,9.120000,9.840000,9.840000,1625
2017-03-20,10.200000,10.200000,9.480000,9.840000,9.840000,992
2017-03-21,9.600000,9.840000,9.600000,9.840000,9.840000,392
2017-03-22,9.600000,9.600000,9.600000,9.600000,9.600000,250
2017-03-23,9.120000,9.840000,9.000000,9.840000,9.840000,667
2017-03-24,9.840000,9.840000,9.720000,9.720000,9.720000,1858
2017-03-27,9.720000,9.720000,9.720000,9.720000,9.720000,0
2017-03-28,9.720000,10.200000,9.720000,10.200000,10.200000,1258
2017-03-29,10.200000,10.200000,10.200000,10.200000,10.200000,417
2017-03-30,10.440000,10.440000,10.440000,10.440000,10.440000,8
2017-03-31,10.440000,11.280000,10.440000,10.800000,10.800000,1183
2017-04-03,10.800000,11.760000,10.800000,11.520000,11.520000,825
2017-04-04,6.600000,10.800000,6.600000,10.440000,10.440000,3642
2017-04-05,10.440000,10.440000,10.440000,10.440000,10.440000,1250
2017-04-06,10.560000,10.560000,10.440000,10.440000,10.440000,833
2017-04-07,11.160000,11.160000,10.800000,10.800000,10.800000,558
2017-04-10,10.440000,10.800000,10.440000,10.800000,10.800000,3667
2017-04-11,10.800000,11.040000,10.800000,11.040000,11.040000,2150
2017-04-12,11.040000,11.040000,11.040000,11.040000,11.040000,0
2017-04-13,10.800000,11.040000,10.560000,10.560000,10.560000,2175
2017-04-17,8.400000,10.200000,8.400000,10.200000,10.200000,25
2017-04-18,10.200000,10.200000,10.200000,10.200000,10.200000,0
2017-04-19,9.600000,9.600000,9.120000,9.600000,9.600000,858
2017-04-20,9.600000,9.600000,9.600000,9.600000,9.600000,8
2017-04-21,8.880000,9.600000,8.880000,9.600000,9.600000,92
2017-04-24,8.640000,9.240000,8.400000,9.240000,9.240000,1075
2017-04-25,7.200000,9.240000,7.200000,9.240000,9.240000,133
2017-04-26,9.240000,9.240000,9.240000,9.240000,9.240000,0
2017-04-27,9.000000,9.000000,8.400000,8.880000,8.880000,2408
2017-04-28,9.240000,9.240000,8.400000,8.880000,8.880000,850
2017-05-01,8.400000,8.640000,8.400000,8.520000,8.520000,692
2017-05-02,9.240000,9.240000,8.520000,9.000000,9.000000,33
2017-05-03,9.000000,9.000000,9.000000,9.000000,9.000000,0
2017-05-04,8.400000,9.120000,8.400000,9.000000,9.000000,325
2017-05-05,9.000000,9.000000,9.000000,9.000000,9.000000,150
2017-05-08,9.000000,9.000000,9.000000,9.000000,9.000000,1583
2017-05-09,9.000000,9.000000,9.000000,9.000000,9.000000,0
2017-05-10,9.000000,9.000000,8.880000,8.880000,8.880000,833
2017-05-11,8.880000,8.880000,8.880000,8.880000,8.880000,0
2017-05-12,8.400000,8.760000,8.400000,8.400000,8.400000,1175
2017-05-15,8.400000,8.640000,8.400000,8.520000,8.520000,758
2017-05-16,8.400000,8.400000,8.400000,8.400000,8.400000,167
2017-05-17,8.400000,8.400000,8.400000,8.400000,8.400000,0
2017-05-18,8.400000,8.400000,8.160000,8.280000,8.280000,2083
2017-05-19,8.280000,8.280000,8.280000,8.280000,8.280000,2300
2017-05-22,8.280000,8.280000,8.160000,8.280000,8.280000,692
2017-05-23,7.560000,7.560000,7.560000,7.560000,7.560000,150
2017-05-24,7.560000,7.560000,7.080000,7.560000,7.560000,558
2017-05-25,7.440000,7.560000,7.440000,7.440000,7.440000,483
2017-05-26,7.440000,7.560000,7.200000,7.200000,7.200000,2992
2017-05-30,7.200000,7.560000,7.080000,7.080000,7.080000,1650
2017-05-31,7.080000,7.080000,7.080000,7.080000,7.080000,0
2017-06-01,7.080000,7.560000,6.600000,7.440000,7.440000,2717
2017-06-02,7.200000,7.200000,7.200000,7.200000,7.200000,475
2017-06-05,7.200000,7.200000,6.360000,7.200000,7.200000,692
2017-06-06,6.840000,7.200000,6.600000,7.200000,7.200000,58
2017-06-07,6.720000,7.200000,6.600000,7.200000,7.200000,1008
2017-06-08,6.480000,6.840000,6.480000,6.840000,6.840000,525
2017-06-09,6.600000,6.840000,6.120000,6.120000,6.120000,3050
2017-06-12,7.080000,7.080000,7.080000,7.080000,7.080000,17
2017-06-13,6.960000,6.960000,6.960000,6.960000,6.960000,417
2017-06-14,6.360000,6.360000,6.240000,6.240000,6.240000,3967
2017-06-15,6.240000,6.240000,6.240000,6.240000,6.240000,0
2017-06-16,6.240000,6.240000,6.240000,6.240000,6.240000,600
2017-06-19,6.000000,6.360000,6.000000,6.360000,6.360000,50
2017-06-20,6.120000,6.240000,6.000000,6.120000,6.120000,3025
2017-06-21,6.120000,6.120000,6.000000,6.120000,6.120000,2092
2017-06-22,6.000000,6.960000,6.000000,6.240000,6.240000,7275
2017-06-23,6.240000,6.840000,6.240000,6.240000,6.240000,850
2017-06-26,6.240000,6.240000,6.240000,6.240000,6.240000,4500
2017-06-27,6.120000,6.120000,6.120000,6.120000,6.120000,83
2017-06-28,6.240000,6.240000,6.000000,6.000000,6.000000,650
2017-06-29,5.880000,6.000000,5.880000,6.000000,6.000000,417
2017-06-30,5.880000,6.000000,5.880000,6.000000,6.000000,867
2017-07-03,6.000000,6.000000,6.000000,6.000000,6.000000,0
2017-07-05,6.000000,6.000000,5.760000,5.760000,5.760000,692
2017-07-06,5.760000,5.880000,5.760000,5.880000,5.880000,133
2017-07-07,5.760000,5.760000,5.760000,5.760000,5.760000,1775
2017-07-10,5.760000,5.760000,5.760000,5.760000,5.760000,0
2017-07-11,6.000000,6.000000,6.000000,6.000000,6.000000,850
2017-07-12,5.880000,6.000000,5.880000,6.000000,6.000000,658
2017-07-13,6.000000,6.120000,5.880000,6.000000,6.000000,3883
2017-07-14,6.000000,6.000000,6.000000,6.000000,6.000000,833
2017-07-17,5.880000,6.480000,5.160000,6.480000,6.480000,2317
2017-07-18,6.600000,6.600000,5.520000,6.360000,6.360000,183
2017-07-19,6.360000,6.360000,5.880000,6.000000,6.000000,2650
2017-07-20,6.000000,6.000000,6.000000,6.000000,6.000000,833
2017-07-21,6.000000,6.000000,6.000000,6.000000,6.000000,0
2017-07-24,5.520000,5.760000,5.040000,5.760000,5.760000,508
2017-07-25,5.880000,5.880000,5.880000,5.880000,5.880000,8
2017-07-26,5.160000,5.880000,5.160000,5.880000,5.880000,175
2017-07-27,5.880000,5.880000,5.880000,5.880000,5.880000,0
2017-07-28,5.280000,5.280000,5.280000,5.280000,5.280000,833
2017-07-31,5.880000,5.880000,5.880000,5.880000,5.880000,17
2017-08-01,6.000000,6.000000,5.280000,5.280000,5.280000,233
2017-08-02,5.280000,5.880000,5.160000,5.160000,5.160000,5342
2017-08-03,5.040000,5.280000,4.560000,5.280000,5.280000,15900
2017-08-04,5.160000,5.280000,4.560000,4.920000,4.920000,7342
2017-08-07,4.800000,4.800000,4.560000,4.800000,4.800000,11708
2017-08-08,5.280000,5.280000,4.440000,4.800000,4.800000,7633
2017-08-09,3.960000,4.680000,3.960000,4.680000,4.680000,4183
2017-08-10,3.960000,4.680000,3.960000,4.680000,4.680000,1817
2017-08-11,4.200000,4.560000,3.960000,4.560000,4.560000,367
2017-08-14,4.560000,4.560000,4.080000,4.560000,4.560000,242
2017-08-15,4.080000,4.560000,3.960000,4.560000,4.560000,3350
2017-08-16,3.960000,4.440000,3.960000,4.440000,4.440000,1883
2017-08-17,4.440000,4.800000,4.320000,4.800000,4.800000,11033
2017-08-18,4.800000,4.800000,4.800000,4.800000,4.800000,0
2017-08-21,4.800000,4.800000,4.800000,4.800000,4.800000,233
2017-08-22,4.440000,4.440000,4.440000,4.440000,4.440000,833
2017-08-23,4.440000,4.440000,4.440000,4.440000,4.440000,0
2017-08-24,3.960000,4.200000,3.960000,4.200000,4.200000,2750
2017-08-25,3.960000,4.200000,3.960000,3.960000,3.960000,5000
2017-08-28,4.200000,4.560000,4.200000,4.560000,4.560000,42
2017-08-29,4.200000,4.200000,3.960000,4.200000,4.200000,3708
2017-08-30,4.200000,4.200000,4.200000,4.200000,4.200000,100
2017-08-31,3.960000,3.960000,3.840000,3.840000,3.840000,9625
2017-09-01,3.720000,3.960000,3.600000,3.840000,3.840000,5767
2017-09-05,3.480000,3.840000,3.360000,3.840000,3.840000,7050
2017-09-06,3.600000,3.840000,3.600000,3.840000,3.840000,5767
2017-09-07,3.480000,3.840000,3.480000,3.840000,3.840000,917
2017-09-08,3.840000,3.840000,3.840000,3.840000,3.840000,0
2017-09-11,3.480000,3.840000,3.480000,3.840000,3.840000,3250
2017-09-12,3.840000,4.800000,3.840000,4.800000,4.800000,417
2017-09-13,4.800000,4.800000,3.960000,4.200000,4.200000,5942
2017-09-14,4.200000,4.200000,4.080000,4.080000,4.080000,4125
2017-09-15,4.320000,5.520000,4.320000,5.520000,5.520000,4758
2017-09-18,5.400000,5.400000,4.800000,5.400000,5.400000,3925
2017-09-19,5.760000,5.760000,5.520000,5.520000,5.520000,6842
2017-09-20,5.520000,5.520000,5.520000,5.520000,5.520000,0
2017-09-21,5.520000,5.520000,5.520000,5.520000,5.520000,0
2017-09-22,5.280000,5.400000,5.280000,5.400000,5.400000,958
2017-09-25,5.400000,5.400000,4.800000,5.400000,5.400000,1000
2017-09-26,4.200000,5.400000,4.200000,5.400000,5.400000,58
2017-09-27,4.920000,4.920000,4.920000,4.920000,4.920000,42
2017-09-28,5.400000,5.400000,5.400000,5.400000,5.400000,25
2017-09-29,5.400000,5.400000,5.400000,5.400000,5.400000,0
2017-10-02,4.440000,5.400000,4.440000,5.400000,5.400000,175
2017-10-03,5.400000,5.400000,5.400000,5.400000,5.400000,0
2017-10-04,5.400000,5.400000,5.400000,5.400000,5.400000,0
2017-10-05,5.400000,5.400000,5.400000,5.400000,5.400000,0
2017-10-06,5.400000,5.400000,5.400000,5.400000,5.400000,0
2017-10-09,5.400000,5.400000,5.400000,5.400000,5.400000,0
2017-10-10,4.440000,5.400000,4.200000,5.400000,5.400000,858
2017-10-11,4.920000,4.920000,4.920000,4.920000,4.920000,8
2017-10-12,4.320000,4.800000,4.200000,4.680000,4.680000,3000
2017-10-13,5.280000,5.760000,4.800000,4.800000,4.800000,5367
2017-10-16,4.080000,4.800000,3.840000,4.800000,4.800000,3150
2017-10-17,3.840000,5.040000,3.840000,5.040000,5.040000,5550
2017-10-18,4.200000,4.800000,3.840000,4.800000,4.800000,1683
2017-10-19,4.800000,4.800000,4.200000,4.440000,4.440000,11275
2017-10-20,4.800000,4.800000,4.440000,4.440000,4.440000,875
2017-10-23,4.200000,4.800000,4.200000,4.560000,4.560000,2433
2017-10-24,4.200000,5.040000,4.200000,4.800000,4.800000,1575
2017-10-25,3.960000,4.200000,3.840000,4.200000,4.200000,4808
2017-10-26,4.200000,4.200000,4.200000,4.200000,4.200000,208
2017-10-27,4.800000,5.280000,4.200000,4.200000,4.200000,1508
2017-10-30,5.280000,5.280000,5.280000,5.280000,5.280000,25
2017-10-31,3.600000,5.760000,3.600000,4.800000,4.800000,17667
2017-11-01,5.280000,5.280000,5.280000,5.280000,5.280000,25
2017-11-02,7.800000,7.800000,4.800000,5.040000,5.040000,9933
2017-11-03,4.800000,4.800000,3.840000,4.560000,4.560000,5767
2017-11-06,4.560000,4.800000,3.960000,4.200000,4.200000,8833
2017-11-07,5.040000,5.760000,4.680000,4.800000,4.800000,4633
2017-11-08,4.200000,4.800000,4.200000,4.200000,4.200000,2333
2017-11-09,4.200000,4.200000,4.200000,4.200000,4.200000,167
2017-11-10,4.200000,4.200000,3.960000,4.200000,4.200000,1108
2017-11-13,4.200000,5.400000,3.360000,3.360000,3.360000,9458
2017-11-14,3.600000,4.440000,3.000000,3.600000,3.600000,19792
2017-11-15,3.240000,3.480000,2.760000,3.000000,3.000000,13508
2017-11-16,3.000000,3.000000,3.000000,3.000000,3.000000,0
2017-11-17,4.000000,4.500000,4.000000,4.380000,4.380000,2700
2017-11-20,4.500000,5.450000,4.440000,5.450000,5.450000,9500
2017-11-21,5.200000,5.200000,4.000000,4.400000,4.400000,13900
2017-11-22,4.400000,4.500000,4.400000,4.450000,4.450000,2800
2017-11-24,4.500000,4.500000,4.500000,4.500000,4.500000,2200
2017-11-27,4.500000,4.900000,4.350000,4.650000,4.650000,12900
2017-11-28,4.500000,4.600000,4.500000,4.600000,4.600000,3000
2017-11-29,5.000000,5.000000,4.500000,4.500000,4.500000,4200
2017-11-30,4.550000,4.550000,4.500000,4.500000,4.500000,5200
2017-12-01,4.250000,4.380000,4.000000,4.380000,4.380000,3500
2017-12-04,4.250000,5.000000,4.010000,4.750000,4.750000,9400
2017-12-05,4.600000,4.600000,4.500000,4.500000,4.500000,10500
2017-12-06,4.420000,4.420000,4.420000,4.420000,4.420000,300
2017-12-07,4.500000,4.550000,4.500000,4.550000,4.550000,1100
2017-12-08,4.530000,4.530000,4.530000,4.530000,4.530000,300
2017-12-11,4.750000,4.750000,4.420000,4.500000,4.500000,18300
2017-12-12,4.500000,5.950000,4.460000,4.460000,4.460000,5500
2017-12-13,4.300000,4.300000,4.300000,4.300000,4.300000,1100
2017-12-14,4.500000,5.200000,4.080000,4.300000,4.300000,25000
2017-12-15,5.000000,5.200000,4.500000,4.500000,4.500000,9900
2017-12-18,5.400000,5.730000,4.620000,5.730000,5.730000,40300
2017-12-19,5.990000,5.990000,5.140000,5.370000,5.370000,23700
2017-12-20,5.760000,6.620000,5.410000,6.620000,6.620000,155100
2017-12-21,7.510000,9.870000,6.010000,7.130000,7.130000,165700
2017-12-22,8.340000,8.350000,6.100000,6.550000,6.550000,62900
2017-12-26,6.600000,8.290000,6.460000,6.500000,6.500000,14200
2017-12-27,6.500000,6.900000,5.760000,6.500000,6.500000,48900
2017-12-28,6.500000,6.990000,5.760000,5.990000,5.990000,20300
2017-12-29,5.760000,6.990000,5.050000,5.760000,5.760000,34400
2018-01-02,5.760000,6.300000,5.150000,5.260000,5.260000,20500
2018-01-03,5.280000,5.500000,4.110000,5.000000,5.000000,85800
2018-01-04,5.250000,6.250000,5.050000,6.050000,6.050000,91200
2018-01-05,6.120000,8.250000,5.970000,7.380000,7.380000,151800
2018-01-08,8.000000,8.290000,7.250000,7.850000,7.850000,72100
2018-01-09,8.100000,8.100000,7.500000,7.500000,7.500000,33800
2018-01-10,7.300000,7.300000,6.500000,7.250000,7.250000,44100
2018-01-11,7.010000,7.010000,6.510000,6.990000,6.990000,24800
2018-01-12,7.000000,7.000000,6.210000,6.790000,6.790000,28600
2018-01-16,6.800000,6.800000,6.200000,6.400000,6.400000,16800
2018-01-17,6.870000,7.200000,6.390000,6.800000,6.800000,42300
2018-01-18,6.800000,7.090000,6.770000,6.960000,6.960000,23900
2018-01-19,6.950000,8.200000,6.850000,8.060000,8.060000,85500
2018-01-22,8.240000,10.750000,8.150000,10.150000,10.150000,153000
2018-01-23,9.990000,10.000000,9.200000,10.000000,10.000000,67500
2018-01-24,10.500000,10.500000,9.250000,9.890000,9.890000,31600
2018-01-25,9.400000,9.750000,9.250000,9.450000,9.450000,7100
2018-01-26,9.310000,9.900000,9.310000,9.550000,9.550000,14700
2018-01-29,9.860000,10.080000,9.600000,9.650000,9.650000,32700
2018-01-30,10.130000,10.130000,9.400000,9.490000,9.490000,17300
2018-01-31,9.250000,9.250000,8.410000,8.680000,8.680000,97600
2018-02-01,8.400000,8.990000,8.220000,8.930000,8.930000,69600
2018-02-02,8.920000,8.920000,7.850000,8.280000,8.280000,10700
2018-02-05,8.260000,9.000000,7.850000,9.000000,9.000000,32100
2018-02-06,8.300000,9.000000,8.300000,8.990000,8.990000,46500
2018-02-07,8.900000,8.990000,8.500000,8.500000,8.500000,15500
2018-02-08,8.500000,8.500000,7.850000,8.200000,8.200000,30000
2018-02-09,8.200000,8.200000,7.510000,7.550000,7.550000,21100
2018-02-12,8.990000,8.990000,7.750000,8.500000,8.500000,11100
2018-02-13,8.290000,8.500000,7.930000,8.500000,8.500000,8600
2018-02-14,8.500000,8.890000,8.180000,8.700000,8.700000,8600
2018-02-15,8.700000,8.800000,8.210000,8.250000,8.250000,8500
2018-02-16,8.250000,8.250000,7.520000,7.610000,7.610000,7800
2018-02-20,8.190000,8.490000,8.000000,8.250000,8.250000,12700
2018-02-21,8.350000,8.350000,7.610000,7.980000,7.980000,14300
2018-02-22,7.950000,8.000000,7.800000,7.800000,7.800000,6800
2018-02-23,7.950000,8.500000,7.900000,8.100000,8.100000,19000
2018-02-26,8.880000,8.880000,7.800000,8.100000,8.100000,14900
2018-02-27,7.900000,8.200000,7.900000,8.090000,8.090000,6100
2018-02-28,8.050000,8.050000,7.900000,7.900000,7.900000,6500
2018-03-01,8.000000,8.600000,8.000000,8.000000,8.000000,12800
2018-03-02,8.550000,8.550000,7.610000,8.100000,8.100000,4600
2018-03-05,8.500000,8.540000,8.150000,8.500000,8.500000,20400
2018-03-06,8.520000,8.520000,8.200000,8.400000,8.400000,11200
2018-03-07,8.230000,8.600000,7.770000,8.600000,8.600000,5200
2018-03-08,8.400000,8.760000,7.800000,8.760000,8.760000,11400
2018-03-09,8.760000,9.800000,8.600000,8.990000,8.990000,36000
2018-03-12,9.500000,9.790000,9.010000,9.250000,9.250000,40200
2018-03-13,9.450000,12.890000,9.450000,11.180000,11.180000,263000
2018-03-14,11.400000,13.950000,11.370000,13.850000,13.850000,332400
2018-03-15,14.000000,16.799999,13.900000,14.680000,14.680000,444000
2018-03-16,14.680000,14.680000,13.300000,13.400000,13.400000,173300
2018-03-19,13.200000,13.400000,10.730000,11.900000,11.900000,165000
2018-03-20,11.400000,12.000000,10.900000,10.900000,10.900000,85700
2018-03-21,11.040000,12.480000,11.000000,11.800000,11.800000,73500
2018-03-22,11.600000,12.410000,11.570000,11.850000,11.850000,50300
2018-03-23,11.840000,12.140000,11.500000,11.500000,11.500000,33400
2018-03-26,11.840000,12.000000,11.000000,11.010000,11.010000,34500
2018-03-27,11.240000,11.800000,11.050000,11.110000,11.110000,37700
2018-03-28,11.110000,11.200000,10.210000,10.310000,10.310000,36400
2018-03-29,10.380000,10.430000,10.250000,10.320000,10.320000,11400
2018-04-02,9.760000,10.320000,9.500000,9.980000,9.980000,29600
2018-04-03,10.030000,11.500000,9.660000,10.310000,10.310000,32100
2018-04-04,10.190000,11.000000,9.850000,10.250000,10.250000,25900
2018-04-05,10.940000,10.990000,10.050000,10.670000,10.670000,14400
2018-04-06,10.950000,10.950000,9.600000,10.140000,10.140000,21500
2018-04-09,10.530000,10.750000,10.000000,10.720000,10.720000,13100
2018-04-10,10.880000,10.880000,10.230000,10.700000,10.700000,13500
2018-04-11,10.690000,10.950000,10.300000,10.600000,10.600000,7000
2018-04-12,10.600000,10.600000,10.020000,10.600000,10.600000,14600
2018-04-13,10.590000,10.590000,9.910000,10.220000,10.220000,12300
2018-04-16,10.260000,10.300000,9.630000,10.100000,10.100000,15900
2018-04-17,10.000000,10.600000,9.730000,10.450000,10.450000,56700
2018-04-18,10.250000,10.250000,10.040000,10.170000,10.170000,16700
2018-04-19,10.150000,11.070000,10.150000,10.660000,10.660000,151900
2018-04-20,10.500000,10.500000,9.900000,10.370000,10.370000,21000
2018-04-23,10.480000,10.480000,9.980000,10.200000,10.200000,6500
2018-04-24,10.350000,10.350000,9.330000,9.790000,9.790000,59900
2018-04-25,9.900000,9.940000,9.600000,9.900000,9.900000,22800
2018-04-26,9.730000,10.490000,9.600000,9.600000,9.600000,26500
2018-04-27,9.720000,10.200000,9.600000,10.190000,10.190000,19700
2018-04-30,10.200000,10.320000,9.550000,9.880000,9.880000,46700
2018-05-01,9.900000,10.210000,9.620000,9.750000,9.750000,32400
2018-05-02,9.960000,10.040000,8.220000,9.230000,9.230000,158700
2018-05-03,8.660000,9.000000,8.510000,8.900000,8.900000,21600
2018-05-04,8.800000,9.000000,8.350000,8.760000,8.760000,33400
2018-05-07,8.910000,9.200000,8.550000,8.910000,8.910000,21900
2018-05-08,9.130000,9.250000,8.350000,8.560000,8.560000,38400
2018-05-09,8.560000,8.600000,8.430000,8.600000,8.600000,11700
2018-05-10,8.550000,8.750000,8.450000,8.500000,8.500000,20200
2018-05-11,8.450000,8.680000,8.450000,8.660000,8.660000,4300
2018-05-14,8.700000,8.700000,8.430000,8.430000,8.430000,15900
2018-05-15,8.320000,8.700000,8.320000,8.700000,8.700000,12700
2018-05-16,8.700000,8.750000,8.460000,8.480000,8.480000,10100
2018-05-17,8.500000,8.550000,8.430000,8.500000,8.500000,7100
2018-05-18,8.500000,8.610000,8.340000,8.500000,8.500000,6600
2018-05-21,8.660000,8.720000,8.550000,8.550000,8.550000,4900
2018-05-22,8.500000,8.680000,8.500000,8.550000,8.550000,10800
2018-05-23,8.480000,8.800000,8.480000,8.790000,8.790000,4600
2018-05-24,8.800000,8.800000,8.450000,8.690000,8.690000,13900
2018-05-25,8.580000,8.660000,8.510000,8.580000,8.580000,4600
2018-05-29,8.450000,8.790000,8.450000,8.690000,8.690000,38500
2018-05-30,8.610000,8.620000,8.500000,8.610000,8.610000,7900
2018-05-31,8.530000,8.970000,8.500000,8.620000,8.620000,25100
2018-06-01,8.620000,8.760000,8.500000,8.680000,8.680000,24200
2018-06-04,8.870000,9.000000,8.800000,8.890000,8.890000,26200
2018-06-05,8.980000,9.000000,8.800000,8.850000,8.850000,23500
2018-06-06,8.950000,8.950000,8.680000,8.750000,8.750000,13400
2018-06-07,8.700000,8.800000,8.570000,8.800000,8.800000,9400
2018-06-08,8.750000,8.850000,8.750000,8.820000,8.820000,11300
2018-06-11,8.850000,9.500000,8.810000,9.300000,9.300000,68600
2018-06-12,9.340000,9.500000,9.250000,9.450000,9.450000,43500
2018-06-13,9.500000,9.500000,8.770000,9.300000,9.300000,36200
2018-06-14,9.150000,9.310000,9.060000,9.220000,9.220000,39400
2018-06-15,8.760000,9.090000,8.750000,8.850000,8.850000,193500
2018-06-18,8.900000,8.950000,8.760000,8.910000,8.910000,11800
2018-06-19,8.900000,8.980000,8.750000,8.750000,8.750000,10000
2018-06-20,8.990000,9.280000,8.760000,9.220000,9.220000,18400
2018-06-21,9.170000,9.170000,9.010000,9.110000,9.110000,9500
2018-06-22,8.950000,9.150000,8.780000,9.110000,9.110000,35800
2018-06-25,9.010000,9.100000,8.820000,8.830000,8.830000,9000
2018-06-26,8.830000,8.830000,8.670000,8.810000,8.810000,13100
2018-06-27,8.770000,8.990000,8.500000,8.730000,8.730000,42700
2018-06-28,8.750000,8.750000,8.210000,8.360000,8.360000,14800
2018-06-29,8.400000,8.750000,8.100000,8.650000,8.650000,46100
2018-07-02,8.740000,8.750000,8.380000,8.660000,8.660000,15000
2018-07-03,8.580000,8.580000,8.220000,8.370000,8.370000,11000
2018-07-05,8.200000,8.490000,8.200000,8.290000,8.290000,13300
2018-07-06,8.500000,8.510000,8.200000,8.340000,8.340000,44100
2018-07-09,8.490000,8.490000,8.100000,8.290000,8.290000,15800
2018-07-10,8.280000,8.510000,8.080000,8.510000,8.510000,34700
2018-07-11,8.480000,8.590000,8.120000,8.230000,8.230000,10600
2018-07-12,8.270000,8.370000,8.000000,8.370000,8.370000,37000
2018-07-13,8.230000,8.350000,8.140000,8.350000,8.350000,4100
2018-07-16,8.400000,8.400000,8.090000,8.220000,8.220000,6200
2018-07-17,8.180000,8.700000,8.000000,8.080000,8.080000,70200
2018-07-18,8.000000,8.190000,7.770000,7.770000,7.770000,13000
2018-07-19,7.770000,7.990000,7.650000,7.960000,7.960000,15200
2018-07-20,8.190000,8.190000,7.800000,7.950000,7.950000,16300
2018-07-23,7.810000,7.840000,7.670000,7.800000,7.800000,6000
2018-07-24,7.720000,7.800000,7.650000,7.800000,7.800000,14200
2018-07-25,7.670000,7.800000,7.540000,7.540000,7.540000,25300
2018-07-26,7.500000,7.500000,7.000000,7.050000,7.050000,49000
2018-07-27,7.050000,7.150000,6.000000,6.170000,6.170000,100100
2018-07-30,6.500000,7.000000,6.410000,6.600000,6.600000,49800
2018-07-31,6.630000,6.890000,6.530000,6.550000,6.550000,23300
2018-08-01,6.550000,6.880000,6.500000,6.590000,6.590000,35700
2018-08-02,6.600000,6.890000,6.520000,6.840000,6.840000,35400
2018-08-03,6.890000,6.890000,6.260000,6.290000,6.290000,51700
2018-08-06,6.400000,7.000000,6.400000,6.550000,6.550000,30900
2018-08-07,6.780000,7.360000,6.750000,6.980000,6.980000,52000
2018-08-08,7.000000,7.000000,6.550000,6.760000,6.760000,26900
2018-08-09,6.970000,6.990000,6.890000,6.970000,6.970000,18300
2018-08-10,6.860000,7.050000,6.690000,6.910000,6.910000,30900
2018-08-13,6.900000,6.960000,6.620000,6.920000,6.920000,3900
2018-08-14,6.990000,6.990000,6.690000,6.850000,6.850000,48200
2018-08-15,6.670000,6.920000,6.630000,6.910000,6.910000,14200
2018-08-16,6.970000,7.120000,6.720000,6.860000,6.860000,32800
2018-08-17,6.900000,6.900000,6.770000,6.820000,6.820000,17300
2018-08-20,6.900000,6.900000,6.820000,6.900000,6.900000,13600
2018-08-21,6.820000,6.990000,6.820000,6.860000,6.860000,24800
2018-08-22,6.830000,6.960000,6.830000,6.880000,6.880000,7300
2018-08-23,7.000000,7.520000,6.820000,6.930000,6.930000,15300
2018-08-24,7.130000,7.130000,6.820000,6.830000,6.830000,7700
2018-08-27,6.750000,6.750000,6.450000,6.640000,6.640000,14500
2018-08-28,6.540000,6.620000,6.260000,6.400000,6.400000,9200
2018-08-29,6.250000,6.360000,5.670000,6.310000,6.310000,127700
2018-08-30,5.960000,6.490000,5.860000,6.470000,6.470000,92700
2018-08-31,6.500000,6.570000,6.340000,6.340000,6.340000,6400
2018-09-04,6.320000,6.340000,6.000000,6.240000,6.240000,8500
2018-09-05,6.240000,6.240000,5.940000,6.130000,6.130000,6900
2018-09-06,5.890000,6.100000,5.870000,6.100000,6.100000,14500
2018-09-07,6.000000,6.000000,5.700000,5.750000,5.750000,19100
2018-09-10,5.660000,5.750000,5.290000,5.500000,5.500000,109400
2018-09-11,5.460000,5.490000,5.250000,5.300000,5.300000,74100
2018-09-12,5.250000,5.880000,5.060000,5.300000,5.300000,138100
2018-09-13,5.300000,5.440000,5.180000,5.300000,5.300000,90200
2018-09-14,5.460000,5.660000,5.380000,5.580000,5.580000,38200
2018-09-17,5.500000,5.660000,5.460000,5.600000,5.600000,29800
2018-09-18,5.620000,5.680000,5.400000,5.600000,5.600000,21200
2018-09-19,5.600000,5.640000,5.340000,5.350000,5.350000,37300
2018-09-20,5.360000,5.650000,5.360000,5.440000,5.440000,45400
2018-09-21,5.410000,5.570000,5.300000,5.490000,5.490000,62000
2018-09-24,5.500000,5.600000,5.350000,5.490000,5.490000,29700
2018-09-25,5.250000,5.800000,5.250000,5.620000,5.620000,71500
2018-09-26,5.610000,5.610000,5.300000,5.590000,5.590000,20000
2018-09-27,5.580000,5.810000,5.510000,5.600000,5.600000,55500
2018-09-28,5.430000,5.600000,5.420000,5.540000,5.540000,15300
2018-10-01,5.500000,5.700000,5.350000,5.350000,5.350000,25000
2018-10-02,5.450000,6.500000,5.320000,6.450000,6.450000,163400
2018-10-03,7.000000,9.250000,6.800000,7.170000,7.170000,1137400
2018-10-04,7.500000,7.870000,7.000000,7.460000,7.460000,488300
2018-10-05,7.460000,7.500000,7.000000,7.190000,7.190000,101600
2018-10-08,6.850000,7.180000,6.530000,6.620000,6.620000,165400
2018-10-09,6.650000,6.920000,6.550000,6.780000,6.780000,42900
2018-10-10,6.850000,6.850000,6.190000,6.480000,6.480000,73700
2018-10-11,6.440000,6.460000,6.060000,6.130000,6.130000,38300
2018-10-12,6.240000,6.360000,6.100000,6.350000,6.350000,92500
2018-10-15,6.750000,7.370000,6.000000,6.060000,6.060000,408400
2018-10-16,6.110000,6.410000,5.850000,6.100000,6.100000,87200
2018-10-17,6.110000,6.200000,5.970000,6.110000,6.110000,60700
2018-10-18,6.100000,6.520000,6.020000,6.180000,6.180000,78100
2018-10-19,6.170000,6.390000,6.050000,6.220000,6.220000,13100
2018-10-22,6.200000,6.390000,5.630000,5.990000,5.990000,54300
2018-10-23,5.890000,5.890000,5.550000,5.790000,5.790000,55900
2018-10-24,5.760000,5.930000,5.550000,5.870000,5.870000,31500
2018-10-25,5.810000,6.450000,5.690000,6.300000,6.300000,148900
2018-10-26,6.050000,6.180000,5.660000,5.950000,5.950000,57100
2018-10-29,5.960000,6.060000,5.800000,5.860000,5.860000,24600
2018-10-30,6.030000,6.030000,5.440000,5.580000,5.580000,103500
2018-10-31,5.620000,6.180000,5.580000,5.890000,5.890000,70900
2018-11-01,5.900000,6.370000,5.650000,6.370000,6.370000,40300
2018-11-02,6.310000,6.450000,6.000000,6.450000,6.450000,349000
2018-11-05,6.400000,6.690000,6.280000,6.420000,6.420000,102900
2018-11-06,6.400000,6.420000,6.140000,6.260000,6.260000,31000
2018-11-07,6.250000,6.430000,5.930000,5.930000,5.930000,79300
2018-11-08,6.020000,6.040000,5.900000,5.950000,5.950000,13400
2018-11-09,5.950000,5.970000,5.810000,5.880000,5.880000,11800
2018-11-12,5.990000,6.050000,5.750000,5.880000,5.880000,7600
2018-11-13,5.780000,6.070000,5.750000,5.870000,5.870000,7600
2018-11-14,5.880000,6.100000,5.750000,5.780000,5.780000,4200
2018-11-15,5.670000,5.860000,5.550000,5.690000,5.690000,6300
2018-11-16,5.610000,5.890000,5.550000,5.650000,5.650000,17200
2018-11-19,5.550000,5.640000,5.440000,5.500000,5.500000,13400
2018-11-20,5.530000,5.600000,5.510000,5.550000,5.550000,16700
2018-11-21,5.530000,5.880000,5.450000,5.560000,5.560000,78300
2018-11-23,5.450000,5.730000,5.450000,5.530000,5.530000,9200
2018-11-26,5.650000,6.020000,5.590000,5.870000,5.870000,25100
2018-11-27,5.460000,5.810000,5.460000,5.750000,5.750000,26800
2018-11-28,5.560000,5.880000,5.530000,5.710000,5.710000,8800
2018-11-29,5.620000,6.200000,5.620000,6.150000,6.150000,38000
2018-11-30,6.160000,6.320000,5.650000,6.010000,6.010000,77800
2018-12-03,6.110000,6.110000,5.730000,5.990000,5.990000,24900
2018-12-04,6.100000,6.100000,5.730000,5.850000,5.850000,16800
2018-12-06,5.760000,6.080000,5.630000,5.630000,5.630000,28500
2018-12-07,5.610000,5.790000,5.530000,5.570000,5.570000,6700
2018-12-10,5.510000,5.700000,5.320000,5.410000,5.410000,29300
2018-12-11,5.350000,5.350000,5.110000,5.150000,5.150000,83600
2018-12-12,5.100000,5.570000,5.100000,5.170000,5.170000,29800
2018-12-13,5.100000,5.400000,4.760000,4.980000,4.980000,66800
2018-12-14,4.980000,5.190000,4.750000,4.880000,4.880000,31600
2018-12-17,4.810000,4.990000,4.800000,4.800000,4.800000,16500
2018-12-18,4.750000,5.110000,4.750000,4.760000,4.760000,41700
2018-12-19,4.970000,5.250000,4.740000,4.760000,4.760000,47100
2018-12-20,4.850000,5.340000,4.700000,4.800000,4.800000,42700
2018-12-21,4.760000,4.800000,4.070000,4.440000,4.440000,99800
2018-12-24,4.370000,4.370000,3.870000,3.880000,3.880000,56200
2018-12-26,3.970000,5.080000,3.970000,4.390000,4.390000,92000
2018-12-27,5.000000,5.070000,4.300000,4.470000,4.470000,79500
2018-12-28,4.480000,5.100000,4.480000,4.600000,4.600000,58400
2018-12-31,4.750000,5.050000,4.470000,4.680000,4.680000,33600
2019-01-02,4.420000,5.100000,4.420000,4.990000,4.990000,35500
2019-01-03,4.950000,5.010000,4.610000,4.660000,4.660000,21800
2019-01-04,4.640000,4.950000,4.630000,4.940000,4.940000,16000
2019-01-07,4.940000,5.080000,4.870000,5.030000,5.030000,4600
2019-01-08,5.070000,5.080000,4.810000,5.080000,5.080000,15700
2019-01-09,5.000000,5.000000,4.840000,4.990000,4.990000,8600
2019-01-10,4.910000,5.000000,4.830000,5.000000,5.000000,2200
2019-01-11,4.930000,5.000000,4.850000,4.930000,4.930000,3000
2019-01-14,4.850000,4.980000,4.840000,4.870000,4.870000,13300
2019-01-15,4.870000,5.030000,4.870000,5.030000,5.030000,7100
2019-01-16,5.070000,5.190000,5.000000,5.130000,5.130000,19100
2019-01-17,5.120000,5.300000,5.120000,5.130000,5.130000,4900
2019-01-18,5.090000,5.170000,5.060000,5.160000,5.160000,6600
2019-01-22,5.100000,5.180000,4.930000,5.000000,5.000000,12900
2019-01-23,4.870000,4.890000,4.620000,4.740000,4.740000,20400
2019-01-24,4.740000,4.740000,4.400000,4.700000,4.700000,18100
2019-01-25,4.680000,4.720000,4.430000,4.490000,4.490000,23800
2019-01-28,4.530000,4.530000,4.060000,4.280000,4.280000,21800
2019-01-29,4.360000,4.450000,4.250000,4.330000,4.330000,34200
2019-01-30,4.400000,4.590000,4.150000,4.390000,4.390000,29100
2019-01-31,4.490000,4.490000,4.250000,4.320000,4.320000,36500
2019-02-01,4.480000,4.480000,4.260000,4.460000,4.460000,40300
2019-02-04,4.500000,5.460000,4.350000,4.940000,4.940000,87500
2019-02-05,4.950000,5.080000,4.700000,5.060000,5.060000,53100
2019-02-06,5.070000,5.070000,4.900000,4.960000,4.960000,39100
2019-02-07,5.050000,5.050000,4.710000,4.990000,4.990000,30100
2019-02-08,5.040000,5.050000,4.880000,4.950000,4.950000,29000
2019-02-11,5.150000,5.150000,4.760000,4.800000,4.800000,31700
2019-02-12,4.950000,4.950000,4.750000,4.780000,4.780000,42500
2019-02-13,4.770000,4.930000,4.770000,4.870000,4.870000,19600
2019-02-14,4.800000,5.000000,4.800000,4.810000,4.810000,47600
2019-02-15,4.890000,4.960000,4.770000,4.900000,4.900000,17300
2019-02-19,4.900000,5.300000,4.900000,5.100000,5.100000,80900
2019-02-20,5.180000,5.300000,5.120000,5.160000,5.160000,26800
2019-02-21,5.170000,5.200000,5.100000,5.200000,5.200000,15500
2019-02-22,5.010000,5.200000,5.010000,5.200000,5.200000,10000
2019-02-25,5.150000,5.200000,4.990000,5.200000,5.200000,22600
2019-02-26,5.150000,5.190000,5.050000,5.090000,5.090000,15100
2019-02-27,5.060000,5.180000,5.000000,5.150000,5.150000,7400
2019-02-28,5.150000,5.200000,5.120000,5.150000,5.150000,18000
2019-03-01,5.000000,5.160000,5.000000,5.020000,5.020000,8900
2019-03-04,5.120000,5.160000,4.880000,5.160000,5.160000,19800
2019-03-05,5.190000,5.200000,5.020000,5.150000,5.150000,9200
2019-03-06,5.090000,5.120000,5.020000,5.080000,5.080000,7400
2019-03-07,4.990000,5.150000,4.990000,5.150000,5.150000,6200
2019-03-08,5.150000,5.180000,5.070000,5.070000,5.070000,22900
2019-03-11,5.080000,5.170000,5.040000,5.150000,5.150000,22300
2019-03-12,4.960000,5.110000,4.960000,5.030000,5.030000,32400
2019-03-13,5.000000,5.170000,4.980000,5.010000,5.010000,48000
2019-03-14,5.030000,5.140000,4.880000,5.000000,5.000000,30400
2019-03-15,5.010000,5.100000,4.890000,5.050000,5.050000,29500
2019-03-18,5.040000,5.040000,4.920000,4.950000,4.950000,25100
2019-03-19,5.010000,5.050000,4.900000,4.940000,4.940000,35700
2019-03-20,4.940000,5.130000,4.880000,5.080000,5.080000,33700
2019-03-21,5.040000,5.300000,5.040000,5.100000,5.100000,106800
2019-03-22,5.110000,5.110000,4.900000,5.000000,5.000000,32300
2019-03-25,5.010000,5.930000,5.000000,5.430000,5.430000,201700
2019-03-26,5.440000,5.590000,5.300000,5.590000,5.590000,109700
2019-03-27,5.600000,5.650000,5.560000,5.600000,5.600000,22600
2019-03-28,5.350000,5.670000,5.350000,5.580000,5.580000,10400
2019-03-29,5.600000,5.600000,5.180000,5.330000,5.330000,61000
2019-04-01,5.230000,5.230000,5.130000,5.200000,5.200000,68100
2019-04-02,5.200000,5.200000,5.110000,5.200000,5.200000,15700
2019-04-03,5.170000,5.250000,5.050000,5.150000,5.150000,72200
2019-04-04,5.150000,5.260000,4.700000,5.000000,5.000000,177800
2019-04-05,4.960000,5.020000,4.830000,5.000000,5.000000,44000
2019-04-08,4.990000,5.000000,4.850000,4.910000,4.910000,10000
2019-04-09,4.900000,4.900000,4.700000,4.870000,4.870000,19300
2019-04-10,4.860000,4.880000,4.680000,4.880000,4.880000,25900
2019-04-11,4.900000,4.900000,4.690000,4.900000,4.900000,32500
2019-04-12,4.900000,5.340000,4.760000,5.050000,5.050000,100300
2019-04-15,4.920000,5.030000,4.750000,4.820000,4.820000,21100
2019-04-16,4.900000,4.920000,4.710000,4.840000,4.840000,41800
2019-04-17,4.810000,4.810000,4.720000,4.730000,4.730000,3800
2019-04-18,4.730000,4.760000,4.710000,4.730000,4.730000,15500
2019-04-22,4.730000,4.800000,4.710000,4.800000,4.800000,8400
2019-04-23,4.790000,4.790000,4.600000,4.630000,4.630000,43700
2019-04-24,4.610000,4.680000,4.540000,4.550000,4.550000,13700
2019-04-25,4.550000,4.680000,4.520000,4.610000,4.610000,3800
2019-04-26,4.590000,4.650000,4.400000,4.500000,4.500000,18000
2019-04-29,4.550000,4.550000,4.400000,4.430000,4.430000,9000
2019-04-30,4.450000,4.730000,4.400000,4.690000,4.690000,36100
2019-05-01,4.720000,4.900000,4.510000,4.700000,4.700000,46000
2019-05-02,4.700000,4.750000,4.400000,4.750000,4.750000,26200
2019-05-03,4.700000,4.800000,4.500000,4.740000,4.740000,19700
2019-05-06,4.620000,4.720000,4.440000,4.570000,4.570000,63800
2019-05-07,4.490000,4.530000,4.480000,4.500000,4.500000,16100
2019-05-08,4.500000,4.570000,4.450000,4.500000,4.500000,17200
2019-05-09,4.500000,4.710000,4.480000,4.500000,4.500000,34600
2019-05-10,4.500000,4.680000,4.400000,4.450000,4.450000,8400
2019-05-13,4.570000,4.700000,4.460000,4.530000,4.530000,43400
2019-05-14,4.420000,4.500000,4.420000,4.500000,4.500000,25800
2019-05-15,4.500000,4.580000,4.420000,4.500000,4.500000,15200
2019-05-16,4.590000,4.650000,4.450000,4.610000,4.610000,30400
2019-05-17,4.520000,4.570000,4.470000,4.490000,4.490000,12800
2019-05-20,4.510000,4.600000,4.400000,4.500000,4.500000,27900
2019-05-21,4.500000,4.540000,4.400000,4.450000,4.450000,25300
2019-05-22,4.410000,4.500000,4.380000,4.380000,4.380000,24200
2019-05-23,4.430000,4.500000,4.230000,4.400000,4.400000,37400
2019-05-24,4.400000,4.400000,4.240000,4.350000,4.350000,15800
2019-05-28,4.310000,4.330000,4.250000,4.320000,4.320000,9600
2019-05-29,4.370000,4.370000,4.270000,4.340000,4.340000,16600
2019-05-30,4.330000,4.560000,4.280000,4.340000,4.340000,8200
2019-05-31,4.300000,4.300000,4.220000,4.300000,4.300000,38100
2019-06-03,4.310000,4.310000,3.940000,3.990000,3.990000,53100
2019-06-04,3.910000,4.010000,3.780000,3.860000,3.860000,43800
2019-06-05,3.990000,4.250000,3.820000,4.100000,4.100000,23900
2019-06-06,4.130000,4.600000,3.830000,3.870000,3.870000,50500
2019-06-07,3.880000,4.240000,3.880000,4.010000,4.010000,35000
2019-06-10,4.140000,4.150000,4.030000,4.150000,4.150000,11100
2019-06-11,4.150000,4.250000,3.920000,4.090000,4.090000,9600
2019-06-12,4.190000,4.270000,4.100000,4.240000,4.240000,9700
2019-06-13,4.290000,4.600000,4.170000,4.370000,4.370000,135100
2019-06-14,4.210000,4.300000,4.210000,4.290000,4.290000,7800
2019-06-17,4.600000,4.600000,4.090000,4.330000,4.330000,158000
2019-06-18,4.400000,4.440000,4.220000,4.240000,4.240000,34200
2019-06-19,4.210000,4.300000,4.080000,4.080000,4.080000,35300
2019-06-20,4.080000,4.130000,4.010000,4.110000,4.110000,4700
2019-06-21,4.050000,4.500000,4.050000,4.500000,4.500000,44300
2019-06-24,4.500000,4.620000,4.300000,4.330000,4.330000,49400
2019-06-25,4.330000,4.390000,4.270000,4.270000,4.270000,13700
2019-06-26,4.270000,4.560000,4.220000,4.400000,4.400000,44800
2019-06-27,4.450000,4.570000,4.250000,4.350000,4.350000,53600
2019-06-28,4.300000,4.570000,4.300000,4.450000,4.450000,65200
2019-07-01,4.570000,4.570000,4.220000,4.250000,4.250000,30200
2019-07-02,4.340000,4.390000,4.200000,4.200000,4.200000,7000
2019-07-03,4.230000,4.460000,4.210000,4.220000,4.220000,3200
2019-07-05,4.400000,4.410000,4.200000,4.230000,4.230000,10600
2019-07-08,4.150000,4.380000,4.140000,4.380000,4.380000,3300
2019-07-09,4.270000,4.300000,4.180000,4.280000,4.280000,7000
2019-07-10,4.260000,4.460000,4.260000,4.390000,4.390000,4400
2019-07-11,4.390000,4.390000,4.180000,4.280000,4.280000,18600
2019-07-12,4.340000,4.340000,4.180000,4.180000,4.180000,8400
2019-07-15,4.220000,4.280000,4.220000,4.260000,4.260000,17700
2019-07-16,4.250000,4.650000,4.250000,4.590000,4.590000,95500
2019-07-17,4.600000,4.690000,4.500000,4.650000,4.650000,22800
2019-07-18,4.650000,4.660000,4.520000,4.660000,4.660000,12300
2019-07-19,4.700000,4.700000,4.320000,4.320000,4.320000,13000
2019-07-22,4.370000,4.610000,4.250000,4.370000,4.370000,14800
2019-07-23,4.340000,4.640000,4.310000,4.640000,4.640000,8100
2019-07-24,4.420000,4.630000,4.420000,4.630000,4.630000,5600
2019-07-25,4.620000,4.650000,4.340000,4.550000,4.550000,4600
2019-07-26,4.640000,4.640000,4.420000,4.590000,4.590000,5700
2019-07-29,4.570000,4.650000,4.510000,4.510000,4.510000,6200
2019-07-30,4.470000,4.650000,4.400000,4.650000,4.650000,25600
2019-07-31,4.710000,4.790000,4.590000,4.660000,4.660000,11800
2019-08-01,4.630000,4.780000,4.530000,4.530000,4.530000,5800
2019-08-02,4.570000,4.640000,4.370000,4.640000,4.640000,3500
2019-08-05,4.590000,4.840000,4.560000,4.680000,4.680000,31000
2019-08-06,4.610000,4.900000,4.550000,4.650000,4.650000,31100
2019-08-07,4.600000,4.900000,4.600000,4.750000,4.750000,11700
2019-08-08,4.700000,4.700000,4.630000,4.670000,4.670000,5200
2019-08-09,4.640000,4.850000,4.630000,4.850000,4.850000,7200
2019-08-12,5.000000,5.000000,4.610000,4.800000,4.800000,41500
2019-08-13,4.930000,4.930000,4.390000,4.660000,4.660000,19400
2019-08-14,4.710000,4.790000,4.460000,4.550000,4.550000,23500
2019-08-15,4.660000,4.660000,4.400000,4.500000,4.500000,17100
2019-08-16,4.480000,4.500000,4.400000,4.500000,4.500000,6600
2019-08-19,4.550000,4.570000,4.310000,4.540000,4.540000,12600
2019-08-20,4.460000,4.490000,4.280000,4.330000,4.330000,13300
2019-08-21,4.500000,4.500000,4.330000,4.500000,4.500000,5500
2019-08-22,4.500000,4.550000,4.270000,4.550000,4.550000,11600
2019-08-23,4.470000,4.540000,4.370000,4.440000,4.440000,4200
2019-08-26,4.520000,4.550000,4.500000,4.550000,4.550000,5500
2019-08-27,4.530000,4.530000,4.450000,4.480000,4.480000,39800
2019-08-28,4.520000,4.560000,4.500000,4.540000,4.540000,64000
2019-08-29,4.590000,4.650000,4.470000,4.490000,4.490000,28100
2019-08-30,4.500000,4.550000,4.340000,4.550000,4.550000,11400
2019-09-03,4.550000,4.550000,4.440000,4.450000,4.450000,8600
2019-09-04,4.480000,4.480000,4.260000,4.260000,4.260000,14500
2019-09-05,4.270000,4.450000,4.160000,4.240000,4.240000,53000
2019-09-06,4.210000,4.520000,4.210000,4.520000,4.520000,15600
2019-09-09,4.530000,4.590000,4.410000,4.440000,4.440000,9400
2019-09-10,4.600000,4.650000,4.410000,4.650000,4.650000,41200
2019-09-11,4.710000,4.720000,4.530000,4.620000,4.620000,9100
2019-09-12,4.630000,4.630000,4.400000,4.600000,4.600000,29200
2019-09-13,4.530000,4.610000,4.430000,4.540000,4.540000,73300
2019-09-16,4.580000,4.580000,4.450000,4.480000,4.480000,15300
2019-09-17,4.450000,4.680000,4.260000,4.320000,4.320000,42300
2019-09-18,4.400000,4.420000,4.130000,4.220000,4.220000,31200
2019-09-19,4.320000,4.350000,4.100000,4.240000,4.240000,8000
2019-09-20,4.210000,4.420000,4.140000,4.320000,4.320000,46200
2019-09-23,4.320000,4.430000,4.110000,4.200000,4.200000,89600
2019-09-24,4.160000,4.320000,4.100000,4.320000,4.320000,20300
2019-09-25,4.260000,4.360000,4.150000,4.200000,4.200000,66500
2019-09-26,4.350000,4.460000,4.160000,4.190000,4.190000,28700
2019-09-27,4.320000,4.450000,4.160000,4.210000,4.210000,11700
2019-09-30,4.370000,4.480000,4.180000,4.470000,4.470000,26000
2019-10-01,4.380000,4.450000,4.060000,4.090000,4.090000,38100
2019-10-02,4.100000,4.150000,4.010000,4.050000,4.050000,16600
2019-10-03,3.880000,4.090000,3.800000,3.900000,3.900000,33800
2019-10-04,3.930000,3.930000,3.660000,3.680000,3.680000,47400
2019-10-07,3.700000,3.990000,3.700000,3.860000,3.860000,32800
2019-10-08,3.860000,4.000000,3.800000,3.810000,3.810000,50800
2019-10-09,3.750000,3.780000,3.650000,3.710000,3.710000,9700
2019-10-10,3.770000,3.850000,3.590000,3.590000,3.590000,47300
2019-10-11,3.660000,3.820000,3.660000,3.670000,3.670000,31800
2019-10-14,3.700000,3.740000,3.580000,3.580000,3.580000,12700
2019-10-15,3.680000,3.680000,3.520000,3.550000,3.550000,18000
2019-10-16,3.500000,3.780000,3.500000,3.740000,3.740000,15800
2019-10-17,3.720000,3.810000,3.700000,3.710000,3.710000,21100
2019-10-18,3.750000,3.850000,3.660000,3.830000,3.830000,39600
2019-10-21,3.700000,3.850000,3.600000,3.600000,3.600000,34200
2019-10-22,3.580000,3.720000,3.510000,3.680000,3.680000,10400
2019-10-23,3.650000,3.670000,3.460000,3.520000,3.520000,20600
2019-10-24,3.600000,3.600000,3.420000,3.520000,3.520000,11300
2019-10-25,3.550000,3.630000,3.470000,3.540000,3.540000,31600
2019-10-28,3.560000,3.570000,3.330000,3.460000,3.460000,44600
2019-10-29,3.490000,3.490000,2.770000,2.980000,2.980000,83000
2019-10-30,2.980000,3.390000,2.980000,3.180000,3.180000,66200
2019-10-31,3.040000,3.390000,2.970000,3.160000,3.160000,28200
2019-11-01,3.280000,3.320000,3.000000,3.110000,3.110000,20500
2019-11-04,3.100000,3.300000,3.010000,3.190000,3.190000,51800
2019-11-05,3.100000,3.390000,3.100000,3.390000,3.390000,20600
2019-11-06,3.450000,3.500000,3.340000,3.480000,3.480000,8100
2019-11-07,3.480000,3.480000,3.350000,3.480000,3.480000,9000
2019-11-08,3.380000,3.840000,3.350000,3.600000,3.600000,80500
2019-11-11,3.600000,3.600000,3.390000,3.500000,3.500000,26900
2019-11-12,3.350000,3.440000,3.250000,3.280000,3.280000,16600
2019-11-13,3.350000,3.380000,3.200000,3.370000,3.370000,32300
2019-11-14,3.380000,3.380000,2.920000,3.000000,3.000000,41200
2019-11-15,3.110000,3.430000,3.100000,3.420000,3.420000,15500
2019-11-18,3.350000,3.350000,3.200000,3.250000,3.250000,28100
2019-11-19,3.190000,3.400000,3.130000,3.360000,3.360000,22900
2019-11-20,3.380000,3.400000,3.260000,3.260000,3.260000,14900
2019-11-21,3.380000,3.380000,3.180000,3.350000,3.350000,7200
2019-11-22,3.200000,3.200000,3.120000,3.190000,3.190000,9700
2019-11-25,3.210000,3.350000,2.960000,3.140000,3.140000,93600
2019-11-26,3.100000,3.250000,2.860000,2.920000,2.920000,65500
2019-11-27,2.980000,3.200000,2.880000,2.980000,2.980000,58500
2019-11-29,3.080000,3.100000,2.980000,3.100000,3.100000,22800
2019-12-02,3.200000,3.200000,2.880000,3.120000,3.120000,30800
2019-12-03,3.190000,3.190000,2.590000,2.910000,2.910000,69600
2019-12-04,2.820000,2.880000,2.750000,2.850000,2.850000,44200
2019-12-05,2.800000,2.810000,2.580000,2.610000,2.610000,130500
2019-12-06,2.590000,2.770000,2.590000,2.720000,2.720000,84200
2019-12-09,2.700000,2.710000,2.400000,2.600000,2.600000,101500
2019-12-10,2.600000,2.650000,2.350000,2.650000,2.650000,125600
2019-12-11,2.650000,2.790000,2.510000,2.670000,2.670000,91200
2019-12-12,2.730000,2.990000,2.650000,2.800000,2.800000,72200
2019-12-13,2.800000,2.850000,2.700000,2.850000,2.850000,26400
2019-12-16,2.850000,3.290000,2.850000,3.140000,3.140000,91800
2019-12-17,3.130000,3.390000,2.890000,2.990000,2.990000,58300
2019-12-18,2.960000,3.290000,2.870000,2.990000,2.990000,49600
2019-12-19,2.900000,3.340000,2.810000,2.950000,2.950000,30400
2019-12-20,3.020000,3.110000,2.900000,3.110000,3.110000,102500
2019-12-23,3.100000,3.190000,3.020000,3.100000,3.100000,78900
2019-12-24,3.060000,3.180000,2.910000,3.070000,3.070000,22900
2019-12-26,3.000000,3.070000,2.900000,2.910000,2.910000,35500
2019-12-27,2.990000,3.770000,2.990000,3.750000,3.750000,187700
2019-12-30,3.720000,4.330000,3.720000,4.180000,4.180000,174600
2019-12-31,4.440000,4.900000,4.200000,4.660000,4.660000,166100
2020-01-02,4.810000,4.900000,4.170000,4.500000,4.500000,100500
2020-01-03,4.700000,4.910000,4.620000,4.870000,4.870000,54500
2020-01-06,4.870000,5.240000,4.770000,5.140000,5.140000,117900
2020-01-07,5.100000,5.600000,5.100000,5.100000,5.100000,53000
2020-01-08,5.040000,5.060000,4.750000,4.850000,4.850000,38200
2020-01-09,4.750000,4.750000,4.550000,4.700000,4.700000,30200
2020-01-10,4.600000,4.600000,4.340000,4.520000,4.520000,68200
2020-01-13,4.420000,4.450000,4.140000,4.240000,4.240000,32500
2020-01-14,4.170000,5.000000,4.070000,4.690000,4.690000,30500
2020-01-15,4.600000,4.980000,4.600000,4.970000,4.970000,27000
2020-01-16,4.980000,5.200000,4.980000,5.020000,5.020000,32100
2020-01-17,5.200000,5.550000,5.200000,5.400000,5.400000,113200
2020-01-21,5.390000,5.390000,5.000000,5.090000,5.090000,86500
2020-01-22,4.920000,5.140000,4.740000,5.100000,5.100000,26100
2020-01-23,5.100000,5.100000,4.700000,4.730000,4.730000,63700
2020-01-24,4.690000,5.000000,4.600000,4.900000,4.900000,25500
2020-01-27,4.900000,4.900000,4.770000,4.800000,4.800000,8900
2020-01-28,4.800000,4.830000,4.620000,4.830000,4.830000,18400
2020-01-29,4.900000,5.400000,4.900000,5.240000,5.240000,49900
2020-01-30,5.270000,5.350000,5.040000,5.060000,5.060000,35200
2020-01-31,4.980000,5.210000,4.980000,5.180000,5.180000,17000
2020-02-03,6.180000,6.490000,5.310000,5.440000,5.440000,474400
2020-02-04,5.440000,5.470000,4.910000,5.070000,5.070000,93100
2020-02-05,4.970000,5.090000,4.710000,4.890000,4.890000,53200
2020-02-06,4.890000,5.250000,4.800000,5.070000,5.070000,52900
2020-02-07,5.000000,5.000000,4.880000,4.950000,4.950000,14700
2020-02-10,4.950000,4.980000,4.850000,4.940000,4.940000,16000
2020-02-11,4.880000,5.380000,4.800000,5.050000,5.050000,203000
2020-02-12,5.130000,5.130000,4.820000,5.000000,5.000000,27800
2020-02-13,5.000000,5.140000,4.970000,5.110000,5.110000,88200
2020-02-14,5.090000,5.090000,4.860000,4.880000,4.880000,17800
2020-02-18,4.840000,4.950000,4.750000,4.770000,4.770000,19000
2020-02-19,4.750000,4.860000,4.620000,4.840000,4.840000,31500
2020-02-20,4.870000,4.870000,4.500000,4.850000,4.850000,30200
2020-02-21,4.870000,4.870000,4.550000,4.550000,4.550000,36000
2020-02-24,4.400000,4.510000,4.190000,4.440000,4.440000,53700
2020-02-25,4.410000,4.440000,4.200000,4.220000,4.220000,32500
2020-02-26,4.220000,4.400000,4.180000,4.340000,4.340000,36700
2020-02-27,4.280000,4.300000,4.120000,4.120000,4.120000,36100
2020-02-28,4.110000,4.320000,4.110000,4.320000,4.320000,23900
2020-03-02,4.250000,4.350000,4.110000,4.200000,4.200000,15900
2020-03-03,4.200000,4.340000,4.200000,4.290000,4.290000,29000
2020-03-04,4.230000,4.330000,4.210000,4.250000,4.250000,20700
2020-03-05,4.250000,4.450000,4.240000,4.290000,4.290000,67500
2020-03-06,4.300000,4.300000,4.020000,4.020000,4.020000,52400
2020-03-09,4.000000,4.000000,3.570000,3.700000,3.700000,53900
2020-03-10,4.200000,4.200000,3.630000,3.730000,3.730000,22300
2020-03-11,3.710000,3.900000,3.640000,3.860000,3.860000,35600
2020-03-12,3.800000,3.800000,3.160000,3.280000,3.280000,49900
2020-03-13,3.430000,3.900000,3.430000,3.460000,3.460000,17800
2020-03-16,3.170000,3.820000,3.170000,3.250000,3.250000,15400
2020-03-17,3.120000,3.330000,3.050000,3.070000,3.070000,30600
2020-03-18,3.210000,3.250000,2.800000,2.940000,2.940000,38800
2020-03-19,2.990000,3.180000,2.800000,2.990000,2.990000,39100
2020-03-20,3.230000,3.280000,2.990000,2.990000,2.990000,15400
2020-03-23,2.970000,2.970000,2.760000,2.760000,2.760000,13300
2020-03-24,2.990000,3.110000,2.990000,3.100000,3.100000,30800
2020-03-25,3.050000,3.260000,3.050000,3.110000,3.110000,16000
2020-03-26,3.210000,3.400000,3.210000,3.400000,3.400000,31500
2020-03-27,3.360000,3.400000,3.120000,3.300000,3.300000,7300
2020-03-30,3.400000,3.400000,3.310000,3.310000,3.310000,21300
2020-03-31,3.450000,4.010000,3.320000,3.800000,3.800000,51300
2020-04-01,3.920000,3.920000,3.340000,3.600000,3.600000,19000
2020-04-02,3.790000,4.460000,3.790000,4.390000,4.390000,55700
2020-04-03,4.650000,4.650000,3.610000,3.970000,3.970000,28100
2020-04-06,3.960000,4.050000,3.820000,3.820000,3.820000,14000
2020-04-07,3.780000,4.430000,3.610000,4.160000,4.160000,17700
2020-04-08,4.250000,4.840000,3.780000,4.200000,4.200000,114300
2020-04-09,4.450000,4.500000,4.190000,4.490000,4.490000,31100
2020-04-13,4.430000,4.490000,4.110000,4.370000,4.370000,23000
2020-04-14,4.300000,5.000000,4.290000,4.990000,4.990000,141900
2020-04-15,4.980000,4.980000,4.510000,4.970000,4.970000,61800
2020-04-16,4.950000,4.950000,4.700000,4.700000,4.700000,28000
2020-04-17,4.700000,4.880000,4.700000,4.850000,4.850000,60900
2020-04-20,4.800000,5.100000,4.690000,5.020000,5.020000,49900
2020-04-21,4.910000,5.000000,4.780000,4.800000,4.800000,37300
2020-04-22,4.750000,5.030000,4.740000,5.020000,5.020000,39300
2020-04-23,5.000000,5.250000,4.930000,5.220000,5.220000,125000
2020-04-24,5.160000,5.280000,5.050000,5.100000,5.100000,95900
2020-04-27,5.100000,5.200000,5.000000,5.150000,5.150000,76800
2020-04-28,5.290000,5.420000,5.210000,5.290000,5.290000,91300
2020-04-29,5.450000,5.470000,5.300000,5.350000,5.350000,33300
2020-04-30,5.020000,5.340000,5.010000,5.020000,5.020000,48400
2020-05-01,5.010000,5.010000,4.750000,4.990000,4.990000,53700
2020-05-04,5.010000,5.350000,4.750000,5.350000,5.350000,34900
2020-05-05,5.350000,5.490000,5.310000,5.420000,5.420000,50700
2020-05-06,5.390000,5.620000,5.380000,5.450000,5.450000,105900
2020-05-07,5.700000,6.000000,5.500000,5.810000,5.810000,242300
2020-05-08,5.900000,6.140000,5.680000,6.110000,6.110000,89500
2020-05-11,6.100000,6.100000,5.670000,5.930000,5.930000,211000
2020-05-12,5.860000,6.180000,5.830000,6.030000,6.030000,140600
2020-05-13,6.030000,8.200000,5.360000,6.750000,6.750000,1821300
2020-05-14,6.510000,6.890000,6.110000,6.700000,6.700000,193700
2020-05-15,6.980000,7.400000,6.670000,7.280000,7.280000,258800
2020-05-18,7.400000,7.400000,6.730000,6.840000,6.840000,177300
2020-05-19,6.840000,7.000000,6.330000,6.960000,6.960000,120900
2020-05-20,6.930000,7.110000,6.710000,7.030000,7.030000,77800
2020-05-21,6.910000,7.300000,6.850000,7.180000,7.180000,90200
2020-05-22,7.150000,7.440000,6.950000,7.260000,7.260000,254500
2020-05-26,7.150000,7.370000,6.870000,6.870000,6.870000,151000
2020-05-27,6.860000,7.000000,6.600000,6.880000,6.880000,88800
2020-05-28,6.920000,7.180000,6.860000,6.860000,6.860000,34500
2020-05-29,6.910000,7.290000,6.790000,7.270000,7.270000,68000
2020-06-01,7.090000,7.500000,7.030000,7.260000,7.260000,133500
2020-06-02,7.300000,7.770000,7.210000,7.680000,7.680000,109500
2020-06-03,7.710000,7.890000,7.510000,7.840000,7.840000,77400
2020-06-04,7.900000,7.900000,7.560000,7.700000,7.700000,82100
2020-06-05,7.740000,7.780000,7.160000,7.670000,7.670000,145500
2020-06-08,7.700000,7.800000,7.470000,7.500000,7.500000,106900
2020-06-09,7.500000,7.800000,7.400000,7.690000,7.690000,100300
2020-06-10,7.900000,7.950000,7.330000,7.620000,7.620000,160300
2020-06-11,7.300000,7.470000,6.100000,6.360000,6.360000,172100
2020-06-12,6.670000,6.980000,6.500000,6.620000,6.620000,145700
2020-06-15,6.260000,7.350000,6.260000,6.940000,6.940000,281200
2020-06-16,7.050000,7.130000,6.840000,6.990000,6.990000,124000
2020-06-17,6.960000,7.100000,6.680000,6.840000,6.840000,234800
2020-06-18,6.620000,7.000000,6.620000,6.940000,6.940000,178600
2020-06-19,7.000000,7.000000,6.620000,6.620000,6.620000,337400
2020-06-22,6.750000,6.950000,6.610000,6.830000,6.830000,315200
2020-06-23,6.850000,6.850000,6.640000,6.830000,6.830000,254000
2020-06-24,6.800000,6.820000,6.460000,6.600000,6.600000,163600
2020-06-25,6.640000,6.810000,6.350000,6.700000,6.700000,217100
2020-06-26,6.670000,6.690000,6.270000,6.380000,6.380000,2096900
2020-06-29,6.430000,6.430000,5.750000,6.050000,6.050000,252000
2020-06-30,6.010000,6.240000,5.800000,6.080000,6.080000,117600
2020-07-01,6.090000,6.310000,5.750000,5.790000,5.790000,74200
2020-07-02,5.850000,6.160000,5.810000,5.900000,5.900000,109600
2020-07-06,6.010000,6.140000,5.740000,5.940000,5.940000,89100
2020-07-07,5.880000,6.000000,5.640000,5.950000,5.950000,74100
2020-07-08,5.950000,6.040000,5.740000,5.970000,5.970000,85100
2020-07-09,6.000000,6.380000,5.620000,5.670000,5.670000,98300
2020-07-10,5.700000,5.770000,5.550000,5.760000,5.760000,57500
2020-07-13,6.240000,6.280000,5.530000,5.640000,5.640000,111100
2020-07-14,5.660000,5.810000,5.530000,5.810000,5.810000,35000
2020-07-15,5.900000,6.150000,5.780000,5.990000,5.990000,111000
2020-07-16,6.000000,6.050000,5.740000,5.780000,5.780000,42500
2020-07-17,5.810000,6.090000,5.800000,5.940000,5.940000,36800
2020-07-20,5.950000,6.000000,5.850000,5.950000,5.950000,31600
2020-07-21,6.000000,6.000000,5.750000,5.790000,5.790000,38900
2020-07-22,5.770000,5.830000,5.350000,5.640000,5.640000,78500
2020-07-23,5.620000,5.750000,5.440000,5.640000,5.640000,58200
2020-07-24,5.600000,5.740000,5.370000,5.550000,5.550000,70000
2020-07-27,5.570000,5.750000,5.340000,5.750000,5.750000,62200
2020-07-28,5.690000,5.720000,5.410000,5.490000,5.490000,58200
2020-07-29,5.510000,5.550000,5.280000,5.520000,5.520000,75100
2020-07-30,5.440000,5.780000,5.170000,5.520000,5.520000,54400
2020-07-31,5.510000,5.610000,5.330000,5.520000,5.520000,63100
2020-08-03,5.500000,5.700000,5.370000,5.400000,5.400000,45700
2020-08-04,5.410000,5.520000,5.260000,5.450000,5.450000,62400
2020-08-05,5.540000,5.620000,5.460000,5.560000,5.560000,24700
2020-08-06,5.590000,5.600000,5.360000,5.460000,5.460000,22700
2020-08-07,5.460000,5.700000,5.380000,5.600000,5.600000,27700
2020-08-10,5.720000,5.830000,5.630000,5.740000,5.740000,30100
2020-08-11,5.660000,5.780000,5.480000,5.600000,5.600000,58900
2020-08-12,5.680000,5.790000,5.570000,5.740000,5.740000,58200
2020-08-13,5.750000,5.820000,5.660000,5.710000,5.710000,24800
2020-08-14,5.680000,5.750000,5.540000,5.680000,5.680000,25000
2020-08-17,5.700000,6.020000,5.640000,5.970000,5.970000,43700
2020-08-18,6.050000,6.100000,5.820000,5.950000,5.950000,36500
2020-08-19,5.950000,5.980000,5.620000,5.690000,5.690000,22400
2020-08-20,5.700000,6.100000,5.410000,5.650000,5.650000,58700
2020-08-21,5.580000,5.650000,5.210000,5.320000,5.320000,67000
2020-08-24,5.360000,5.480000,5.100000,5.180000,5.180000,42500
2020-08-25,5.220000,5.610000,5.120000,5.440000,5.440000,17000
2020-08-26,5.400000,5.500000,5.310000,5.390000,5.390000,42600
2020-08-27,5.340000,5.470000,5.140000,5.220000,5.220000,68400
2020-08-28,5.130000,5.300000,5.090000,5.240000,5.240000,40400
2020-08-31,5.260000,5.440000,5.140000,5.270000,5.270000,74000
2020-09-01,5.270000,5.350000,5.040000,5.150000,5.150000,30300
2020-09-02,5.090000,5.150000,5.010000,5.100000,5.100000,59900
2020-09-03,5.060000,5.100000,4.760000,4.920000,4.920000,43000
2020-09-04,4.970000,5.120000,4.620000,4.970000,4.970000,36800
2020-09-08,4.960000,5.110000,4.910000,4.960000,4.960000,24900
2020-09-09,5.060000,5.130000,4.970000,4.970000,4.970000,33500
2020-09-10,4.920000,4.980000,4.800000,4.850000,4.850000,27400
2020-09-11,4.920000,5.090000,4.850000,4.950000,4.950000,23600
2020-09-14,4.950000,5.110000,4.850000,5.010000,5.010000,36500
2020-09-15,5.030000,5.050000,4.880000,4.960000,4.960000,17900
2020-09-16,4.960000,4.960000,4.700000,4.750000,4.750000,49400
2020-09-17,4.650000,4.890000,4.630000,4.790000,4.790000,30400
2020-09-18,4.800000,5.640000,4.620000,5.360000,5.360000,316500
2020-09-21,5.260000,6.080000,4.870000,4.950000,4.950000,90600
2020-09-22,4.960000,5.260000,4.960000,5.020000,5.020000,48300
2020-09-23,5.080000,5.490000,4.720000,4.770000,4.770000,33100
2020-09-24,4.790000,5.210000,4.650000,4.780000,4.780000,68100
2020-09-25,5.020000,5.110000,4.760000,5.000000,5.000000,35500
2020-09-28,5.030000,5.130000,4.880000,4.990000,4.990000,21500
2020-09-29,5.340000,5.340000,4.820000,4.980000,4.980000,57600
2020-09-30,4.950000,5.240000,4.950000,5.040000,5.040000,39100
2020-10-01,4.960000,5.110000,4.890000,4.990000,4.990000,45800
2020-10-02,4.920000,5.090000,4.810000,5.030000,5.030000,58600
2020-10-05,5.030000,5.400000,5.030000,5.220000,5.220000,64500
2020-10-06,5.220000,5.410000,5.030000,5.030000,5.030000,26300
2020-10-07,5.120000,5.150000,5.070000,5.150000,5.150000,21800
2020-10-08,5.170000,5.360000,5.110000,5.270000,5.270000,25700
2020-10-09,5.330000,5.820000,5.240000,5.630000,5.630000,74700
2020-10-12,5.600000,5.600000,5.450000,5.530000,5.530000,15200
2020-10-13,5.470000,5.470000,5.240000,5.410000,5.410000,21600
2020-10-14,5.470000,5.470000,5.230000,5.260000,5.260000,17900
2020-10-15,5.190000,5.250000,5.050000,5.200000,5.200000,11900
2020-10-16,5.140000,5.270000,4.840000,4.940000,4.940000,243600
2020-10-19,4.990000,5.230000,4.940000,4.970000,4.970000,16900
2020-10-20,5.060000,5.060000,4.950000,5.040000,5.040000,17300
2020-10-21,5.040000,5.040000,4.810000,4.990000,4.990000,27900
2020-10-22,5.000000,5.130000,4.940000,4.980000,4.980000,33100
2020-10-23,4.960000,5.050000,4.960000,4.990000,4.990000,12100
2020-10-26,5.000000,5.050000,4.830000,4.920000,4.920000,21300
2020-10-27,4.880000,4.880000,4.680000,4.680000,4.680000,23200
2020-10-28,4.600000,4.640000,4.450000,4.470000,4.470000,49100
2020-10-29,4.460000,4.700000,4.360000,4.660000,4.660000,30500
2020-10-30,4.650000,4.650000,4.480000,4.530000,4.530000,16300
2020-11-02,4.590000,4.640000,4.480000,4.560000,4.560000,17800
2020-11-03,4.660000,4.770000,4.590000,4.760000,4.760000,32100
2020-11-04,4.680000,4.760000,4.640000,4.710000,4.710000,5900
2020-11-05,4.720000,4.760000,4.300000,4.650000,4.650000,20400
2020-11-06,4.710000,4.710000,4.490000,4.490000,4.490000,22500
2020-11-09,4.930000,5.030000,4.620000,4.620000,4.620000,40700
2020-11-10,4.690000,4.950000,4.690000,4.880000,4.880000,47500
2020-11-11,4.880000,4.910000,4.780000,4.910000,4.910000,14400
2020-11-12,4.840000,4.970000,4.720000,4.880000,4.880000,26100
2020-11-13,4.960000,5.100000,4.800000,4.860000,4.860000,37000
2020-11-16,4.910000,5.180000,4.890000,5.010000,5.010000,48900
2020-11-17,4.900000,5.150000,4.870000,4.950000,4.950000,79400
2020-11-18,4.890000,5.010000,4.730000,4.730000,4.730000,28000
2020-11-19,4.640000,4.770000,4.540000,4.700000,4.700000,20700
2020-11-20,4.610000,4.790000,4.550000,4.730000,4.730000,21300
2020-11-23,4.750000,4.890000,4.540000,4.770000,4.770000,42700
2020-11-24,4.920000,4.970000,4.570000,4.900000,4.900000,51100
2020-11-25,4.830000,4.980000,4.700000,4.860000,4.860000,17100
2020-11-27,4.930000,4.990000,4.880000,4.950000,4.950000,13100
2020-11-30,4.950000,4.950000,4.790000,4.860000,4.860000,33400
2020-12-01,4.870000,4.940000,4.570000,4.620000,4.620000,41400
2020-12-02,4.570000,4.630000,4.400000,4.400000,4.400000,23500
2020-12-03,4.460000,4.600000,4.430000,4.480000,4.480000,37100
2020-12-04,4.510000,4.650000,4.440000,4.570000,4.570000,40700
2020-12-07,4.560000,4.580000,4.410000,4.430000,4.430000,57800
2020-12-08,4.400000,4.600000,4.310000,4.560000,4.560000,65100
2020-12-09,4.590000,4.700000,4.320000,4.440000,4.440000,148100
2020-12-10,4.370000,4.590000,4.370000,4.480000,4.480000,33100
2020-12-11,4.490000,4.990000,4.490000,4.880000,4.880000,66200
2020-12-14,4.880000,5.170000,4.680000,4.720000,4.720000,66200
2020-12-15,4.790000,4.970000,4.620000,4.760000,4.760000,29100
2020-12-16,4.740000,4.850000,4.600000,4.600000,4.600000,40400
2020-12-17,4.650000,4.840000,4.460000,4.710000,4.710000,154000
2020-12-18,4.650000,4.780000,4.500000,4.500000,4.500000,213400
2020-12-21,4.490000,4.700000,4.430000,4.600000,4.600000,53400
2020-12-22,4.620000,4.980000,4.620000,4.720000,4.720000,110000
2020-12-23,4.810000,4.970000,4.750000,4.850000,4.850000,87000
2020-12-24,4.810000,4.940000,4.800000,4.850000,4.850000,15500
2020-12-28,4.850000,4.850000,4.660000,4.730000,4.730000,30600
2020-12-29,4.820000,4.860000,4.660000,4.730000,4.730000,48100
2020-12-30,4.730000,4.730000,4.450000,4.550000,4.550000,117000
2020-12-31,4.510000,4.660000,4.400000,4.500000,4.500000,111200
2021-01-04,4.510000,5.040000,4.410000,4.770000,4.770000,108200
2021-01-05,4.800000,5.110000,4.680000,4.920000,4.920000,59100
2021-01-06,5.000000,5.270000,4.970000,5.000000,5.000000,68200
2021-01-07,5.030000,5.110000,4.780000,4.890000,4.890000,107700
2021-01-08,4.870000,5.230000,4.690000,4.930000,4.930000,69500
2021-01-11,4.870000,5.170000,4.820000,5.100000,5.100000,60600
2021-01-12,5.090000,5.380000,5.050000,5.180000,5.180000,68400
2021-01-13,5.160000,5.250000,5.080000,5.140000,5.140000,186700
2021-01-14,5.170000,5.230000,4.950000,5.120000,5.120000,81500
2021-01-15,5.100000,5.300000,5.030000,5.190000,5.190000,39800
2021-01-19,5.300000,8.000000,5.300000,5.910000,5.910000,1773400
2021-01-20,6.010000,6.350000,5.260000,5.410000,5.410000,491000
2021-01-21,5.500000,6.900000,5.500000,6.330000,6.330000,339300
2021-01-22,6.330000,6.580000,6.030000,6.360000,6.360000,96600
2021-01-25,6.430000,6.780000,6.200000,6.720000,6.720000,128300
2021-01-26,6.700000,7.000000,6.310000,6.690000,6.690000,218800
2021-01-27,7.000000,7.250000,6.280000,6.540000,6.540000,233800
2021-01-28,6.320000,6.680000,6.200000,6.250000,6.250000,134800
2021-01-29,6.310000,6.580000,6.020000,6.510000,6.510000,151600
2021-02-01,6.500000,6.960000,6.440000,6.800000,6.800000,91100
2021-02-02,6.890000,6.910000,6.630000,6.830000,6.830000,90900
2021-02-03,6.770000,6.990000,6.710000,6.960000,6.960000,88100
2021-02-04,6.970000,7.350000,6.880000,7.120000,7.120000,104100
2021-02-05,7.120000,7.290000,6.800000,6.900000,6.900000,85600
2021-02-08,6.920000,7.230000,6.900000,6.970000,6.970000,142000
2021-02-09,7.040000,7.100000,6.660000,6.850000,6.850000,76200
2021-02-10,6.830000,7.260000,6.710000,6.730000,6.730000,94400
2021-02-11,6.770000,6.900000,6.570000,6.660000,6.660000,84200
2021-02-12,6.620000,6.710000,6.500000,6.590000,6.590000,100100
2021-02-16,7.150000,7.980000,6.990000,7.000000,7.000000,514700
2021-02-17,7.000000,7.210000,6.860000,7.020000,7.020000,228100
2021-02-18,7.020000,7.250000,6.550000,7.090000,7.090000,237100
2021-02-19,7.290000,7.290000,6.860000,6.960000,6.960000,125200
2021-02-22,7.000000,7.320000,6.850000,6.850000,6.850000,156200
2021-02-23,6.860000,7.180000,6.650000,7.000000,7.000000,178300
2021-02-24,7.000000,7.280000,6.980000,7.100000,7.100000,87200
2021-02-25,7.100000,7.190000,6.850000,6.890000,6.890000,91800
2021-02-26,7.000000,7.020000,6.650000,6.690000,6.690000,171000
2021-03-01,6.840000,7.190000,6.800000,7.050000,7.050000,104200
2021-03-02,7.010000,7.250000,7.000000,7.070000,7.070000,46600
2021-03-03,7.000000,7.210000,6.890000,7.150000,7.150000,73100
2021-03-04,7.050000,7.350000,6.980000,7.040000,7.040000,162100
2021-03-05,7.100000,7.230000,6.800000,7.170000,7.170000,150900
2021-03-08,7.230000,7.600000,7.040000,7.260000,7.260000,167900
2021-03-09,7.500000,8.180000,7.390000,7.510000,7.510000,561600
2021-03-10,7.570000,7.910000,7.570000,7.680000,7.680000,211400
2021-03-11,7.760000,8.190000,7.730000,7.980000,7.980000,346000
2021-03-12,7.990000,8.300000,7.750000,8.080000,8.080000,238100
2021-03-15,8.100000,8.150000,7.680000,7.890000,7.890000,162800
2021-03-16,7.840000,8.060000,7.520000,7.990000,7.990000,123300
2021-03-17,7.930000,7.930000,7.560000,7.860000,7.860000,113800
2021-03-18,7.740000,7.770000,7.000000,7.050000,7.050000,287200
2021-03-19,7.060000,7.190000,6.970000,7.060000,7.060000,240400
2021-03-22,7.130000,7.280000,6.780000,7.080000,7.080000,163100
2021-03-23,6.980000,7.080000,6.470000,6.520000,6.520000,146600
2021-03-24,6.630000,6.630000,6.050000,6.050000,6.050000,164400
2021-03-25,6.000000,6.060000,5.450000,5.640000,5.640000,338100
2021-03-26,5.720000,5.800000,5.450000,5.570000,5.570000,140600
2021-03-29,5.580000,5.930000,5.450000,5.480000,5.480000,171500
2021-03-30,5.530000,5.690000,5.300000,5.550000,5.550000,146700
2021-03-31,5.560000,5.790000,5.520000,5.730000,5.730000,99300
2021-04-01,5.790000,6.040000,5.710000,5.780000,5.780000,58100
2021-04-05,5.830000,6.070000,5.630000,5.880000,5.880000,108700
2021-04-06,5.880000,5.970000,5.540000,5.570000,5.570000,65200
2021-04-07,5.570000,5.700000,5.300000,5.360000,5.360000,78200
2021-04-08,5.370000,5.500000,5.290000,5.480000,5.480000,74200
2021-04-09,5.420000,5.420000,5.260000,5.330000,5.330000,89900
2021-04-12,5.350000,5.360000,5.150000,5.220000,5.220000,77900
2021-04-13,5.230000,5.470000,5.150000,5.340000,5.340000,96000
2021-04-14,5.300000,5.550000,5.200000,5.280000,5.280000,45500
2021-04-15,5.320000,5.500000,5.160000,5.200000,5.200000,63400
2021-04-16,5.260000,5.260000,5.020000,5.140000,5.140000,78400
2021-04-19,5.180000,5.300000,5.010000,5.050000,5.050000,113800
2021-04-20,5.090000,5.200000,5.010000,5.070000,5.070000,68200
2021-04-21,5.030000,5.280000,5.030000,5.210000,5.210000,80700
2021-04-22,5.270000,5.350000,5.030000,5.040000,5.040000,88300
2021-04-23,5.060000,5.260000,5.040000,5.170000,5.170000,90100
2021-04-26,5.170000,5.360000,5.010000,5.060000,5.060000,141000
2021-04-27,5.110000,5.140000,4.820000,4.920000,4.920000,189100
2021-04-28,4.960000,5.050000,4.820000,4.860000,4.860000,114300
2021-04-29,4.920000,5.050000,4.660000,4.710000,4.710000,90700
2021-04-30,4.660000,5.020000,4.610000,4.690000,4.690000,133000
2021-05-03,4.690000,4.800000,4.560000,4.620000,4.620000,82000
2021-05-04,4.610000,4.650000,4.450000,4.560000,4.560000,106200
2021-05-05,4.540000,4.660000,4.420000,4.480000,4.480000,147700
2021-05-06,5.710000,6.470000,4.410000,4.550000,4.550000,3029500
2021-05-07,5.510000,5.910000,4.910000,5.660000,5.660000,15059200
2021-05-10,5.520000,5.570000,4.810000,4.910000,4.910000,801000
2021-05-11,4.700000,4.740000,4.470000,4.530000,4.530000,522900
2021-05-12,4.500000,4.630000,4.160000,4.190000,4.190000,495200
2021-05-13,4.250000,4.620000,4.140000,4.410000,4.410000,470200
2021-05-14,4.480000,5.110000,4.420000,5.060000,5.060000,286400
2021-05-17,4.970000,5.070000,4.800000,4.860000,4.860000,151600
2021-05-18,4.880000,5.010000,4.800000,4.830000,4.830000,105600
2021-05-19,4.700000,4.890000,4.600000,4.840000,4.840000,93800
2021-05-20,4.860000,5.000000,4.770000,4.970000,4.970000,222700
2021-05-21,5.040000,5.240000,4.880000,5.170000,5.170000,300100
2021-05-24,5.210000,5.240000,4.800000,4.830000,4.830000,136800
2021-05-25,4.900000,4.900000,4.550000,4.600000,4.600000,155700
2021-05-26,4.600000,4.750000,4.480000,4.710000,4.710000,220700
2021-05-27,4.750000,4.770000,4.520000,4.640000,4.640000,140300
2021-05-28,4.730000,4.900000,4.660000,4.830000,4.830000,85800
2021-06-01,4.890000,5.010000,4.810000,4.930000,4.930000,116200
2021-06-02,4.930000,5.180000,4.900000,5.000000,5.000000,165500
2021-06-03,5.000000,5.090000,4.920000,5.090000,5.090000,136100
2021-06-04,5.110000,5.850000,5.060000,5.650000,5.650000,329900
2021-06-07,5.630000,5.630000,5.110000,5.180000,5.180000,343500
2021-06-08,5.200000,5.360000,5.000000,5.040000,5.040000,140800
2021-06-09,5.060000,5.250000,5.040000,5.120000,5.120000,101300
2021-06-10,5.190000,5.590000,5.190000,5.570000,5.570000,167300
2021-06-11,5.630000,5.630000,5.290000,5.470000,5.470000,105400
2021-06-14,5.440000,5.460000,5.210000,5.240000,5.240000,86900
2021-06-15,5.230000,5.310000,5.090000,5.190000,5.190000,147400
2021-06-16,5.160000,5.210000,4.820000,4.930000,4.930000,170200
2021-06-17,4.940000,5.090000,4.870000,4.870000,4.870000,121300
2021-06-18,4.820000,5.000000,4.730000,4.880000,4.880000,417300
2021-06-21,4.920000,5.030000,4.720000,4.720000,4.720000,163600
2021-06-22,4.760000,4.810000,4.600000,4.630000,4.630000,162700
2021-06-23,4.630000,4.970000,4.630000,4.900000,4.900000,181400
2021-06-24,4.880000,5.300000,4.810000,5.270000,5.270000,230900
2021-06-25,5.220000,5.420000,5.040000,5.380000,5.380000,2421900
2021-06-28,5.390000,5.490000,5.200000,5.320000,5.320000,79800
2021-06-29,5.320000,5.340000,5.120000,5.170000,5.170000,54500
2021-06-30,5.110000,5.200000,5.030000,5.070000,5.070000,57500
2021-07-01,5.060000,5.080000,4.900000,4.930000,4.930000,61100
2021-07-02,4.990000,5.030000,4.900000,5.000000,5.000000,61600
2021-07-06,5.060000,5.100000,4.750000,4.830000,4.830000,94500
2021-07-07,4.860000,4.870000,4.600000,4.690000,4.690000,113200
2021-07-08,4.600000,4.840000,4.590000,4.770000,4.770000,71500
2021-07-09,4.830000,4.950000,4.760000,4.890000,4.890000,65700
2021-07-12,4.940000,5.000000,4.820000,4.880000,4.880000,77700
2021-07-13,4.900000,4.990000,4.810000,4.890000,4.890000,57000
2021-07-14,4.900000,4.980000,4.720000,4.780000,4.780000,60700
2021-07-15,4.780000,4.880000,4.710000,4.800000,4.800000,31300
2021-07-16,4.900000,4.900000,4.710000,4.720000,4.720000,59500
2021-07-19,4.780000,4.810000,4.560000,4.600000,4.600000,78400
2021-07-20,4.560000,4.930000,4.560000,4.860000,4.860000,67300
2021-07-21,4.930000,5.110000,4.850000,5.070000,5.070000,56100
2021-07-22,5.070000,5.350000,4.980000,5.290000,5.290000,63800
2021-07-23,5.300000,5.300000,4.960000,5.120000,5.120000,66800
2021-07-26,5.110000,5.120000,4.880000,4.910000,4.910000,28000
2021-07-27,4.830000,4.850000,4.760000,4.780000,4.780000,30900
2021-07-28,4.900000,5.000000,4.800000,4.990000,4.990000,17800
2021-07-29,5.000000,5.030000,4.900000,4.920000,4.920000,73600
2021-07-30,4.920000,4.940000,4.850000,4.900000,4.900000,32600
2021-08-02,4.950000,5.050000,4.890000,5.020000,5.020000,48600
2021-08-03,4.990000,5.030000,4.880000,5.010000,5.010000,51600
2021-08-04,5.050000,5.150000,5.000000,5.100000,5.100000,78900
2021-08-05,5.220000,5.490000,5.170000,5.280000,5.280000,163100
2021-08-06,5.350000,5.350000,5.020000,5.280000,5.280000,49100
2021-08-09,5.220000,5.350000,5.100000,5.170000,5.170000,60000
2021-08-10,5.150000,5.170000,4.950000,5.130000,5.130000,57300
2021-08-11,5.130000,5.480000,5.040000,5.440000,5.440000,187100
2021-08-12,5.480000,5.480000,5.000000,5.160000,5.160000,99000
2021-08-13,5.130000,5.230000,5.050000,5.160000,5.160000,33200
2021-08-16,5.130000,5.210000,5.000000,5.010000,5.010000,68700
2021-08-17,5.000000,5.190000,4.910000,4.980000,4.980000,78400
2021-08-18,5.010000,5.170000,4.950000,5.070000,5.070000,16300
2021-08-19,5.090000,5.090000,4.940000,4.960000,4.960000,23300
2021-08-20,4.970000,5.140000,4.960000,5.030000,5.030000,38300
2021-08-23,5.080000,5.140000,4.960000,5.070000,5.070000,43100
2021-08-24,5.140000,5.190000,5.010000,5.140000,5.140000,41200
2021-08-25,5.150000,5.210000,5.060000,5.120000,5.120000,61700
2021-08-26,5.120000,5.200000,5.090000,5.180000,5.180000,28700
2021-08-27,5.180000,5.430000,5.130000,5.280000,5.280000,144700
2021-08-30,5.290000,5.320000,5.150000,5.200000,5.200000,42300
2021-08-31,5.160000,5.400000,5.160000,5.350000,5.350000,66400
2021-09-01,5.310000,5.400000,5.210000,5.210000,5.210000,67900
2021-09-02,5.250000,5.330000,5.110000,5.160000,5.160000,47100
2021-09-03,5.120000,5.290000,5.050000,5.100000,5.100000,31200
2021-09-07,5.080000,5.270000,5.060000,5.200000,5.200000,22700
2021-09-08,5.190000,5.210000,5.010000,5.110000,5.110000,27500
2021-09-09,5.380000,5.430000,5.100000,5.180000,5.180000,124700
2021-09-10,5.210000,5.220000,5.010000,5.060000,5.060000,32000
2021-09-13,5.040000,5.080000,5.000000,5.020000,5.020000,118300
2021-09-14,5.020000,5.100000,4.900000,4.980000,4.980000,48800
2021-09-15,5.030000,5.030000,4.900000,4.960000,4.960000,25200
2021-09-16,4.950000,5.010000,4.850000,5.010000,5.010000,15700
2021-09-17,4.980000,5.080000,4.880000,5.080000,5.080000,46800
2021-09-20,4.960000,5.180000,4.850000,4.920000,4.920000,44000
2021-09-21,4.930000,5.000000,4.870000,4.940000,4.940000,17300
2021-09-22,4.940000,5.080000,4.860000,5.080000,5.080000,35300
2021-09-23,5.050000,5.050000,4.960000,5.000000,5.000000,18800
2021-09-24,5.010000,5.050000,4.920000,4.950000,4.950000,16400
2021-09-27,4.950000,5.050000,4.890000,5.020000,5.020000,32600
2021-09-28,4.970000,5.050000,4.850000,4.880000,4.880000,20500
2021-09-29,4.910000,5.000000,4.700000,4.760000,4.760000,29000
2021-09-30,4.730000,4.950000,4.730000,4.950000,4.950000,15700
2021-10-01,5.000000,5.000000,4.760000,4.900000,4.900000,29000
2021-10-04,4.880000,4.880000,4.700000,4.700000,4.700000,59900
2021-10-05,4.720000,4.770000,4.710000,4.770000,4.770000,20700
2021-10-06,4.700000,4.970000,4.700000,4.790000,4.790000,30800
2021-10-07,4.790000,4.930000,4.790000,4.860000,4.860000,26900
2021-10-08,4.880000,4.880000,4.760000,4.850000,4.850000,36800
2021-10-11,4.820000,4.900000,4.770000,4.900000,4.900000,25300
2021-10-12,4.870000,4.900000,4.810000,4.850000,4.850000,27100
2021-10-13,4.800000,4.900000,4.790000,4.810000,4.810000,28000
2021-10-14,4.830000,4.890000,4.820000,4.850000,4.850000,18000
2021-10-15,4.860000,4.860000,4.760000,4.760000,4.760000,32400
2021-10-18,4.770000,4.850000,4.710000,4.770000,4.770000,11200
2021-10-19,4.780000,4.890000,4.780000,4.830000,4.830000,14400
2021-10-20,4.780000,4.950000,4.730000,4.810000,4.810000,95200
2021-10-21,4.750000,4.810000,4.510000,4.730000,4.730000,102200
2021-10-22,4.740000,4.740000,4.570000,4.670000,4.670000,11700
2021-10-25,4.670000,4.680000,4.520000,4.560000,4.560000,102500
2021-10-26,4.580000,4.700000,4.580000,4.700000,4.700000,15500
2021-10-27,4.700000,4.900000,4.700000,4.760000,4.760000,41700
2021-10-28,4.760000,4.880000,4.760000,4.850000,4.850000,16800
2021-10-29,4.850000,4.900000,4.810000,4.810000,4.810000,8600
2021-11-01,4.500000,4.810000,4.480000,4.610000,4.610000,97200
2021-11-02,4.580000,4.790000,4.580000,4.780000,4.780000,32000
2021-11-03,4.780000,5.000000,4.750000,4.790000,4.790000,34400
2021-11-04,5.030000,5.200000,4.560000,4.620000,4.620000,317000
2021-11-05,4.620000,4.740000,4.470000,4.470000,4.470000,151000
2021-11-08,4.490000,4.560000,4.320000,4.380000,4.380000,137200
2021-11-09,4.340000,4.400000,4.080000,4.080000,4.080000,166200
2021-11-10,4.080000,4.270000,4.080000,4.180000,4.180000,73100
2021-11-11,4.220000,4.220000,4.030000,4.050000,4.050000,54900
2021-11-12,4.120000,4.280000,4.080000,4.230000,4.230000,85200
2021-11-15,4.210000,4.230000,4.050000,4.060000,4.060000,89200
2021-11-16,4.090000,4.100000,3.800000,3.870000,3.870000,73900
2021-11-17,3.830000,3.880000,3.720000,3.760000,3.760000,75000
2021-11-18,3.760000,3.980000,3.510000,3.540000,3.540000,83700
2021-11-19,3.510000,3.760000,3.510000,3.550000,3.550000,75800
2021-11-22,3.620000,3.710000,3.400000,3.400000,3.400000,93400
2021-11-23,3.410000,3.520000,3.410000,3.460000,3.460000,66300
2021-11-24,3.460000,3.530000,3.460000,3.480000,3.480000,40400
2021-11-26,3.480000,3.620000,3.420000,3.430000,3.430000,103500
2021-11-29,3.680000,3.790000,3.430000,3.450000,3.450000,133300
2021-11-30,3.490000,3.530000,2.970000,3.100000,3.100000,286400
2021-12-01,3.110000,3.260000,3.090000,3.110000,3.110000,59900
2021-12-02,3.150000,3.150000,3.020000,3.110000,3.110000,59400
2021-12-03,3.110000,3.110000,2.880000,2.890000,2.890000,65400
2021-12-06,2.960000,3.180000,2.880000,3.150000,3.150000,134600
2021-12-07,3.140000,3.410000,3.070000,3.320000,3.320000,49700
2021-12-08,3.370000,3.380000,3.210000,3.370000,3.370000,88800
2021-12-09,3.400000,3.470000,3.240000,3.330000,3.330000,48600
2021-12-10,3.330000,3.440000,3.300000,3.400000,3.400000,75200
2021-12-13,3.400000,3.430000,2.940000,3.030000,3.030000,176800
2021-12-14,2.980000,3.050000,2.900000,2.910000,2.910000,81600
2021-12-15,2.920000,2.980000,2.800000,2.960000,2.960000,95500
2021-12-16,3.020000,3.020000,2.830000,2.890000,2.890000,71600
2021-12-17,2.850000,3.190000,2.850000,3.190000,3.190000,73000
2021-12-20,3.230000,3.230000,2.930000,3.000000,3.000000,55200
2021-12-21,3.000000,3.050000,2.970000,3.030000,3.030000,83300
2021-12-22,3.090000,3.120000,2.970000,3.010000,3.010000,75100
2021-12-23,3.000000,3.050000,2.970000,3.020000,3.020000,23600
2021-12-27,3.040000,3.120000,2.850000,2.880000,2.880000,54900
2021-12-28,2.880000,2.940000,2.690000,2.770000,2.770000,221100
2021-12-29,2.720000,2.770000,2.590000,2.610000,2.610000,184000
2021-12-30,2.560000,2.810000,2.560000,2.750000,2.750000,204300
2021-12-31,2.800000,2.930000,2.770000,2.880000,2.880000,98500
2022-01-03,2.930000,3.050000,2.880000,3.030000,3.030000,45800
2022-01-04,3.100000,3.160000,2.870000,2.900000,2.900000,30900
2022-01-05,2.880000,2.880000,2.600000,2.600000,2.600000,60500
2022-01-06,2.590000,2.830000,2.590000,2.640000,2.640000,85200
2022-01-07,2.650000,2.980000,2.550000,2.590000,2.590000,58300
2022-01-10,2.620000,2.790000,2.340000,2.500000,2.500000,215000
2022-01-11,2.500000,2.640000,2.480000,2.540000,2.540000,39800
2022-01-12,2.560000,2.620000,2.410000,2.450000,2.450000,60800
2022-01-13,2.410000,2.470000,2.260000,2.310000,2.310000,100100
2022-01-14,2.300000,2.350000,2.120000,2.310000,2.310000,122100
2022-01-18,2.260000,2.530000,2.260000,2.460000,2.460000,54200
2022-01-19,2.510000,2.720000,2.460000,2.540000,2.540000,61800
2022-01-20,2.520000,2.710000,2.520000,2.570000,2.570000,18300
2022-01-21,2.570000,2.750000,2.400000,2.700000,2.700000,70600
2022-01-24,2.640000,2.640000,2.320000,2.540000,2.540000,40100
2022-01-25,2.490000,2.530000,2.400000,2.500000,2.500000,32200
2022-01-26,2.500000,2.680000,2.480000,2.570000,2.570000,28500
2022-01-27,2.630000,2.940000,2.600000,2.890000,2.890000,81700
2022-01-28,2.860000,3.190000,2.860000,2.960000,2.960000,143000
2022-01-31,2.920000,3.180000,2.920000,3.130000,3.130000,65800
2022-02-01,3.180000,3.270000,3.040000,3.210000,3.210000,79000
2022-02-02,3.220000,3.430000,3.130000,3.380000,3.380000,55700
2022-02-03,3.380000,3.380000,3.000000,3.290000,3.290000,25900
2022-02-04,3.350000,3.350000,3.170000,3.340000,3.340000,20900
2022-02-07,3.350000,3.350000,3.090000,3.090000,3.090000,19800
2022-02-08,3.130000,3.160000,3.010000,3.160000,3.160000,8400
2022-02-09,3.210000,3.280000,3.070000,3.190000,3.190000,21700
2022-02-10,3.110000,3.200000,3.070000,3.200000,3.200000,7600
2022-02-11,3.190000,3.210000,3.050000,3.200000,3.200000,19900
2022-02-14,3.150000,3.150000,2.870000,2.920000,2.920000,25300
2022-02-15,2.920000,3.150000,2.920000,3.130000,3.130000,20700
2022-02-16,3.090000,3.350000,3.060000,3.350000,3.350000,17300
2022-02-17,3.310000,3.310000,3.130000,3.230000,3.230000,34500
2022-02-18,3.070000,3.250000,2.920000,3.250000,3.250000,19300
2022-02-22,3.160000,3.160000,3.010000,3.160000,3.160000,5600
2022-02-23,2.900000,3.200000,2.900000,3.000000,3.000000,44700
2022-02-24,3.000000,3.270000,2.900000,3.200000,3.200000,12700
2022-02-25,3.170000,3.250000,3.020000,3.220000,3.220000,14600
2022-02-28,3.100000,3.220000,2.960000,3.150000,3.150000,27400
2022-03-01,3.100000,3.300000,3.030000,3.220000,3.220000,37700
2022-03-02,3.150000,3.500000,3.150000,3.350000,3.350000,49800
2022-03-03,3.350000,3.590000,3.310000,3.500000,3.500000,46200
2022-03-04,3.480000,3.580000,3.420000,3.570000,3.570000,32700
2022-03-07,3.570000,3.570000,3.000000,3.300000,3.300000,53800
2022-03-08,3.280000,3.360000,3.080000,3.270000,3.270000,18400
2022-03-09,3.250000,3.270000,3.110000,3.110000,3.110000,24900
2022-03-10,3.110000,3.180000,3.000000,3.120000,3.120000,12800
2022-03-11,3.090000,3.090000,2.740000,2.860000,2.860000,47100
2022-03-14,2.820000,2.840000,2.750000,2.840000,2.840000,20100
2022-03-15,2.850000,2.880000,2.740000,2.860000,2.860000,15400
2022-03-16,2.930000,2.930000,2.800000,2.810000,2.810000,13100
2022-03-17,2.820000,2.990000,2.820000,2.990000,2.990000,14300
2022-03-18,3.000000,3.400000,3.000000,3.270000,3.270000,52700
2022-03-21,3.110000,3.250000,3.110000,3.210000,3.210000,6300
2022-03-22,3.240000,3.490000,3.190000,3.490000,3.490000,6600
2022-03-23,3.410000,3.490000,3.200000,3.290000,3.290000,4900
2022-03-24,3.210000,3.720000,3.210000,3.720000,3.720000,46800
2022-03-25,3.700000,3.720000,3.470000,3.520000,3.520000,26000
2022-03-28,3.570000,3.570000,3.300000,3.560000,3.560000,13400
2022-03-29,3.350000,3.490000,3.270000,3.350000,3.350000,42400
2022-03-30,3.360000,3.450000,3.020000,3.390000,3.390000,275600
2022-03-31,3.360000,3.610000,3.030000,3.470000,3.470000,126200
2022-04-01,3.500000,3.530000,3.290000,3.350000,3.350000,17200
2022-04-04,3.300000,3.490000,3.200000,3.350000,3.350000,82400
2022-04-05,3.350000,4.040000,3.300000,3.690000,3.690000,144400
2022-04-06,3.650000,3.800000,3.520000,3.740000,3.740000,51100
2022-04-07,3.740000,3.770000,3.440000,3.440000,3.440000,36100
2022-04-08,3.530000,3.540000,3.350000,3.400000,3.400000,14800
2022-04-11,3.350000,3.350000,3.200000,3.240000,3.240000,17400
2022-04-12,3.240000,3.350000,3.220000,3.260000,3.260000,24500
2022-04-13,3.220000,3.620000,3.220000,3.540000,3.540000,27200
2022-04-14,3.370000,3.420000,3.300000,3.410000,3.410000,3400
2022-04-18,3.300000,3.470000,3.300000,3.470000,3.470000,9800
2022-04-19,3.410000,3.590000,3.310000,3.510000,3.510000,11200
2022-04-20,3.400000,3.580000,3.380000,3.430000,3.430000,8200
2022-04-21,3.390000,3.460000,3.360000,3.420000,3.420000,22500
2022-04-22,3.360000,3.370000,3.210000,3.210000,3.210000,21400
2022-04-25,3.160000,3.160000,2.960000,3.080000,3.080000,26500
2022-04-26,3.050000,3.230000,2.990000,3.110000,3.110000,28600
2022-04-27,3.110000,3.120000,3.010000,3.010000,3.010000,12000
2022-04-28,3.100000,3.120000,2.930000,3.000000,3.000000,22600
2022-04-29,3.000000,3.000000,2.950000,3.000000,3.000000,13100
2022-05-02,3.000000,3.210000,2.950000,3.160000,3.160000,10400
2022-05-03,3.150000,3.500000,3.150000,3.500000,3.500000,21800
2022-05-04,3.300000,3.460000,3.300000,3.390000,3.390000,8300
2022-05-05,3.250000,3.350000,3.250000,3.320000,3.320000,10100
2022-05-06,3.170000,3.310000,3.170000,3.310000,3.310000,6800
2022-05-09,3.250000,3.280000,2.950000,2.970000,2.970000,28600
2022-05-10,2.980000,3.140000,2.800000,3.020000,3.020000,35600
2022-05-11,2.910000,2.910000,2.820000,2.840000,2.840000,23200
2022-05-12,2.800000,2.810000,2.660000,2.710000,2.710000,26600
2022-05-13,2.800000,2.970000,2.720000,2.850000,2.850000,47800
2022-05-16,2.870000,3.000000,2.700000,2.710000,2.710000,55900
2022-05-17,2.710000,2.710000,2.100000,2.120000,2.120000,451400
2022-05-18,2.190000,2.300000,2.100000,2.110000,2.110000,120700
2022-05-19,2.100000,2.240000,2.030000,2.100000,2.100000,226800
2022-05-20,2.100000,2.250000,2.070000,2.070000,2.070000,54800
2022-05-23,2.100000,2.140000,2.050000,2.100000,2.100000,44700
2022-05-24,2.050000,2.520000,2.050000,2.350000,2.350000,130400
2022-05-25,2.430000,2.430000,2.230000,2.390000,2.390000,41600
2022-05-26,2.390000,2.500000,2.300000,2.460000,2.460000,53200
2022-05-27,2.470000,2.600000,2.050000,2.500000,2.500000,49300
2022-05-31,2.480000,2.570000,2.370000,2.570000,2.570000,10300
2022-06-01,2.600000,2.640000,2.540000,2.590000,2.590000,6100
2022-06-02,2.590000,2.700000,2.590000,2.700000,2.700000,7400
2022-06-03,2.690000,2.690000,2.500000,2.540000,2.540000,17400
2022-06-06,2.580000,2.590000,2.400000,2.450000,2.450000,10200
2022-06-07,2.510000,2.580000,2.400000,2.500000,2.500000,41900
2022-06-08,2.450000,2.580000,2.450000,2.580000,2.580000,12300
2022-06-09,2.470000,2.550000,2.470000,2.550000,2.550000,2100
2022-06-10,2.500000,2.500000,2.370000,2.370000,2.370000,5800
2022-06-13,2.300000,2.350000,2.050000,2.060000,2.060000,59800
2022-06-14,2.020000,2.050000,1.950000,2.000000,2.000000,22500
2022-06-15,2.000000,2.050000,1.960000,1.990000,1.990000,26400
2022-06-16,1.950000,1.980000,1.770000,1.800000,1.800000,48600
2022-06-17,1.840000,2.100000,1.820000,2.010000,2.010000,86700
2022-06-21,2.030000,2.400000,2.030000,2.240000,2.240000,75600
2022-06-22,2.210000,2.240000,2.110000,2.220000,2.220000,24600
2022-06-23,2.220000,2.480000,2.050000,2.390000,2.390000,13900
2022-06-24,2.450000,2.540000,2.450000,2.520000,2.520000,23100
2022-06-27,2.420000,2.480000,2.400000,2.470000,2.470000,4100
2022-06-28,2.470000,2.470000,2.340000,2.440000,2.440000,13000
2022-06-29,2.310000,2.520000,2.310000,2.520000,2.520000,9800
2022-06-30,2.500000,2.500000,2.260000,2.420000,2.420000,17000
2022-07-01,2.450000,2.450000,2.180000,2.300000,2.300000,20900
2022-07-05,2.190000,2.340000,2.060000,2.300000,2.300000,20100
2022-07-06,2.250000,2.350000,2.190000,2.320000,2.320000,5700
2022-07-07,2.360000,2.410000,2.260000,2.360000,2.360000,14500
2022-07-08,2.330000,2.330000,2.260000,2.330000,2.330000,3000
2022-07-11,2.270000,2.270000,2.120000,2.250000,2.250000,5900
2022-07-12,2.280000,2.410000,2.280000,2.380000,2.380000,12400
2022-07-13,2.200000,2.380000,2.200000,2.380000,2.380000,19200
2022-07-14,2.260000,2.340000,2.110000,2.340000,2.340000,21500
2022-07-15,2.240000,2.280000,2.240000,2.250000,2.250000,4100
2022-07-18,2.220000,2.270000,2.110000,2.160000,2.160000,17000
2022-07-19,2.170000,2.280000,2.120000,2.130000,2.130000,6900
2022-07-20,2.210000,2.220000,2.110000,2.130000,2.130000,25700
2022-07-21,2.110000,2.190000,2.020000,2.150000,2.150000,17200
2022-07-22,2.060000,2.160000,2.010000,2.050000,2.050000,20500
2022-07-25,2.070000,2.100000,2.020000,2.020000,2.020000,21000
2022-07-26,2.000000,2.020000,1.960000,1.980000,1.980000,29800
2022-07-27,1.960000,2.020000,1.900000,1.920000,1.920000,53400
2022-07-28,1.850000,1.950000,1.720000,1.870000,1.870000,34100
2022-07-29,1.840000,1.890000,1.770000,1.860000,1.860000,33700
2022-08-01,1.860000,1.860000,1.750000,1.770000,1.770000,42700
2022-08-02,1.930000,1.990000,1.750000,1.870000,1.870000,83500
2022-08-03,1.840000,1.910000,1.760000,1.830000,1.830000,55400
2022-08-04,1.780000,1.970000,1.780000,1.840000,1.840000,71000
2022-08-05,1.820000,1.850000,1.750000,1.780000,1.780000,101800
2022-08-08,1.790000,1.840000,1.720000,1.820000,1.820000,20600
2022-08-09,1.780000,1.930000,1.660000,1.660000,1.660000,48800
2022-08-10,1.660000,1.800000,1.570000,1.660000,1.660000,127400
2022-08-11,1.680000,1.690000,1.610000,1.660000,1.660000,48300
2022-08-12,1.620000,1.800000,1.620000,1.800000,1.800000,26300
2022-08-15,1.800000,1.890000,1.760000,1.870000,1.870000,11600
2022-08-16,1.860000,1.930000,1.700000,1.770000,1.770000,170500
2022-08-17,1.740000,1.780000,1.670000,1.690000,1.690000,59000
2022-08-18,1.670000,1.740000,1.600000,1.690000,1.690000,79300
2022-08-19,1.680000,1.720000,1.640000,1.700000,1.700000,16100
2022-08-22,1.720000,1.720000,1.660000,1.700000,1.700000,49700
2022-08-23,1.730000,1.750000,1.690000,1.690000,1.690000,49100
2022-08-24,1.720000,1.780000,1.700000,1.760000,1.760000,29400
2022-08-25,1.770000,1.790000,1.750000,1.790000,1.790000,31500
2022-08-26,1.800000,1.880000,1.790000,1.810000,1.810000,13400
2022-08-29,1.810000,1.950000,1.810000,1.890000,1.890000,70200
2022-08-30,1.880000,1.900000,1.870000,1.880000,1.880000,18900
2022-08-31,1.870000,2.020000,1.870000,1.940000,1.940000,38200
2022-09-01,1.950000,2.010000,1.910000,2.010000,2.010000,21800
2022-09-02,2.010000,2.020000,1.900000,1.910000,1.910000,20900
2022-09-06,1.890000,1.980000,1.880000,1.930000,1.930000,17800
2022-09-07,1.880000,1.990000,1.880000,1.950000,1.950000,19100
2022-09-08,1.870000,1.990000,1.870000,1.890000,1.890000,12900
2022-09-09,1.960000,1.990000,1.920000,1.970000,1.970000,11400
2022-09-12,1.950000,2.100000,1.950000,2.010000,2.010000,18200
2022-09-13,1.910000,2.020000,1.900000,1.910000,1.910000,11200
2022-09-14,1.900000,1.900000,1.690000,1.730000,1.730000,39800
2022-09-15,1.660000,1.900000,1.660000,1.840000,1.840000,26100
2022-09-16,1.800000,1.800000,1.700000,1.730000,1.730000,29400
2022-09-19,1.740000,1.770000,1.690000,1.700000,1.700000,25500
2022-09-20,1.710000,1.710000,1.610000,1.620000,1.620000,10000
2022-09-21,1.670000,1.670000,1.580000,1.620000,1.620000,67900
2022-09-22,1.600000,1.620000,1.570000,1.600000,1.600000,6300
2022-09-23,1.550000,1.550000,1.450000,1.500000,1.500000,21800
2022-09-26,1.480000,1.500000,1.400000,1.420000,1.420000,22300
2022-09-27,1.440000,1.530000,1.340000,1.400000,1.400000,36600
2022-09-28,1.320000,1.500000,1.320000,1.460000,1.460000,59200
2022-09-29,1.390000,1.390000,1.310000,1.380000,1.380000,47700
2022-09-30,1.380000,1.440000,1.380000,1.420000,1.420000,21400
2022-10-03,1.450000,1.450000,1.370000,1.400000,1.400000,6400
2022-10-04,1.420000,1.480000,1.400000,1.430000,1.430000,27600
2022-10-05,1.420000,1.480000,1.380000,1.410000,1.410000,53600
2022-10-06,1.420000,1.420000,1.360000,1.360000,1.360000,10500
2022-10-07,1.360000,1.410000,1.310000,1.320000,1.320000,3700
2022-10-10,1.310000,1.400000,1.310000,1.390000,1.390000,7500
2022-10-11,1.320000,1.390000,1.310000,1.340000,1.340000,9500
2022-10-12,1.320000,1.330000,1.300000,1.320000,1.320000,31200
2022-10-13,1.330000,1.350000,1.280000,1.280000,1.280000,15900
2022-10-14,1.290000,1.330000,1.270000,1.270000,1.270000,12400
2022-10-17,1.210000,1.350000,1.200000,1.270000,1.270000,68600
2022-10-18,1.310000,1.320000,1.280000,1.280000,1.280000,67600
2022-10-19,1.270000,1.300000,1.270000,1.280000,1.280000,11000
2022-10-20,1.300000,1.330000,1.290000,1.290000,1.290000,37500
2022-10-21,1.250000,1.290000,1.250000,1.280000,1.280000,2900
2022-10-24,1.290000,1.320000,1.230000,1.230000,1.230000,35600
2022-10-25,1.260000,1.380000,1.240000,1.300000,1.300000,64200
2022-10-26,1.450000,1.460000,1.370000,1.370000,1.370000,8900
2022-10-27,1.410000,1.410000,1.270000,1.310000,1.310000,26100
2022-10-28,1.290000,1.320000,1.260000,1.280000,1.280000,5200
2022-10-31,1.280000,1.360000,1.280000,1.340000,1.340000,12300
2022-11-01,1.340000,1.390000,1.340000,1.370000,1.370000,13900
2022-11-02,1.370000,1.430000,1.370000,1.420000,1.420000,20300
2022-11-03,1.470000,1.470000,1.360000,1.360000,1.360000,16200
2022-11-04,1.380000,1.430000,1.380000,1.390000,1.390000,6500
2022-11-07,1.600000,1.600000,1.180000,1.270000,1.270000,4388400
2022-11-08,1.210000,1.460000,1.130000,1.410000,1.410000,358900
2022-11-09,1.320000,1.450000,1.220000,1.420000,1.420000,119400
2022-11-10,1.420000,1.440000,1.360000,1.430000,1.430000,33300
2022-11-11,1.450000,1.920000,1.420000,1.900000,1.900000,209000
2022-11-14,1.880000,2.030000,1.720000,1.980000,1.980000,106000
2022-11-15,2.060000,2.200000,1.920000,2.160000,2.160000,52900
2022-11-16,2.190000,2.290000,2.150000,2.240000,2.240000,82300
2022-11-17,2.240000,2.240000,2.000000,2.160000,2.160000,34500
2022-11-18,2.150000,2.160000,1.960000,2.100000,2.100000,22900
2022-11-21,2.080000,2.090000,2.020000,2.070000,2.070000,28800
2022-11-22,2.020000,2.060000,2.020000,2.050000,2.050000,19900
2022-11-23,2.040000,2.070000,1.980000,2.060000,2.060000,22300
2022-11-25,2.160000,2.210000,2.070000,2.210000,2.210000,11700
2022-11-28,2.140000,2.170000,2.040000,2.090000,2.090000,30600
2022-11-29,2.180000,2.180000,1.990000,2.000000,2.000000,10800
2022-11-30,2.050000,2.050000,1.860000,2.000000,2.000000,295900
2022-12-01,1.960000,2.010000,1.960000,1.990000,1.990000,14600
2022-12-02,2.000000,2.060000,1.990000,2.000000,2.000000,20700
2022-12-05,1.990000,2.000000,1.910000,1.940000,1.940000,14800
2022-12-06,1.930000,1.940000,1.900000,1.920000,1.920000,7900
2022-12-07,1.920000,1.920000,1.860000,1.870000,1.870000,9700
2022-12-08,1.890000,2.040000,1.850000,2.000000,2.000000,41500
2022-12-09,2.000000,2.080000,1.980000,2.070000,2.070000,30300
2022-12-12,2.070000,2.160000,2.070000,2.140000,2.140000,37100
2022-12-13,2.160000,2.220000,2.100000,2.190000,2.190000,38400
2022-12-14,2.170000,2.190000,1.950000,2.010000,2.010000,57200
2022-12-15,1.990000,2.100000,1.980000,2.040000,2.040000,16600
2022-12-16,2.040000,2.150000,2.000000,2.060000,2.060000,28700
2022-12-19,2.060000,2.060000,1.920000,1.970000,1.970000,20200
2022-12-20,1.900000,1.970000,1.870000,1.950000,1.950000,23800
2022-12-21,1.990000,1.990000,1.830000,1.920000,1.920000,37500
2022-12-22,1.860000,1.910000,1.860000,1.910000,1.910000,8100
2022-12-23,1.870000,1.880000,1.830000,1.860000,1.860000,14800
2022-12-27,1.850000,1.930000,1.800000,1.900000,1.900000,16600
2022-12-28,1.880000,1.910000,1.820000,1.820000,1.820000,9600
2022-12-29,1.800000,1.950000,1.750000,1.920000,1.920000,41300
2022-12-30,1.900000,1.950000,1.790000,1.950000,1.950000,16500
2023-01-03,1.940000,1.990000,1.850000,1.960000,1.960000,22000
2023-01-04,1.940000,2.200000,1.900000,2.170000,2.170000,52600
2023-01-05,2.190000,2.190000,2.080000,2.140000,2.140000,30400
2023-01-06,2.180000,2.200000,2.140000,2.200000,2.200000,21500
2023-01-09,2.230000,2.340000,2.150000,2.240000,2.240000,92800
2023-01-10,2.280000,2.280000,2.190000,2.250000,2.250000,20100
2023-01-11,2.330000,2.340000,2.230000,2.330000,2.330000,29300
2023-01-12,2.310000,2.470000,2.310000,2.470000,2.470000,48700
2023-01-13,2.460000,2.480000,2.370000,2.380000,2.380000,21400
2023-01-17,2.350000,2.550000,2.350000,2.550000,2.550000,55700
2023-01-18,2.550000,2.640000,2.450000,2.500000,2.500000,95700
2023-01-19,2.470000,2.600000,2.420000,2.500000,2.500000,39500
2023-01-20,2.490000,2.530000,2.360000,2.510000,2.510000,33600
2023-01-23,2.520000,2.590000,2.520000,2.590000,2.590000,8300
2023-01-24,2.530000,2.540000,2.430000,2.500000,2.500000,9900
2023-01-25,2.470000,2.520000,2.410000,2.520000,2.520000,26000
2023-01-26,2.510000,2.520000,2.380000,2.420000,2.420000,5400
2023-01-27,2.390000,2.440000,2.300000,2.400000,2.400000,23800
2023-01-30,2.420000,2.440000,2.350000,2.350000,2.350000,11300
2023-01-31,2.260000,2.410000,2.230000,2.400000,2.400000,33400
2023-02-01,2.210000,2.290000,2.020000,2.020000,2.020000,99800
2023-02-02,2.020000,2.240000,2.020000,2.180000,2.180000,31300
2023-02-03,2.170000,2.210000,2.090000,2.120000,2.120000,28000
2023-02-06,2.120000,2.160000,2.020000,2.020000,2.020000,15200
2023-02-07,2.020000,2.260000,2.020000,2.200000,2.200000,68000
2023-02-08,2.160000,2.330000,2.080000,2.250000,2.250000,25600
2023-02-09,2.310000,2.330000,2.180000,2.250000,2.250000,17800
2023-02-10,2.230000,2.310000,2.170000,2.220000,2.220000,39200
2023-02-13,2.270000,2.270000,2.080000,2.080000,2.080000,7200
2023-02-14,2.070000,2.190000,2.040000,2.040000,2.040000,7400
2023-02-15,2.040000,2.160000,2.040000,2.130000,2.130000,14600
2023-02-16,2.070000,2.290000,2.070000,2.170000,2.170000,12500
2023-02-17,2.210000,2.250000,2.170000,2.220000,2.220000,40300
2023-02-21,2.200000,2.220000,2.140000,2.160000,2.160000,6500
2023-02-22,2.160000,2.160000,2.070000,2.070000,2.070000,14200
2023-02-23,2.110000,2.110000,1.380000,1.400000,1.400000,1383300
2023-02-24,1.400000,1.490000,1.370000,1.430000,1.430000,298400
2023-02-27,1.460000,1.680000,1.430000,1.550000,1.550000,338900
2023-02-28,1.550000,1.590000,1.420000,1.440000,1.440000,44300
2023-03-01,1.440000,1.460000,1.420000,1.430000,1.430000,59700
2023-03-02,1.430000,1.440000,1.380000,1.390000,1.390000,32900
2023-03-03,1.380000,1.510000,1.360000,1.510000,1.510000,64600
2023-03-06,1.510000,1.550000,1.450000,1.480000,1.480000,31900
2023-03-07,1.500000,1.500000,1.400000,1.400000,1.400000,18600
2023-03-08,1.430000,1.450000,1.380000,1.380000,1.380000,9200
2023-03-09,1.400000,1.420000,1.350000,1.350000,1.350000,17900
2023-03-10,1.330000,1.370000,1.250000,1.270000,1.270000,21300
2023-03-13,1.250000,1.330000,1.210000,1.270000,1.270000,80000
2023-03-14,1.260000,1.320000,1.250000,1.260000,1.260000,57900
2023-03-15,1.200000,1.240000,1.160000,1.240000,1.240000,127300
2023-03-16,1.210000,1.290000,1.200000,1.270000,1.270000,41500
2023-03-17,1.280000,1.540000,1.280000,1.500000,1.500000,289500
2023-03-20,1.540000,1.600000,1.310000,1.390000,1.390000,82200
2023-03-21,1.560000,1.580000,1.410000,1.430000,1.430000,147900
2023-03-22,1.450000,1.450000,1.330000,1.340000,1.340000,52900
2023-03-23,1.370000,1.490000,1.370000,1.420000,1.420000,49700
2023-03-24,1.420000,1.450000,1.360000,1.420000,1.420000,41800
2023-03-27,1.410000,1.450000,1.310000,1.370000,1.370000,55500
2023-03-28,1.380000,1.400000,1.300000,1.310000,1.310000,40100
2023-03-29,1.350000,1.350000,1.220000,1.230000,1.230000,52000
2023-03-30,1.280000,1.310000,1.230000,1.240000,1.240000,76000
2023-03-31,1.230000,1.300000,1.180000,1.180000,1.180000,98000
2023-04-03,1.180000,1.190000,1.100000,1.190000,1.190000,66500
2023-04-04,1.220000,1.300000,1.160000,1.180000,1.180000,87000
2023-04-05,1.180000,1.270000,1.150000,1.230000,1.230000,61400
2023-04-06,1.190000,1.210000,1.110000,1.140000,1.140000,67100
2023-04-10,1.130000,1.230000,1.110000,1.210000,1.210000,55000
2023-04-11,1.200000,1.220000,1.170000,1.170000,1.170000,31400
2023-04-12,1.170000,1.230000,1.130000,1.140000,1.140000,19500
2023-04-13,1.120000,1.200000,1.110000,1.160000,1.160000,20800
2023-04-14,1.140000,1.180000,1.110000,1.150000,1.150000,31600
2023-04-17,1.180000,1.180000,1.110000,1.130000,1.130000,43600
2023-04-18,1.130000,1.170000,1.090000,1.150000,1.150000,51600
2023-04-19,1.140000,1.160000,1.090000,1.120000,1.120000,42400
2023-04-20,1.050000,1.120000,1.050000,1.070000,1.070000,58700
2023-04-21,1.050000,1.150000,1.050000,1.150000,1.150000,10600
2023-04-24,1.110000,1.130000,1.080000,1.100000,1.100000,17400
2023-04-25,1.080000,1.130000,1.070000,1.070000,1.070000,25100
2023-04-26,1.110000,1.190000,1.110000,1.120000,1.120000,38300
2023-04-27,1.160000,1.160000,1.100000,1.140000,1.140000,6600
2023-04-28,1.140000,1.140000,1.100000,1.100000,1.100000,2400
2023-05-01,1.070000,1.110000,1.060000,1.070000,1.070000,24000
2023-05-02,1.060000,1.070000,0.990000,1.030000,1.030000,74600
2023-05-03,1.010000,1.080000,1.000000,1.060000,1.060000,34700
2023-05-04,1.040000,1.070000,0.980000,1.010000,1.010000,27900
2023-05-05,1.040000,1.080000,0.980000,1.080000,1.080000,92100
2023-05-08,1.050000,1.090000,1.050000,1.060000,1.060000,9400
2023-05-09,1.070000,1.070000,1.030000,1.070000,1.070000,8500
2023-05-10,1.070000,1.160000,1.070000,1.090000,1.090000,114500
2023-05-11,1.090000,1.150000,1.020000,1.080000,1.080000,39500
2023-05-12,1.020000,1.100000,1.020000,1.050000,1.050000,13800
2023-05-15,1.020000,1.120000,1.020000,1.070000,1.070000,10300
2023-05-16,1.040000,1.110000,1.040000,1.080000,1.080000,2200
2023-05-17,1.120000,1.150000,1.070000,1.150000,1.150000,18000
2023-05-18,1.100000,1.140000,1.090000,1.120000,1.120000,13500
2023-05-19,1.140000,1.180000,1.110000,1.130000,1.130000,34600
2023-05-22,1.100000,1.190000,1.100000,1.140000,1.140000,39900
2023-05-23,1.180000,1.240000,1.180000,1.230000,1.230000,27400
2023-05-24,1.330000,1.330000,1.190000,1.200000,1.200000,29400
2023-05-25,1.200000,1.210000,1.180000,1.180000,1.180000,9000
2023-05-26,1.180000,1.220000,1.180000,1.220000,1.220000,19400
2023-05-30,1.230000,1.310000,1.180000,1.220000,1.220000,45500
2023-05-31,1.240000,1.240000,1.190000,1.190000,1.190000,7900
2023-06-01,1.180000,1.200000,1.140000,1.140000,1.140000,19300
2023-06-02,1.240000,1.240000,1.140000,1.180000,1.180000,32700
2023-06-05,1.200000,1.250000,1.160000,1.220000,1.220000,8800
2023-06-06,1.220000,1.320000,1.210000,1.320000,1.320000,21500
2023-06-07,1.350000,1.410000,1.340000,1.360000,1.360000,56600
2023-06-08,1.360000,1.360000,1.300000,1.300000,1.300000,15600
2023-06-09,1.300000,1.350000,1.290000,1.310000,1.310000,20200
2023-06-12,1.310000,1.350000,1.310000,1.350000,1.350000,11400
2023-06-13,1.380000,1.390000,1.330000,1.330000,1.330000,43100
2023-06-14,1.330000,1.390000,1.330000,1.330000,1.330000,26200
2023-06-15,1.380000,1.380000,1.280000,1.300000,1.300000,19400
2023-06-16,1.320000,1.360000,1.290000,1.290000,1.290000,20800
2023-06-20,1.250000,1.350000,1.250000,1.320000,1.320000,22300
2023-06-21,1.300000,1.300000,1.260000,1.260000,1.260000,7900
2023-06-22,1.260000,1.320000,1.250000,1.270000,1.270000,49200
2023-06-23,1.290000,1.300000,1.220000,1.230000,1.230000,32900
2023-06-26,1.310000,1.320000,1.260000,1.280000,1.280000,57000
2023-06-27,1.300000,1.320000,1.260000,1.280000,1.280000,8800
2023-06-28,1.250000,1.380000,1.250000,1.330000,1.330000,30700
2023-06-29,1.360000,1.490000,1.360000,1.440000,1.440000,68900
2023-06-30,1.470000,1.500000,1.340000,1.390000,1.390000,54400
2023-07-03,1.460000,1.460000,1.390000,1.400000,1.400000,24100
2023-07-05,1.420000,1.420000,1.390000,1.390000,1.390000,3900
2023-07-06,1.380000,1.380000,1.320000,1.360000,1.360000,14500
2023-07-07,1.350000,1.380000,1.340000,1.380000,1.380000,11300
2023-07-10,1.360000,1.370000,1.310000,1.310000,1.310000,27600
2023-07-11,1.340000,1.340000,1.270000,1.290000,1.290000,49500
2023-07-12,1.300000,1.320000,1.270000,1.300000,1.300000,7400
2023-07-13,1.290000,1.330000,1.280000,1.310000,1.310000,26100
2023-07-14,1.310000,1.310000,1.290000,1.300000,1.300000,15600
2023-07-17,1.310000,1.310000,1.250000,1.250000,1.250000,29800
2023-07-18,1.260000,1.270000,1.250000,1.260000,1.260000,14600
2023-07-19,1.290000,1.290000,1.190000,1.190000,1.190000,54700
2023-07-20,1.190000,1.190000,1.100000,1.130000,1.130000,53400
2023-07-21,1.110000,1.130000,1.030000,1.090000,1.090000,61700
2023-07-24,1.080000,1.110000,1.050000,1.050000,1.050000,26100
2023-07-25,1.050000,1.070000,1.050000,1.050000,1.050000,20400
2023-07-26,1.050000,1.120000,0.990000,1.040000,1.040000,59700
2023-07-27,1.040000,1.130000,1.040000,1.100000,1.100000,59200
2023-07-28,1.100000,1.110000,1.050000,1.060000,1.060000,18400
2023-07-31,1.100000,1.130000,1.080000,1.090000,1.090000,18200
2023-08-01,1.100000,1.120000,1.080000,1.100000,1.100000,8300
2023-08-02,1.050000,1.080000,1.030000,1.080000,1.080000,14800
2023-08-03,1.080000,1.090000,1.040000,1.060000,1.060000,6400
2023-08-04,1.080000,1.110000,1.030000,1.060000,1.060000,4000
2023-08-07,1.040000,1.040000,0.990000,1.000000,1.000000,34200
2023-08-08,1.050000,1.050000,0.940000,0.940000,0.940000,33300
2023-08-09,0.980000,1.010000,0.950000,0.950000,0.950000,31600
2023-08-10,1.040000,1.040000,0.960000,0.990000,0.990000,12500
2023-08-11,0.990000,1.170000,0.930000,1.050000,1.050000,412800
2023-08-14,1.150000,1.150000,1.000000,1.030000,1.030000,74400
2023-08-15,1.020000,1.020000,0.940000,0.980000,0.980000,70000
2023-08-16,0.860000,0.930000,0.850000,0.850000,0.850000,128400
2023-08-17,0.800000,0.950000,0.760000,0.810000,0.810000,150200
2023-08-18,0.820000,0.860000,0.820000,0.820000,0.820000,37200
2023-08-21,0.800000,0.800000,0.760000,0.780000,0.780000,61200
2023-08-22,0.800000,0.850000,0.720000,0.750000,0.750000,60500
2023-08-23,0.740000,0.740000,0.550000,0.600000,0.600000,351500
2023-08-24,0.590000,0.590000,0.400000,0.430000,0.430000,927900
2023-08-25,0.440000,0.460000,0.380000,0.410000,0.410000,434400
2023-08-28,0.430000,0.590000,0.400000,0.560000,0.560000,456700
2023-08-29,0.550000,0.590000,0.500000,0.530000,0.530000,167100
2023-08-30,0.530000,0.590000,0.520000,0.570000,0.570000,140200
2023-08-31,0.560000,0.600000,0.510000,0.510000,0.510000,343800
2023-09-01,0.510000,0.630000,0.510000,0.580000,0.580000,131700
2023-09-05,0.590000,0.840000,0.580000,0.750000,0.750000,368800
2023-09-06,0.760000,0.760000,0.680000,0.690000,0.690000,33000
2023-09-07,0.750000,0.750000,0.630000,0.670000,0.670000,60000
2023-09-08,0.690000,0.760000,0.690000,0.730000,0.730000,35600
2023-09-11,0.780000,0.790000,0.690000,0.700000,0.700000,71300
2023-09-12,0.700000,0.730000,0.680000,0.690000,0.690000,26700
2023-09-13,0.660000,0.730000,0.660000,0.710000,0.710000,68500
2023-09-14,0.680000,0.720000,0.680000,0.710000,0.710000,22000
2023-09-15,0.680000,0.690000,0.650000,0.690000,0.690000,84200
2023-09-18,0.670000,0.740000,0.670000,0.720000,0.720000,32300
2023-09-19,0.680000,0.680000,0.620000,0.640000,0.640000,36100
2023-09-20,0.610000,0.640000,0.590000,0.590000,0.590000,70100
2023-09-21,0.650000,0.680000,0.590000,0.590000,0.590000,198500
2023-09-22,0.650000,0.680000,0.590000,0.630000,0.630000,74900
2023-09-25,0.660000,0.660000,0.600000,0.620000,0.620000,10100
2023-09-26,0.600000,0.620000,0.600000,0.600000,0.600000,14500
2023-09-27,0.600000,0.650000,0.600000,0.620000,0.620000,11300
2023-09-28,0.640000,0.670000,0.620000,0.620000,0.620000,43100
2023-09-29,0.620000,0.650000,0.610000,0.620000,0.620000,17000
2023-10-02,0.600000,0.620000,0.590000,0.620000,0.620000,10100
2023-10-03,0.620000,0.650000,0.580000,0.620000,0.620000,68300
2023-10-04,0.600000,0.680000,0.600000,0.650000,0.650000,20200
2023-10-05,0.650000,0.860000,0.650000,0.800000,0.800000,217200
2023-10-06,0.810000,1.000000,0.810000,0.960000,0.960000,234200
2023-10-09,0.970000,1.000000,0.820000,0.830000,0.830000,51300
2023-10-10,0.820000,0.900000,0.820000,0.870000,0.870000,16700
2023-10-11,0.900000,0.950000,0.870000,0.920000,0.920000,25300
2023-10-12,0.920000,0.920000,0.860000,0.860000,0.860000,30100
2023-10-13,0.900000,0.900000,0.840000,0.840000,0.840000,6100
2023-10-16,0.870000,0.930000,0.840000,0.860000,0.860000,33400
2023-10-17,0.890000,0.930000,0.880000,0.890000,0.890000,34500
2023-10-18,0.860000,1.000000,0.860000,0.960000,0.960000,66900
2023-10-19,0.940000,0.960000,0.930000,0.930000,0.930000,19900
2023-10-20,0.930000,0.970000,0.900000,0.910000,0.910000,30900
2023-10-23,0.940000,0.940000,0.820000,0.860000,0.860000,41400
2023-10-24,0.820000,0.920000,0.820000,0.860000,0.860000,23500
2023-10-25,0.880000,0.890000,0.820000,0.860000,0.860000,14200
2023-10-26,0.830000,0.940000,0.820000,0.890000,0.890000,3800
2023-10-27,0.920000,0.920000,0.850000,0.920000,0.920000,5500
2023-10-30,0.910000,0.910000,0.780000,0.810000,0.810000,146800
2023-10-31,0.720000,0.760000,0.670000,0.680000,0.680000,137000
2023-11-01,0.700000,0.830000,0.670000,0.810000,0.810000,67700
2023-11-02,0.810000,0.860000,0.770000,0.800000,0.800000,148800
2023-11-03,0.780000,0.840000,0.760000,0.820000,0.820000,15700
2023-11-06,0.800000,0.820000,0.740000,0.750000,0.750000,30200
2023-11-07,0.730000,0.820000,0.720000,0.780000,0.780000,64300
2023-11-08,0.710000,0.730000,0.660000,0.700000,0.700000,342700
2023-11-09,0.700000,0.700000,0.570000,0.570000,0.570000,56400
2023-11-10,0.560000,0.690000,0.550000,0.610000,0.610000,140600
2023-11-13,0.640000,0.640000,0.550000,0.560000,0.560000,32600
2023-11-14,0.500000,0.610000,0.500000,0.550000,0.550000,66800
2023-11-15,0.550000,0.570000,0.510000,0.550000,0.550000,23500
2023-11-16,0.520000,0.520000,0.440000,0.440000,0.440000,88000
2023-11-17,0.390000,0.530000,0.390000,0.480000,0.480000,150400
2023-11-20,0.470000,0.510000,0.460000,0.500000,0.500000,51400
2023-11-21,0.500000,0.540000,0.490000,0.510000,0.510000,67200
2023-11-22,0.510000,0.520000,0.490000,0.510000,0.510000,55500
2023-11-24,0.510000,0.570000,0.510000,0.510000,0.510000,41300
2023-11-27,0.510000,0.510000,0.420000,0.500000,0.500000,51700
2023-11-28,0.480000,0.490000,0.440000,0.440000,0.440000,70300
2023-11-29,0.450000,0.480000,0.450000,0.460000,0.460000,33000
2023-11-30,0.440000,0.460000,0.420000,0.460000,0.460000,67200
2023-12-01,0.440000,0.490000,0.430000,0.450000,0.450000,83700
2023-12-04,0.420000,0.500000,0.410000,0.500000,0.500000,83200
2023-12-05,0.460000,0.500000,0.450000,0.470000,0.470000,37900
2023-12-06,0.460000,0.500000,0.420000,0.490000,0.490000,27200
2023-12-07,0.470000,0.490000,0.450000,0.460000,0.460000,52100
2023-12-08,0.470000,0.510000,0.460000,0.460000,0.460000,75800
2023-12-11,0.470000,0.530000,0.460000,0.520000,0.520000,173000
2023-12-12,0.530000,0.560000,0.530000,0.540000,0.540000,48100
2023-12-13,0.560000,0.560000,0.460000,0.490000,0.490000,163000
2023-12-14,0.480000,0.500000,0.410000,0.470000,0.470000,116100
2023-12-15,0.470000,0.530000,0.460000,0.500000,0.500000,60400
2023-12-18,0.510000,0.510000,0.450000,0.490000,0.490000,135400
2023-12-19,0.460000,0.500000,0.450000,0.490000,0.490000,69500
2023-12-20,0.460000,0.460000,0.440000,0.450000,0.450000,69900
2023-12-21,0.440000,0.470000,0.410000,0.460000,0.460000,71500
2023-12-22,0.440000,0.500000,0.440000,0.490000,0.490000,90200
2023-12-26,0.470000,0.500000,0.430000,0.450000,0.450000,103600
2023-12-27,0.430000,0.490000,0.430000,0.480000,0.480000,101100
2023-12-28,0.480000,0.540000,0.440000,0.500000,0.500000,157100
2023-12-29,0.520000,0.550000,0.500000,0.500000,0.500000,108300
2024-01-02,0.460000,0.510000,0.460000,0.490000,0.490000,96800
2024-01-03,0.460000,0.510000,0.450000,0.470000,0.470000,79900
2024-01-04,0.450000,0.470000,0.440000,0.460000,0.460000,57800
2024-01-05,0.480000,0.490000,0.440000,0.440000,0.440000,69300
2024-01-08,0.430000,0.440000,0.400000,0.410000,0.410000,134600
2024-01-09,0.410000,0.420000,0.370000,0.380000,0.380000,187600
2024-01-10,0.370000,0.380000,0.340000,0.350000,0.350000,117700
2024-01-11,0.330000,0.350000,0.290000,0.300000,0.300000,549800
2024-01-12,0.320000,0.330000,0.270000,0.300000,0.300000,123300
2024-01-16,0.290000,0.370000,0.290000,0.360000,0.360000,202000
2024-01-17,0.360000,0.360000,0.310000,0.330000,0.330000,18100
2024-01-18,0.320000,0.330000,0.300000,0.320000,0.320000,114600
2024-01-19,0.310000,0.310000,0.250000,0.280000,0.280000,133100
2024-01-22,0.280000,0.320000,0.260000,0.320000,0.320000,116000
2024-01-23,0.320000,0.340000,0.300000,0.310000,0.310000,62600
2024-01-24,0.300000,0.310000,0.290000,0.310000,0.310000,71300
2024-01-25,0.300000,0.320000,0.300000,0.310000,0.310000,89100
2024-01-26,0.310000,0.320000,0.290000,0.310000,0.310000,94800
2024-01-29,0.340000,0.350000,0.300000,0.320000,0.320000,51000
2024-01-30,0.340000,0.340000,0.310000,0.320000,0.320000,54600
2024-01-31,0.340000,0.340000,0.310000,0.310000,0.310000,203200
2024-02-01,0.310000,0.340000,0.310000,0.330000,0.330000,85500
2024-02-02,0.320000,0.320000,0.310000,0.310000,0.310000,15100
2024-02-05,0.330000,0.330000,0.300000,0.300000,0.300000,50100
2024-02-06,0.320000,0.320000,0.290000,0.310000,0.310000,8200
2024-02-07,0.330000,0.330000,0.290000,0.300000,0.300000,11600
2024-02-08,0.300000,0.310000,0.300000,0.300000,0.300000,24300
2024-02-09,0.300000,0.330000,0.250000,0.300000,0.300000,134100
2024-02-12,0.310000,0.350000,0.300000,0.300000,0.300000,39800
2024-02-13,0.300000,0.310000,0.270000,0.300000,0.300000,46500
2024-02-14,0.310000,0.340000,0.310000,0.340000,0.340000,16500
2024-02-15,0.380000,0.740000,0.370000,0.480000,0.480000,2961200
2024-02-16,0.490000,0.520000,0.390000,0.400000,0.400000,329700
2024-02-20,0.400000,0.420000,0.360000,0.410000,0.410000,125200
2024-02-21,0.400000,0.480000,0.400000,0.470000,0.470000,78900
2024-02-22,0.500000,0.520000,0.410000,0.480000,0.480000,82600
2024-02-23,0.480000,0.600000,0.470000,0.590000,0.590000,208800
2024-02-26,0.600000,0.710000,0.530000,0.630000,0.630000,261000
2024-02-27,0.620000,0.630000,0.570000,0.600000,0.600000,45400
2024-02-28,0.600000,0.620000,0.600000,0.620000,0.620000,47300
2024-02-29,0.630000,0.670000,0.610000,0.640000,0.640000,147500
2024-03-01,0.650000,0.710000,0.650000,0.680000,0.680000,169900
2024-03-04,0.690000,0.780000,0.690000,0.770000,0.770000,178500
2024-03-05,0.850000,0.870000,0.750000,0.820000,0.820000,259400
2024-03-06,0.820000,0.850000,0.800000,0.830000,0.830000,132800
2024-03-07,0.830000,0.860000,0.740000,0.840000,0.840000,69100
2024-03-08,0.820000,0.900000,0.820000,0.860000,0.860000,129100