Date,Open,High,Low,Close,Adj Close,Volume
2000-01-03,7.000000,7.000000,6.875000,7.000000,3.398276,700
2000-01-04,6.875000,6.875000,6.875000,6.875000,3.337591,400
2000-01-05,6.875000,6.875000,6.875000,6.875000,3.337591,0
2000-01-06,7.000000,7.000000,7.000000,7.000000,3.398276,800
2000-01-07,7.125000,7.125000,6.875000,6.875000,3.337591,300
2000-01-10,6.875000,6.875000,6.750000,6.750000,3.276909,1300
2000-01-11,6.875000,7.000000,6.875000,7.000000,3.398276,900
2000-01-12,7.000000,7.000000,7.000000,7.000000,3.398276,0
2000-01-13,6.875000,7.250000,6.875000,7.250000,3.519643,1000
2000-01-14,7.375000,7.375000,7.250000,7.250000,3.519643,300
2000-01-18,7.125000,7.125000,7.125000,7.125000,3.458959,600
2000-01-19,7.250000,7.375000,7.125000,7.125000,3.458959,1700
2000-01-20,7.125000,7.125000,7.125000,7.125000,3.458959,0
2000-01-21,7.125000,7.125000,7.125000,7.125000,3.458959,0
2000-01-24,7.000000,7.000000,7.000000,7.000000,3.398276,400
2000-01-25,7.000000,7.000000,7.000000,7.000000,3.398276,0
2000-01-26,6.937500,6.937500,6.875000,6.875000,3.337591,3100
2000-01-27,7.000000,7.125000,7.000000,7.125000,3.458959,2000
2000-01-28,7.000000,7.000000,7.000000,7.000000,3.398276,1500
2000-01-31,7.000000,7.125000,6.875000,6.875000,3.337591,600
2000-02-01,6.875000,6.875000,6.750000,6.812500,3.307249,2600
2000-02-02,6.812500,6.812500,6.812500,6.812500,3.307249,0
2000-02-03,6.750000,6.750000,6.750000,6.750000,3.276909,100
2000-02-04,6.875000,6.875000,6.875000,6.875000,3.337591,1100
2000-02-07,6.937500,6.937500,6.562500,6.750000,3.276909,6100
2000-02-08,6.750000,6.750000,6.750000,6.750000,3.276909,0
2000-02-09,6.750000,6.875000,6.750000,6.875000,3.337591,500
2000-02-10,7.000000,7.000000,6.937500,7.000000,3.398276,2000
2000-02-11,6.875000,6.875000,6.750000,6.750000,3.276909,4300
2000-02-14,6.750000,7.000000,6.750000,7.000000,3.398276,600
2000-02-15,7.125000,7.125000,7.000000,7.000000,3.398276,1700
2000-02-16,6.875000,7.000000,6.875000,7.000000,3.398276,1200
2000-02-17,7.125000,7.125000,7.000000,7.000000,3.398276,400
2000-02-18,6.875000,6.875000,6.750000,6.875000,3.337591,1800
2000-02-22,6.875000,6.875000,6.625000,6.625000,3.216226,4500
2000-02-23,6.625000,6.750000,6.625000,6.687500,3.246567,4900
2000-02-24,6.687500,7.000000,6.625000,7.000000,3.398276,7400
2000-02-25,6.937500,6.937500,6.937500,6.937500,3.367934,1400
2000-02-28,6.937500,6.937500,6.937500,6.937500,3.367934,1000
2000-02-29,6.812500,6.812500,6.750000,6.750000,3.276909,200
2000-03-01,6.500000,6.750000,6.500000,6.500000,3.155541,15900
2000-03-02,6.500000,6.500000,6.500000,6.500000,3.155541,0
2000-03-03,6.500000,6.500000,6.500000,6.500000,3.155541,900
2000-03-06,6.625000,6.750000,6.625000,6.750000,3.276909,3300
2000-03-07,6.625000,6.625000,6.625000,6.625000,3.216226,800
2000-03-08,6.500000,6.875000,6.437500,6.875000,3.337591,5300
2000-03-09,6.687500,6.687500,6.687500,6.687500,3.309139,0
2000-03-10,6.750000,6.937500,6.750000,6.750000,3.340066,5500
2000-03-13,6.625000,6.625000,6.625000,6.625000,3.278213,200
2000-03-14,6.625000,6.625000,6.625000,6.625000,3.278213,0
2000-03-15,6.625000,6.625000,6.625000,6.625000,3.278213,0
2000-03-16,6.625000,6.625000,6.625000,6.625000,3.278213,0
2000-03-17,6.750000,6.750000,6.750000,6.750000,3.340066,100
2000-03-20,6.750000,6.750000,6.750000,6.750000,3.340066,0
2000-03-21,6.625000,6.625000,6.500000,6.562500,3.247287,5200
2000-03-22,6.687500,6.687500,6.687500,6.687500,3.309139,300
2000-03-23,6.562500,6.562500,6.562500,6.562500,3.247287,600
2000-03-24,6.625000,6.750000,6.625000,6.750000,3.340066,4600
2000-03-27,6.750000,6.750000,6.750000,6.750000,3.340066,0
2000-03-28,6.750000,6.750000,6.750000,6.750000,3.340066,0
2000-03-29,6.625000,6.875000,6.625000,6.812500,3.370993,5800
2000-03-30,6.500000,6.625000,6.500000,6.625000,3.278213,3500
2000-03-31,6.625000,7.125000,6.625000,7.000000,3.463772,19500
2000-04-03,6.875000,7.125000,6.875000,7.000000,3.463772,5600
2000-04-04,7.000000,7.000000,7.000000,7.000000,3.463772,0
2000-04-05,7.125000,7.125000,6.875000,6.875000,3.401920,1200
2000-04-06,6.750000,6.750000,6.625000,6.750000,3.340066,1600
2000-04-07,6.750000,6.750000,6.750000,6.750000,3.340066,200
2000-04-10,6.875000,6.875000,6.875000,6.875000,3.401920,100
2000-04-11,6.750000,6.750000,6.750000,6.750000,3.340066,100
2000-04-12,6.625000,6.875000,6.625000,6.875000,3.401920,1300
2000-04-13,6.750000,6.750000,6.750000,6.750000,3.340066,2100
2000-04-14,6.625000,6.625000,6.500000,6.500000,3.216360,1100
2000-04-17,6.500000,6.625000,6.500000,6.500000,3.216360,3400
2000-04-18,6.750000,6.750000,6.625000,6.625000,3.278213,1300
2000-04-19,6.625000,6.625000,6.625000,6.625000,3.278213,0
2000-04-20,6.750000,6.750000,6.750000,6.750000,3.340066,200
2000-04-24,6.750000,6.750000,6.750000,6.750000,3.340066,0
2000-04-25,6.750000,6.750000,6.750000,6.750000,3.340066,0
2000-04-26,6.750000,6.750000,6.750000,6.750000,3.340066,0
2000-04-27,6.625000,6.625000,6.562500,6.562500,3.247287,1000
2000-04-28,6.562500,6.562500,6.562500,6.562500,3.247287,0
2000-05-01,6.687500,6.875000,6.687500,6.750000,3.340066,1100
2000-05-02,6.875000,6.875000,6.875000,6.875000,3.401920,1000
2000-05-03,6.875000,6.875000,6.875000,6.875000,3.401920,0
2000-05-04,6.750000,6.750000,6.750000,6.750000,3.340066,400
2000-05-05,6.750000,6.750000,6.750000,6.750000,3.340066,0
2000-05-08,6.750000,6.750000,6.750000,6.750000,3.340066,0
2000-05-09,6.875000,7.000000,6.625000,6.625000,3.278213,8300
2000-05-10,6.625000,6.625000,6.625000,6.625000,3.278213,0
2000-05-11,6.562500,6.562500,6.562500,6.562500,3.247287,1800
2000-05-12,6.562500,6.562500,6.562500,6.562500,3.247287,0
2000-05-15,6.562500,6.562500,6.562500,6.562500,3.247287,0
2000-05-16,6.562500,6.562500,6.562500,6.562500,3.247287,0
2000-05-17,6.500000,6.625000,6.437500,6.500000,3.216360,5500
2000-05-18,6.500000,6.500000,6.500000,6.500000,3.216360,0
2000-05-19,6.562500,6.687500,6.562500,6.687500,3.309139,1000
2000-05-22,6.562500,6.562500,6.562500,6.562500,3.247287,200
2000-05-23,6.562500,6.562500,6.562500,6.562500,3.247287,0
2000-05-24,6.687500,6.687500,6.687500,6.687500,3.309139,800
2000-05-25,6.750000,6.875000,6.750000,6.875000,3.401920,3300
2000-05-26,6.937500,6.937500,6.937500,6.937500,3.432845,1100
2000-05-30,6.750000,6.750000,6.625000,6.625000,3.278213,4500
2000-05-31,6.625000,6.625000,6.625000,6.625000,3.278213,0
2000-06-01,6.625000,6.625000,6.625000,6.625000,3.278213,200
2000-06-02,6.625000,6.625000,6.625000,6.625000,3.278213,400
2000-06-05,6.625000,6.625000,6.625000,6.625000,3.278213,0
2000-06-06,6.750000,6.750000,6.750000,6.750000,3.340066,300
2000-06-07,6.687500,6.687500,6.687500,6.687500,3.379227,100
2000-06-08,6.687500,6.687500,6.687500,6.687500,3.379227,0
2000-06-09,6.625000,6.875000,6.625000,6.875000,3.473972,3800
2000-06-12,6.875000,6.875000,6.875000,6.875000,3.473972,0
2000-06-13,6.875000,6.875000,6.875000,6.875000,3.473972,0
2000-06-14,6.875000,6.875000,6.875000,6.875000,3.473972,0
2000-06-15,6.750000,6.750000,6.750000,6.750000,3.410809,100
2000-06-16,6.750000,6.750000,6.750000,6.750000,3.410809,0
2000-06-19,6.625000,6.625000,6.625000,6.625000,3.347646,2700
2000-06-20,6.625000,6.625000,6.625000,6.625000,3.347646,0
2000-06-21,6.750000,6.750000,6.625000,6.625000,3.347646,200
2000-06-22,6.562500,6.875000,6.562500,6.875000,3.473972,1300
2000-06-23,6.750000,6.750000,6.750000,6.750000,3.410809,100
2000-06-26,6.750000,6.750000,6.750000,6.750000,3.410809,0
2000-06-27,6.750000,6.750000,6.750000,6.750000,3.410809,200
2000-06-28,6.875000,6.875000,6.875000,6.875000,3.473972,800
2000-06-29,6.875000,7.187500,6.875000,7.000000,3.537135,3600
2000-06-30,6.875000,6.875000,6.750000,6.875000,3.473972,900
2000-07-03,6.625000,6.750000,6.625000,6.625000,3.347646,4100
2000-07-05,6.750000,6.750000,6.625000,6.625000,3.347646,400
2000-07-06,6.625000,6.625000,6.625000,6.625000,3.347646,100
2000-07-07,6.750000,6.750000,6.750000,6.750000,3.410809,400
2000-07-10,6.687500,6.750000,6.687500,6.750000,3.410809,1500
2000-07-11,6.875000,7.000000,6.875000,7.000000,3.537135,1400
2000-07-12,7.000000,7.000000,7.000000,7.000000,3.537135,200
2000-07-13,6.875000,6.875000,6.750000,6.750000,3.410809,1200
2000-07-14,6.687500,6.687500,6.687500,6.687500,3.379227,4100
2000-07-17,6.625000,6.625000,6.625000,6.625000,3.347646,1300
2000-07-18,6.750000,6.750000,6.562500,6.625000,3.347646,3800
2000-07-19,6.625000,6.750000,6.625000,6.750000,3.410809,2500
2000-07-20,6.625000,6.750000,6.625000,6.687500,3.379227,3900
2000-07-21,6.687500,6.687500,6.687500,6.687500,3.379227,0
2000-07-24,6.875000,6.875000,6.875000,6.875000,3.473972,1100
2000-07-25,6.750000,6.875000,6.750000,6.875000,3.473972,1600
2000-07-26,6.875000,6.875000,6.875000,6.875000,3.473972,0
2000-07-27,6.875000,6.875000,6.750000,6.750000,3.410809,1000
2000-07-28,6.812500,6.812500,6.812500,6.812500,3.442390,400
2000-07-31,6.875000,6.875000,6.875000,6.875000,3.473972,400
2000-08-01,6.750000,6.750000,6.750000,6.750000,3.410809,800
2000-08-02,6.750000,6.750000,6.750000,6.750000,3.410809,1400
2000-08-03,6.750000,6.750000,6.750000,6.750000,3.410809,0
2000-08-04,6.687500,6.687500,6.687500,6.687500,3.379227,700
2000-08-07,6.687500,6.687500,6.687500,6.687500,3.379227,1000
2000-08-08,6.625000,6.875000,6.625000,6.875000,3.473972,3800
2000-08-09,6.875000,6.875000,6.875000,6.875000,3.473972,200
2000-08-10,6.875000,6.875000,6.875000,6.875000,3.473972,0
2000-08-11,6.875000,6.875000,6.875000,6.875000,3.473972,1000
2000-08-14,6.875000,6.875000,6.875000,6.875000,3.473972,0
2000-08-15,6.750000,6.750000,6.750000,6.750000,3.410809,100
2000-08-16,6.812500,6.812500,6.812500,6.812500,3.442390,500
2000-08-17,6.687500,6.812500,6.687500,6.812500,3.442390,900
2000-08-18,6.875000,6.875000,6.750000,6.875000,3.473972,1900
2000-08-21,6.750000,6.750000,6.750000,6.750000,3.410809,500
2000-08-22,6.625000,6.625000,6.625000,6.625000,3.347646,2000
2000-08-23,6.750000,6.875000,6.750000,6.875000,3.473972,1900
2000-08-24,6.875000,6.875000,6.875000,6.875000,3.473972,200
2000-08-25,6.812500,6.875000,6.812500,6.875000,3.473972,1500
2000-08-28,6.750000,6.750000,6.750000,6.750000,3.410809,500
2000-08-29,6.812500,6.812500,6.750000,6.750000,3.410809,1500
2000-08-30,6.750000,6.750000,6.750000,6.750000,3.410809,200
2000-08-31,6.750000,6.750000,6.750000,6.750000,3.410809,1800
2000-09-01,6.875000,6.875000,6.875000,6.875000,3.473972,100
2000-09-05,6.750000,6.750000,6.750000,6.750000,3.410809,100
2000-09-06,6.750000,6.750000,6.750000,6.750000,3.410809,0
2000-09-07,6.750000,7.000000,6.750000,6.750000,3.410809,3300
2000-09-08,6.875000,6.875000,6.875000,6.875000,3.473972,2000
2000-09-11,6.750000,6.750000,6.750000,6.750000,3.410809,100
2000-09-12,6.750000,6.750000,6.750000,6.750000,3.410809,600
2000-09-13,6.687500,6.750000,6.562500,6.750000,3.483050,1700
2000-09-14,6.750000,6.875000,6.562500,6.562500,3.386299,3600
2000-09-15,6.625000,6.625000,6.625000,6.625000,3.418549,3900
2000-09-18,6.625000,6.625000,6.625000,6.625000,3.418549,0
2000-09-19,6.625000,6.625000,6.625000,6.625000,3.418549,0
2000-09-20,6.750000,6.750000,6.625000,6.625000,3.418549,2800
2000-09-21,6.625000,6.625000,6.625000,6.625000,3.418549,2000
2000-09-22,6.750000,6.750000,6.687500,6.750000,3.483050,2100
2000-09-25,6.687500,6.812500,6.625000,6.812500,3.515300,6800
2000-09-26,6.812500,6.812500,6.812500,6.812500,3.515300,0
2000-09-27,6.750000,6.750000,6.750000,6.750000,3.483050,300
2000-09-28,6.812500,6.875000,6.812500,6.875000,3.547551,6500
2000-09-29,6.875000,6.875000,6.875000,6.875000,3.547551,0
2000-10-02,7.000000,7.000000,7.000000,7.000000,3.612052,800
2000-10-03,7.125000,7.125000,7.000000,7.000000,3.612052,1900
2000-10-04,7.000000,7.000000,7.000000,7.000000,3.612052,0
2000-10-05,7.000000,7.000000,7.000000,7.000000,3.612052,0
2000-10-06,7.000000,7.000000,7.000000,7.000000,3.612052,0
2000-10-09,7.062500,7.062500,6.875000,6.875000,3.547551,500
2000-10-10,7.000000,7.000000,6.625000,6.625000,3.418549,2000
2000-10-11,6.875000,7.000000,6.750000,7.000000,3.612052,800
2000-10-12,7.000000,7.125000,7.000000,7.125000,3.676553,1000
2000-10-13,7.125000,7.125000,7.125000,7.125000,3.676553,0
2000-10-16,7.125000,7.125000,7.125000,7.125000,3.676553,0
2000-10-17,7.125000,7.125000,7.125000,7.125000,3.676553,0
2000-10-18,7.000000,7.000000,7.000000,7.000000,3.612052,900
2000-10-19,7.000000,7.000000,7.000000,7.000000,3.612052,0
2000-10-20,7.000000,7.000000,7.000000,7.000000,3.612052,0
2000-10-23,6.937500,7.062500,6.937500,7.062500,3.644301,200
2000-10-24,7.062500,7.062500,7.062500,7.062500,3.644301,500
2000-10-25,7.125000,7.125000,7.125000,7.125000,3.676553,600
2000-10-26,7.000000,7.125000,7.000000,7.000000,3.612052,1800
2000-10-27,7.000000,7.000000,7.000000,7.000000,3.612052,200
2000-10-30,7.000000,7.000000,7.000000,7.000000,3.612052,0
2000-10-31,7.000000,7.000000,7.000000,7.000000,3.612052,0
2000-11-01,6.875000,6.875000,6.750000,6.750000,3.483050,1200
2000-11-02,6.687500,6.687500,6.687500,6.687500,3.450799,500
2000-11-03,6.812500,6.812500,6.812500,6.812500,3.515300,100
2000-11-06,6.687500,6.750000,6.687500,6.750000,3.483050,1000
2000-11-07,6.750000,6.750000,6.750000,6.750000,3.483050,0
2000-11-08,6.750000,6.750000,6.750000,6.750000,3.483050,100
2000-11-09,6.750000,6.750000,6.750000,6.750000,3.483050,0
2000-11-10,6.812500,6.812500,6.812500,6.812500,3.515300,200
2000-11-13,6.812500,6.812500,6.812500,6.812500,3.515300,100
2000-11-14,6.812500,6.812500,6.812500,6.812500,3.515300,0
2000-11-15,6.750000,6.812500,6.750000,6.812500,3.515300,400
2000-11-16,6.812500,6.812500,6.812500,6.812500,3.515300,100
2000-11-17,6.812500,6.812500,6.812500,6.812500,3.515300,0
2000-11-20,6.812500,6.812500,6.812500,6.812500,3.515300,0
2000-11-21,6.812500,6.812500,6.812500,6.812500,3.515300,200
2000-11-22,6.875000,6.875000,6.875000,6.875000,3.547551,800
2000-11-24,6.750000,6.750000,6.750000,6.750000,3.483050,100
2000-11-27,6.750000,6.750000,6.750000,6.750000,3.483050,0
2000-11-28,6.812500,6.812500,6.812500,6.812500,3.515300,1000
2000-11-29,6.875000,6.875000,6.875000,6.875000,3.547551,500
2000-11-30,6.687500,6.750000,6.687500,6.750000,3.555452,300
2000-12-01,6.750000,6.875000,6.750000,6.875000,3.621293,500
2000-12-04,6.875000,6.875000,6.875000,6.875000,3.621293,500
2000-12-05,6.750000,6.750000,6.750000,6.750000,3.555452,100
2000-12-06,6.750000,6.750000,6.500000,6.687500,3.522530,2900
2000-12-07,6.687500,6.750000,6.625000,6.750000,3.555452,3000
2000-12-08,6.750000,6.750000,6.750000,6.750000,3.555452,0
2000-12-11,6.875000,6.875000,6.875000,6.875000,3.621293,2000
2000-12-12,6.875000,6.875000,6.875000,6.875000,3.621293,400
2000-12-13,6.875000,6.875000,6.875000,6.875000,3.621293,0
2000-12-14,7.000000,7.000000,7.000000,7.000000,3.687135,200
2000-12-15,6.812500,7.000000,6.812500,6.875000,3.621293,1400
2000-12-18,6.875000,6.875000,6.875000,6.875000,3.621293,0
2000-12-19,7.000000,7.000000,7.000000,7.000000,3.687135,300
2000-12-20,6.875000,6.875000,6.875000,6.875000,3.621293,100
2000-12-21,6.937500,6.937500,6.937500,6.937500,3.654214,200
2000-12-22,6.812500,6.812500,6.812500,6.812500,3.588372,800
2000-12-26,6.937500,6.937500,6.937500,6.937500,3.654214,200
2000-12-27,7.000000,7.000000,7.000000,7.000000,3.687135,1600
2000-12-28,6.937500,7.125000,6.937500,7.125000,3.752977,700
2000-12-29,7.062500,7.062500,7.062500,7.062500,3.720057,800
2001-01-02,7.125000,7.250000,7.000000,7.062500,3.720057,500
2001-01-03,6.937500,7.000000,6.875000,7.000000,3.687135,1100
2001-01-04,7.125000,7.125000,7.125000,7.125000,3.752977,100
2001-01-05,7.250000,7.250000,7.125000,7.250000,3.818820,1800
2001-01-08,7.250000,7.250000,7.250000,7.250000,3.818820,2000
2001-01-09,7.187500,7.187500,7.125000,7.125000,3.752977,1400
2001-01-10,7.250000,7.250000,7.250000,7.250000,3.818820,1200
2001-01-11,7.250000,7.312500,7.250000,7.312500,3.851740,2400
2001-01-12,7.312500,7.312500,7.312500,7.312500,3.851740,1400
2001-01-16,7.312500,7.312500,7.312500,7.312500,3.851740,0
2001-01-17,7.312500,7.312500,7.312500,7.312500,3.851740,0
2001-01-18,7.125000,7.250000,7.125000,7.250000,3.818820,1400
2001-01-19,7.125000,7.250000,7.125000,7.250000,3.818820,700
2001-01-22,7.250000,7.250000,7.250000,7.250000,3.818820,100
2001-01-23,7.250000,7.250000,7.250000,7.250000,3.818820,0
2001-01-24,7.000000,7.000000,6.875000,7.000000,3.687135,4400
2001-01-25,7.125000,7.125000,6.812500,6.812500,3.588372,2200
2001-01-26,6.750000,7.000000,6.750000,7.000000,3.687135,600
2001-01-29,6.910000,6.910000,6.810000,6.810000,3.587057,2000
2001-01-30,6.810000,6.810000,6.810000,6.810000,3.587057,0
2001-01-31,6.850000,6.900000,6.850000,6.900000,3.634462,800
2001-02-01,7.000000,7.000000,6.900000,6.900000,3.634462,600
2001-02-02,6.870000,6.950000,6.870000,6.950000,3.660799,500
2001-02-05,6.930000,6.930000,6.930000,6.930000,3.650265,400
2001-02-06,6.980000,7.150000,6.980000,7.050000,3.713472,2300
2001-02-07,7.060000,7.060000,7.060000,7.060000,3.718739,100
2001-02-08,7.000000,7.000000,6.960000,6.960000,3.666065,800
2001-02-09,6.900000,6.900000,6.900000,6.900000,3.634462,600
2001-02-12,7.000000,7.100000,7.000000,7.100000,3.739809,700
2001-02-13,7.100000,7.200000,7.100000,7.200000,3.792482,1200
2001-02-14,7.200000,7.200000,7.200000,7.200000,3.792482,0
2001-02-15,7.200000,7.200000,7.200000,7.200000,3.792482,0
2001-02-16,7.200000,7.200000,7.200000,7.200000,3.792482,0
2001-02-20,7.250000,7.320000,7.250000,7.320000,3.855689,1600
2001-02-21,7.260000,7.260000,7.260000,7.260000,3.824086,400
2001-02-22,7.260000,7.320000,7.260000,7.300000,3.845155,2900
2001-02-23,7.300000,7.300000,7.300000,7.300000,3.845155,0
2001-02-26,7.350000,7.500000,7.350000,7.500000,3.950504,5500
2001-02-27,7.550000,7.550000,7.500000,7.500000,3.950504,900
2001-02-28,7.550000,7.600000,7.500000,7.500000,3.950504,4400
2001-03-01,7.500000,7.500000,7.500000,7.500000,3.950504,0
2001-03-02,7.500000,7.500000,7.500000,7.500000,3.950504,3100
2001-03-05,7.500000,7.500000,7.400000,7.400000,3.897830,1100
2001-03-06,7.400000,7.400000,7.400000,7.400000,3.897830,0
2001-03-07,7.500000,7.500000,7.450000,7.450000,3.924165,200
2001-03-08,7.320000,7.320000,7.320000,7.320000,3.924165,0
2001-03-09,7.220000,7.220000,7.150000,7.200000,3.859834,3300
2001-03-12,7.200000,7.300000,7.200000,7.200000,3.859834,1300
2001-03-13,7.200000,7.200000,7.200000,7.200000,3.859834,0
2001-03-14,7.200000,7.200000,7.200000,7.200000,3.859834,0
2001-03-15,7.200000,7.200000,7.200000,7.200000,3.859834,0
2001-03-16,7.390000,7.390000,7.210000,7.260000,3.892001,800
2001-03-19,7.260000,7.260000,7.260000,7.260000,3.892001,0
2001-03-20,7.300000,7.400000,7.300000,7.400000,3.967053,1200
2001-03-21,7.500000,7.500000,7.400000,7.450000,3.993856,2000
2001-03-22,7.550000,7.650000,7.450000,7.450000,3.993856,4300
2001-03-23,7.350000,7.350000,7.350000,7.350000,3.940249,800
2001-03-26,7.350000,7.350000,7.350000,7.350000,3.940249,1900
2001-03-27,7.350000,7.350000,7.350000,7.350000,3.940249,200
2001-03-28,7.450000,7.500000,7.450000,7.500000,4.020661,1000
2001-03-29,7.600000,7.600000,7.550000,7.550000,4.047465,1000
2001-03-30,7.450000,7.450000,7.430000,7.430000,3.983136,400
2001-04-02,7.450000,7.600000,7.450000,7.450000,3.993856,300
2001-04-03,7.400000,7.450000,7.400000,7.450000,3.993856,200
2001-04-04,7.450000,7.450000,7.450000,7.450000,3.993856,0
2001-04-05,7.450000,7.450000,7.450000,7.450000,3.993856,0
2001-04-06,7.450000,7.450000,7.450000,7.450000,3.993856,0
2001-04-09,7.520000,7.520000,7.520000,7.520000,4.031384,200
2001-04-10,7.420000,7.520000,7.420000,7.500000,4.020661,1500
2001-04-11,7.500000,7.500000,7.500000,7.500000,4.020661,0
2001-04-12,7.550000,7.550000,7.550000,7.550000,4.047465,200
2001-04-16,7.500000,7.500000,7.500000,7.500000,4.020661,100
2001-04-17,7.550000,7.550000,7.550000,7.550000,4.047465,200
2001-04-18,7.500000,7.500000,7.500000,7.500000,4.020661,200
2001-04-19,7.570000,7.570000,7.570000,7.570000,4.058187,600
2001-04-20,7.570000,7.600000,7.550000,7.550000,4.047465,900
2001-04-23,7.450000,7.450000,7.450000,7.450000,3.993856,1800
2001-04-24,7.600000,7.700000,7.600000,7.600000,4.074271,3100
2001-04-25,7.500000,7.500000,7.450000,7.450000,3.993856,1100
2001-04-26,7.450000,7.450000,7.450000,7.450000,3.993856,0
2001-04-27,7.450000,7.450000,7.450000,7.450000,3.993856,0
2001-04-30,7.450000,7.450000,7.450000,7.450000,3.993856,0
2001-05-01,7.550000,7.650000,7.550000,7.650000,4.101074,200
2001-05-02,7.650000,7.650000,7.650000,7.650000,4.101074,0
2001-05-03,7.650000,7.650000,7.650000,7.650000,4.101074,0
2001-05-04,7.700000,7.700000,7.700000,7.700000,4.127878,100
2001-05-07,7.650000,7.650000,7.600000,7.600000,4.074271,1200
2001-05-08,7.600000,7.600000,7.600000,7.600000,4.074271,0
2001-05-09,7.500000,7.500000,7.500000,7.500000,4.020661,800
2001-05-10,7.500000,7.500000,7.400000,7.400000,3.967053,1200
2001-05-11,7.500000,7.500000,7.400000,7.400000,3.967053,1300
2001-05-14,7.400000,7.400000,7.400000,7.400000,3.967053,0
2001-05-15,7.500000,7.500000,7.500000,7.500000,4.020661,700
2001-05-16,7.500000,7.500000,7.500000,7.500000,4.020661,0
2001-05-17,7.600000,7.600000,7.600000,7.600000,4.074271,100
2001-05-18,7.650000,7.650000,7.600000,7.600000,4.074271,400
2001-05-21,7.600000,7.600000,7.500000,7.500000,4.020661,900
2001-05-22,7.400000,7.400000,7.300000,7.300000,3.913443,1700
2001-05-23,7.400000,7.400000,7.400000,7.400000,3.967053,500
2001-05-24,7.500000,7.500000,7.410000,7.410000,3.972414,700
2001-05-25,7.400000,7.400000,7.400000,7.400000,3.967053,600
2001-05-29,7.400000,7.400000,7.400000,7.400000,3.967053,1500
2001-05-30,7.410000,7.410000,7.300000,7.300000,3.913443,600
2001-05-31,7.260000,7.260000,7.250000,7.250000,3.886640,1000
2001-06-01,7.350000,7.650000,7.350000,7.650000,4.101074,4500
2001-06-04,7.550000,7.550000,7.550000,7.550000,4.047465,300
2001-06-05,7.450000,7.450000,7.450000,7.450000,3.993856,400
2001-06-06,7.310000,7.310000,7.310000,7.310000,3.993856,0
2001-06-07,7.210000,7.210000,7.210000,7.210000,3.939222,600
2001-06-08,7.310000,7.500000,7.310000,7.500000,4.097664,1300
2001-06-11,7.500000,7.500000,7.500000,7.500000,4.097664,0
2001-06-12,7.500000,7.500000,7.500000,7.500000,4.097664,500
2001-06-13,7.600000,7.700000,7.600000,7.700000,4.206934,3200
2001-06-14,7.700000,7.700000,7.700000,7.700000,4.206934,0
2001-06-15,7.700000,7.700000,7.700000,7.700000,4.206934,0
2001-06-18,7.650000,7.650000,7.500000,7.600000,4.152299,1400
2001-06-19,7.600000,7.600000,7.600000,7.600000,4.152299,1000
2001-06-20,7.600000,7.600000,7.600000,7.600000,4.152299,0
2001-06-21,7.500000,7.500000,7.500000,7.500000,4.097664,300
2001-06-22,7.600000,7.750000,7.600000,7.600000,4.152299,3100
2001-06-25,7.600000,7.600000,7.600000,7.600000,4.152299,0
2001-06-26,7.600000,7.600000,7.600000,7.600000,4.152299,0
2001-06-27,7.600000,7.600000,7.600000,7.600000,4.152299,0
2001-06-28,7.600000,7.600000,7.600000,7.600000,4.152299,1400
2001-06-29,7.500000,7.500000,7.500000,7.500000,4.097664,100
2001-07-02,7.550000,7.650000,7.550000,7.650000,4.179617,200
2001-07-03,7.510000,7.510000,7.510000,7.510000,4.103127,100
2001-07-05,7.670000,7.750000,7.600000,7.600000,4.152299,4500
2001-07-06,7.600000,7.600000,7.600000,7.600000,4.152299,0
2001-07-09,7.600000,7.600000,7.600000,7.600000,4.152299,0
2001-07-10,7.550000,7.550000,7.550000,7.550000,4.124983,100
2001-07-11,7.600000,7.650000,7.550000,7.650000,4.179617,1500
2001-07-12,7.700000,7.750000,7.700000,7.750000,4.234255,1400
2001-07-13,7.650000,7.750000,7.650000,7.650000,4.179617,2300
2001-07-16,7.650000,7.650000,7.650000,7.650000,4.179617,0
2001-07-17,7.550000,7.560000,7.500000,7.550000,4.124983,1800
2001-07-18,7.600000,7.650000,7.550000,7.650000,4.179617,1400
2001-07-19,7.550000,7.550000,7.510000,7.510000,4.103127,1000
2001-07-20,7.610000,7.750000,7.610000,7.750000,4.234255,2000
2001-07-23,7.840000,7.840000,7.750000,7.800000,4.261573,1300
2001-07-24,7.800000,7.800000,7.800000,7.800000,4.261573,0
2001-07-25,7.840000,8.000000,7.840000,7.950000,4.343524,6500
2001-07-26,7.850000,7.850000,7.850000,7.850000,4.288888,300
2001-07-27,7.950000,8.000000,7.950000,7.980000,4.359915,1400
2001-07-30,7.850000,7.850000,7.850000,7.850000,4.288888,2000
2001-07-31,7.850000,7.850000,7.850000,7.850000,4.288888,0
2001-08-01,7.850000,7.850000,7.850000,7.850000,4.288888,0
2001-08-02,7.900000,7.900000,7.900000,7.900000,4.316206,1100
2001-08-03,7.950000,7.950000,7.900000,7.900000,4.316206,600
2001-08-06,8.000000,8.000000,8.000000,8.000000,4.370842,1400
2001-08-07,8.100000,8.250000,8.100000,8.200000,4.480114,1900
2001-08-08,8.100000,8.100000,8.100000,8.100000,4.425477,400
2001-08-09,8.100000,8.100000,8.100000,8.100000,4.425477,0
2001-08-10,8.000000,8.000000,7.850000,7.850000,4.288888,3000
2001-08-13,7.850000,7.850000,7.850000,7.850000,4.288888,0
2001-08-14,7.940000,7.940000,7.850000,7.850000,4.288888,3000
2001-08-15,7.850000,7.850000,7.850000,7.850000,4.288888,0
2001-08-16,7.950000,7.950000,7.750000,7.900000,4.316206,3200
2001-08-17,7.900000,7.900000,7.900000,7.900000,4.316206,0
2001-08-20,8.000000,8.200000,8.000000,8.100000,4.425477,7600
2001-08-21,8.100000,8.150000,8.100000,8.150000,4.452794,400
2001-08-22,8.100000,8.100000,8.050000,8.050000,4.398160,400
2001-08-23,8.050000,8.050000,8.050000,8.050000,4.398160,0
2001-08-24,8.050000,8.050000,8.050000,8.050000,4.398160,0
2001-08-27,8.150000,8.250000,8.100000,8.100000,4.425477,1700
2001-08-28,8.200000,8.200000,7.950000,7.950000,4.343524,1800
2001-08-29,7.850000,7.850000,7.700000,7.800000,4.261573,1800
2001-08-30,7.900000,7.900000,7.900000,7.900000,4.316206,500
2001-08-31,7.950000,7.950000,7.950000,7.950000,4.343524,2100
2001-09-04,8.060000,8.250000,8.060000,8.250000,4.507431,2000
2001-09-05,8.330000,8.330000,8.330000,8.330000,4.551140,200
2001-09-06,8.280000,8.280000,8.280000,8.280000,4.523822,400
2001-09-07,8.330000,8.330000,8.330000,8.330000,4.551140,700
2001-09-10,8.330000,8.330000,8.330000,8.330000,4.551140,0
2001-09-17,8.190000,8.190000,8.190000,8.190000,4.551140,0
2001-09-18,8.330000,8.450000,8.330000,8.440000,4.690063,2300
2001-09-19,8.440000,8.750000,8.440000,8.630000,4.795644,3400
2001-09-20,8.650000,8.780000,8.650000,8.780000,4.879000,2100
2001-09-21,8.800000,8.800000,8.600000,8.800000,4.890114,4300
2001-09-24,8.750000,8.750000,8.550000,8.550000,4.751192,1500
2001-09-25,8.550000,8.550000,8.550000,8.550000,4.751192,0
2001-09-26,8.500000,8.500000,8.350000,8.400000,4.667835,1900
2001-09-27,8.500000,8.510000,8.250000,8.250000,4.584481,2400
2001-09-28,8.380000,8.500000,8.120000,8.500000,4.723405,4800
2001-10-01,8.400000,8.500000,8.250000,8.250000,4.584481,3700
2001-10-02,8.370000,8.370000,8.120000,8.240000,4.578924,1900
2001-10-03,8.420000,8.420000,8.420000,8.420000,4.678950,2400
2001-10-04,8.420000,8.420000,8.420000,8.420000,4.678950,0
2001-10-05,8.420000,8.420000,8.420000,8.420000,4.678950,0
2001-10-08,8.400000,8.400000,8.400000,8.400000,4.667835,500
2001-10-09,8.400000,8.400000,8.400000,8.400000,4.667835,0
2001-10-10,8.310000,8.310000,8.310000,8.310000,4.617824,100
2001-10-11,8.300000,8.300000,8.010000,8.010000,4.451113,2000
2001-10-12,8.150000,8.300000,8.150000,8.300000,4.612265,1100
2001-10-15,8.420000,8.420000,8.300000,8.300000,4.612265,1500
2001-10-16,8.300000,8.300000,8.300000,8.300000,4.612265,0
2001-10-17,8.300000,8.300000,8.300000,8.300000,4.612265,0
2001-10-18,8.300000,8.300000,8.300000,8.300000,4.612265,0
2001-10-19,8.300000,8.300000,8.300000,8.300000,4.612265,0
2001-10-22,8.300000,8.300000,8.300000,8.300000,4.612265,100
2001-10-23,8.300000,8.300000,8.300000,8.300000,4.612265,0
2001-10-24,8.200000,8.200000,8.200000,8.200000,4.556697,100
2001-10-25,8.200000,8.200000,8.200000,8.200000,4.556697,0
2001-10-26,8.200000,8.200000,8.200000,8.200000,4.556697,0
2001-10-29,8.200000,8.200000,8.200000,8.200000,4.556697,0
2001-10-30,8.200000,8.200000,8.200000,8.200000,4.556697,0
2001-10-31,8.200000,8.200000,8.200000,8.200000,4.556697,0
2001-11-01,8.300000,8.490000,8.300000,8.490000,4.717848,1200
2001-11-02,8.490000,8.490000,8.490000,8.490000,4.717848,800
2001-11-05,8.390000,8.390000,8.350000,8.350000,4.640051,4100
2001-11-06,8.400000,8.480000,8.400000,8.480000,4.712291,1100
2001-11-07,8.490000,8.490000,8.490000,8.490000,4.717848,400
2001-11-08,8.490000,8.490000,8.490000,8.490000,4.717848,0
2001-11-09,8.490000,8.490000,8.490000,8.490000,4.717848,0
2001-11-12,8.410000,8.410000,8.410000,8.410000,4.673392,1000
2001-11-13,8.410000,8.410000,8.410000,8.410000,4.673392,0
2001-11-14,8.330000,8.330000,8.330000,8.330000,4.628938,2400
2001-11-15,8.230000,8.330000,8.230000,8.300000,4.612265,2800
2001-11-16,8.200000,8.200000,8.200000,8.200000,4.556697,200
2001-11-19,8.200000,8.200000,8.200000,8.200000,4.556697,0
2001-11-20,8.400000,8.490000,8.400000,8.490000,4.717848,2000
2001-11-21,8.500000,8.500000,8.500000,8.500000,4.723405,1700
2001-11-23,8.530000,8.530000,8.530000,8.530000,4.740076,100
2001-11-26,8.530000,8.530000,8.530000,8.530000,4.740076,0
2001-11-27,8.530000,8.530000,8.400000,8.400000,4.667835,1000
2001-11-28,8.490000,8.500000,8.400000,8.400000,4.667835,800
2001-11-29,8.350000,8.350000,8.350000,8.350000,4.640051,1700
2001-11-30,8.400000,8.400000,8.400000,8.400000,4.667835,200
2001-12-03,8.300000,8.300000,8.250000,8.250000,4.584481,1000
2001-12-04,8.230000,8.250000,8.120000,8.120000,4.590134,3800
2001-12-05,8.220000,8.250000,8.100000,8.250000,4.663621,2000
2001-12-06,8.350000,8.350000,8.350000,8.350000,4.720150,1600
2001-12-07,8.300000,8.300000,8.200000,8.200000,4.635357,1200
2001-12-10,8.240000,8.240000,8.150000,8.150000,4.607093,3100
2001-12-11,8.150000,8.150000,8.150000,8.150000,4.607093,1500
2001-12-12,8.240000,8.240000,8.240000,8.240000,4.657969,100
2001-12-13,8.150000,8.150000,8.050000,8.050000,4.550564,1400
2001-12-14,7.950000,7.950000,7.850000,7.850000,4.437506,2200
2001-12-17,7.950000,8.000000,7.950000,8.000000,4.522300,700
2001-12-18,8.000000,8.000000,8.000000,8.000000,4.522300,300
2001-12-19,8.000000,8.000000,7.850000,7.950000,4.494034,4500
2001-12-20,7.950000,7.950000,7.950000,7.950000,4.494034,0
2001-12-21,7.950000,7.950000,7.950000,7.950000,4.494034,0
2001-12-24,7.950000,7.950000,7.950000,7.950000,4.494034,0
2001-12-26,7.950000,7.950000,7.950000,7.950000,4.494034,300
2001-12-27,8.050000,8.250000,8.050000,8.250000,4.663621,2500
2001-12-28,8.250000,8.250000,8.100000,8.100000,4.578828,2300
2001-12-31,8.200000,8.250000,8.160000,8.250000,4.663621,900
2002-01-02,8.250000,8.250000,8.250000,8.250000,4.663621,1600
2002-01-03,8.250000,8.250000,8.120000,8.120000,4.590134,700
2002-01-04,8.200000,8.200000,8.200000,8.200000,4.635357,200
2002-01-07,8.250000,8.300000,8.200000,8.200000,4.635357,1100
2002-01-08,8.100000,8.100000,8.000000,8.000000,4.522300,2100
2002-01-09,8.000000,8.000000,8.000000,8.000000,4.522300,0
2002-01-10,8.000000,8.000000,8.000000,8.000000,4.522300,1000
2002-01-11,8.120000,8.320000,8.120000,8.250000,4.663621,1100
2002-01-14,8.300000,8.300000,8.300000,8.300000,4.691885,800
2002-01-15,8.200000,8.200000,8.200000,8.200000,4.635357,200
2002-01-16,8.300000,8.300000,8.300000,8.300000,4.691885,500
2002-01-17,8.200000,8.200000,8.200000,8.200000,4.635357,200
2002-01-18,8.200000,8.200000,8.200000,8.200000,4.635357,0
2002-01-22,8.200000,8.200000,8.200000,8.200000,4.635357,0
2002-01-23,8.100000,8.100000,8.000000,8.000000,4.522300,1000
2002-01-24,8.000000,8.000000,8.000000,8.000000,4.522300,0
2002-01-25,8.120000,8.200000,8.120000,8.200000,4.635357,200
2002-01-28,8.100000,8.100000,8.100000,8.100000,4.578828,300
2002-01-29,8.200000,8.200000,8.200000,8.200000,4.635357,300
2002-01-30,8.300000,8.300000,8.300000,8.300000,4.691885,400
2002-01-31,8.330000,8.330000,8.160000,8.160000,4.612744,600
2002-02-01,8.160000,8.160000,8.160000,8.160000,4.612744,0
2002-02-04,8.250000,8.250000,8.170000,8.170000,4.618399,600
2002-02-05,8.170000,8.170000,8.170000,8.170000,4.618399,0
2002-02-06,8.160000,8.160000,8.160000,8.160000,4.612744,100
2002-02-07,8.160000,8.160000,8.160000,8.160000,4.612744,0
2002-02-08,8.160000,8.160000,8.160000,8.160000,4.612744,200
2002-02-11,8.250000,8.250000,8.170000,8.170000,4.618399,200
2002-02-12,8.300000,8.300000,8.300000,8.300000,4.691885,800
2002-02-13,8.400000,8.400000,8.400000,8.400000,4.748414,200
2002-02-14,8.480000,8.480000,8.480000,8.480000,4.793638,200
2002-02-15,8.480000,8.480000,8.480000,8.480000,4.793638,0
2002-02-19,8.470000,8.470000,8.470000,8.470000,4.787984,200
2002-02-20,8.470000,8.470000,8.470000,8.470000,4.787984,1300
2002-02-21,8.470000,8.470000,8.410000,8.410000,4.754067,1900
2002-02-22,8.470000,8.470000,8.410000,8.470000,4.787984,3600
2002-02-25,8.470000,8.470000,8.470000,8.470000,4.787984,0
2002-02-26,8.470000,8.470000,8.470000,8.470000,4.787984,200
2002-02-27,8.470000,8.470000,8.470000,8.470000,4.787984,100
2002-02-28,8.470000,8.470000,8.470000,8.470000,4.787984,0
2002-03-01,8.470000,8.470000,8.470000,8.470000,4.787984,100
2002-03-04,8.470000,8.470000,8.470000,8.470000,4.787984,2300
2002-03-05,8.480000,8.480000,8.470000,8.470000,4.787984,2100
2002-03-06,8.280000,8.380000,8.270000,8.270000,4.747798,1100
2002-03-07,8.350000,8.350000,8.350000,8.350000,4.793726,200
2002-03-08,8.350000,8.350000,8.250000,8.250000,4.736315,200
2002-03-11,8.350000,8.350000,8.350000,8.350000,4.793726,400
2002-03-12,8.250000,8.340000,8.250000,8.340000,4.787985,200
2002-03-13,8.300000,8.300000,8.300000,8.300000,4.765020,100
2002-03-14,8.300000,8.300000,8.300000,8.300000,4.765020,0
2002-03-15,8.310000,8.340000,8.310000,8.340000,4.787985,600
2002-03-18,8.340000,8.350000,8.340000,8.350000,4.793726,900
2002-03-19,8.300000,8.300000,8.200000,8.200000,4.707612,800
2002-03-20,8.200000,8.200000,8.200000,8.200000,4.707612,0
2002-03-21,8.100000,8.100000,8.100000,8.100000,4.650201,100
2002-03-22,8.100000,8.100000,8.100000,8.100000,4.650201,0
2002-03-25,8.200000,8.200000,8.200000,8.200000,4.707612,400
2002-03-26,8.100000,8.250000,8.050000,8.250000,4.736315,3000
2002-03-27,8.250000,8.450000,8.250000,8.450000,4.851134,600
2002-03-28,8.450000,8.450000,8.450000,8.450000,4.851134,0
2002-04-01,8.350000,8.350000,8.250000,8.250000,4.736315,1900
2002-04-02,8.370000,8.450000,8.370000,8.450000,4.851134,300
2002-04-03,8.450000,8.450000,8.450000,8.450000,4.851134,0
2002-04-04,8.350000,8.450000,8.160000,8.160000,4.684647,1500
2002-04-05,8.200000,8.200000,8.200000,8.200000,4.707612,200
2002-04-08,8.200000,8.200000,8.200000,8.200000,4.707612,0
2002-04-09,8.100000,8.100000,8.100000,8.100000,4.650201,500
2002-04-10,8.200000,8.200000,8.200000,8.200000,4.707612,300
2002-04-11,8.300000,8.300000,8.200000,8.200000,4.707612,200
2002-04-12,8.200000,8.200000,8.200000,8.200000,4.707612,0
2002-04-15,8.200000,8.200000,8.200000,8.200000,4.707612,0
2002-04-16,8.100000,8.100000,8.100000,8.100000,4.650201,600
2002-04-17,8.100000,8.100000,8.100000,8.100000,4.650201,500
2002-04-18,8.030000,8.200000,8.030000,8.200000,4.707612,1600
2002-04-19,8.250000,8.250000,8.150000,8.150000,4.678905,200
2002-04-22,8.250000,8.250000,8.250000,8.250000,4.736315,100
2002-04-23,8.150000,8.250000,8.100000,8.250000,4.736315,2100
2002-04-24,8.200000,8.300000,8.200000,8.300000,4.765020,200
2002-04-25,8.300000,8.300000,8.300000,8.300000,4.765020,0
2002-04-26,8.390000,8.450000,8.390000,8.450000,4.851134,400
2002-04-29,8.350000,8.350000,8.350000,8.350000,4.793726,500
2002-04-30,8.250000,8.250000,8.250000,8.250000,4.736315,400
2002-05-01,8.250000,8.250000,8.250000,8.250000,4.736315,0
2002-05-02,8.340000,8.340000,8.170000,8.170000,4.690388,1200
2002-05-03,8.170000,8.170000,8.170000,8.170000,4.690388,0
2002-05-06,8.270000,8.270000,8.270000,8.270000,4.747798,600
2002-05-07,8.250000,8.300000,8.250000,8.300000,4.765020,300
2002-05-08,8.300000,8.300000,8.300000,8.300000,4.765020,100
2002-05-09,8.350000,8.350000,8.250000,8.300000,4.765020,1200
2002-05-10,8.300000,8.300000,8.300000,8.300000,4.765020,0
2002-05-13,8.340000,8.350000,8.340000,8.340000,4.787985,500
2002-05-14,8.340000,8.340000,8.240000,8.240000,4.730576,400
2002-05-15,8.250000,8.250000,8.250000,8.250000,4.736315,100
2002-05-16,8.350000,8.350000,8.340000,8.340000,4.787985,800
2002-05-17,8.340000,8.340000,8.340000,8.340000,4.787985,0
2002-05-20,8.340000,8.340000,8.340000,8.340000,4.787985,200
2002-05-21,8.340000,8.340000,8.340000,8.340000,4.787985,0
2002-05-22,8.240000,8.350000,8.240000,8.350000,4.793726,4600
2002-05-23,8.400000,8.400000,8.400000,8.400000,4.822429,600
2002-05-24,8.490000,8.490000,8.300000,8.480000,4.868359,3200
2002-05-28,8.450000,8.500000,8.350000,8.450000,4.851134,4800
2002-05-29,8.450000,8.450000,8.450000,8.450000,4.851134,0
2002-05-30,8.550000,8.800000,8.450000,8.650000,4.965955,4300
2002-05-31,8.650000,8.650000,8.650000,8.650000,4.965955,0
2002-06-03,8.750000,8.800000,8.750000,8.800000,5.052070,2000
2002-06-04,8.700000,8.700000,8.600000,8.600000,4.937251,2100
2002-06-05,8.390000,8.390000,8.390000,8.390000,4.896398,100
2002-06-06,8.490000,8.490000,8.300000,8.300000,4.843874,1500
2002-06-07,8.200000,8.600000,8.200000,8.600000,5.018954,2000
2002-06-10,8.600000,8.600000,8.600000,8.600000,5.018954,0
2002-06-11,8.500000,8.600000,8.500000,8.600000,5.018954,700
2002-06-12,8.700000,8.700000,8.700000,8.700000,5.077314,500
2002-06-13,8.800000,8.800000,8.800000,8.800000,5.135674,200
2002-06-14,8.700000,8.700000,8.610000,8.610000,5.024789,1100
2002-06-17,8.600000,8.600000,8.600000,8.600000,5.018954,100
2002-06-18,8.650000,8.650000,8.600000,8.600000,5.018954,1500
2002-06-19,8.600000,8.600000,8.600000,8.600000,5.018954,0
2002-06-20,8.600000,8.610000,8.500000,8.500000,4.960596,900
2002-06-21,8.590000,8.640000,8.590000,8.640000,5.042297,500
2002-06-24,8.640000,8.640000,8.640000,8.640000,5.042297,0
2002-06-25,8.640000,8.640000,8.640000,8.640000,5.042297,0
2002-06-26,8.650000,8.650000,8.650000,8.650000,5.048134,500
2002-06-27,8.600000,8.600000,8.600000,8.600000,5.018954,100
2002-06-28,8.600000,8.600000,8.600000,8.600000,5.018954,0
2002-07-01,8.650000,8.650000,8.650000,8.650000,5.048134,700
2002-07-02,8.550000,8.650000,8.550000,8.650000,5.048134,2900
2002-07-03,8.550000,8.650000,8.550000,8.650000,5.048134,900
2002-07-05,8.650000,8.650000,8.650000,8.650000,5.048134,0
2002-07-08,8.700000,8.700000,8.400000,8.400000,4.902234,2900
2002-07-09,8.500000,8.690000,8.500000,8.690000,5.071478,2900
2002-07-10,8.690000,8.690000,8.690000,8.690000,5.071478,600
2002-07-11,8.700000,8.800000,8.600000,8.750000,5.106494,2700
2002-07-12,8.750000,8.800000,8.700000,8.800000,5.135674,1400
2002-07-15,8.750000,8.800000,8.750000,8.800000,5.135674,200
2002-07-16,8.710000,8.800000,8.710000,8.800000,5.135674,500
2002-07-17,8.900000,8.900000,8.800000,8.800000,5.135674,600
2002-07-18,8.700000,8.700000,8.700000,8.700000,5.077314,100
2002-07-19,8.800000,8.900000,8.800000,8.800000,5.135674,500
2002-07-22,8.700000,8.700000,8.600000,8.600000,5.018954,1400
2002-07-23,8.500000,8.500000,8.000000,8.100000,4.727154,8800
2002-07-24,8.000000,8.200000,8.000000,8.100000,4.727154,1300
2002-07-25,8.200000,8.210000,8.200000,8.200000,4.785515,1000
2002-07-26,8.200000,8.200000,8.200000,8.200000,4.785515,0
2002-07-29,8.300000,8.350000,8.250000,8.250000,4.814693,600
2002-07-30,8.200000,8.400000,8.200000,8.400000,4.902234,1300
2002-07-31,8.500000,8.500000,8.350000,8.350000,4.873055,600
2002-08-01,8.350000,8.350000,8.150000,8.150000,4.756334,900
2002-08-02,8.150000,8.150000,8.150000,8.150000,4.756334,200
2002-08-05,8.250000,8.620000,8.250000,8.380000,4.890563,4000
2002-08-06,8.450000,8.550000,8.450000,8.550000,4.989775,700
2002-08-07,8.500000,8.600000,8.500000,8.600000,5.018954,700
2002-08-08,8.850000,8.850000,8.750000,8.750000,5.106494,1700
2002-08-09,8.650000,8.650000,8.450000,8.450000,4.931413,500
2002-08-12,8.450000,8.450000,8.450000,8.450000,4.931413,0
2002-08-13,8.550000,8.650000,8.550000,8.650000,5.048134,800
2002-08-14,8.750000,8.750000,8.750000,8.750000,5.106494,200
2002-08-15,8.760000,8.760000,8.660000,8.660000,5.053971,1100
2002-08-16,8.660000,8.660000,8.660000,8.660000,5.053971,0
2002-08-19,8.760000,8.860000,8.760000,8.800000,5.135674,1200
2002-08-20,8.890000,8.890000,8.790000,8.890000,5.188199,700
2002-08-21,8.790000,8.880000,8.790000,8.880000,5.182363,1100
2002-08-22,8.810000,8.840000,8.750000,8.800000,5.135674,3000
2002-08-23,8.700000,8.770000,8.700000,8.770000,5.118166,1600
2002-08-26,8.750000,8.750000,8.750000,8.750000,5.106494,300
2002-08-27,8.650000,8.650000,8.650000,8.650000,5.048134,1300
2002-08-28,8.750000,8.750000,8.650000,8.650000,5.048134,1700
2002-08-29,8.650000,8.650000,8.650000,8.650000,5.048134,0
2002-08-30,8.660000,8.750000,8.660000,8.750000,5.106494,800
2002-09-03,8.650000,8.700000,8.600000,8.700000,5.077314,1000
2002-09-04,8.600000,8.600000,8.500000,8.500000,4.960596,2300
2002-09-05,8.500000,8.600000,8.500000,8.600000,5.018954,3500
2002-09-06,8.500000,8.600000,8.500000,8.600000,5.018954,1200
2002-09-09,8.600000,8.600000,8.600000,8.600000,5.018954,0
2002-09-10,8.670000,8.670000,8.550000,8.600000,5.018954,1300
2002-09-11,8.460000,8.460000,8.460000,8.460000,5.018953,100
2002-09-12,8.360000,8.460000,8.360000,8.460000,5.018953,1100
2002-09-13,8.510000,8.510000,8.510000,8.510000,5.048616,100
2002-09-16,8.600000,8.600000,8.600000,8.600000,5.102010,600
2002-09-17,8.700000,8.750000,8.700000,8.750000,5.190998,1500
2002-09-18,8.700000,8.740000,8.700000,8.740000,5.185066,600
2002-09-19,8.780000,8.790000,8.780000,8.790000,5.214728,600
2002-09-20,8.750000,8.750000,8.750000,8.750000,5.190998,500
2002-09-23,8.790000,8.790000,8.790000,8.790000,5.214728,300
2002-09-24,8.750000,8.750000,8.750000,8.750000,5.190998,300
2002-09-25,8.650000,8.650000,8.650000,8.650000,5.131671,300
2002-09-26,8.650000,8.650000,8.650000,8.650000,5.131671,0
2002-09-27,8.550000,8.560000,8.500000,8.500000,5.042685,2000
2002-09-30,8.450000,8.600000,8.450000,8.550000,5.072348,1600
2002-10-01,8.550000,8.600000,8.550000,8.600000,5.102010,300
2002-10-02,8.600000,8.600000,8.600000,8.600000,5.102010,0
2002-10-03,8.600000,8.600000,8.500000,8.500000,5.042685,1300
2002-10-04,8.500000,8.500000,8.500000,8.500000,5.042685,0
2002-10-07,8.450000,8.500000,8.450000,8.450000,5.013021,300
2002-10-08,8.450000,8.450000,8.450000,8.450000,5.013021,0
2002-10-09,8.510000,8.570000,8.510000,8.570000,5.084212,1100
2002-10-10,8.550000,8.550000,8.500000,8.510000,5.048616,800
2002-10-11,8.550000,8.600000,8.550000,8.600000,5.102010,200
2002-10-14,8.600000,8.600000,8.600000,8.600000,5.102010,0
2002-10-15,8.550000,8.600000,8.550000,8.600000,5.102010,200
2002-10-16,8.690000,8.740000,8.690000,8.700000,5.161336,1400
2002-10-17,8.700000,8.700000,8.650000,8.650000,5.131671,900
2002-10-18,8.650000,8.650000,8.650000,8.650000,5.131671,0
2002-10-21,8.600000,8.750000,8.600000,8.750000,5.190998,1200
2002-10-22,8.660000,8.660000,8.660000,8.660000,5.137606,100
2002-10-23,8.700000,8.700000,8.700000,8.700000,5.161336,100
2002-10-24,8.700000,8.700000,8.700000,8.700000,5.161336,100
2002-10-25,8.750000,8.750000,8.750000,8.750000,5.190998,200
2002-10-28,8.700000,8.700000,8.650000,8.650000,5.131671,700
2002-10-29,8.700000,8.700000,8.700000,8.700000,5.161336,200
2002-10-30,8.700000,8.700000,8.700000,8.700000,5.161336,0
2002-10-31,8.700000,8.700000,8.700000,8.700000,5.161336,0
2002-11-01,8.750000,8.750000,8.750000,8.750000,5.190998,100
2002-11-04,8.790000,8.790000,8.790000,8.790000,5.214728,1900
2002-11-05,8.790000,8.790000,8.790000,8.790000,5.214728,0
2002-11-06,8.790000,8.790000,8.790000,8.790000,5.214728,300
2002-11-07,8.790000,8.790000,8.790000,8.790000,5.214728,0
2002-11-08,8.700000,8.790000,8.700000,8.790000,5.214728,500
2002-11-11,8.790000,8.800000,8.790000,8.800000,5.220661,700
2002-11-12,8.800000,8.800000,8.800000,8.800000,5.220661,400
2002-11-13,8.800000,8.900000,8.800000,8.900000,5.279986,400
2002-11-14,8.990000,9.000000,8.990000,9.000000,5.339313,1200
2002-11-15,9.000000,9.000000,9.000000,9.000000,5.339313,0
2002-11-18,9.050000,9.050000,9.050000,9.050000,5.368975,100
2002-11-19,9.150000,9.200000,9.150000,9.200000,5.457963,1800
2002-11-20,9.200000,9.200000,9.200000,9.200000,5.457963,0
2002-11-21,9.100000,9.100000,9.000000,9.100000,5.398636,1900
2002-11-22,9.100000,9.100000,9.100000,9.100000,5.398636,0
2002-11-25,9.100000,9.100000,9.100000,9.100000,5.398636,0
2002-11-26,9.100000,9.100000,9.100000,9.100000,5.398636,0
2002-11-27,9.100000,9.100000,9.100000,9.100000,5.398636,0
2002-11-29,9.100000,9.100000,9.100000,9.100000,5.398636,0
2002-12-02,9.150000,9.150000,9.000000,9.000000,5.339313,1900
2002-12-03,9.000000,9.000000,9.000000,9.000000,5.339313,0
2002-12-04,8.900000,8.900000,8.740000,8.740000,5.185066,1800
2002-12-05,8.620000,8.620000,8.620000,8.620000,5.197124,1500
2002-12-06,8.520000,8.550000,8.400000,8.550000,5.154920,5200
2002-12-09,8.600000,8.600000,8.600000,8.600000,5.185067,300
2002-12-10,8.600000,8.600000,8.600000,8.600000,5.185067,0
2002-12-11,8.600000,8.600000,8.600000,8.600000,5.185067,100
2002-12-12,8.550000,8.550000,8.550000,8.550000,5.154920,300
2002-12-13,8.600000,8.700000,8.600000,8.700000,5.245358,1200
2002-12-16,8.650000,8.700000,8.650000,8.700000,5.245358,800
2002-12-17,8.700000,8.750000,8.700000,8.750000,5.275504,300
2002-12-18,8.800000,8.800000,8.800000,8.800000,5.305648,200
2002-12-19,8.850000,8.900000,8.850000,8.900000,5.365941,900
2002-12-20,8.900000,8.900000,8.900000,8.900000,5.365941,200
2002-12-23,8.950000,9.000000,8.950000,9.000000,5.426232,1400
2002-12-24,8.950000,8.950000,8.950000,8.950000,5.396086,100
2002-12-26,8.900000,8.900000,8.840000,8.840000,5.329767,700
2002-12-27,8.840000,8.840000,8.840000,8.840000,5.329767,0
2002-12-30,8.850000,8.950000,8.850000,8.950000,5.396086,1000
2002-12-31,9.000000,9.000000,9.000000,9.000000,5.426232,1000
2003-01-02,8.900000,8.900000,8.800000,8.800000,5.305648,700
2003-01-03,8.880000,8.950000,8.850000,8.950000,5.396086,1000
2003-01-06,9.000000,9.250000,9.000000,9.250000,5.576959,1700
2003-01-07,9.000000,9.250000,9.000000,9.200000,5.546814,1900
2003-01-08,9.200000,9.200000,9.200000,9.200000,5.546814,100
2003-01-09,9.150000,9.500000,9.150000,9.500000,5.727690,4400
2003-01-10,9.600000,9.700000,9.500000,9.500000,5.727690,2000
2003-01-13,9.620000,9.700000,9.500000,9.500000,5.727690,1800
2003-01-14,9.550000,9.550000,9.550000,9.550000,5.757835,200
2003-01-15,9.460000,9.460000,9.460000,9.460000,5.703573,100
2003-01-16,9.460000,9.460000,9.460000,9.460000,5.703573,400
2003-01-17,9.460000,9.460000,9.460000,9.460000,5.703573,0
2003-01-21,9.400000,9.400000,9.310000,9.400000,5.667397,800
2003-01-22,9.490000,9.490000,9.400000,9.400000,5.667397,300
2003-01-23,9.300000,9.300000,9.300000,9.300000,5.607106,500
2003-01-24,9.210000,9.210000,9.210000,9.210000,5.552844,300
2003-01-27,9.300000,9.400000,9.200000,9.400000,5.667397,3100
2003-01-28,9.450000,9.450000,9.400000,9.400000,5.667397,700
2003-01-29,9.400000,9.400000,9.300000,9.400000,5.667397,2100
2003-01-30,9.400000,9.400000,9.100000,9.300000,5.607106,3100
2003-01-31,9.350000,9.350000,9.350000,9.350000,5.637252,300
2003-02-03,9.350000,9.350000,9.350000,9.350000,5.637252,0
2003-02-04,9.390000,9.390000,9.390000,9.390000,5.661369,200
2003-02-05,9.390000,9.390000,9.250000,9.250000,5.576959,800
2003-02-06,9.250000,9.250000,9.250000,9.250000,5.576959,0
2003-02-07,9.200000,9.200000,9.200000,9.200000,5.546814,100
2003-02-10,9.200000,9.200000,9.200000,9.200000,5.546814,0
2003-02-11,9.300000,9.390000,9.300000,9.390000,5.661369,1500
2003-02-12,9.350000,9.350000,9.350000,9.350000,5.637252,1000
2003-02-13,9.210000,9.300000,9.200000,9.300000,5.607106,1500
2003-02-14,9.340000,9.340000,9.200000,9.200000,5.546814,1300
2003-02-18,9.300000,9.350000,9.250000,9.250000,5.576959,600
2003-02-19,9.250000,9.250000,9.100000,9.100000,5.486521,1200
2003-02-20,9.210000,9.210000,9.150000,9.150000,5.516669,200
2003-02-21,9.000000,9.050000,9.000000,9.050000,5.456377,600
2003-02-24,9.000000,9.000000,8.810000,8.950000,5.396086,1700
2003-02-25,8.950000,8.950000,8.950000,8.950000,5.396086,0
2003-02-26,8.960000,8.960000,8.900000,8.950000,5.396086,400
2003-02-27,8.900000,9.000000,8.900000,9.000000,5.426232,1000
2003-02-28,9.000000,9.000000,9.000000,9.000000,5.426232,0
2003-03-03,9.100000,9.100000,9.100000,9.100000,5.486521,100
2003-03-04,9.100000,9.100000,9.100000,9.100000,5.486521,0
2003-03-05,9.100000,9.250000,9.010000,9.250000,5.657786,1100
2003-03-06,9.340000,9.340000,9.340000,9.340000,5.712834,100
2003-03-07,9.340000,9.350000,9.200000,9.350000,5.718951,1200
2003-03-10,9.300000,9.350000,9.300000,9.350000,5.718951,600
2003-03-11,9.350000,9.350000,9.350000,9.350000,5.718951,0
2003-03-12,9.250000,9.250000,9.250000,9.250000,5.657786,200
2003-03-13,9.250000,9.250000,9.250000,9.250000,5.657786,100
2003-03-14,9.250000,9.250000,9.250000,9.250000,5.657786,100
2003-03-17,9.150000,9.150000,9.150000,9.150000,5.596620,600
2003-03-18,9.250000,9.250000,9.250000,9.250000,5.657786,300
2003-03-19,9.250000,9.250000,9.250000,9.250000,5.657786,0
2003-03-20,9.250000,9.250000,9.250000,9.250000,5.657786,0
2003-03-21,9.240000,9.240000,9.240000,9.240000,5.651669,100
2003-03-24,9.250000,9.250000,9.100000,9.100000,5.566037,1100
2003-03-25,9.160000,9.160000,9.160000,9.160000,5.602737,100
2003-03-26,9.040000,9.040000,9.040000,9.040000,5.529339,500
2003-03-27,9.150000,9.150000,9.150000,9.150000,5.596620,500
2003-03-28,9.250000,9.250000,9.250000,9.250000,5.657786,400
2003-03-31,9.250000,9.300000,9.250000,9.300000,5.688368,500
2003-04-01,9.210000,9.210000,9.060000,9.150000,5.596620,1600
2003-04-02,9.050000,9.050000,9.050000,9.050000,5.535454,1000
2003-04-03,9.100000,9.150000,9.100000,9.150000,5.596620,600
2003-04-04,9.150000,9.150000,9.100000,9.100000,5.566037,200
2003-04-07,9.100000,9.100000,9.100000,9.100000,5.566037,500
2003-04-08,9.150000,9.150000,9.150000,9.150000,5.596620,100
2003-04-09,9.050000,9.050000,9.050000,9.050000,5.535454,300
2003-04-10,9.050000,9.050000,9.050000,9.050000,5.535454,0
2003-04-11,9.240000,9.240000,9.240000,9.240000,5.651669,200
2003-04-14,9.150000,9.150000,9.150000,9.150000,5.596620,100
2003-04-15,9.150000,9.150000,9.040000,9.040000,5.529339,1000
2003-04-16,8.950000,9.000000,8.900000,8.900000,5.443706,2500
2003-04-17,9.010000,9.010000,9.010000,9.010000,5.510989,100
2003-04-21,9.050000,9.200000,9.050000,9.050000,5.535454,2100
2003-04-22,9.000000,9.000000,8.750000,8.850000,5.413126,3400
2003-04-23,8.850000,8.850000,8.850000,8.850000,5.413126,200
2003-04-24,8.850000,8.850000,8.850000,8.850000,5.413126,0
2003-04-25,8.850000,8.850000,8.850000,8.850000,5.413126,0
2003-04-28,8.900000,8.900000,8.900000,8.900000,5.443706,300
2003-04-29,8.800000,8.900000,8.800000,8.900000,5.443706,700
2003-04-30,8.900000,8.900000,8.900000,8.900000,5.443706,0
2003-05-01,8.800000,8.800000,8.750000,8.750000,5.351960,600
2003-05-02,8.800000,8.800000,8.800000,8.800000,5.382543,100
2003-05-05,8.700000,8.700000,8.680000,8.680000,5.309143,2100
2003-05-06,8.750000,8.750000,7.250000,8.000000,4.893220,31100
2003-05-07,8.000000,8.100000,7.550000,7.750000,4.740307,8900
2003-05-08,7.800000,7.990000,7.800000,7.950000,4.862638,5400
2003-05-09,8.000000,8.170000,7.800000,8.170000,4.997202,5700
2003-05-12,8.060000,8.250000,8.060000,8.250000,5.046134,3100
2003-05-13,8.350000,8.370000,8.350000,8.370000,5.119531,700
2003-05-14,8.400000,8.550000,8.400000,8.450000,5.168464,3400
2003-05-15,8.500000,8.670000,8.500000,8.660000,5.296909,2400
2003-05-16,8.750000,9.000000,8.720000,8.860000,5.419241,1900
2003-05-19,9.020000,9.050000,8.900000,8.900000,5.443706,1600
2003-05-20,8.910000,8.910000,8.910000,8.910000,5.449825,100
2003-05-21,8.960000,9.050000,8.930000,8.980000,5.492639,1400
2003-05-22,9.060000,9.060000,9.010000,9.050000,5.535454,1000
2003-05-23,9.060000,9.060000,9.060000,9.060000,5.541573,200
2003-05-27,9.020000,9.060000,9.000000,9.060000,5.541573,4100
2003-05-28,8.960000,9.010000,8.910000,9.010000,5.510989,1700
2003-05-29,8.900000,8.900000,8.850000,8.850000,5.413126,900
2003-05-30,8.940000,8.940000,8.450000,8.450000,5.168464,5100
2003-06-02,8.600000,8.950000,8.450000,8.760000,5.358077,11200
2003-06-03,8.940000,8.960000,8.940000,8.960000,5.480408,1900
2003-06-04,8.920000,8.920000,8.920000,8.920000,5.542542,100
2003-06-05,8.860000,8.860000,8.700000,8.700000,5.405843,4000
2003-06-06,8.600000,8.840000,8.550000,8.840000,5.492835,1700
2003-06-09,8.840000,8.850000,8.700000,8.700000,5.405843,3100
2003-06-10,8.780000,8.800000,8.650000,8.800000,5.467980,1600
2003-06-11,8.710000,8.810000,8.610000,8.790000,5.461765,2000
2003-06-12,8.850000,8.890000,8.850000,8.890000,5.523901,1000
2003-06-13,8.800000,8.800000,8.800000,8.800000,5.467980,600
2003-06-16,8.720000,8.720000,8.720000,8.720000,5.418272,200
2003-06-17,8.770000,8.770000,8.770000,8.770000,5.449340,100
2003-06-18,8.750000,8.750000,8.250000,8.650000,5.374775,10700
2003-06-19,8.600000,8.600000,8.600000,8.600000,5.343708,100
2003-06-20,8.650000,8.700000,8.650000,8.700000,5.405843,700
2003-06-23,8.700000,8.750000,8.700000,8.750000,5.436912,700
2003-06-24,8.800000,8.870000,8.650000,8.700000,5.405843,2100
2003-06-25,8.800000,8.800000,8.800000,8.800000,5.467980,300
2003-06-26,8.700000,8.750000,8.700000,8.750000,5.436912,700
2003-06-27,8.800000,8.800000,8.800000,8.800000,5.467980,100
2003-06-30,8.800000,8.850000,8.800000,8.800000,5.467980,700
2003-07-01,8.800000,8.880000,8.800000,8.880000,5.517688,1900
2003-07-02,8.820000,8.880000,8.750000,8.880000,5.517688,1900
2003-07-03,8.880000,8.880000,8.880000,8.880000,5.517688,0
2003-07-07,8.920000,8.970000,8.920000,8.970000,5.573612,1300
2003-07-08,8.980000,9.140000,8.980000,9.140000,5.679242,2800
2003-07-09,9.100000,9.140000,9.000000,9.140000,5.679242,3200
2003-07-10,9.140000,9.180000,9.140000,9.180000,5.704097,1800
2003-07-11,9.180000,9.180000,9.180000,9.180000,5.704097,0
2003-07-14,9.160000,9.160000,9.160000,9.160000,5.691670,200
2003-07-15,9.160000,9.160000,9.160000,9.160000,5.691670,0
2003-07-16,9.170000,9.170000,9.120000,9.120000,5.666815,600
2003-07-17,9.010000,9.010000,9.000000,9.000000,5.592253,500
2003-07-18,9.000000,9.050000,9.000000,9.050000,5.623320,200
2003-07-21,9.150000,9.150000,9.150000,9.150000,5.685456,200
2003-07-22,9.150000,9.200000,9.150000,9.200000,5.716523,1500
2003-07-23,9.100000,9.190000,9.100000,9.150000,5.685456,400
2003-07-24,9.100000,9.190000,9.050000,9.190000,5.710310,800
2003-07-25,9.200000,9.220000,9.120000,9.120000,5.666815,1700
2003-07-28,9.200000,9.200000,9.200000,9.200000,5.716523,300
2003-07-29,9.200000,9.220000,9.200000,9.220000,5.728952,1200
2003-07-30,9.200000,9.200000,9.100000,9.100000,5.654387,1000
2003-07-31,9.110000,9.110000,9.100000,9.100000,5.654387,200
2003-08-01,9.100000,9.100000,9.100000,9.100000,5.654387,0
2003-08-04,9.030000,9.030000,9.020000,9.020000,5.604680,6000
2003-08-05,9.110000,9.110000,9.100000,9.100000,5.654387,300
2003-08-06,9.100000,9.100000,9.100000,9.100000,5.654387,500
2003-08-07,9.100000,9.100000,9.100000,9.100000,5.654387,200
2003-08-08,9.010000,9.020000,9.010000,9.010000,5.598466,3200
2003-08-11,9.010000,9.050000,8.970000,9.050000,5.623320,4400
2003-08-12,8.950000,8.950000,8.950000,8.950000,5.561183,400
2003-08-13,8.970000,9.090000,8.970000,9.090000,5.648175,2300
2003-08-14,9.100000,9.100000,9.010000,9.010000,5.598466,300
2003-08-15,9.010000,9.010000,9.010000,9.010000,5.598466,0
2003-08-18,8.880000,9.090000,8.880000,9.090000,5.648175,1800
2003-08-19,9.090000,9.090000,9.090000,9.090000,5.648175,0
2003-08-20,9.100000,9.100000,9.100000,9.100000,5.654387,1900
2003-08-21,9.050000,9.050000,9.050000,9.050000,5.623320,100
2003-08-22,9.050000,9.050000,9.050000,9.050000,5.623320,0
2003-08-25,9.130000,9.130000,9.100000,9.100000,5.654387,200
2003-08-26,9.100000,9.100000,9.100000,9.100000,5.654387,0
2003-08-27,9.000000,9.000000,9.000000,9.000000,5.592253,400
2003-08-28,9.000000,9.000000,9.000000,9.000000,5.592253,0
2003-08-29,8.940000,8.940000,8.850000,8.940000,5.554970,1400
2003-09-02,8.850000,8.980000,8.850000,8.910000,5.536330,1000
2003-09-03,9.060000,9.120000,9.010000,9.120000,5.666815,2500
2003-09-04,9.120000,9.120000,9.120000,9.120000,5.666815,0
2003-09-05,9.110000,9.150000,9.110000,9.150000,5.685456,500
2003-09-08,9.130000,9.130000,9.070000,9.100000,5.654387,2300
2003-09-09,9.100000,9.100000,9.060000,9.060000,5.629534,3800
2003-09-10,8.930000,8.930000,8.930000,8.930000,5.629534,500
2003-09-11,8.930000,8.930000,8.930000,8.930000,5.629534,0
2003-09-12,8.930000,8.930000,8.830000,8.830000,5.566491,700
2003-09-15,8.730000,8.930000,8.730000,8.920000,5.623229,2700
2003-09-16,8.930000,8.930000,8.930000,8.930000,5.629534,300
2003-09-17,8.930000,8.930000,8.930000,8.930000,5.629534,1200
2003-09-18,8.830000,8.830000,8.830000,8.830000,5.566491,300
2003-09-19,8.810000,8.810000,8.810000,8.810000,5.553884,300
2003-09-22,8.810000,8.810000,8.810000,8.810000,5.553884,0
2003-09-23,8.810000,8.810000,8.810000,8.810000,5.553884,200
2003-09-24,8.800000,8.800000,8.800000,8.800000,5.547582,300
2003-09-25,8.890000,8.890000,8.890000,8.890000,5.604316,500
2003-09-26,8.850000,8.850000,8.600000,8.720000,5.497149,3900
2003-09-29,8.740000,8.740000,8.740000,8.740000,5.509756,300
2003-09-30,8.750000,8.850000,8.750000,8.850000,5.579102,1400
2003-10-01,8.850000,8.900000,8.750000,8.800000,5.547582,1900
2003-10-02,8.750000,8.750000,8.750000,8.750000,5.516061,1000
2003-10-03,8.850000,8.850000,8.850000,8.850000,5.579102,500
2003-10-06,8.770000,8.860000,8.770000,8.800000,5.547582,600
2003-10-07,8.890000,8.890000,8.850000,8.850000,5.579102,400
2003-10-08,8.840000,8.860000,8.750000,8.860000,5.585405,1700
2003-10-09,8.860000,8.860000,8.860000,8.860000,5.585405,0
2003-10-10,8.900000,8.900000,8.900000,8.900000,5.610621,200
2003-10-13,8.900000,8.900000,8.900000,8.900000,5.610621,0
2003-10-14,8.900000,8.900000,8.800000,8.800000,5.547582,300
2003-10-15,8.800000,8.800000,8.800000,8.800000,5.547582,0
2003-10-16,8.800000,8.800000,8.800000,8.800000,5.547582,0
2003-10-17,8.900000,8.900000,8.800000,8.800000,5.547582,500
2003-10-20,8.750000,9.000000,8.750000,9.000000,5.673663,2300
2003-10-21,9.000000,9.000000,9.000000,9.000000,5.673663,0
2003-10-22,8.950000,8.950000,8.950000,8.950000,5.642141,100
2003-10-23,8.950000,8.950000,8.950000,8.950000,5.642141,0
2003-10-24,8.910000,8.910000,8.910000,8.910000,5.616926,200
2003-10-27,8.910000,8.910000,8.910000,8.910000,5.616926,0
2003-10-28,8.900000,8.900000,8.900000,8.900000,5.610621,200
2003-10-29,8.900000,8.900000,8.900000,8.900000,5.610621,0
2003-10-30,8.900000,8.900000,8.900000,8.900000,5.610621,0
2003-10-31,8.900000,8.900000,8.900000,8.900000,5.610621,0
2003-11-03,8.870000,8.930000,8.870000,8.930000,5.629534,300
2003-11-04,8.990000,9.000000,8.990000,9.000000,5.673663,700
2003-11-05,9.000000,9.000000,8.900000,8.900000,5.610621,3300
2003-11-06,8.870000,8.980000,8.870000,8.980000,5.661055,300
2003-11-07,8.990000,9.050000,8.990000,9.050000,5.705182,3900
2003-11-10,9.000000,9.000000,8.950000,9.000000,5.673663,400
2003-11-11,9.000000,9.000000,9.000000,9.000000,5.673663,0
2003-11-12,8.920000,8.920000,8.920000,8.920000,5.623229,200
2003-11-13,8.920000,8.950000,8.910000,8.950000,5.642141,800
2003-11-14,9.040000,9.050000,8.950000,8.950000,5.642141,3000
2003-11-17,9.040000,9.040000,9.000000,9.000000,5.673663,800
2003-11-18,9.000000,9.040000,9.000000,9.040000,5.698878,300
2003-11-19,9.010000,9.010000,8.990000,8.990000,5.667357,300
2003-11-20,9.040000,9.050000,9.040000,9.050000,5.705182,600
2003-11-21,8.990000,9.050000,8.990000,9.020000,5.686271,2500
2003-11-24,9.050000,9.070000,9.050000,9.050000,5.705182,1300
2003-11-25,9.050000,9.050000,9.050000,9.050000,5.705182,5000
2003-11-26,8.950000,9.000000,8.950000,9.000000,5.673663,400
2003-11-28,9.090000,9.090000,8.970000,8.970000,5.654751,2700
2003-12-01,8.990000,8.990000,8.930000,8.930000,5.629534,1500
2003-12-02,8.900000,8.990000,8.900000,8.960000,5.648445,4600
2003-12-03,8.910000,8.990000,8.910000,8.970000,5.654751,2700
2003-12-04,9.000000,9.000000,8.860000,8.940000,5.635837,2400
2003-12-05,8.860000,8.990000,8.860000,8.990000,5.750984,4300
2003-12-08,8.990000,8.990000,8.990000,8.990000,5.750984,100
2003-12-09,8.990000,8.990000,8.990000,8.990000,5.750984,0
2003-12-10,8.850000,8.850000,8.810000,8.810000,5.635837,800
2003-12-11,8.810000,8.810000,8.810000,8.810000,5.635837,0
2003-12-12,8.800000,8.800000,8.800000,8.800000,5.629442,100
2003-12-15,8.930000,8.930000,8.760000,8.850000,5.661427,1400
2003-12-16,8.980000,8.980000,8.900000,8.900000,5.693411,400
2003-12-17,8.950000,8.950000,8.950000,8.950000,5.725396,500
2003-12-18,8.950000,8.950000,8.950000,8.950000,5.725396,0
2003-12-19,8.860000,8.860000,8.860000,8.860000,5.667823,800
2003-12-22,8.810000,8.810000,8.670000,8.750000,5.597456,4500
2003-12-23,8.850000,8.880000,8.850000,8.880000,5.680617,1100
2003-12-24,8.880000,8.880000,8.880000,8.880000,5.680617,0
2003-12-26,8.790000,8.840000,8.690000,8.840000,5.655030,900
2003-12-29,8.750000,8.870000,8.720000,8.850000,5.661427,900
2003-12-30,8.900000,9.010000,8.820000,8.900000,5.693411,2000
2003-12-31,8.950000,9.020000,8.950000,8.970000,5.738192,500
2004-01-02,8.950000,9.000000,8.910000,8.950000,5.725396,2000
2004-01-05,8.910000,8.980000,8.900000,8.900000,5.693411,2500
2004-01-06,8.950000,8.950000,8.810000,8.810000,5.635837,700
2004-01-07,8.900000,9.000000,8.900000,8.960000,5.731793,1300
2004-01-08,8.990000,8.990000,8.990000,8.990000,5.750984,200
2004-01-09,9.000000,9.000000,9.000000,9.000000,5.757383,400
2004-01-12,8.950000,8.950000,8.950000,8.950000,5.725396,100
2004-01-13,8.850000,8.950000,8.850000,8.950000,5.725396,700
2004-01-14,9.000000,9.000000,8.950000,8.950000,5.725396,200
2004-01-15,8.850000,9.000000,8.850000,9.000000,5.757383,1600
2004-01-16,9.000000,9.000000,8.920000,8.990000,5.750984,3800
2004-01-20,9.000000,9.000000,9.000000,9.000000,5.757383,1900
2004-01-21,8.950000,9.000000,8.950000,9.000000,5.757383,2500
2004-01-22,8.950000,8.950000,8.910000,8.910000,5.699809,600
2004-01-23,8.950000,9.000000,8.950000,8.970000,5.738192,800
2004-01-26,8.900000,9.060000,8.900000,9.060000,5.795765,6100
2004-01-27,9.090000,9.100000,9.090000,9.100000,5.821352,1500
2004-01-28,9.100000,9.100000,8.950000,9.000000,5.757383,1100
2004-01-29,8.980000,8.980000,8.980000,8.980000,5.744589,100
2004-01-30,8.960000,9.050000,8.960000,9.050000,5.789368,900
2004-02-02,9.000000,9.000000,9.000000,9.000000,5.757383,200
2004-02-03,9.010000,9.010000,8.900000,8.980000,5.744589,2100
2004-02-04,8.980000,8.980000,8.980000,8.980000,5.744589,0
2004-02-05,8.950000,8.950000,8.950000,8.950000,5.725396,200
2004-02-06,8.850000,8.910000,8.850000,8.910000,5.699809,300
2004-02-09,8.900000,8.900000,8.900000,8.900000,5.693411,200
2004-02-10,8.910000,8.910000,8.810000,8.850000,5.661427,2500
2004-02-11,8.910000,8.910000,8.910000,8.910000,5.699809,1500
2004-02-12,9.040000,9.040000,9.010000,9.040000,5.782970,900
2004-02-13,9.030000,9.030000,8.950000,8.950000,5.725396,1400
2004-02-17,8.950000,8.950000,8.950000,8.950000,5.725396,0
2004-02-18,8.950000,8.950000,8.950000,8.950000,5.725396,0
2004-02-19,9.040000,9.090000,9.040000,9.090000,5.814957,1800
2004-02-20,9.090000,9.090000,9.090000,9.090000,5.814957,100
2004-02-23,9.090000,9.090000,9.090000,9.090000,5.814957,100
2004-02-24,9.090000,9.190000,9.090000,9.100000,5.821352,2600
2004-02-25,9.100000,9.100000,9.100000,9.100000,5.821352,0
2004-02-26,9.100000,9.100000,9.100000,9.100000,5.821352,1300
2004-02-27,9.100000,9.100000,9.100000,9.100000,5.821352,100
2004-03-01,9.100000,9.100000,9.050000,9.050000,5.789368,2300
2004-03-02,9.050000,9.050000,9.050000,9.050000,5.789368,0
2004-03-03,9.040000,9.100000,9.040000,9.100000,5.821352,5900
2004-03-04,9.000000,9.010000,8.910000,8.960000,5.814864,4800
2004-03-05,9.110000,9.110000,9.050000,9.050000,5.873272,400
2004-03-08,9.050000,9.050000,9.050000,9.050000,5.873272,100
2004-03-09,8.950000,9.050000,8.800000,9.050000,5.873272,1900
2004-03-10,9.150000,9.200000,9.100000,9.100000,5.905720,1000
2004-03-11,9.200000,9.200000,9.000000,9.000000,5.840823,600
2004-03-12,9.020000,9.200000,9.000000,9.000000,5.840823,4600
2004-03-15,9.120000,9.250000,9.120000,9.250000,6.003067,1000
2004-03-16,9.160000,9.220000,9.120000,9.220000,5.983598,700
2004-03-17,9.320000,9.320000,9.150000,9.150000,5.938171,1800
2004-03-18,9.150000,9.150000,9.150000,9.150000,5.938171,0
2004-03-19,9.120000,9.120000,8.900000,9.020000,5.853803,5500
2004-03-22,9.010000,9.010000,9.010000,9.010000,5.847313,100
2004-03-23,9.140000,9.150000,9.140000,9.150000,5.938171,600
2004-03-24,9.150000,9.150000,9.150000,9.150000,5.938171,200
2004-03-25,9.050000,9.190000,9.050000,9.080000,5.892742,2300
2004-03-26,9.030000,9.200000,9.020000,9.200000,5.970618,3000
2004-03-29,9.200000,9.950000,9.170000,9.750000,6.327557,8800
2004-03-30,9.800000,9.800000,9.300000,9.300000,6.035516,2800
2004-03-31,9.310000,9.410000,9.310000,9.410000,6.106903,300
2004-04-01,9.460000,9.460000,9.410000,9.410000,6.106903,1100
2004-04-02,9.300000,9.300000,9.150000,9.150000,5.938171,3500
2004-04-05,9.150000,9.200000,9.100000,9.100000,5.905720,900
2004-04-06,9.050000,9.050000,8.950000,9.000000,5.840823,2800
2004-04-07,8.900000,9.000000,8.900000,9.000000,5.840823,3700
2004-04-08,9.000000,9.000000,9.000000,9.000000,5.840823,0
2004-04-12,9.000000,9.000000,9.000000,9.000000,5.840823,0
2004-04-13,9.000000,9.000000,9.000000,9.000000,5.840823,200
2004-04-14,9.000000,9.000000,9.000000,9.000000,5.840823,0
2004-04-15,9.050000,9.050000,9.050000,9.050000,5.873272,100
2004-04-16,9.050000,9.050000,9.050000,9.050000,5.873272,0
2004-04-19,9.000000,9.000000,8.860000,8.860000,5.749966,1000
2004-04-20,8.800000,8.810000,8.800000,8.810000,5.717517,2100
2004-04-21,8.810000,8.900000,8.810000,8.810000,5.717517,1100
2004-04-22,8.940000,8.940000,8.940000,8.940000,5.801883,700
2004-04-23,8.950000,8.950000,8.950000,8.950000,5.808373,100
2004-04-26,9.050000,9.050000,9.050000,9.050000,5.873272,200
2004-04-27,9.050000,9.050000,9.050000,9.050000,5.873272,0
2004-04-28,9.050000,9.050000,9.050000,9.050000,5.873272,0
2004-04-29,9.050000,9.050000,9.050000,9.050000,5.873272,0
2004-04-30,9.050000,9.050000,9.050000,9.050000,5.873272,0
2004-05-03,8.990000,9.050000,8.960000,8.960000,5.814864,1600
2004-05-04,8.960000,8.960000,8.900000,8.900000,5.775925,1700
2004-05-05,8.900000,8.900000,8.900000,8.900000,5.775925,0
2004-05-06,8.800000,8.890000,8.800000,8.890000,5.769436,800
2004-05-07,8.990000,8.990000,8.810000,8.850000,5.743476,1600
2004-05-10,8.800000,8.840000,8.780000,8.780000,5.698046,1700
2004-05-11,8.830000,8.850000,8.830000,8.850000,5.743476,600
2004-05-12,8.750000,8.850000,8.750000,8.750000,5.678579,3100
2004-05-13,8.760000,9.000000,8.750000,9.000000,5.840823,6300
2004-05-14,8.950000,8.990000,8.950000,8.990000,5.834332,200
2004-05-17,8.990000,8.990000,8.990000,8.990000,5.834332,0
2004-05-18,8.910000,9.600000,8.910000,9.250000,6.003067,14400
2004-05-19,9.150000,9.150000,9.050000,9.050000,5.873272,1200
2004-05-20,9.050000,9.050000,9.050000,9.050000,5.873272,0
2004-05-21,9.050000,9.050000,9.050000,9.050000,5.873272,0
2004-05-24,9.050000,9.050000,9.050000,9.050000,5.873272,200
2004-05-25,9.050000,9.050000,9.050000,9.050000,5.873272,0
2004-05-26,9.050000,9.120000,9.050000,9.120000,5.918699,2300
2004-05-27,9.030000,9.100000,9.000000,9.010000,5.847313,3300
2004-05-28,9.010000,9.020000,9.010000,9.020000,5.853803,900
2004-06-01,9.020000,9.020000,9.020000,9.020000,5.853803,0
2004-06-02,9.010000,9.010000,9.000000,9.010000,5.847313,1200
2004-06-03,8.950000,9.050000,8.950000,9.050000,5.959254,500
2004-06-04,8.960000,9.260000,8.960000,9.250000,6.090950,4700
2004-06-07,9.300000,9.300000,9.250000,9.250000,6.090950,1100
2004-06-08,9.250000,9.250000,9.250000,9.250000,6.090950,0
2004-06-09,9.250000,9.250000,9.250000,9.250000,6.090950,0
2004-06-10,9.250000,9.250000,9.250000,9.250000,6.090950,0
2004-06-14,9.150000,9.150000,9.150000,9.150000,6.025104,100
2004-06-15,9.300000,9.300000,9.300000,9.300000,6.123873,300
2004-06-16,9.300000,9.300000,9.300000,9.300000,6.123873,0
2004-06-17,9.200000,9.200000,9.200000,9.200000,6.058026,300
2004-06-18,9.250000,9.250000,9.150000,9.250000,6.090950,2600
2004-06-21,9.100000,9.140000,9.010000,9.140000,6.018517,1900
2004-06-22,9.140000,9.140000,9.020000,9.020000,5.939501,800
2004-06-23,9.050000,9.050000,9.050000,9.050000,5.959254,100
2004-06-24,9.100000,9.100000,9.100000,9.100000,5.992179,100
2004-06-25,9.200000,9.350000,9.200000,9.300000,6.123873,1400
2004-06-28,9.200000,9.300000,9.200000,9.300000,6.123873,600
2004-06-29,9.300000,9.300000,9.300000,9.300000,6.123873,200
2004-06-30,9.300000,9.300000,9.100000,9.100000,5.992179,1000
2004-07-01,9.200000,9.300000,9.200000,9.300000,6.123873,1300
2004-07-02,9.300000,9.300000,9.150000,9.150000,6.025104,1600
2004-07-06,9.150000,9.150000,9.150000,9.150000,6.025104,0
2004-07-07,9.160000,9.160000,9.160000,9.160000,6.031687,100
2004-07-08,9.200000,9.200000,9.200000,9.200000,6.058026,200
2004-07-09,9.200000,9.200000,9.200000,9.200000,6.058026,0
2004-07-12,9.110000,9.110000,9.110000,9.110000,5.998763,300
2004-07-13,9.250000,9.250000,9.250000,9.250000,6.090950,300
2004-07-14,9.300000,9.390000,9.250000,9.280000,6.110705,6100
2004-07-15,9.250000,9.250000,9.110000,9.110000,5.998763,800
2004-07-16,9.100000,9.400000,9.010000,9.400000,6.189722,5800
2004-07-19,9.400000,9.500000,9.400000,9.400000,6.189722,6500
2004-07-20,9.410000,9.670000,9.410000,9.600000,6.321422,2200
2004-07-21,9.680000,9.780000,9.680000,9.780000,6.439945,300
2004-07-22,9.850000,9.850000,9.700000,9.720000,6.400435,1300
2004-07-23,9.700000,9.700000,9.610000,9.610000,6.328002,500
2004-07-26,9.620000,9.620000,9.620000,9.620000,6.334588,1200
2004-07-27,9.450000,9.950000,9.450000,9.700000,6.387267,4000
2004-07-28,9.650000,9.650000,9.640000,9.640000,6.347759,600
2004-07-29,9.690000,9.700000,9.690000,9.700000,6.387267,300
2004-07-30,9.450000,9.550000,9.400000,9.400000,6.189722,3900
2004-08-02,9.400000,9.400000,9.150000,9.370000,6.169969,5400
2004-08-03,9.270000,9.450000,9.200000,9.450000,6.222647,1000
2004-08-04,9.550000,9.550000,9.450000,9.450000,6.222647,400
2004-08-05,9.350000,9.450000,9.200000,9.450000,6.222647,2900
2004-08-06,9.400000,9.400000,9.400000,9.400000,6.189722,100
2004-08-09,9.300000,9.300000,9.150000,9.300000,6.123873,1500
2004-08-10,9.300000,9.300000,9.300000,9.300000,6.123873,0
2004-08-11,9.150000,9.200000,9.030000,9.100000,5.992179,2300
2004-08-12,9.010000,9.200000,9.010000,9.200000,6.058026,1700
2004-08-13,9.110000,9.140000,9.110000,9.140000,6.018517,800
2004-08-16,9.180000,9.200000,9.050000,9.200000,6.058026,1300
2004-08-17,9.300000,9.300000,9.000000,9.150000,6.025104,2400
2004-08-18,9.200000,9.240000,9.090000,9.240000,6.084366,600
2004-08-19,9.140000,9.140000,9.050000,9.050000,5.959254,800
2004-08-20,9.100000,9.150000,9.100000,9.120000,6.005347,800
2004-08-23,9.250000,9.350000,9.250000,9.350000,6.156798,1000
2004-08-24,9.250000,9.400000,9.250000,9.250000,6.090950,1900
2004-08-25,9.240000,9.250000,9.240000,9.250000,6.090950,700
2004-08-26,9.200000,9.450000,9.200000,9.450000,6.222647,2800
2004-08-27,9.410000,9.410000,9.310000,9.310000,6.130459,700
2004-08-30,9.210000,9.210000,9.100000,9.100000,5.992179,300
2004-08-31,9.200000,9.250000,9.200000,9.250000,6.090950,600
2004-09-01,9.150000,9.150000,9.150000,9.150000,6.025104,1200
2004-09-02,9.150000,9.150000,9.150000,9.150000,6.025104,0
2004-09-03,9.190000,9.200000,9.190000,9.200000,6.058026,700
2004-09-07,9.300000,9.300000,9.200000,9.250000,6.090950,3600
2004-09-08,9.180000,9.190000,9.180000,9.190000,6.130979,500
2004-09-09,9.110000,9.110000,9.050000,9.050000,6.037579,1000
2004-09-10,9.000000,9.350000,9.000000,9.350000,6.237720,2700
2004-09-13,9.350000,9.350000,9.350000,9.350000,6.237720,0
2004-09-14,9.300000,9.300000,9.300000,9.300000,6.204362,100
2004-09-15,9.250000,9.250000,9.200000,9.200000,6.137650,500
2004-09-16,9.300000,9.300000,9.300000,9.300000,6.204362,300
2004-09-17,9.110000,9.190000,9.000000,9.190000,6.130979,2100
2004-09-20,9.300000,9.300000,9.150000,9.300000,6.204362,4500
2004-09-21,9.240000,9.240000,9.190000,9.190000,6.130979,1100
2004-09-22,9.240000,9.240000,9.200000,9.200000,6.137650,500
2004-09-23,9.200000,9.200000,9.200000,9.200000,6.137650,0
2004-09-24,9.140000,9.140000,9.080000,9.080000,6.057594,1500
2004-09-27,9.080000,9.080000,9.080000,9.080000,6.057594,0
2004-09-28,9.050000,9.100000,9.000000,9.000000,6.004222,1700
2004-09-29,9.000000,9.000000,9.000000,9.000000,6.004222,0
2004-09-30,8.900000,9.000000,8.900000,8.900000,5.937509,2000
2004-10-01,8.990000,9.000000,8.990000,9.000000,6.004222,1500
2004-10-04,9.000000,9.000000,9.000000,9.000000,6.004222,200
2004-10-05,9.000000,9.000000,9.000000,9.000000,6.004222,0
2004-10-06,9.000000,9.050000,9.000000,9.050000,6.037579,600
2004-10-07,9.050000,9.050000,9.050000,9.050000,6.037579,0
2004-10-08,9.100000,9.100000,9.100000,9.100000,6.070937,100
2004-10-11,9.140000,9.140000,9.140000,9.140000,6.097621,200
2004-10-12,9.140000,9.140000,9.140000,9.140000,6.097621,0
2004-10-13,9.190000,9.190000,9.190000,9.190000,6.130979,700
2004-10-14,9.190000,9.190000,9.190000,9.190000,6.130979,0
2004-10-15,9.180000,9.180000,9.180000,9.180000,6.124307,100
2004-10-18,9.180000,9.180000,9.180000,9.180000,6.124307,0
2004-10-19,9.180000,9.180000,9.180000,9.180000,6.124307,0
2004-10-20,9.130000,9.130000,9.130000,9.130000,6.090950,200
2004-10-21,9.130000,9.200000,9.130000,9.200000,6.137650,300
2004-10-22,9.200000,9.200000,9.200000,9.200000,6.137650,0
2004-10-25,9.100000,9.100000,9.100000,9.100000,6.070937,300
2004-10-26,9.200000,9.350000,9.200000,9.350000,6.237720,600
2004-10-27,9.230000,9.250000,9.060000,9.060000,6.044252,2600
2004-10-28,9.100000,9.100000,9.100000,9.100000,6.070937,500
2004-10-29,9.220000,9.240000,9.220000,9.240000,6.164336,500
2004-11-01,9.250000,9.250000,9.040000,9.040000,6.030907,3000
2004-11-02,9.140000,9.150000,9.060000,9.060000,6.044252,4900
2004-11-03,9.100000,9.150000,9.100000,9.150000,6.104294,1100
2004-11-04,9.150000,9.150000,9.150000,9.150000,6.104294,400
2004-11-05,9.150000,9.150000,9.120000,9.120000,6.084278,400
2004-11-08,9.120000,9.120000,9.120000,9.120000,6.084278,1500
2004-11-09,9.120000,9.120000,9.120000,9.120000,6.084278,0
2004-11-10,9.150000,9.250000,9.150000,9.200000,6.137650,600
2004-11-11,9.200000,9.200000,9.200000,9.200000,6.137650,0
2004-11-12,9.250000,9.250000,9.200000,9.200000,6.137650,400
2004-11-15,9.200000,9.200000,9.200000,9.200000,6.137650,0
2004-11-16,9.250000,9.300000,9.250000,9.250000,6.171006,800
2004-11-17,9.300000,9.300000,9.300000,9.300000,6.204362,100
2004-11-18,9.310000,9.310000,9.300000,9.300000,6.204362,2500
2004-11-19,9.350000,9.390000,9.350000,9.390000,6.264407,200
2004-11-22,9.300000,9.310000,9.200000,9.250000,6.171006,1100
2004-11-23,9.250000,9.250000,9.250000,9.250000,6.171006,0
2004-11-24,9.250000,9.250000,9.250000,9.250000,6.171006,1000
2004-11-26,9.210000,9.210000,9.210000,9.210000,6.144320,100
2004-11-29,9.200000,9.200000,9.200000,9.200000,6.137650,100
2004-11-30,9.250000,9.250000,9.250000,9.250000,6.171006,1000
2004-12-01,9.260000,9.260000,9.260000,9.260000,6.177679,200
2004-12-02,9.270000,9.270000,9.260000,9.260000,6.177679,300
2004-12-03,9.380000,9.380000,9.380000,9.380000,6.257736,400
2004-12-06,9.280000,9.280000,9.270000,9.270000,6.184350,500
2004-12-07,9.200000,9.270000,9.200000,9.270000,6.184350,1800
2004-12-08,9.140000,9.140000,9.140000,9.140000,6.184350,0
2004-12-09,9.180000,9.300000,9.070000,9.200000,6.224946,1800
2004-12-10,9.150000,9.250000,9.150000,9.250000,6.258777,1200
2004-12-13,9.250000,9.250000,9.250000,9.250000,6.258777,100
2004-12-14,9.350000,9.400000,9.300000,9.300000,6.292609,1100
2004-12-15,9.200000,9.200000,9.110000,9.110000,6.164051,1600
2004-12-16,9.150000,9.150000,9.150000,9.150000,6.191115,1200
2004-12-17,9.150000,9.250000,9.150000,9.250000,6.258777,2700
2004-12-20,9.200000,9.200000,9.200000,9.200000,6.224946,100
2004-12-21,9.200000,9.200000,9.200000,9.200000,6.224946,0
2004-12-22,9.130000,9.130000,9.000000,9.010000,6.096389,2200
2004-12-23,9.100000,9.100000,9.100000,9.100000,6.157281,300
2004-12-27,9.050000,9.100000,9.010000,9.010000,6.096389,1300
2004-12-28,9.010000,9.010000,9.010000,9.010000,6.096389,0
2004-12-29,9.100000,9.100000,9.100000,9.100000,6.157281,100
2004-12-30,9.100000,9.100000,9.100000,9.100000,6.157281,0
2004-12-31,9.190000,9.450000,9.190000,9.300000,6.292609,7000
2005-01-03,9.450000,9.450000,9.110000,9.110000,6.164051,1100
2005-01-04,9.200000,9.200000,9.110000,9.110000,6.164051,2200
2005-01-05,9.180000,9.180000,9.100000,9.150000,6.191115,600
2005-01-06,9.150000,9.150000,9.150000,9.150000,6.191115,0
2005-01-07,9.150000,9.150000,9.150000,9.150000,6.191115,100
2005-01-10,9.150000,9.150000,9.150000,9.150000,6.191115,1000
2005-01-11,9.200000,9.200000,9.200000,9.200000,6.224946,200
2005-01-12,9.250000,9.250000,9.100000,9.140000,6.184350,6800
2005-01-13,9.140000,9.140000,9.140000,9.140000,6.184350,0
2005-01-14,9.140000,9.140000,9.140000,9.140000,6.184350,0
2005-01-18,9.100000,9.100000,9.100000,9.100000,6.157281,1300
2005-01-19,9.240000,9.240000,9.240000,9.240000,6.252009,400
2005-01-20,9.200000,9.200000,9.200000,9.200000,6.224946,200
2005-01-21,9.120000,9.120000,9.100000,9.100000,6.157281,2100
2005-01-24,9.120000,9.240000,9.120000,9.240000,6.252009,2300
2005-01-25,9.290000,9.290000,9.290000,9.290000,6.285842,100
2005-01-26,9.300000,9.420000,9.300000,9.420000,6.373803,2000
2005-01-27,9.420000,9.420000,9.420000,9.420000,6.373803,0
2005-01-28,9.420000,9.420000,9.300000,9.300000,6.292609,800
2005-01-31,9.200000,9.200000,9.160000,9.160000,6.197882,1000
2005-02-01,9.160000,9.160000,9.160000,9.160000,6.197882,0
2005-02-02,9.150000,9.350000,9.150000,9.350000,6.326441,1700
2005-02-03,9.330000,9.330000,9.300000,9.300000,6.292609,200
2005-02-04,9.370000,9.450000,9.350000,9.450000,6.394103,6300
2005-02-07,9.450000,9.450000,9.450000,9.450000,6.394103,0
2005-02-08,9.450000,9.450000,9.450000,9.450000,6.394103,100
2005-02-09,9.450000,9.450000,9.450000,9.450000,6.394103,0
2005-02-10,9.450000,9.450000,9.450000,9.450000,6.394103,0
2005-02-11,9.360000,9.400000,9.350000,9.400000,6.360271,1400
2005-02-14,9.400000,9.450000,9.400000,9.450000,6.394103,300
2005-02-15,9.450000,9.450000,9.450000,9.450000,6.394103,100
2005-02-16,9.450000,9.450000,9.400000,9.400000,6.360271,1200
2005-02-17,9.350000,9.400000,9.350000,9.400000,6.360271,700
2005-02-18,9.350000,9.350000,9.310000,9.350000,6.326441,7400
2005-02-22,9.300000,9.450000,9.300000,9.450000,6.394103,1600
2005-02-23,9.550000,9.550000,9.350000,9.450000,6.394103,5200
2005-02-24,9.400000,9.590000,9.400000,9.550000,6.461766,1400
2005-02-25,9.520000,9.570000,9.520000,9.570000,6.475297,300
2005-02-28,9.530000,9.630000,9.530000,9.600000,6.495599,1100
2005-03-01,9.600000,9.600000,9.600000,9.600000,6.495599,100
2005-03-02,9.750000,9.750000,9.660000,9.660000,6.536194,700
2005-03-03,9.720000,9.800000,9.650000,9.650000,6.529428,2400
2005-03-04,9.650000,9.650000,9.650000,9.650000,6.529428,0
2005-03-07,9.550000,9.550000,9.550000,9.550000,6.461766,200
2005-03-08,9.650000,9.650000,9.550000,9.640000,6.522660,2900
2005-03-09,9.420000,9.420000,9.420000,9.420000,6.467733,500
2005-03-10,9.500000,9.580000,9.500000,9.580000,6.577590,900
2005-03-11,9.600000,9.700000,9.590000,9.700000,6.659982,6200
2005-03-14,9.600000,9.600000,9.550000,9.600000,6.591324,500
2005-03-15,9.700000,9.700000,9.700000,9.700000,6.659982,200
2005-03-16,9.600000,9.750000,9.600000,9.620000,6.605054,1600
2005-03-17,9.520000,9.520000,9.520000,9.520000,6.536392,1000
2005-03-18,9.650000,9.690000,9.650000,9.690000,6.653114,500
2005-03-21,9.650000,9.690000,9.650000,9.650000,6.625649,1400
2005-03-22,9.600000,9.600000,9.600000,9.600000,6.591324,200
2005-03-23,9.600000,9.600000,9.600000,9.600000,6.591324,0
2005-03-24,9.600000,9.600000,9.600000,9.600000,6.591324,0
2005-03-28,9.700000,9.740000,9.680000,9.680000,6.646248,600
2005-03-29,9.650000,9.690000,9.590000,9.690000,6.653114,700
2005-03-30,9.680000,9.680000,9.470000,9.470000,6.502064,2000
2005-03-31,9.530000,9.530000,9.530000,9.530000,6.543260,200
2005-04-01,9.520000,9.620000,9.520000,9.620000,6.605054,500
2005-04-04,9.580000,9.580000,9.530000,9.530000,6.543260,200
2005-04-05,9.450000,9.450000,9.450000,9.450000,6.488330,400
2005-04-06,9.500000,9.500000,9.500000,9.500000,6.522663,100
2005-04-07,9.540000,9.540000,9.270000,9.270000,6.364746,4900
2005-04-08,9.400000,9.540000,9.330000,9.540000,6.550127,7100
2005-04-11,9.510000,9.510000,9.450000,9.450000,6.488330,2200
2005-04-12,9.550000,9.550000,9.550000,9.550000,6.556992,200
2005-04-13,9.550000,9.550000,9.550000,9.550000,6.556992,0
2005-04-14,9.500000,9.500000,9.500000,9.500000,6.522663,100
2005-04-15,9.400000,9.500000,9.250000,9.500000,6.522663,3200
2005-04-18,9.500000,9.500000,9.200000,9.300000,6.385343,4400
2005-04-19,9.210000,9.310000,9.210000,9.240000,6.344145,900
2005-04-20,9.300000,9.300000,9.240000,9.270000,6.364746,3000
2005-04-21,9.280000,9.290000,9.280000,9.290000,6.378475,1400
2005-04-22,9.260000,9.260000,9.200000,9.200000,6.316682,800
2005-04-25,9.180000,9.180000,9.180000,9.180000,6.302950,500
2005-04-26,9.180000,9.180000,9.180000,9.180000,6.302950,0
2005-04-27,9.160000,9.390000,9.160000,9.390000,6.447138,1500
2005-04-28,9.350000,9.350000,9.300000,9.300000,6.385343,1600
2005-04-29,9.400000,9.400000,9.210000,9.210000,6.323548,1500
2005-05-02,9.210000,9.210000,9.210000,9.210000,6.323548,0
2005-05-03,9.210000,9.210000,9.210000,9.210000,6.323548,0
2005-05-04,9.200000,9.250000,9.160000,9.250000,6.351010,500
2005-05-05,9.250000,9.250000,9.250000,9.250000,6.351010,0
2005-05-06,9.250000,9.250000,9.250000,9.250000,6.351010,0
2005-05-09,9.300000,9.390000,9.300000,9.390000,6.447138,2000
2005-05-10,9.400000,9.400000,9.400000,9.400000,6.454001,400
2005-05-11,9.400000,9.400000,9.400000,9.400000,6.454001,100
2005-05-12,9.400000,9.400000,9.400000,9.400000,6.454001,300
2005-05-13,9.390000,9.400000,9.390000,9.400000,6.454001,200
2005-05-16,9.400000,9.450000,9.400000,9.450000,6.488330,800
2005-05-17,9.490000,9.490000,9.460000,9.460000,6.495198,900
2005-05-18,9.450000,9.450000,9.450000,9.450000,6.488330,500
2005-05-19,9.450000,9.450000,9.450000,9.450000,6.488330,0
2005-05-20,9.490000,9.490000,9.490000,9.490000,6.515796,500
2005-05-23,9.460000,9.460000,9.460000,9.460000,6.495198,100
2005-05-24,9.390000,9.390000,9.390000,9.390000,6.447138,500
2005-05-25,9.190000,9.300000,9.190000,9.300000,6.385343,2500
2005-05-26,9.350000,9.350000,9.250000,9.250000,6.351010,1400
2005-05-27,9.370000,9.380000,9.200000,9.200000,6.316682,3000
2005-05-31,9.210000,9.210000,9.160000,9.160000,6.289219,200
2005-06-01,9.300000,9.360000,9.210000,9.360000,6.426538,5100
2005-06-02,9.360000,9.360000,9.360000,9.360000,6.426538,0
2005-06-03,9.360000,9.360000,9.360000,9.360000,6.426538,0
2005-06-06,9.260000,9.260000,9.260000,9.260000,6.357878,200
2005-06-07,9.200000,9.200000,9.200000,9.200000,6.399614,200
2005-06-08,9.290000,9.290000,9.120000,9.200000,6.399614,900
2005-06-09,9.130000,9.130000,9.120000,9.130000,6.350923,3100
2005-06-10,9.140000,9.140000,9.140000,9.140000,6.357878,100
2005-06-13,9.140000,9.140000,9.140000,9.140000,6.357878,300
2005-06-14,9.180000,9.190000,9.180000,9.190000,6.392658,1400
2005-06-15,9.200000,9.200000,9.200000,9.200000,6.399614,1000
2005-06-16,9.200000,9.200000,9.150000,9.150000,6.364835,1300
2005-06-17,9.130000,9.130000,9.130000,9.130000,6.350923,700
2005-06-20,9.120000,9.120000,9.030000,9.030000,6.281360,1200
2005-06-21,9.100000,9.100000,9.050000,9.060000,6.302227,600
2005-06-22,9.050000,9.150000,9.020000,9.110000,6.337009,1800
2005-06-23,9.190000,9.190000,9.190000,9.190000,6.392658,1600
2005-06-24,9.110000,9.120000,9.110000,9.120000,6.343968,600
2005-06-27,9.120000,9.120000,9.120000,9.120000,6.343968,0
2005-06-28,9.120000,9.120000,9.120000,9.120000,6.343968,0
2005-06-29,9.190000,9.190000,9.190000,9.190000,6.392658,100
2005-06-30,9.180000,9.180000,9.030000,9.030000,6.281360,1900
2005-07-01,9.060000,9.180000,9.060000,9.180000,6.385702,800
2005-07-05,9.180000,9.180000,9.180000,9.180000,6.385702,300
2005-07-06,9.140000,9.140000,9.060000,9.140000,6.357878,900
2005-07-07,9.190000,9.190000,9.190000,9.190000,6.392658,200
2005-07-08,9.050000,9.090000,9.050000,9.060000,6.302227,1500
2005-07-11,9.070000,9.070000,9.070000,9.070000,6.309185,900
2005-07-12,9.060000,9.080000,9.050000,9.080000,6.316140,1300
2005-07-13,9.090000,9.090000,9.050000,9.050000,6.295274,1100
2005-07-14,9.060000,9.060000,9.060000,9.060000,6.302227,1000
2005-07-15,9.050000,9.050000,9.050000,9.050000,6.295274,500
2005-07-18,8.990000,9.000000,8.990000,9.000000,6.260493,2000
2005-07-19,9.030000,9.090000,9.030000,9.090000,6.323097,1000
2005-07-20,9.090000,9.090000,9.090000,9.090000,6.323097,0
2005-07-21,9.040000,9.040000,8.960000,8.960000,6.232668,1300
2005-07-22,8.970000,9.070000,8.960000,9.070000,6.309185,2300
2005-07-25,9.030000,9.030000,9.030000,9.030000,6.281360,200
2005-07-26,9.010000,9.020000,8.960000,8.960000,6.232668,1400
2005-07-27,8.950000,9.000000,8.950000,9.000000,6.260493,500
2005-07-28,9.000000,9.000000,9.000000,9.000000,6.260493,0
2005-07-29,8.960000,9.010000,8.960000,9.010000,6.267449,600
2005-08-01,9.010000,9.040000,9.010000,9.040000,6.288318,1800
2005-08-02,9.050000,9.120000,9.050000,9.120000,6.343968,1100
2005-08-03,9.180000,9.180000,9.130000,9.130000,6.350923,1000
2005-08-04,9.050000,9.090000,8.970000,9.070000,6.309185,4200
2005-08-05,8.970000,8.970000,8.970000,8.970000,6.239625,500
2005-08-08,8.970000,8.970000,8.970000,8.970000,6.239625,0
2005-08-09,8.980000,9.080000,8.980000,9.050000,6.295274,900
2005-08-10,9.100000,9.100000,9.000000,9.000000,6.260493,2100
2005-08-11,9.100000,9.100000,9.100000,9.100000,6.330054,100
2005-08-12,9.170000,9.170000,9.170000,9.170000,6.378747,800
2005-08-15,9.200000,9.200000,9.180000,9.190000,6.392658,1900
2005-08-16,9.110000,9.110000,9.110000,9.110000,6.337009,100
2005-08-17,9.150000,9.150000,9.150000,9.150000,6.364835,500
2005-08-18,9.150000,9.150000,9.150000,9.150000,6.364835,0
2005-08-19,9.100000,9.300000,9.100000,9.280000,6.455263,1500
2005-08-22,9.230000,9.290000,9.200000,9.200000,6.399614,1700
2005-08-23,9.190000,9.190000,9.190000,9.190000,6.392658,300
2005-08-24,9.190000,9.190000,9.190000,9.190000,6.392658,600
2005-08-25,9.200000,9.280000,9.130000,9.210000,6.406571,2800
2005-08-26,9.250000,9.390000,9.220000,9.350000,6.503957,2600
2005-08-29,9.440000,9.440000,9.400000,9.400000,6.538735,400
2005-08-30,9.290000,9.290000,9.120000,9.250000,6.434394,5700
2005-08-31,9.190000,9.190000,9.160000,9.160000,6.371790,600
2005-09-01,9.180000,9.180000,9.180000,9.180000,6.385702,1100
2005-09-02,9.200000,9.200000,9.200000,9.200000,6.399614,400
2005-09-06,9.260000,9.260000,9.260000,9.260000,6.441352,1500
2005-09-07,9.150000,9.150000,9.150000,9.150000,6.455462,100
2005-09-08,9.150000,9.150000,9.150000,9.150000,6.455462,0
2005-09-09,9.250000,9.250000,9.030000,9.100000,6.420186,2200
2005-09-12,9.110000,9.150000,9.110000,9.150000,6.455462,1300
2005-09-13,9.140000,9.140000,9.010000,9.050000,6.384912,3300
2005-09-14,9.100000,9.170000,9.100000,9.110000,6.427241,1300
2005-09-15,9.200000,9.200000,9.190000,9.200000,6.490738,1800
2005-09-16,9.200000,9.200000,9.200000,9.200000,6.490738,0
2005-09-19,9.080000,9.100000,9.080000,9.100000,6.420186,700
2005-09-20,9.100000,9.100000,9.100000,9.100000,6.420186,0
2005-09-21,9.090000,9.180000,9.080000,9.180000,6.476627,1500
2005-09-22,9.200000,9.200000,9.200000,9.200000,6.490738,1300
2005-09-23,9.200000,9.200000,9.200000,9.200000,6.490738,0
2005-09-26,9.200000,9.250000,9.200000,9.250000,6.526012,700
2005-09-27,9.200000,9.250000,9.200000,9.250000,6.526012,600
2005-09-28,9.200000,9.200000,9.060000,9.190000,6.483682,3800
2005-09-29,9.250000,9.300000,9.200000,9.200000,6.490738,500
2005-09-30,9.260000,9.260000,9.260000,9.260000,6.533069,200
2005-10-03,9.300000,9.450000,9.300000,9.450000,6.667117,300
2005-10-04,9.490000,9.490000,9.350000,9.440000,6.660062,1600
2005-10-05,9.300000,9.360000,9.250000,9.300000,6.561288,2700
2005-10-06,9.310000,9.310000,9.310000,9.310000,6.568345,700
2005-10-07,9.310000,9.310000,9.310000,9.310000,6.568345,0
2005-10-10,9.300000,9.310000,9.300000,9.300000,6.561288,5400
2005-10-11,9.300000,9.300000,9.300000,9.300000,6.561288,0
2005-10-12,9.300000,9.340000,9.200000,9.340000,6.589509,3500
2005-10-13,9.300000,9.370000,9.250000,9.370000,6.610677,400
2005-10-14,9.370000,9.370000,9.370000,9.370000,6.610677,0
2005-10-17,9.370000,9.370000,9.370000,9.370000,6.610677,200
2005-10-18,9.330000,9.330000,9.330000,9.330000,6.582453,200
2005-10-19,9.320000,9.320000,9.320000,9.320000,6.575399,100
2005-10-20,9.320000,9.320000,9.320000,9.320000,6.575399,0
2005-10-21,9.280000,9.280000,9.210000,9.210000,6.497792,700
2005-10-24,9.190000,9.250000,9.190000,9.250000,6.526012,200
2005-10-25,9.300000,9.300000,9.300000,9.300000,6.561288,300
2005-10-26,9.310000,9.310000,9.300000,9.300000,6.561288,400
2005-10-27,9.200000,9.200000,9.190000,9.200000,6.490738,1000
2005-10-28,9.200000,9.200000,9.200000,9.200000,6.490738,1000
2005-10-31,9.200000,9.200000,9.170000,9.170000,6.469572,2000
2005-11-01,9.160000,9.160000,9.160000,9.160000,6.462517,200
2005-11-02,9.300000,9.400000,9.300000,9.350000,6.596565,400
2005-11-03,9.350000,9.350000,9.350000,9.350000,6.596565,100
2005-11-04,9.210000,9.210000,9.210000,9.210000,6.497792,1000
2005-11-07,9.160000,9.160000,9.160000,9.160000,6.462517,800
2005-11-08,9.190000,9.190000,9.190000,9.190000,6.483682,1100
2005-11-09,9.190000,9.190000,9.190000,9.190000,6.483682,0
2005-11-10,9.300000,9.300000,9.300000,9.300000,6.561288,200
2005-11-11,9.210000,9.210000,9.180000,9.180000,6.476627,1000
2005-11-14,9.170000,9.170000,9.160000,9.160000,6.462517,1500
2005-11-15,9.150000,9.200000,9.150000,9.150000,6.455462,2700
2005-11-16,9.240000,9.240000,9.230000,9.230000,6.511903,700
2005-11-17,9.160000,9.290000,9.160000,9.290000,6.554234,1100
2005-11-18,9.280000,9.750000,9.280000,9.750000,6.878773,4600
2005-11-21,9.250000,9.340000,9.250000,9.300000,6.561288,2900
2005-11-22,9.450000,9.450000,9.450000,9.450000,6.667117,100
2005-11-23,9.350000,9.350000,9.210000,9.210000,6.497792,2000
2005-11-25,9.200000,9.300000,9.200000,9.300000,6.561288,1000
2005-11-28,9.310000,9.310000,9.110000,9.200000,6.490738,2300
2005-11-29,9.290000,9.440000,9.290000,9.440000,6.660062,800
2005-11-30,9.440000,9.440000,9.440000,9.440000,6.660062,0
2005-12-01,9.450000,9.550000,9.450000,9.550000,6.737668,300
2005-12-02,9.700000,9.700000,9.500000,9.540000,6.730612,1800
2005-12-05,9.590000,9.740000,9.550000,9.550000,6.737668,4100
2005-12-06,9.500000,9.600000,9.500000,9.600000,6.772943,700
2005-12-07,9.490000,9.490000,9.490000,9.490000,6.787248,100
2005-12-08,9.400000,9.400000,9.300000,9.300000,6.651358,2500
2005-12-09,9.300000,9.300000,9.300000,9.300000,6.651358,0
2005-12-12,9.400000,9.400000,9.310000,9.310000,6.658512,1300
2005-12-13,9.300000,9.300000,8.990000,8.990000,6.429647,5400
2005-12-14,9.100000,9.300000,9.100000,9.300000,6.651358,900
2005-12-15,9.300000,9.300000,9.300000,9.300000,6.651358,0
2005-12-16,9.250000,9.270000,9.150000,9.180000,6.565536,1500
2005-12-19,9.100000,9.290000,9.100000,9.290000,6.644207,2900
2005-12-20,9.300000,9.330000,9.200000,9.300000,6.651358,2700
2005-12-21,9.320000,9.330000,9.260000,9.260000,6.622752,700
2005-12-22,9.330000,9.330000,9.330000,9.330000,6.672813,400
2005-12-23,9.330000,9.450000,9.310000,9.310000,6.658512,1400
2005-12-27,9.310000,9.310000,9.300000,9.310000,6.658512,1100
2005-12-28,9.350000,9.390000,9.300000,9.300000,6.651358,600
2005-12-29,9.350000,9.350000,9.250000,9.250000,6.615599,400
2005-12-30,9.300000,9.300000,9.100000,9.100000,6.508318,2400
2006-01-03,9.110000,9.240000,9.110000,9.240000,6.608446,2900
2006-01-04,9.240000,9.240000,9.180000,9.180000,6.565536,200
2006-01-05,9.180000,9.180000,9.090000,9.100000,6.508318,3800
2006-01-06,9.060000,9.110000,9.060000,9.090000,6.501167,1200
2006-01-09,9.200000,9.200000,9.200000,9.200000,6.579840,600
2006-01-10,9.110000,9.110000,9.100000,9.100000,6.508318,500
2006-01-11,9.100000,9.100000,9.100000,9.100000,6.508318,0
2006-01-12,9.110000,9.140000,8.900000,9.130000,6.529775,5800
2006-01-13,9.130000,9.190000,9.050000,9.050000,6.472560,2600
2006-01-17,9.100000,9.180000,9.100000,9.180000,6.565536,900
2006-01-18,9.240000,9.400000,9.240000,9.300000,6.651358,1900
2006-01-19,9.400000,9.400000,9.260000,9.260000,6.622752,1000
2006-01-20,9.250000,9.250000,9.200000,9.250000,6.615599,500
2006-01-23,9.400000,9.400000,9.120000,9.120000,6.522625,1900
2006-01-24,9.270000,9.360000,9.270000,9.360000,6.694272,1200
2006-01-25,9.130000,9.130000,9.130000,9.130000,6.529775,1000
2006-01-26,9.130000,9.130000,9.130000,9.130000,6.529775,0
2006-01-27,9.150000,9.270000,9.120000,9.250000,6.615599,1700
2006-01-30,9.110000,9.220000,9.010000,9.110000,6.515471,5100
2006-01-31,9.110000,9.120000,9.110000,9.110000,6.515471,800
2006-02-01,9.130000,9.200000,9.130000,9.200000,6.579840,300
2006-02-02,9.200000,9.200000,9.200000,9.200000,6.579840,100
2006-02-03,9.230000,9.230000,9.060000,9.210000,6.586990,3200
2006-02-06,9.120000,9.120000,9.120000,9.120000,6.522625,200
2006-02-07,9.130000,9.130000,9.130000,9.130000,6.529775,2000
2006-02-08,9.120000,9.120000,9.120000,9.120000,6.522625,500
2006-02-09,9.100000,9.110000,9.070000,9.110000,6.515471,1800
2006-02-10,9.100000,9.210000,9.050000,9.210000,6.586990,1400
2006-02-13,9.110000,9.160000,9.110000,9.160000,6.551232,1600
2006-02-14,9.250000,9.300000,9.250000,9.300000,6.651358,1300
2006-02-15,9.330000,9.330000,9.330000,9.330000,6.672813,400
2006-02-16,9.300000,9.300000,9.300000,9.300000,6.651358,1000
2006-02-17,9.150000,9.150000,9.150000,9.150000,6.544079,4800
2006-02-21,9.120000,9.160000,9.000000,9.160000,6.551232,2400
2006-02-22,9.140000,9.220000,9.000000,9.220000,6.594143,1800
2006-02-23,9.050000,9.280000,9.050000,9.220000,6.594143,900
2006-02-24,9.220000,9.220000,9.220000,9.220000,6.594143,0
2006-02-27,9.220000,9.220000,9.220000,9.220000,6.594143,0
2006-02-28,9.220000,9.220000,9.220000,9.220000,6.594143,0
2006-03-01,9.100000,9.120000,8.950000,9.120000,6.522625,1700
2006-03-02,9.150000,9.150000,9.140000,9.140000,6.536928,600
2006-03-03,9.140000,9.140000,9.140000,9.140000,6.536928,0
2006-03-06,9.060000,9.230000,9.060000,9.220000,6.594143,900
2006-03-07,9.200000,9.260000,9.200000,9.260000,6.622752,2600
2006-03-08,9.280000,9.280000,9.080000,9.230000,6.695289,700
2006-03-09,9.250000,9.250000,9.150000,9.150000,6.637259,700
2006-03-10,9.240000,9.240000,9.200000,9.200000,6.673528,1800
2006-03-13,9.200000,9.200000,9.200000,9.200000,6.673528,0
2006-03-14,9.250000,9.250000,8.950000,9.100000,6.600989,10000
2006-03-15,9.050000,9.300000,9.050000,9.190000,6.666274,1000
2006-03-16,9.300000,9.340000,9.140000,9.200000,6.673528,1100
2006-03-17,9.200000,9.200000,9.200000,9.200000,6.673528,0
2006-03-20,9.150000,9.310000,9.150000,9.310000,6.753320,200
2006-03-21,9.050000,9.330000,9.050000,9.060000,6.571973,800
2006-03-22,9.160000,9.160000,9.160000,9.160000,6.644513,500
2006-03-23,9.070000,9.070000,9.070000,9.070000,6.579228,400
2006-03-24,9.200000,9.200000,9.200000,9.200000,6.673528,100
2006-03-27,9.230000,9.320000,9.230000,9.230000,6.695289,1400
2006-03-28,9.150000,9.150000,9.150000,9.150000,6.637259,200
2006-03-29,9.210000,9.230000,9.110000,9.110000,6.608243,1300
2006-03-30,9.150000,9.150000,9.150000,9.150000,6.637259,100
2006-03-31,9.200000,9.270000,9.170000,9.170000,6.651766,800
2006-04-03,9.250000,9.250000,9.100000,9.100000,6.600989,1000
2006-04-04,9.100000,9.110000,9.100000,9.110000,6.608243,200
2006-04-05,9.140000,9.140000,9.140000,9.140000,6.630005,1000
2006-04-06,9.050000,9.120000,9.050000,9.080000,6.586481,400
2006-04-07,9.200000,9.200000,9.200000,9.200000,6.673528,800
2006-04-10,9.240000,9.240000,9.240000,9.240000,6.702542,400
2006-04-11,9.120000,9.120000,9.120000,9.120000,6.615499,400
2006-04-12,9.110000,9.110000,9.100000,9.100000,6.600989,500
2006-04-13,9.050000,9.050000,9.050000,9.050000,6.564722,300
2006-04-17,9.150000,9.200000,9.150000,9.200000,6.673528,800
2006-04-18,9.070000,9.070000,9.070000,9.070000,6.579228,200
2006-04-19,9.020000,9.200000,9.020000,9.200000,6.673528,1300
2006-04-20,9.200000,9.200000,9.200000,9.200000,6.673528,0
2006-04-21,9.080000,9.080000,9.050000,9.050000,6.564722,300
2006-04-24,9.030000,9.030000,9.030000,9.030000,6.550212,200
2006-04-25,9.060000,9.060000,9.050000,9.050000,6.564722,300
2006-04-26,9.050000,9.050000,8.880000,8.900000,6.455912,7400
2006-04-27,8.810000,9.050000,8.800000,9.050000,6.564722,1100
2006-04-28,8.910000,8.910000,8.850000,8.850000,6.419644,700
2006-05-01,9.000000,9.110000,8.950000,8.950000,6.492180,1800
2006-05-02,9.110000,9.110000,9.110000,9.110000,6.608243,400
2006-05-03,9.110000,9.120000,9.000000,9.000000,6.528451,800
2006-05-04,8.970000,9.040000,8.970000,9.040000,6.557467,1200
2006-05-05,8.970000,8.970000,8.970000,8.970000,6.506690,500
2006-05-08,9.050000,9.050000,8.950000,8.950000,6.492180,1500
2006-05-09,9.130000,9.160000,9.000000,9.000000,6.528451,3700
2006-05-10,9.000000,9.000000,8.940000,8.940000,6.484928,1000
2006-05-11,9.100000,9.100000,9.100000,9.100000,6.600989,100
2006-05-12,9.100000,9.100000,9.100000,9.100000,6.600989,500
2006-05-15,9.090000,9.090000,8.960000,9.050000,6.564722,400
2006-05-16,9.050000,9.050000,9.050000,9.050000,6.564722,500
2006-05-17,9.040000,9.050000,9.040000,9.040000,6.557467,2300
2006-05-18,8.950000,8.950000,8.950000,8.950000,6.492180,300
2006-05-19,9.000000,9.000000,9.000000,9.000000,6.528451,200
2006-05-22,9.000000,9.000000,9.000000,9.000000,6.528451,0
2006-05-23,8.980000,8.980000,8.980000,8.980000,6.513942,100
2006-05-24,8.980000,9.100000,8.980000,9.100000,6.600989,500
2006-05-25,9.100000,9.100000,9.100000,9.100000,6.600989,0
2006-05-26,9.070000,9.100000,9.070000,9.100000,6.600989,600
2006-05-30,8.910000,8.910000,8.900000,8.900000,6.455912,500
2006-05-31,9.000000,9.000000,9.000000,9.000000,6.528451,600
2006-06-01,8.850000,8.950000,8.850000,8.950000,6.492180,3500
2006-06-02,9.000000,9.000000,9.000000,9.000000,6.528451,2100
2006-06-05,9.000000,9.000000,8.780000,8.780000,6.368867,2400
2006-06-06,8.950000,9.000000,8.830000,9.000000,6.528451,3500
2006-06-07,8.770000,8.850000,8.770000,8.800000,6.476931,600
2006-06-08,8.780000,8.880000,8.780000,8.870000,6.528452,1300
2006-06-09,8.950000,8.950000,8.940000,8.940000,6.579972,1800
2006-06-12,8.980000,8.980000,8.960000,8.960000,6.594694,500
2006-06-13,9.000000,9.000000,8.900000,8.900000,6.550530,1200
2006-06-14,8.900000,8.920000,8.900000,8.900000,6.550530,1000
2006-06-15,8.910000,8.910000,8.710000,8.830000,6.499011,5200
2006-06-16,8.790000,8.800000,8.780000,8.800000,6.476931,2000
2006-06-19,8.800000,8.800000,8.800000,8.800000,6.476931,0
2006-06-20,8.780000,8.900000,8.750000,8.750000,6.440129,5100
2006-06-21,8.850000,8.950000,8.850000,8.860000,6.521092,1600
2006-06-22,8.860000,8.860000,8.860000,8.860000,6.521092,0
2006-06-23,8.740000,8.840000,8.740000,8.840000,6.506371,700
2006-06-26,8.700000,8.850000,8.200000,8.590000,6.322367,6500
2006-06-27,8.590000,8.640000,8.550000,8.550000,6.292927,1000
2006-06-28,8.550000,8.550000,8.500000,8.540000,6.285566,800
2006-06-29,8.540000,8.540000,8.540000,8.540000,6.285566,100
2006-06-30,8.650000,8.750000,8.650000,8.740000,6.432769,1200
2006-07-03,8.820000,8.820000,8.720000,8.720000,6.418051,800
2006-07-05,8.880000,8.880000,8.660000,8.800000,6.476931,1000
2006-07-06,8.920000,9.000000,8.920000,8.960000,6.594694,5400
2006-07-07,8.910000,8.910000,8.760000,8.850000,6.513731,1400
2006-07-10,8.850000,8.850000,8.850000,8.850000,6.513731,0
2006-07-11,8.950000,8.990000,8.950000,8.990000,6.616774,1200
2006-07-12,8.990000,8.990000,8.990000,8.990000,6.616774,300
2006-07-13,8.800000,8.800000,8.800000,8.800000,6.476931,3600
2006-07-14,8.950000,8.950000,8.760000,8.810000,6.484292,1000
2006-07-17,8.810000,8.890000,8.810000,8.880000,6.535811,500
2006-07-18,8.920000,8.990000,8.900000,8.900000,6.550530,600
2006-07-19,8.870000,8.990000,8.870000,8.880000,6.535811,1000
2006-07-20,8.950000,8.990000,8.900000,8.900000,6.550530,300
2006-07-21,8.760000,8.850000,8.760000,8.850000,6.513731,500
2006-07-24,8.760000,8.900000,8.760000,8.760000,6.447490,800
2006-07-25,8.760000,8.830000,8.760000,8.830000,6.499011,400
2006-07-26,8.800000,8.800000,8.800000,8.800000,6.476931,200
2006-07-27,8.810000,8.840000,8.810000,8.840000,6.506371,300
2006-07-28,8.760000,8.850000,8.760000,8.770000,6.454851,1500
2006-07-31,8.750000,8.760000,8.750000,8.750000,6.440129,1500
2006-08-01,8.840000,8.850000,8.830000,8.850000,6.513731,2400
2006-08-02,8.850000,8.850000,8.850000,8.850000,6.513731,0
2006-08-03,8.850000,8.900000,8.850000,8.900000,6.550530,400
2006-08-04,8.950000,9.000000,8.950000,9.000000,6.624133,400
2006-08-07,9.000000,9.000000,8.860000,9.000000,6.624133,1000
2006-08-08,9.000000,9.000000,9.000000,9.000000,6.624133,0
2006-08-09,9.050000,9.060000,9.050000,9.050000,6.660935,1600
2006-08-10,9.060000,9.060000,9.050000,9.050000,6.660935,3300
2006-08-11,9.050000,9.050000,9.050000,9.050000,6.660935,0
2006-08-14,9.050000,9.050000,9.050000,9.050000,6.660935,200
2006-08-15,9.150000,9.150000,9.150000,9.150000,6.734536,1000
2006-08-16,9.150000,9.150000,9.150000,9.150000,6.734536,0
2006-08-17,9.250000,9.280000,9.050000,9.280000,6.830218,3200
2006-08-18,9.300000,9.300000,9.300000,9.300000,6.844936,200
2006-08-21,9.290000,9.310000,9.280000,9.300000,6.844936,2000
2006-08-22,9.300000,9.300000,9.300000,9.300000,6.844936,200
2006-08-23,9.190000,9.190000,9.190000,9.190000,6.763976,500
2006-08-24,9.300000,9.300000,9.250000,9.250000,6.808136,800
2006-08-25,9.030000,9.030000,8.900000,8.970000,6.602052,2300
2006-08-28,9.020000,9.020000,8.660000,8.900000,6.550530,3500
2006-08-29,8.750000,8.900000,8.730000,8.900000,6.550530,3000
2006-08-30,8.800000,8.890000,8.780000,8.850000,6.513731,2900
2006-08-31,8.770000,8.900000,8.770000,8.900000,6.550530,500
2006-09-01,8.920000,8.920000,8.900000,8.900000,6.550530,900
2006-09-05,8.900000,8.900000,8.860000,8.860000,6.521092,600
2006-09-06,8.750000,8.800000,8.750000,8.800000,6.573379,1100
2006-09-07,8.820000,8.820000,8.750000,8.750000,6.536030,1200
2006-09-08,8.850000,8.850000,8.850000,8.850000,6.610729,200
2006-09-11,8.800000,8.800000,8.760000,8.760000,6.543501,1200
2006-09-12,8.750000,8.750000,8.750000,8.750000,6.536030,900
2006-09-13,8.760000,8.860000,8.760000,8.830000,6.595787,3500
2006-09-14,8.830000,8.830000,8.830000,8.830000,6.595787,0
2006-09-15,8.730000,8.730000,8.730000,8.730000,6.521091,300
2006-09-18,8.800000,8.810000,8.800000,8.810000,6.580850,400
2006-09-19,8.860000,8.860000,8.860000,8.860000,6.618198,100
2006-09-20,8.860000,8.860000,8.860000,8.860000,6.618198,0
2006-09-21,8.720000,8.720000,8.720000,8.720000,6.513623,400
2006-09-22,8.670000,8.680000,8.670000,8.680000,6.483743,600
2006-09-25,8.750000,8.850000,8.750000,8.850000,6.610729,400
2006-09-26,8.860000,8.860000,8.860000,8.860000,6.618198,1500
2006-09-27,8.860000,8.860000,8.860000,8.860000,6.618198,0
2006-09-28,8.860000,8.860000,8.760000,8.800000,6.573379,300
2006-09-29,8.770000,8.850000,8.770000,8.770000,6.550971,1200
2006-10-02,8.780000,8.860000,8.780000,8.860000,6.618198,300
2006-10-03,8.770000,8.850000,8.770000,8.850000,6.610729,300
2006-10-04,8.760000,8.760000,8.760000,8.760000,6.543501,200
2006-10-05,8.760000,8.760000,8.760000,8.760000,6.543501,0
2006-10-06,8.720000,8.720000,8.720000,8.720000,6.513623,200
2006-10-09,8.850000,8.850000,8.640000,8.640000,6.453865,4000
2006-10-10,8.750000,8.750000,8.640000,8.640000,6.453865,1400
2006-10-11,8.650000,8.710000,8.650000,8.700000,6.498682,1100
2006-10-12,8.710000,8.850000,8.710000,8.800000,6.573379,1900
2006-10-13,8.850000,8.860000,8.810000,8.810000,6.580850,300
2006-10-16,8.870000,8.950000,8.800000,8.950000,6.685425,2800
2006-10-17,8.950000,8.950000,8.950000,8.950000,6.685425,0
2006-10-18,9.130000,9.130000,8.970000,8.970000,6.700365,2100
2006-10-19,8.970000,8.970000,8.970000,8.970000,6.700365,0
2006-10-20,8.950000,8.950000,8.950000,8.950000,6.685425,300
2006-10-23,8.830000,8.870000,8.780000,8.800000,6.573379,4600
2006-10-24,8.800000,8.800000,8.800000,8.800000,6.573379,200
2006-10-25,8.950000,9.040000,8.810000,8.810000,6.580850,1500
2006-10-26,8.840000,8.890000,8.810000,8.890000,6.640607,1800
2006-10-27,8.950000,9.020000,8.860000,8.860000,6.618198,800
2006-10-30,8.850000,8.990000,8.820000,8.850000,6.610729,800
2006-10-31,8.780000,8.780000,8.780000,8.780000,6.558440,100
2006-11-01,9.020000,9.030000,8.780000,9.000000,6.722774,9100
2006-11-02,8.860000,9.060000,8.860000,9.000000,6.722774,400
2006-11-03,9.050000,9.050000,9.050000,9.050000,6.760124,1100
2006-11-06,9.050000,9.050000,9.050000,9.050000,6.760124,0
2006-11-07,9.080000,9.080000,9.080000,9.080000,6.782530,200
2006-11-08,9.060000,9.080000,9.010000,9.080000,6.782530,1400
2006-11-09,9.050000,9.050000,9.050000,9.050000,6.760124,1600
2006-11-10,9.000000,9.000000,8.900000,8.900000,6.648077,800
2006-11-13,8.920000,8.920000,8.910000,8.910000,6.655548,200
2006-11-14,9.000000,9.040000,9.000000,9.040000,6.752654,500
2006-11-15,9.040000,9.040000,8.920000,8.920000,6.663017,600
2006-11-16,8.990000,9.000000,8.940000,8.940000,6.677955,1400
2006-11-17,8.950000,8.960000,8.930000,8.930000,6.670487,900
2006-11-20,8.930000,9.030000,8.930000,8.970000,6.700365,300
2006-11-21,9.050000,9.050000,9.050000,9.050000,6.760124,400
2006-11-22,9.050000,9.050000,9.050000,9.050000,6.760124,0
2006-11-24,9.050000,9.050000,9.050000,9.050000,6.760124,0
2006-11-27,9.050000,9.050000,9.050000,9.050000,6.760124,0
2006-11-28,9.000000,9.000000,9.000000,9.000000,6.722774,800
2006-11-29,9.000000,9.000000,9.000000,9.000000,6.722774,100
2006-11-30,9.000000,9.000000,9.000000,9.000000,6.722774,0
2006-12-01,9.000000,9.000000,9.000000,9.000000,6.722774,200
2006-12-04,9.090000,9.090000,9.090000,9.090000,6.790003,1100
2006-12-05,8.840000,9.070000,8.840000,9.050000,6.760124,800
2006-12-06,9.050000,9.050000,9.050000,9.050000,6.858645,0
2006-12-07,8.970000,8.970000,8.900000,8.900000,6.744965,400
2006-12-08,8.900000,8.900000,8.890000,8.890000,6.737388,1300
2006-12-11,8.940000,8.940000,8.760000,8.890000,6.737388,2000
2006-12-12,8.940000,9.030000,8.940000,9.030000,6.843487,200
2006-12-13,9.030000,9.030000,9.030000,9.030000,6.843487,0
2006-12-14,9.030000,9.030000,9.030000,9.030000,6.843487,0
2006-12-15,8.900000,9.090000,8.900000,9.090000,6.888960,5700
2006-12-18,9.010000,9.010000,9.010000,9.010000,6.828331,100
2006-12-19,9.000000,9.100000,9.000000,9.100000,6.896537,1300
2006-12-20,9.000000,9.000000,8.960000,8.960000,6.790438,600
2006-12-21,8.960000,8.960000,8.960000,8.960000,6.790438,0
2006-12-22,8.960000,8.960000,8.960000,8.960000,6.790438,0
2006-12-26,9.090000,9.090000,9.090000,9.090000,6.888960,100
2006-12-27,9.090000,9.090000,9.090000,9.090000,6.888960,0
2006-12-28,9.050000,9.060000,9.040000,9.040000,6.851067,700
2006-12-29,9.190000,9.190000,9.130000,9.130000,6.919274,1500
2007-01-03,9.190000,9.200000,9.090000,9.200000,6.972324,1700
2007-01-04,9.200000,9.250000,9.150000,9.150000,6.934432,1100
2007-01-05,9.150000,9.150000,9.080000,9.080000,6.881380,1900
2007-01-08,9.050000,9.050000,8.740000,8.950000,6.782857,3000
2007-01-09,9.050000,9.050000,9.030000,9.050000,6.858645,600
2007-01-10,9.200000,9.200000,8.950000,9.000000,6.820752,3100
2007-01-11,9.100000,9.100000,9.090000,9.100000,6.896537,300
2007-01-12,9.120000,9.120000,9.050000,9.050000,6.858645,1500
2007-01-16,9.180000,9.180000,9.010000,9.170000,6.949588,600
2007-01-17,9.050000,9.050000,9.050000,9.050000,6.858645,500
2007-01-18,9.000000,9.000000,8.950000,8.950000,6.782857,3100
2007-01-19,9.000000,9.100000,8.960000,8.960000,6.790438,1200
2007-01-22,8.960000,9.180000,8.950000,8.980000,6.805592,2400
2007-01-23,9.190000,9.240000,9.190000,9.240000,7.002638,300
2007-01-24,9.240000,9.240000,9.240000,9.240000,7.002638,0
2007-01-25,9.090000,9.100000,8.950000,9.100000,6.896537,1800
2007-01-26,9.010000,9.150000,9.000000,9.150000,6.934432,1100
2007-01-29,9.090000,9.090000,9.090000,9.090000,6.888960,100
2007-01-30,9.000000,9.090000,9.000000,9.090000,6.888960,1400
2007-01-31,8.970000,8.970000,8.970000,8.970000,6.798017,100
2007-02-01,9.220000,9.300000,9.080000,9.080000,6.881380,2300
2007-02-02,9.290000,9.300000,8.990000,9.000000,6.820752,4300
2007-02-05,9.000000,9.000000,9.000000,9.000000,6.820752,0
2007-02-06,9.000000,9.000000,9.000000,9.000000,6.820752,0
2007-02-07,9.000000,9.300000,8.900000,9.300000,7.048111,4600
2007-02-08,9.150000,9.180000,9.010000,9.010000,6.828331,1200
2007-02-09,9.150000,9.150000,8.900000,9.000000,6.820752,5000
2007-02-12,8.960000,9.250000,8.960000,9.240000,7.002638,1100
2007-02-13,9.150000,9.650000,9.140000,9.230000,6.995061,4000
2007-02-14,9.200000,9.200000,9.200000,9.200000,6.972324,600
2007-02-15,9.000000,9.160000,8.960000,9.160000,6.942010,700
2007-02-16,9.060000,9.060000,9.060000,9.060000,6.866223,300
2007-02-20,9.140000,9.180000,8.950000,8.970000,6.798017,8800
2007-02-21,9.110000,9.120000,9.100000,9.100000,6.896537,500
2007-02-22,9.150000,9.200000,9.020000,9.140000,6.926853,31700
2007-02-23,9.090000,9.170000,9.050000,9.050000,6.858645,2000
2007-02-26,9.060000,9.150000,8.980000,9.100000,6.896537,5100
2007-02-27,9.120000,9.130000,9.110000,9.120000,6.911697,500
2007-02-28,9.120000,9.200000,9.020000,9.020000,6.835910,6200
2007-03-01,9.080000,9.100000,9.060000,9.100000,6.896537,1200
2007-03-02,9.220000,9.220000,9.120000,9.120000,6.911697,500
2007-03-05,9.220000,9.260000,9.150000,9.150000,6.934432,1500
2007-03-06,9.100000,9.250000,9.020000,9.250000,7.010216,11500
2007-03-07,9.000000,9.300000,8.930000,9.200000,7.071711,3900
2007-03-08,9.190000,9.240000,8.950000,9.240000,7.102456,42100
2007-03-09,9.200000,9.280000,9.000000,9.160000,7.040964,5200
2007-03-12,9.190000,9.300000,9.040000,9.210000,7.079397,5300
2007-03-13,9.100000,9.180000,9.030000,9.110000,7.002531,2200
2007-03-14,9.150000,9.150000,9.070000,9.070000,6.971784,200
2007-03-15,9.100000,9.110000,9.100000,9.110000,7.002531,600
2007-03-16,9.110000,9.110000,9.110000,9.110000,7.002531,0
2007-03-19,9.050000,9.120000,9.050000,9.120000,7.010219,3100
2007-03-20,9.030000,9.130000,9.030000,9.100000,6.994843,2400
2007-03-21,9.130000,9.130000,9.130000,9.130000,7.017904,200
2007-03-22,9.100000,9.100000,9.100000,9.100000,6.994843,600
2007-03-23,9.020000,9.020000,9.020000,9.020000,6.933351,300
2007-03-26,9.020000,9.120000,9.020000,9.120000,7.010219,2000
2007-03-27,9.220000,9.220000,9.060000,9.110000,7.002531,9500
2007-03-28,9.070000,9.150000,9.050000,9.100000,6.994843,5300
2007-03-29,9.170000,9.240000,9.090000,9.140000,7.025591,18200
2007-03-30,9.090000,9.120000,9.000000,9.010000,6.925664,6300
2007-04-02,9.040000,9.090000,9.000000,9.040000,6.948724,1800
2007-04-03,9.140000,9.140000,9.000000,9.010000,6.925664,9400
2007-04-04,9.020000,9.090000,9.020000,9.050000,6.956412,5600
2007-04-05,9.090000,9.160000,9.020000,9.060000,6.964096,110600
2007-04-09,9.140000,9.140000,9.070000,9.130000,7.017904,700
2007-04-10,9.140000,9.200000,9.070000,9.100000,6.994843,106900
2007-04-11,9.050000,9.270000,9.050000,9.160000,7.040964,22800
2007-04-12,9.000000,9.190000,9.000000,9.050000,6.956412,18600
2007-04-13,9.060000,9.140000,9.020000,9.050000,6.956412,6900
2007-04-16,9.100000,9.110000,9.080000,9.110000,7.002531,1100
2007-04-17,9.100000,9.110000,9.010000,9.100000,6.994843,9100
2007-04-18,9.190000,9.260000,9.190000,9.240000,7.102456,1400
2007-04-19,9.300000,9.300000,9.150000,9.150000,7.033278,2500
2007-04-20,9.260000,9.260000,9.050000,9.250000,7.110142,1100
2007-04-23,9.150000,9.300000,9.150000,9.200000,7.071711,1900
2007-04-24,9.200000,9.300000,9.180000,9.180000,7.056338,1000
2007-04-25,9.180000,9.180000,9.180000,9.180000,7.056338,0
2007-04-26,9.200000,9.300000,9.050000,9.200000,7.071711,4200
2007-04-27,9.200000,9.200000,9.200000,9.200000,7.071711,0
2007-04-30,9.050000,9.200000,9.050000,9.200000,7.071711,1300
2007-05-01,9.100000,9.180000,9.050000,9.070000,6.971784,3300
2007-05-02,9.090000,9.170000,9.080000,9.090000,6.987158,11300
2007-05-03,9.150000,9.160000,8.990000,8.990000,6.910292,7800
2007-05-04,9.010000,9.100000,8.950000,9.100000,6.994843,9900
2007-05-07,8.960000,9.060000,8.960000,9.060000,6.964096,500
2007-05-08,9.090000,9.100000,9.090000,9.100000,6.994843,300
2007-05-09,9.000000,9.100000,8.960000,8.960000,6.887231,2000
2007-05-10,9.090000,9.090000,9.090000,9.090000,6.987158,1800
2007-05-11,9.000000,9.070000,9.000000,9.070000,6.971784,300
2007-05-14,9.000000,9.080000,8.950000,9.080000,6.979469,1500
2007-05-15,9.080000,9.080000,8.970000,8.970000,6.894919,3000
2007-05-16,9.080000,9.080000,9.080000,9.080000,6.979469,500
2007-05-17,9.080000,9.080000,9.080000,9.080000,6.979469,0
2007-05-18,8.980000,9.060000,8.970000,8.970000,6.894919,1900
2007-05-21,9.060000,9.080000,9.060000,9.080000,6.979469,1100
2007-05-22,9.010000,9.160000,9.010000,9.060000,6.964096,2400
2007-05-23,9.060000,9.060000,9.060000,9.060000,6.964096,0
2007-05-24,9.150000,9.150000,9.060000,9.060000,6.964096,2000
2007-05-25,9.060000,9.060000,9.060000,9.060000,6.964096,0
2007-05-29,9.060000,9.060000,9.060000,9.060000,6.964096,0
2007-05-30,9.060000,9.060000,9.060000,9.060000,6.964096,200
2007-05-31,9.050000,9.060000,9.050000,9.060000,6.964096,1400
2007-06-01,9.010000,9.180000,9.000000,9.180000,7.056338,5100
2007-06-04,9.170000,9.430000,9.030000,9.030000,6.941036,6200
2007-06-05,9.020000,9.150000,9.020000,9.140000,7.025591,1600
2007-06-06,9.010000,9.010000,8.990000,9.010000,7.025591,800
2007-06-07,8.990000,8.990000,8.990000,8.990000,7.009997,100
2007-06-08,8.990000,8.990000,8.990000,8.990000,7.009997,100
2007-06-11,9.000000,9.000000,9.000000,9.000000,7.017793,1300
2007-06-12,9.000000,9.170000,9.000000,9.000000,7.017793,1500
2007-06-13,9.140000,9.140000,9.130000,9.140000,7.126959,300
2007-06-14,9.100000,9.180000,9.000000,9.000000,7.017793,2500
2007-06-15,9.000000,9.000000,9.000000,9.000000,7.017793,100
2007-06-18,9.100000,9.100000,9.100000,9.100000,7.095767,1100
2007-06-19,9.100000,9.150000,9.100000,9.140000,7.126959,800
2007-06-20,8.900000,9.010000,8.900000,9.010000,7.025591,2500
2007-06-21,8.950000,9.200000,8.950000,9.200000,7.173744,2000
2007-06-22,9.200000,9.200000,9.200000,9.200000,7.173744,0
2007-06-25,9.200000,9.200000,9.050000,9.050000,7.056782,300
2007-06-26,9.230000,9.230000,9.050000,9.050000,7.056782,2500
2007-06-27,9.060000,9.500000,9.060000,9.150000,7.134757,6500
2007-06-28,9.200000,9.200000,9.030000,9.030000,7.041185,800
2007-06-29,9.200000,9.300000,9.190000,9.300000,7.251720,1700
2007-07-02,9.200000,9.450000,9.150000,9.150000,7.134757,4300
2007-07-03,9.250000,9.400000,9.250000,9.400000,7.329693,800
2007-07-05,9.400000,9.400000,9.150000,9.150000,7.134757,2100
2007-07-06,9.250000,9.250000,9.160000,9.160000,7.142554,300
2007-07-09,9.150000,9.170000,9.070000,9.170000,7.150352,1500
2007-07-10,9.170000,9.170000,9.170000,9.170000,7.150352,0
2007-07-11,9.070000,9.120000,9.020000,9.120000,7.111365,2600
2007-07-12,9.020000,9.100000,8.950000,9.100000,7.095767,5100
2007-07-13,9.080000,9.090000,9.080000,9.090000,7.087972,200
2007-07-16,9.090000,9.270000,9.000000,9.030000,7.041185,1800
2007-07-17,9.170000,9.170000,9.170000,9.170000,7.150352,400
2007-07-18,9.200000,9.230000,9.020000,9.020000,7.033389,4800
2007-07-19,9.030000,9.030000,9.030000,9.030000,7.041185,200
2007-07-20,9.130000,9.130000,9.130000,9.130000,7.119162,200
2007-07-23,9.130000,9.130000,9.050000,9.100000,7.095767,1200
2007-07-24,9.070000,9.070000,9.000000,9.020000,7.033389,2600
2007-07-25,9.020000,9.230000,9.020000,9.050000,7.056782,5300
2007-07-26,9.050000,9.250000,9.050000,9.250000,7.212731,1100
2007-07-27,9.150000,9.150000,9.020000,9.150000,7.134757,1100
2007-07-30,9.150000,9.150000,9.150000,9.150000,7.134757,200
2007-07-31,9.130000,9.130000,9.130000,9.130000,7.119162,200
2007-08-01,9.100000,9.120000,9.100000,9.120000,7.111365,900
2007-08-02,9.020000,9.130000,9.000000,9.130000,7.119162,600
2007-08-03,9.020000,9.130000,9.000000,9.130000,7.119162,600
2007-08-06,9.080000,9.080000,9.030000,9.080000,7.080172,500
2007-08-07,9.130000,9.130000,9.130000,9.130000,7.119162,0
2007-08-08,9.030000,9.120000,9.000000,9.100000,7.095767,2900
2007-08-09,9.020000,9.020000,9.020000,9.020000,7.033389,200
2007-08-10,9.010000,9.090000,9.010000,9.090000,7.087972,900
2007-08-13,9.010000,9.160000,9.010000,9.030000,7.041185,10800
2007-08-14,9.010000,9.090000,9.010000,9.090000,7.087972,1000
2007-08-15,9.080000,9.080000,9.080000,9.080000,7.080172,900
2007-08-16,9.010000,9.070000,9.010000,9.070000,7.072376,900
2007-08-17,9.340000,9.340000,9.110000,9.110000,7.103566,200
2007-08-20,9.110000,9.170000,9.020000,9.020000,7.033389,2100
2007-08-21,9.020000,9.120000,9.000000,9.110000,7.103566,2300
2007-08-22,9.140000,9.200000,9.020000,9.020000,7.033389,2000
2007-08-23,9.120000,9.120000,9.120000,9.120000,7.111365,300
2007-08-24,9.120000,9.120000,9.120000,9.120000,7.111365,0
2007-08-27,9.200000,9.200000,9.200000,9.200000,7.173744,300
2007-08-28,9.200000,9.200000,9.200000,9.200000,7.173744,400
2007-08-29,9.200000,9.250000,9.200000,9.250000,7.212731,400
2007-08-30,9.150000,9.150000,9.150000,9.150000,7.134757,500
2007-08-31,9.150000,9.150000,9.150000,9.150000,7.134757,0
2007-09-04,9.250000,9.250000,9.230000,9.230000,7.197137,1000
2007-09-05,9.070000,9.250000,9.020000,9.150000,7.236682,1600
2007-09-06,9.050000,9.050000,9.000000,9.000000,7.118047,1800
2007-09-07,9.010000,9.040000,9.000000,9.020000,7.133866,1300
2007-09-10,9.100000,9.200000,9.020000,9.020000,7.133866,1400
2007-09-11,9.080000,9.190000,9.050000,9.060000,7.165500,37600
2007-09-12,9.090000,9.090000,9.050000,9.050000,7.157594,900
2007-09-13,9.040000,9.100000,9.030000,9.090000,7.189229,2700
2007-09-14,8.870000,9.100000,8.870000,9.090000,7.189229,3000
2007-09-17,9.010000,9.090000,8.920000,8.950000,7.078501,6400
2007-09-18,8.950000,9.040000,8.950000,8.970000,7.094322,500
2007-09-19,8.950000,9.050000,8.950000,8.950000,7.078501,600
2007-09-20,9.050000,9.100000,8.950000,9.000000,7.118047,2200
2007-09-21,9.070000,9.090000,9.070000,9.090000,7.189229,800
2007-09-24,9.000000,9.090000,9.000000,9.000000,7.118047,1200
2007-09-25,9.090000,9.090000,9.000000,9.000000,7.118047,600
2007-09-26,9.090000,9.090000,8.990000,9.090000,7.189229,4700
2007-09-27,9.090000,9.100000,9.090000,9.100000,7.197136,700
2007-09-28,9.010000,9.090000,8.990000,9.090000,7.189229,1400
2007-10-01,9.050000,9.090000,9.050000,9.090000,7.189229,500
2007-10-02,9.090000,9.090000,9.090000,9.090000,7.189229,0
2007-10-03,9.090000,9.090000,9.090000,9.090000,7.189229,0
2007-10-04,9.090000,9.090000,9.090000,9.090000,7.189229,0
2007-10-05,9.000000,9.090000,9.000000,9.090000,7.189229,900
2007-10-08,9.100000,9.100000,9.010000,9.010000,7.125957,300
2007-10-09,9.010000,9.090000,9.010000,9.090000,7.189229,1500
2007-10-10,9.010000,9.010000,9.010000,9.010000,7.125957,1200
2007-10-11,9.020000,9.090000,9.020000,9.090000,7.189229,1000
2007-10-12,9.090000,9.090000,9.090000,9.090000,7.189229,0
2007-10-15,9.030000,9.200000,9.020000,9.200000,7.276226,7200
2007-10-16,9.150000,9.250000,9.100000,9.250000,7.315770,3800
2007-10-17,9.200000,9.240000,9.200000,9.240000,7.307862,1700
2007-10-18,9.250000,9.250000,9.250000,9.250000,7.315770,800
2007-10-19,9.250000,9.320000,9.250000,9.320000,7.371132,1100
2007-10-22,9.200000,9.250000,9.100000,9.250000,7.315770,2100
2007-10-23,9.240000,9.320000,9.220000,9.220000,7.292045,11500
2007-10-24,9.110000,9.320000,9.110000,9.300000,7.355317,5900
2007-10-25,9.320000,9.460000,9.260000,9.330000,7.379042,3400
2007-10-26,9.400000,9.500000,9.400000,9.450000,7.473951,5200
2007-10-29,9.300000,9.500000,9.260000,9.500000,7.513496,700
2007-10-30,9.400000,9.500000,9.020000,9.020000,7.133866,2000
2007-10-31,9.260000,9.260000,9.250000,9.250000,7.315770,900
2007-11-01,9.360000,9.420000,9.090000,9.120000,7.212956,1300
2007-11-02,9.120000,9.120000,9.120000,9.120000,7.212956,0
2007-11-05,9.050000,9.290000,9.050000,9.290000,7.347406,1400
2007-11-06,9.130000,9.230000,9.130000,9.230000,7.299954,1800
2007-11-07,9.270000,9.290000,9.270000,9.290000,7.347406,1300
2007-11-08,9.150000,9.270000,9.150000,9.270000,7.331591,500
2007-11-09,9.160000,9.250000,9.160000,9.250000,7.315770,500
2007-11-12,9.240000,9.240000,9.200000,9.200000,7.276226,300
2007-11-13,9.200000,9.200000,9.200000,9.200000,7.276226,100
2007-11-14,9.200000,9.200000,9.200000,9.200000,7.276226,0
2007-11-15,9.220000,9.230000,9.220000,9.230000,7.299954,500
2007-11-16,9.230000,9.290000,9.150000,9.290000,7.347406,2000
2007-11-19,9.290000,9.320000,9.150000,9.150000,7.236682,2800
2007-11-20,9.150000,9.150000,9.150000,9.150000,7.236682,0
2007-11-21,9.150000,9.150000,9.150000,9.150000,7.236682,0
2007-11-23,9.150000,9.150000,9.150000,9.150000,7.236682,0
2007-11-26,9.400000,9.400000,9.300000,9.300000,7.355317,800
2007-11-27,9.210000,9.210000,9.210000,9.210000,7.284135,500
2007-11-28,9.210000,9.210000,9.210000,9.210000,7.284135,300
2007-11-29,9.340000,9.340000,9.340000,9.340000,7.386952,200
2007-11-30,9.210000,9.210000,9.210000,9.210000,7.284135,100
2007-12-03,9.300000,9.380000,9.180000,9.190000,7.268316,1400
2007-12-04,9.280000,9.300000,9.280000,9.300000,7.355317,500
2007-12-05,9.060000,9.110000,9.060000,9.110000,7.307190,700
2007-12-06,9.210000,9.210000,9.210000,9.210000,7.387400,300
2007-12-07,9.210000,9.240000,9.210000,9.240000,7.411463,200
2007-12-10,9.240000,9.240000,9.240000,9.240000,7.411463,0
2007-12-11,9.110000,9.110000,9.110000,9.110000,7.307190,400
2007-12-12,9.110000,9.110000,9.110000,9.110000,7.307190,0
2007-12-13,9.010000,9.360000,9.010000,9.360000,7.507717,1100
2007-12-14,9.260000,9.260000,9.260000,9.260000,7.427506,300
2007-12-17,9.350000,9.350000,9.180000,9.340000,7.491674,6300
2007-12-18,9.190000,9.350000,9.190000,9.350000,7.499695,2500
2007-12-19,9.340000,9.350000,9.170000,9.170000,7.355316,15000
2007-12-20,9.340000,9.350000,9.180000,9.350000,7.499695,2600
2007-12-21,9.340000,9.340000,9.260000,9.260000,7.427506,12000
2007-12-24,9.340000,9.340000,9.210000,9.300000,7.459590,8600
2007-12-26,9.300000,9.300000,9.300000,9.300000,7.459590,0
2007-12-27,9.350000,9.350000,9.220000,9.220000,7.395422,3300
2007-12-28,9.150000,9.250000,9.150000,9.250000,7.419483,400
2007-12-31,9.350000,9.350000,9.200000,9.270000,7.435528,700
2008-01-02,9.340000,9.340000,9.340000,9.340000,7.491674,100
2008-01-03,9.210000,9.220000,9.200000,9.200000,7.379378,1700
2008-01-04,9.150000,9.330000,9.150000,9.330000,7.483652,400
2008-01-07,9.250000,9.330000,9.250000,9.330000,7.483652,600
2008-01-08,9.170000,9.330000,9.170000,9.330000,7.483652,1300
2008-01-09,9.200000,9.470000,9.200000,9.250000,7.419483,13600
2008-01-10,9.250000,9.450000,9.250000,9.450000,7.579907,7400
2008-01-11,9.450000,9.450000,9.450000,9.450000,7.579907,0
2008-01-14,9.250000,9.400000,9.250000,9.400000,7.539799,600
2008-01-15,9.400000,9.450000,9.300000,9.300000,7.459590,8600
2008-01-16,9.250000,9.250000,9.190000,9.250000,7.419483,2400
2008-01-17,9.150000,9.380000,9.150000,9.380000,7.523758,400
2008-01-18,9.280000,9.280000,9.150000,9.250000,7.419483,1600
2008-01-22,9.170000,9.240000,9.100000,9.240000,7.411463,2100
2008-01-23,9.240000,9.240000,9.240000,9.240000,7.411463,300
2008-01-24,9.240000,9.240000,9.200000,9.200000,7.379378,700
2008-01-25,9.210000,9.210000,9.030000,9.040000,7.251042,1400
2008-01-28,9.210000,9.210000,9.110000,9.190000,7.371357,1900
2008-01-29,9.230000,9.380000,9.230000,9.250000,7.419483,2200
2008-01-30,9.480000,9.480000,9.250000,9.250000,7.419483,1600
2008-01-31,9.280000,9.300000,9.200000,9.200000,7.379378,7100
2008-02-01,9.210000,9.350000,9.190000,9.190000,7.371357,1300
2008-02-04,9.200000,9.290000,9.200000,9.290000,7.451568,200
2008-02-05,9.160000,9.380000,9.160000,9.380000,7.523758,400
2008-02-06,9.380000,9.380000,9.200000,9.200000,7.379378,2100
2008-02-07,9.240000,9.250000,9.230000,9.250000,7.419483,3000
2008-02-08,9.210000,9.250000,9.210000,9.250000,7.419483,700
2008-02-11,9.250000,9.250000,9.250000,9.250000,7.419483,0
2008-02-12,9.260000,9.260000,9.250000,9.250000,7.419483,400
2008-02-13,9.250000,9.250000,9.210000,9.210000,7.387400,1100
2008-02-14,9.210000,9.230000,9.210000,9.230000,7.403443,800
2008-02-15,9.240000,9.240000,9.240000,9.240000,7.411463,300
2008-02-19,9.300000,9.300000,9.110000,9.250000,7.419483,16700
2008-02-20,9.190000,9.210000,9.120000,9.210000,7.387400,1900
2008-02-21,9.260000,9.270000,9.140000,9.240000,7.411463,5600
2008-02-22,9.240000,9.330000,9.240000,9.250000,7.419483,400
2008-02-25,9.230000,9.230000,9.230000,9.230000,7.403443,200
2008-02-26,9.230000,9.290000,9.230000,9.250000,7.419483,1100
2008-02-27,9.190000,9.250000,9.190000,9.250000,7.419483,900
2008-02-28,9.240000,9.300000,9.240000,9.300000,7.459590,2400
2008-02-29,9.280000,9.490000,9.280000,9.490000,7.611991,2200
2008-03-03,9.500000,9.500000,9.350000,9.470000,7.595949,10700
2008-03-04,9.450000,9.450000,9.450000,9.450000,7.579907,600
2008-03-05,9.450000,9.450000,9.450000,9.450000,7.579907,1200
2008-03-06,9.350000,9.400000,9.200000,9.350000,7.604304,2700
2008-03-07,9.300000,9.400000,9.300000,9.400000,7.644970,500
2008-03-10,9.320000,9.400000,9.240000,9.400000,7.644970,7100
2008-03-11,9.300000,9.300000,9.000000,9.020000,7.335917,9200
2008-03-12,9.120000,9.240000,9.050000,9.240000,7.514840,1000
2008-03-13,9.150000,9.150000,9.050000,9.140000,7.433516,1700
2008-03-14,9.120000,9.160000,9.100000,9.160000,7.449778,900
2008-03-17,9.160000,9.220000,9.050000,9.210000,7.490443,3000
2008-03-18,9.200000,9.200000,9.110000,9.120000,7.417248,700
2008-03-19,9.110000,9.200000,9.100000,9.160000,7.449778,4300
2008-03-20,9.200000,9.200000,9.190000,9.190000,7.474175,200
2008-03-24,9.090000,9.190000,9.050000,9.190000,7.474175,2200
2008-03-25,9.190000,9.190000,9.190000,9.190000,7.474175,0
2008-03-26,9.170000,9.200000,9.170000,9.200000,7.482308,3200
2008-03-27,9.200000,9.200000,9.200000,9.200000,7.482308,0
2008-03-28,9.250000,9.250000,9.110000,9.200000,7.482308,300
2008-03-31,9.190000,9.190000,9.190000,9.190000,7.474175,100
2008-04-01,9.290000,9.290000,9.200000,9.200000,7.482308,500
2008-04-02,9.200000,9.220000,9.130000,9.220000,7.498578,500
2008-04-03,9.060000,9.060000,9.060000,9.060000,7.368450,300
2008-04-04,9.140000,9.140000,9.120000,9.120000,7.417248,400
2008-04-07,9.120000,9.180000,9.120000,9.180000,7.466044,600
2008-04-08,9.120000,9.130000,9.120000,9.130000,7.425382,200
2008-04-09,9.150000,9.170000,9.150000,9.170000,7.457910,300
2008-04-10,9.050000,9.180000,9.050000,9.180000,7.466044,1300
2008-04-11,9.180000,9.180000,9.180000,9.180000,7.466044,100
2008-04-14,9.100000,9.100000,9.050000,9.060000,7.368450,900
2008-04-15,9.400000,9.400000,9.160000,9.200000,7.482308,2900
2008-04-16,9.200000,9.200000,9.200000,9.200000,7.482308,0
2008-04-17,9.120000,9.120000,9.100000,9.100000,7.400981,500
2008-04-18,9.120000,9.120000,9.120000,9.120000,7.417248,200
2008-04-21,9.150000,9.150000,9.150000,9.150000,7.441645,700
2008-04-22,9.150000,9.150000,9.150000,9.150000,7.441645,0
2008-04-23,9.150000,9.170000,9.150000,9.150000,7.441645,900
2008-04-24,9.150000,9.400000,9.150000,9.300000,7.563641,5300
2008-04-25,9.300000,9.300000,9.300000,9.300000,7.563641,100
2008-04-28,9.300000,9.300000,9.300000,9.300000,7.563641,0
2008-04-29,9.110000,9.110000,9.110000,9.110000,7.409114,200
2008-04-30,9.100000,9.310000,9.100000,9.310000,7.571775,1300
2008-05-01,9.210000,9.210000,9.210000,9.210000,7.490443,400
2008-05-02,9.200000,9.200000,9.200000,9.200000,7.482308,600
2008-05-05,9.300000,9.300000,9.300000,9.300000,7.563641,300
2008-05-06,9.200000,9.400000,9.200000,9.400000,7.644970,1100
2008-05-07,9.400000,9.400000,9.210000,9.210000,7.490443,600
2008-05-08,9.390000,9.400000,9.390000,9.390000,7.636837,700
2008-05-09,9.290000,10.250000,9.290000,9.710000,7.897091,8100
2008-05-12,9.800000,9.800000,9.800000,9.800000,7.970288,1100
2008-05-13,9.710000,9.710000,9.270000,9.470000,7.701900,4200
2008-05-14,9.450000,9.490000,9.450000,9.490000,7.718167,1100
2008-05-15,9.320000,9.680000,9.320000,9.400000,7.644970,3700
2008-05-16,9.600000,9.600000,9.600000,9.600000,7.807629,300
2008-05-19,9.650000,9.650000,9.600000,9.600000,7.807629,700
2008-05-20,9.600000,9.680000,9.600000,9.680000,7.872693,400
2008-05-21,9.680000,9.680000,9.610000,9.680000,7.872693,1300
2008-05-22,9.630000,9.630000,9.630000,9.630000,7.832028,1000
2008-05-23,9.630000,9.630000,9.630000,9.630000,7.832028,0
2008-05-27,9.630000,9.630000,9.630000,9.630000,7.832028,0
2008-05-28,9.600000,9.600000,9.600000,9.600000,7.807629,500
2008-05-29,9.730000,9.740000,9.730000,9.740000,7.921490,300
2008-05-30,9.510000,9.720000,9.500000,9.720000,7.905224,1700
2008-06-02,9.650000,9.800000,9.650000,9.800000,7.970288,1400
2008-06-03,9.800000,10.000000,9.720000,10.000000,8.132947,4200
2008-06-04,9.790000,9.800000,9.790000,9.800000,7.970288,400
2008-06-05,9.630000,9.660000,9.630000,9.630000,7.929119,700
2008-06-06,9.630000,9.630000,9.630000,9.630000,7.929119,0
2008-06-09,10.370000,10.370000,9.550000,10.000000,8.233768,3300
2008-06-10,10.000000,10.000000,9.800000,9.800000,8.069093,500
2008-06-11,9.600000,9.870000,9.600000,9.870000,8.126728,600
2008-06-12,9.630000,9.740000,9.550000,9.550000,7.863248,800
2008-06-13,9.550000,9.550000,9.550000,9.550000,7.863248,200
2008-06-16,9.500000,9.500000,9.500000,9.500000,7.822080,500
2008-06-17,9.500000,9.500000,9.500000,9.500000,7.822080,0
2008-06-18,9.500000,9.500000,9.500000,9.500000,7.822080,0
2008-06-19,9.510000,9.510000,9.450000,9.450000,7.780911,1000
2008-06-20,9.650000,9.650000,9.510000,9.650000,7.945585,1300
2008-06-23,9.520000,9.550000,9.510000,9.550000,7.863248,1200
2008-06-24,9.630000,9.630000,9.630000,9.630000,7.929119,800
2008-06-25,9.630000,9.950000,9.630000,9.950000,8.192600,5900
2008-06-26,9.950000,9.950000,9.950000,9.950000,8.192600,0
2008-06-27,9.950000,9.950000,9.950000,9.950000,8.192600,0
2008-06-30,9.950000,9.980000,9.950000,9.980000,8.217300,300
2008-07-01,9.970000,9.980000,9.820000,9.950000,8.192600,1300
2008-07-02,9.770000,9.870000,9.550000,9.550000,7.863248,1300
2008-07-03,9.550000,9.950000,9.550000,9.950000,8.192600,300
2008-07-07,9.750000,10.000000,9.750000,10.000000,8.233768,6300
2008-07-08,9.550000,10.350000,9.550000,10.050000,8.274935,5800
2008-07-09,10.000000,10.000000,9.600000,9.600000,7.904418,1700
2008-07-10,9.600000,9.600000,9.510000,9.510000,7.830312,1400
2008-07-11,9.600000,9.600000,9.600000,9.600000,7.904418,1000
2008-07-14,9.600000,9.740000,9.450000,9.450000,7.780911,1600
2008-07-15,9.250000,9.250000,9.150000,9.240000,7.608000,900
2008-07-16,9.170000,9.450000,9.170000,9.450000,7.780911,1100
2008-07-17,9.200000,9.200000,9.130000,9.130000,7.517432,500
2008-07-18,9.130000,9.340000,9.130000,9.300000,7.657404,3900
2008-07-21,9.300000,9.300000,9.300000,9.300000,7.657404,0
2008-07-22,9.150000,9.700000,9.100000,9.700000,7.986754,4600
2008-07-23,9.710000,9.710000,9.710000,9.710000,7.994989,100
2008-07-24,9.710000,9.710000,9.710000,9.710000,7.994989,0
2008-07-25,9.600000,9.710000,9.600000,9.710000,7.994989,200
2008-07-28,9.650000,9.690000,9.650000,9.690000,7.978521,500
2008-07-29,9.350000,9.650000,9.170000,9.650000,7.945585,500
2008-07-30,9.650000,9.650000,9.650000,9.650000,7.945585,1000
2008-07-31,9.500000,9.700000,9.120000,9.120000,7.509198,1400
2008-08-01,9.120000,9.140000,9.120000,9.140000,7.525666,1000
2008-08-04,9.140000,9.140000,9.140000,9.140000,7.525666,0
2008-08-05,9.140000,9.140000,9.140000,9.140000,7.525666,0
2008-08-06,9.140000,9.140000,9.140000,9.140000,7.525666,0
2008-08-07,9.300000,9.300000,9.300000,9.300000,7.657404,300
2008-08-08,9.350000,10.000000,9.350000,9.680000,7.970288,7100
2008-08-11,9.700000,9.700000,9.500000,9.500000,7.822080,600
2008-08-12,9.700000,9.750000,9.500000,9.750000,8.027924,1000
2008-08-13,9.750000,9.750000,9.750000,9.750000,8.027924,0
2008-08-14,9.990000,10.000000,9.640000,9.640000,7.937353,6000
2008-08-15,9.640000,9.640000,9.640000,9.640000,7.937353,0
2008-08-18,10.000000,10.300000,9.740000,9.740000,8.019691,1500
2008-08-19,9.640000,10.050000,9.640000,10.050000,8.274935,2200
2008-08-20,10.050000,10.050000,10.050000,10.050000,8.274935,0
2008-08-21,9.640000,9.740000,9.640000,9.740000,8.019691,700
2008-08-22,9.940000,10.140000,9.850000,10.140000,8.349041,1400
2008-08-25,9.850000,10.080000,9.850000,10.080000,8.299636,1700
2008-08-26,10.080000,10.080000,10.080000,10.080000,8.299636,0
2008-08-27,9.300000,9.900000,9.300000,9.640000,7.937353,1800
2008-08-28,9.410000,9.850000,9.410000,9.850000,8.110260,1600
2008-08-29,9.970000,10.000000,9.450000,9.690000,7.978521,2100
2008-09-02,9.650000,10.000000,9.650000,9.850000,8.110260,1100
2008-09-03,10.140000,10.160000,9.600000,9.870000,8.126728,1000
2008-09-04,9.410000,9.670000,9.230000,9.630000,8.034947,9400
2008-09-05,9.630000,9.630000,9.630000,9.630000,8.034947,0
2008-09-08,9.480000,9.500000,9.480000,9.490000,7.918137,900
2008-09-09,9.460000,9.590000,9.360000,9.540000,7.959855,2100
2008-09-10,9.540000,9.540000,9.540000,9.540000,7.959855,0
2008-09-11,9.500000,9.500000,9.300000,9.350000,7.801327,1700
2008-09-12,9.490000,9.540000,9.490000,9.540000,7.959855,700
2008-09-15,9.300000,9.510000,9.120000,9.510000,7.934824,1200
2008-09-16,9.310000,9.430000,9.310000,9.430000,7.868073,200
2008-09-17,9.370000,9.370000,9.370000,9.370000,7.818015,100
2008-09-18,9.080000,9.450000,9.050000,9.450000,7.884762,6100
2008-09-19,9.450000,9.450000,9.450000,9.450000,7.884762,0
2008-09-22,9.550000,9.550000,9.250000,9.320000,7.776296,1800
2008-09-23,9.320000,9.320000,9.320000,9.320000,7.776296,0
2008-09-24,9.430000,9.430000,9.430000,9.430000,7.868073,100
2008-09-25,9.260000,9.260000,9.250000,9.250000,7.717887,400
2008-09-26,9.370000,9.390000,9.370000,9.390000,7.834702,300
2008-09-29,9.280000,9.490000,9.250000,9.300000,7.759607,1800
2008-09-30,9.600000,9.600000,9.330000,9.390000,7.834702,1000
2008-10-01,9.300000,9.550000,9.260000,9.550000,7.968200,1100
2008-10-02,9.350000,9.350000,9.250000,9.250000,7.717887,700
2008-10-03,9.250000,9.430000,9.250000,9.270000,7.734580,2400
2008-10-06,9.600000,9.600000,9.250000,9.400000,7.843043,2000
2008-10-07,9.250000,9.270000,8.870000,9.180000,7.659484,3300
2008-10-08,9.100000,9.270000,9.000000,9.270000,7.734580,3100
2008-10-09,9.230000,9.230000,9.120000,9.120000,7.609421,400
2008-10-10,9.100000,9.270000,8.050000,9.100000,7.592734,14700
2008-10-13,9.300000,9.300000,9.200000,9.200000,7.676170,1600
2008-10-14,9.400000,9.400000,9.130000,9.200000,7.676170,1200
2008-10-15,9.280000,9.300000,9.270000,9.300000,7.759607,1800
2008-10-16,9.140000,9.570000,9.140000,9.550000,7.968200,2400
2008-10-17,9.750000,9.750000,9.350000,9.600000,8.009917,2300
2008-10-20,9.580000,9.740000,9.580000,9.740000,8.126728,700
2008-10-21,9.740000,9.750000,9.170000,9.380000,7.826355,8200
2008-10-22,9.380000,9.380000,9.380000,9.380000,7.826355,0
2008-10-23,9.400000,9.750000,9.400000,9.600000,8.009917,2000
2008-10-24,9.600000,9.600000,9.600000,9.600000,8.009917,0
2008-10-27,9.400000,9.750000,9.140000,9.140000,7.626110,2100
2008-10-28,9.110000,9.110000,9.110000,9.110000,7.601078,200
2008-10-29,9.300000,9.490000,9.130000,9.410000,7.851387,1800
2008-10-30,9.450000,9.500000,9.450000,9.500000,7.926482,800
2008-10-31,9.140000,9.140000,9.140000,9.140000,7.626110,200
2008-11-03,9.280000,9.280000,9.250000,9.260000,7.726233,600
2008-11-04,9.540000,9.690000,9.200000,9.200000,7.676170,3800
2008-11-05,9.550000,9.550000,9.300000,9.450000,7.884762,1300
2008-11-06,9.330000,9.330000,9.300000,9.300000,7.759607,1400
2008-11-07,9.350000,9.450000,9.350000,9.450000,7.884762,400
2008-11-10,9.580000,9.580000,9.580000,9.580000,7.993231,300
2008-11-11,9.590000,9.590000,9.200000,9.220000,7.692860,1400
2008-11-12,9.150000,9.150000,9.150000,9.150000,7.634452,500
2008-11-13,9.150000,9.460000,9.150000,9.460000,7.893106,800
2008-11-14,9.460000,9.590000,9.450000,9.590000,8.001574,3900
2008-11-17,10.360000,10.360000,9.650000,9.800000,8.176791,1900
2008-11-18,9.600000,10.200000,9.600000,9.780000,8.160103,1600
2008-11-19,10.000000,10.250000,9.250000,9.340000,7.792982,2500
2008-11-20,9.200000,9.200000,9.200000,9.200000,7.676170,1200
2008-11-21,9.200000,9.600000,9.200000,9.570000,7.984885,1900
2008-11-24,9.990000,10.350000,9.550000,10.000000,8.343663,11800
2008-11-25,10.800000,10.800000,10.000000,10.230000,8.535567,6200
2008-11-26,10.200000,10.770000,9.990000,10.540000,8.794221,9300
2008-11-28,11.390000,13.300000,10.700000,11.260000,9.394965,24000
2008-12-01,12.160000,12.160000,11.500000,12.000000,10.012399,13900
2008-12-02,13.000000,13.000000,12.000000,12.150000,10.137550,9700
2008-12-03,12.270000,12.450000,11.940000,12.090000,10.087490,6000
2008-12-04,12.130000,12.440000,12.100000,12.100000,10.205572,1900
2008-12-05,12.050000,12.250000,12.050000,12.250000,10.332085,1400
2008-12-08,12.010000,12.240000,12.000000,12.000000,10.121227,4400
2008-12-09,12.000000,12.000000,11.840000,11.840000,9.986277,1100
2008-12-10,12.010000,12.010000,11.270000,11.880000,10.020017,4000
2008-12-11,11.880000,12.040000,11.300000,12.040000,10.154963,4300
2008-12-12,11.480000,12.100000,11.480000,12.100000,10.205572,400
2008-12-15,11.640000,12.100000,11.640000,12.100000,10.205572,5800
2008-12-16,12.100000,12.250000,11.260000,12.100000,10.205572,4600
2008-12-17,12.100000,12.100000,12.100000,12.100000,10.205572,1000
2008-12-18,12.100000,12.800000,12.100000,12.460000,10.509207,3400
2008-12-19,12.100000,12.250000,12.100000,12.250000,10.332085,1300
2008-12-22,12.780000,12.800000,12.000000,12.800000,10.795977,1300
2008-12-23,13.250000,13.250000,12.700000,12.700000,10.711632,4000
2008-12-24,12.210000,12.210000,12.100000,12.130000,10.230873,900
2008-12-26,11.790000,13.350000,11.500000,13.190000,11.124914,17300
2008-12-29,13.250000,14.710000,12.900000,13.780000,11.622541,20900
2008-12-30,14.590000,14.900000,13.970000,14.190000,11.968350,7800
2008-12-31,14.000000,14.890000,13.950000,14.350000,12.103301,4800
2009-01-02,13.690000,14.280000,13.500000,14.100000,11.892441,10000
2009-01-05,14.000000,14.000000,13.520000,13.520000,11.403249,2400
2009-01-06,13.920000,13.990000,13.200000,13.750000,11.597239,3200
2009-01-07,13.990000,13.990000,13.010000,13.550000,11.428553,11600
2009-01-08,13.530000,13.550000,13.300000,13.550000,11.428553,2100
2009-01-09,13.480000,13.480000,13.160000,13.160000,11.099610,1700
2009-01-12,13.650000,13.650000,12.290000,13.010000,10.973097,2500
2009-01-13,13.150000,13.350000,12.750000,13.250000,11.175521,5700
2009-01-14,12.320000,12.320000,11.010000,11.500000,9.699508,5400
2009-01-15,11.010000,11.700000,11.000000,11.700000,9.868196,2800
2009-01-16,11.800000,12.100000,11.800000,12.100000,10.205572,700
2009-01-20,12.500000,12.860000,12.000000,12.860000,10.846581,1600
2009-01-21,12.500000,12.920000,11.630000,12.520000,10.559813,2000
2009-01-22,12.950000,13.000000,12.300000,12.930000,10.905620,1100
2009-01-23,13.000000,13.000000,12.750000,13.000000,10.964664,800
2009-01-26,12.580000,12.970000,12.580000,12.750000,10.753804,1000
2009-01-27,12.750000,12.750000,12.750000,12.750000,10.753804,0
2009-01-28,12.750000,12.750000,12.320000,12.700000,10.711632,600
2009-01-29,12.750000,13.000000,12.750000,13.000000,10.964664,400
2009-01-30,13.000000,13.000000,11.730000,12.050000,10.163400,3000
2009-02-02,12.010000,12.010000,12.010000,12.010000,10.129662,100
2009-02-03,11.750000,11.750000,11.050000,11.500000,9.699508,1600
2009-02-04,11.200000,11.500000,11.200000,11.450000,9.657337,1900
2009-02-05,11.400000,11.500000,11.200000,11.260000,9.497083,500
2009-02-06,11.450000,11.450000,11.420000,11.420000,9.632034,300
2009-02-09,11.420000,11.420000,11.200000,11.200000,9.446478,2900
2009-02-10,11.480000,12.200000,11.250000,12.200000,10.289915,1100
2009-02-11,11.700000,11.700000,11.200000,11.440000,9.648902,1800
2009-02-12,11.940000,11.940000,11.250000,11.250000,9.488649,2500
2009-02-13,11.200000,12.340000,11.200000,12.000000,10.121227,4400
2009-02-17,12.160000,12.480000,12.010000,12.420000,10.475470,3900
2009-02-18,12.480000,12.920000,10.890000,10.890000,9.185012,9000
2009-02-19,11.350000,11.850000,11.200000,11.400000,9.615166,3900
2009-02-20,11.350000,11.350000,11.010000,11.020000,9.294662,1200
2009-02-23,11.000000,11.000000,10.570000,10.800000,9.109105,5000
2009-02-24,10.580000,10.900000,10.570000,10.790000,9.100671,2200
2009-02-25,10.790000,10.900000,10.740000,10.870000,9.168143,1800
2009-02-26,10.600000,11.020000,10.580000,10.930000,9.218753,1000
2009-02-27,10.930000,10.930000,10.930000,10.930000,9.218753,0
2009-03-02,10.920000,11.690000,10.500000,10.990000,9.269357,3500
2009-03-03,11.000000,11.450000,10.520000,10.920000,9.210317,3000
2009-03-04,10.630000,11.030000,10.630000,10.690000,9.016326,400
2009-03-05,10.520000,10.960000,10.510000,10.600000,8.940419,600
2009-03-06,10.500000,10.550000,10.250000,10.550000,9.000134,4700
2009-03-09,10.110000,10.700000,10.100000,10.520000,8.974543,2100
2009-03-10,10.600000,10.600000,10.600000,10.600000,9.042789,300
2009-03-11,10.440000,10.790000,10.150000,10.450000,8.914824,2500
2009-03-12,10.250000,11.690000,10.120000,10.620000,9.059851,2200
2009-03-13,10.770000,10.770000,10.270000,10.500000,8.957479,300
2009-03-16,10.280000,10.280000,10.110000,10.200000,8.701550,1000
2009-03-17,10.400000,10.400000,10.110000,10.350000,8.829515,2200
2009-03-18,10.790000,10.790000,10.250000,10.440000,8.906295,700
2009-03-19,10.350000,10.740000,10.260000,10.500000,8.957479,3700
2009-03-20,10.710000,10.710000,10.700000,10.700000,9.128098,200
2009-03-23,10.700000,10.740000,10.680000,10.740000,9.162221,1100
2009-03-24,10.280000,10.730000,10.250000,10.260000,8.752737,3100
2009-03-25,10.700000,10.740000,10.270000,10.450000,8.914824,2200
2009-03-26,10.570000,10.740000,10.570000,10.740000,9.162221,1300
2009-03-27,10.720000,10.740000,10.720000,10.740000,9.162221,200
2009-03-30,10.720000,10.720000,10.290000,10.420000,8.889232,1600
2009-03-31,10.550000,10.740000,10.500000,10.740000,9.162221,500
2009-04-01,10.990000,11.000000,10.260000,10.260000,8.752737,3500
2009-04-02,10.310000,10.710000,10.300000,10.310000,8.795393,2800
2009-04-03,10.310000,10.500000,10.310000,10.500000,8.957479,800
2009-04-06,10.570000,10.690000,10.350000,10.350000,8.829515,1100
2009-04-07,10.350000,10.350000,10.350000,10.350000,8.829515,0
2009-04-08,10.340000,10.700000,10.340000,10.700000,9.128098,500
2009-04-09,10.690000,11.190000,10.170000,10.940000,9.332839,3300
2009-04-13,11.130000,11.130000,10.340000,10.340000,8.820986,200
2009-04-14,10.780000,10.830000,10.600000,10.830000,9.239001,1200
2009-04-15,10.390000,10.970000,10.390000,10.960000,9.349901,1700
2009-04-16,10.530000,10.940000,10.470000,10.600000,9.042789,6500
2009-04-17,10.610000,11.610000,10.610000,11.050000,9.426680,3000
2009-04-20,11.050000,11.050000,11.050000,11.050000,9.426680,0
2009-04-21,11.220000,11.220000,10.640000,10.790000,9.204877,900
2009-04-22,10.500000,11.150000,10.500000,10.810000,9.221938,5000
2009-04-23,11.010000,11.240000,10.540000,10.650000,9.085443,4600
2009-04-24,10.560000,10.780000,10.560000,10.750000,9.170753,1100
2009-04-27,10.880000,10.890000,10.750000,10.890000,9.290186,2400
2009-04-28,10.920000,10.940000,10.880000,10.910000,9.307248,1200
2009-04-29,10.680000,10.970000,10.680000,10.900000,9.298717,800
2009-04-30,10.900000,10.930000,10.430000,10.650000,9.085443,2100
2009-05-01,10.500000,10.630000,10.500000,10.630000,9.068380,1300
2009-05-04,11.000000,11.000000,10.770000,10.770000,9.187813,2000
2009-05-05,10.500000,10.990000,10.450000,10.990000,9.375495,2000
2009-05-06,10.970000,10.970000,10.970000,10.970000,9.358434,200
2009-05-07,11.000000,11.000000,10.930000,10.930000,9.324311,700
2009-05-08,10.670000,10.670000,10.660000,10.670000,9.102505,500
2009-05-11,10.670000,10.690000,10.670000,10.690000,9.119565,800
2009-05-12,10.400000,10.900000,10.400000,10.710000,9.136628,900
2009-05-13,10.960000,10.990000,10.960000,10.990000,9.375495,300
2009-05-14,10.630000,10.860000,10.630000,10.860000,9.264592,800
2009-05-15,10.800000,10.800000,10.750000,10.760000,9.179284,500
2009-05-18,10.910000,10.910000,10.900000,10.900000,9.298717,400
2009-05-19,10.890000,10.890000,10.730000,10.760000,9.179284,600
2009-05-20,10.760000,10.760000,10.760000,10.760000,9.179284,0
2009-05-21,10.800000,10.950000,10.710000,10.940000,9.332839,4400
2009-05-22,10.930000,10.940000,10.930000,10.930000,9.324311,800
2009-05-26,10.930000,10.930000,10.930000,10.930000,9.324311,0
2009-05-27,10.900000,10.910000,10.890000,10.890000,9.290186,1200
2009-05-28,10.800000,10.900000,10.770000,10.790000,9.204877,1900
2009-05-29,10.440000,10.770000,10.440000,10.740000,9.162221,2000
2009-06-01,11.000000,11.000000,10.600000,10.730000,9.153688,2200
2009-06-02,11.000000,11.000000,10.800000,10.800000,9.213408,300
2009-06-03,10.700000,10.740000,10.580000,10.660000,9.093973,1400
2009-06-04,10.660000,10.660000,10.660000,10.660000,9.093973,0
2009-06-05,10.860000,10.880000,10.670000,10.670000,9.206139,400
2009-06-08,10.690000,11.060000,10.690000,10.760000,9.283792,800
2009-06-09,10.710000,10.850000,10.710000,10.850000,9.361444,300
2009-06-10,10.550000,10.580000,10.550000,10.580000,9.128485,300
2009-06-11,10.500000,10.500000,10.500000,10.500000,9.059461,400
2009-06-12,10.780000,10.950000,10.620000,10.920000,9.421841,1000
2009-06-15,10.430000,10.980000,10.420000,10.950000,9.447725,2100
2009-06-16,10.950000,10.950000,10.950000,10.950000,9.447725,0
2009-06-17,10.720000,10.840000,10.550000,10.840000,9.352815,2100
2009-06-18,10.750000,10.900000,10.320000,10.530000,9.085346,4000
2009-06-19,10.400000,10.700000,10.400000,10.480000,9.042206,1500
2009-06-22,10.780000,10.780000,10.410000,10.410000,8.981809,3500
2009-06-23,10.490000,10.640000,10.390000,10.400000,8.973181,5400
2009-06-24,10.320000,10.490000,10.240000,10.240000,8.835132,1700
2009-06-25,10.290000,10.470000,10.040000,10.100000,8.714340,4600
2009-06-26,10.070000,10.520000,10.040000,10.050000,8.671200,9700
2009-06-29,10.040000,10.100000,10.040000,10.050000,8.671200,1300
2009-06-30,10.010000,10.490000,10.010000,10.310000,8.895530,2900
2009-07-01,10.480000,10.480000,10.090000,10.100000,8.714340,2100
2009-07-02,10.490000,10.600000,10.490000,10.500000,9.059461,1500
2009-07-06,10.500000,10.600000,10.500000,10.600000,9.145742,1100
2009-07-07,10.600000,11.100000,10.200000,10.500000,9.059461,6500
2009-07-08,10.500000,10.500000,10.500000,10.500000,9.059461,0
2009-07-09,10.280000,10.280000,10.050000,10.190000,8.791990,2700
2009-07-10,10.290000,10.310000,10.190000,10.190000,8.791990,900
2009-07-13,10.040000,10.190000,10.040000,10.100000,8.714340,2400
2009-07-14,10.100000,10.100000,10.100000,10.100000,8.714340,500
2009-07-15,10.150000,10.370000,10.100000,10.100000,8.714340,1500
2009-07-16,10.100000,10.510000,10.010000,10.350000,8.930040,11800
2009-07-17,10.510000,10.520000,10.510000,10.520000,9.076720,300
2009-07-20,10.400000,10.400000,10.400000,10.400000,8.973181,100
2009-07-21,10.310000,10.310000,10.310000,10.310000,8.895530,1200
2009-07-22,10.300000,10.300000,10.090000,10.110000,8.722968,2300
2009-07-23,10.160000,10.370000,10.150000,10.200000,8.800619,2800
2009-07-24,10.180000,10.330000,10.180000,10.330000,8.912785,3200
2009-07-27,10.210000,10.250000,10.210000,10.250000,8.843760,200
2009-07-28,10.250000,10.250000,10.250000,10.250000,8.843760,0
2009-07-29,10.250000,10.300000,10.250000,10.300000,8.886900,1600
2009-07-30,10.400000,10.400000,10.200000,10.300000,8.886900,1800
2009-07-31,10.200000,10.300000,10.200000,10.210000,8.809249,2000
2009-08-03,10.200000,10.290000,10.100000,10.290000,8.878273,1900
2009-08-04,10.250000,10.300000,10.140000,10.250000,8.843760,1800
2009-08-05,10.250000,10.250000,10.140000,10.140000,8.748853,2300
2009-08-06,10.140000,10.150000,10.140000,10.150000,8.757478,1500
2009-08-07,10.150000,10.370000,10.100000,10.150000,8.757478,1800
2009-08-10,10.120000,10.240000,10.120000,10.160000,8.766108,1200
2009-08-11,10.120000,10.250000,10.100000,10.250000,8.843760,2600
2009-08-12,9.690000,10.300000,9.690000,10.150000,8.757478,3100
2009-08-13,10.720000,10.720000,10.250000,10.290000,8.878273,1700
2009-08-14,10.100000,10.330000,10.100000,10.200000,8.800619,1600
2009-08-17,10.010000,10.150000,10.010000,10.110000,8.722968,2500
2009-08-18,10.250000,10.250000,10.250000,10.250000,8.843760,1200
2009-08-19,10.200000,10.500000,10.200000,10.500000,9.059461,1200
2009-08-20,10.250000,10.270000,10.250000,10.270000,8.861015,700
2009-08-21,10.310000,10.310000,10.230000,10.230000,8.826505,400
2009-08-24,10.230000,10.230000,10.130000,10.130000,8.740226,1000
2009-08-25,10.150000,10.230000,10.150000,10.230000,8.826505,2000
2009-08-26,10.230000,10.230000,10.220000,10.220000,8.817875,300
2009-08-27,10.220000,10.220000,10.220000,10.220000,8.817875,0
2009-08-28,10.150000,10.320000,10.150000,10.160000,8.766108,1800
2009-08-31,10.180000,10.480000,10.180000,10.480000,9.042206,800
2009-09-01,10.180000,10.440000,10.150000,10.290000,8.878273,2300
2009-09-02,10.290000,10.290000,10.290000,10.290000,8.878273,600
2009-09-03,10.290000,10.290000,10.050000,10.100000,8.825842,600
2009-09-04,10.100000,10.100000,10.100000,10.100000,8.825842,0
2009-09-08,10.120000,10.130000,10.120000,10.120000,8.843319,900
2009-09-09,10.140000,10.150000,10.140000,10.150000,8.869534,1200
2009-09-10,10.360000,10.470000,10.210000,10.440000,9.122951,1700
2009-09-11,10.360000,10.440000,10.250000,10.250000,8.956920,2300
2009-09-14,10.210000,10.450000,10.210000,10.300000,9.000611,3400
2009-09-15,10.350000,10.350000,10.310000,10.310000,9.009351,300
2009-09-16,10.350000,10.350000,10.310000,10.310000,9.009351,500
2009-09-17,10.310000,10.310000,10.310000,10.310000,9.009351,0
2009-09-18,10.300000,10.300000,10.290000,10.300000,9.000611,1700
2009-09-21,10.270000,10.270000,10.210000,10.210000,8.921965,200
2009-09-22,10.300000,10.300000,10.300000,10.300000,9.000611,500
2009-09-23,10.300000,10.500000,10.300000,10.500000,9.175379,6000
2009-09-24,10.570000,11.000000,10.350000,10.940000,9.559871,11400
2009-09-25,10.940000,10.940000,10.940000,10.940000,9.559871,0
2009-09-28,10.800000,10.800000,10.630000,10.800000,9.437535,1400
2009-09-29,10.900000,10.990000,10.760000,10.760000,9.402582,900
2009-09-30,10.990000,10.990000,10.830000,10.830000,9.463749,700
2009-10-01,10.830000,10.830000,10.830000,10.830000,9.463749,0
2009-10-02,10.690000,10.690000,10.190000,10.280000,8.983133,7500
2009-10-05,10.350000,10.490000,10.200000,10.200000,8.913225,1700
2009-10-06,10.450000,10.700000,10.450000,10.670000,9.323935,1000
2009-10-07,10.650000,10.650000,10.650000,10.650000,9.306458,100
2009-10-08,10.350000,10.500000,10.350000,10.350000,9.044302,1400
2009-10-09,10.350000,10.350000,10.300000,10.310000,9.009351,2000
2009-10-12,10.350000,10.550000,10.330000,10.330000,9.026826,2600
2009-10-13,10.470000,10.500000,10.340000,10.370000,9.061779,3200
2009-10-14,10.370000,10.370000,10.370000,10.370000,9.061779,200
2009-10-15,10.370000,10.370000,10.370000,10.370000,9.061779,0
2009-10-16,10.490000,10.610000,10.400000,10.490000,9.166641,4800
2009-10-19,10.360000,10.440000,10.360000,10.440000,9.122951,1200
2009-10-20,10.550000,10.600000,10.500000,10.600000,9.262765,1200
2009-10-21,10.600000,10.600000,10.580000,10.580000,9.245289,300
2009-10-22,10.500000,10.500000,10.500000,10.500000,9.175379,2000
2009-10-23,10.500000,10.500000,10.500000,10.500000,9.175379,0
2009-10-26,10.400000,10.420000,10.400000,10.400000,9.087995,2600
2009-10-27,10.360000,10.390000,10.260000,10.260000,8.965656,4000
2009-10-28,10.280000,10.280000,10.280000,10.280000,8.983133,1200
2009-10-29,10.280000,10.500000,10.280000,10.500000,9.175379,1200
2009-10-30,10.500000,10.630000,10.500000,10.500000,9.175379,1600
2009-11-02,10.600000,10.640000,10.430000,10.430000,9.114213,1800
2009-11-03,10.550000,10.550000,10.490000,10.500000,9.175379,3800
2009-11-04,10.550000,10.610000,10.420000,10.420000,9.105471,1200
2009-11-05,10.350000,10.620000,10.350000,10.520000,9.192859,2200
2009-11-06,10.520000,10.520000,10.520000,10.520000,9.192859,0
2009-11-09,10.400000,10.610000,10.400000,10.430000,9.114213,1600
2009-11-10,10.380000,10.380000,10.380000,10.380000,9.070518,200
2009-11-11,10.970000,11.090000,10.600000,11.050000,9.655994,24000
2009-11-12,11.060000,11.200000,11.000000,11.200000,9.787072,5300
2009-11-13,11.200000,11.300000,11.200000,11.290000,9.865717,7600
2009-11-16,11.290000,11.360000,11.250000,11.340000,9.909410,6600
2009-11-17,11.360000,11.450000,11.360000,11.380000,9.944366,1200
2009-11-18,11.380000,11.500000,11.380000,11.420000,9.979319,5500
2009-11-19,11.490000,11.730000,11.490000,11.530000,10.075440,1100
2009-11-20,11.600000,11.900000,11.600000,11.790000,10.302642,5500
2009-11-23,11.790000,11.790000,11.790000,11.790000,10.302642,400
2009-11-24,11.810000,11.910000,11.550000,11.550000,10.092918,4400
2009-11-25,11.560000,11.560000,11.460000,11.460000,10.014274,200
2009-11-27,11.550000,11.550000,11.450000,11.450000,10.005532,300
2009-11-30,11.460000,11.460000,11.350000,11.350000,9.918151,2400
2009-12-01,11.420000,11.420000,11.010000,11.320000,9.891932,2900
2009-12-02,11.290000,11.400000,11.290000,11.380000,9.944366,800
2009-12-03,11.310000,11.360000,11.300000,11.350000,9.918151,2500
2009-12-04,11.260000,11.450000,11.260000,11.350000,10.033064,2300
2009-12-07,11.480000,11.480000,11.300000,11.320000,10.006546,1200
2009-12-08,11.340000,11.340000,11.300000,11.300000,9.988867,2300
2009-12-09,11.500000,11.500000,11.200000,11.200000,9.900469,1200
2009-12-10,11.200000,11.200000,11.200000,11.200000,9.900469,0
2009-12-11,11.390000,11.470000,11.270000,11.270000,9.962348,800
2009-12-14,11.290000,11.290000,11.170000,11.170000,9.873950,2900
2009-12-15,11.170000,11.170000,11.020000,11.120000,9.829753,2900
2009-12-16,11.160000,11.160000,10.910000,10.940000,9.670636,5100
2009-12-17,10.930000,10.930000,10.510000,10.700000,9.458484,3500
2009-12-18,10.670000,10.690000,10.650000,10.650000,9.414286,400
2009-12-21,10.670000,10.740000,10.370000,10.640000,9.405446,5900
2009-12-22,10.650000,10.650000,10.650000,10.650000,9.414286,100
2009-12-23,10.680000,10.690000,10.680000,10.690000,9.449644,600
2009-12-24,10.690000,10.690000,10.690000,10.690000,9.449644,0
2009-12-28,10.680000,10.680000,10.570000,10.600000,9.370089,1900
2009-12-29,10.670000,10.680000,10.500000,10.500000,9.281691,3400
2009-12-30,10.570000,10.830000,10.420000,10.490000,9.272850,14400
2009-12-31,10.500000,10.710000,10.480000,10.480000,9.264010,2500
2010-01-04,10.490000,10.530000,10.440000,10.530000,9.308210,3600
2010-01-05,10.630000,10.810000,10.340000,10.600000,9.370089,9900
2010-01-06,10.530000,10.550000,10.400000,10.550000,9.325889,500
2010-01-07,10.470000,10.600000,10.310000,10.600000,9.370089,900
2010-01-08,10.850000,10.870000,10.850000,10.850000,9.591081,3400
2010-01-11,10.650000,10.870000,10.590000,10.680000,9.440804,1800
2010-01-12,10.350000,10.750000,10.350000,10.750000,9.502684,1900
2010-01-13,10.510000,10.550000,10.510000,10.550000,9.325889,400
2010-01-14,10.580000,10.600000,10.550000,10.550000,9.325889,1600
2010-01-15,10.570000,10.650000,10.550000,10.650000,9.414286,1000
2010-01-19,10.640000,10.950000,10.550000,10.800000,9.546882,4900
2010-01-20,11.000000,11.350000,10.920000,11.000000,9.723675,4600
2010-01-21,11.000000,11.000000,10.990000,10.990000,9.714834,2200
2010-01-22,11.010000,11.010000,10.900000,10.900000,9.635278,400
2010-01-25,10.750000,11.000000,10.750000,11.000000,9.723675,3700
2010-01-26,10.930000,10.930000,10.650000,10.800000,9.546882,4400
2010-01-27,10.770000,10.780000,10.700000,10.740000,9.493843,500
2010-01-28,11.000000,11.150000,10.810000,11.150000,9.856269,2600
2010-01-29,11.240000,11.240000,11.100000,11.200000,9.900469,2100
2010-02-01,11.120000,11.200000,11.010000,11.050000,9.767874,5800
2010-02-02,11.160000,11.160000,11.160000,11.160000,9.865110,300
2010-02-03,11.110000,11.110000,11.000000,11.000000,9.723675,800
2010-02-04,11.000000,11.070000,10.900000,11.070000,9.785554,2300
2010-02-05,10.850000,11.150000,10.700000,11.090000,9.803235,3100
2010-02-08,11.310000,11.330000,11.030000,11.030000,9.750195,900
2010-02-09,11.280000,11.280000,11.030000,11.030000,9.750195,1400
2010-02-10,10.700000,10.860000,10.700000,10.830000,9.573401,1500
2010-02-11,10.650000,11.000000,10.650000,11.000000,9.723675,1700
2010-02-12,11.020000,11.020000,11.000000,11.000000,9.723675,200
2010-02-16,11.090000,11.090000,10.760000,10.760000,9.511523,800
2010-02-17,10.600000,10.740000,10.560000,10.740000,9.493843,1300
2010-02-18,10.650000,10.860000,10.650000,10.860000,9.599919,1600
2010-02-19,10.800000,10.900000,10.800000,10.900000,9.635278,900
2010-02-22,10.970000,10.980000,10.970000,10.980000,9.705996,400
2010-02-23,10.980000,11.000000,10.970000,11.000000,9.723675,800
2010-02-24,11.250000,11.400000,11.250000,11.290000,9.980027,1200
2010-02-25,11.040000,11.330000,11.040000,11.330000,10.015386,1000
2010-02-26,11.350000,11.360000,10.980000,10.980000,9.705996,1700
2010-03-01,10.730000,11.220000,10.730000,10.970000,9.697157,600
2010-03-02,10.990000,10.990000,10.850000,10.850000,9.591081,200
2010-03-03,11.230000,11.230000,11.110000,11.110000,9.820910,900
2010-03-04,11.060000,11.060000,11.060000,11.060000,9.776713,200
2010-03-05,11.140000,11.140000,11.140000,11.140000,9.847431,200
2010-03-08,11.100000,11.100000,11.100000,11.100000,9.918919,100
2010-03-09,11.100000,11.100000,11.100000,11.100000,9.918919,0
2010-03-10,11.070000,11.070000,10.760000,11.010000,9.838495,1800
2010-03-11,11.010000,11.010000,10.810000,10.810000,9.659777,200
2010-03-12,10.770000,10.770000,10.770000,10.770000,9.624031,100
2010-03-15,10.750000,10.780000,10.650000,10.660000,9.525736,2800
2010-03-16,10.730000,10.800000,10.730000,10.760000,9.615098,600
2010-03-17,10.800000,10.800000,10.620000,10.620000,9.489993,800
2010-03-18,10.700000,10.770000,10.680000,10.770000,9.624031,1900
2010-03-19,10.730000,10.730000,10.690000,10.730000,9.588288,800
2010-03-22,10.690000,10.770000,10.540000,10.670000,9.534672,5900
2010-03-23,10.670000,10.670000,10.670000,10.670000,9.534672,0
2010-03-24,10.740000,10.770000,10.740000,10.740000,9.597225,3400
2010-03-25,10.550000,10.760000,10.550000,10.650000,9.516800,2100
2010-03-26,10.590000,10.730000,10.540000,10.540000,9.418505,4000
2010-03-29,10.530000,10.550000,10.530000,10.550000,9.427441,2100
2010-03-30,10.500000,10.500000,10.500000,10.500000,9.382761,300
2010-03-31,10.510000,10.650000,10.510000,10.590000,9.463185,2200
2010-04-01,10.870000,10.950000,10.590000,10.700000,9.561481,1500
2010-04-05,10.700000,10.700000,10.700000,10.700000,9.561481,0
2010-04-06,10.700000,10.700000,10.700000,10.700000,9.561481,0
2010-04-07,10.610000,10.910000,10.610000,10.910000,9.749135,400
2010-04-08,10.910000,10.910000,10.910000,10.910000,9.749135,0
2010-04-09,10.800000,10.830000,10.500000,10.760000,9.615098,6400
2010-04-12,10.760000,10.760000,10.760000,10.760000,9.615098,0
2010-04-13,10.760000,10.760000,10.760000,10.760000,9.615098,0
2010-04-14,10.850000,10.850000,10.750000,10.750000,9.606161,400
2010-04-15,10.750000,10.750000,10.550000,10.620000,9.489993,800
2010-04-16,10.600000,10.800000,10.570000,10.700000,9.561481,1700
2010-04-19,10.800000,10.800000,10.690000,10.690000,9.552544,800
2010-04-20,10.700000,10.700000,10.620000,10.620000,9.489993,1300
2010-04-21,10.570000,10.610000,10.570000,10.610000,9.481056,400
2010-04-22,10.600000,10.670000,10.550000,10.640000,9.507864,2700
2010-04-23,10.600000,10.630000,10.550000,10.580000,9.454248,1900
2010-04-26,10.840000,10.840000,10.380000,10.430000,9.320210,9600
2010-04-27,10.460000,10.500000,10.450000,10.500000,9.382761,1000
2010-04-28,10.400000,10.400000,10.350000,10.370000,9.266594,2500
2010-04-29,10.500000,10.500000,10.500000,10.500000,9.382761,400
2010-04-30,10.350000,10.570000,10.350000,10.490000,9.373825,500
2010-05-03,10.490000,10.660000,9.410000,10.330000,9.230851,7900
2010-05-04,10.350000,10.450000,10.350000,10.420000,9.311274,1000
2010-05-05,10.280000,10.550000,10.280000,10.300000,9.204042,1500
2010-05-06,10.310000,10.340000,10.200000,10.200000,9.114681,3200
2010-05-07,10.280000,10.400000,10.000000,10.000000,8.935964,3200
2010-05-10,10.500000,10.500000,10.000000,10.100000,9.025322,4100
2010-05-11,10.350000,10.350000,10.110000,10.350000,9.248723,1000
2010-05-12,10.350000,10.350000,10.350000,10.350000,9.248723,0
2010-05-13,10.340000,10.740000,10.000000,10.060000,8.989580,10100
2010-05-14,10.240000,10.330000,10.080000,10.150000,9.070003,800
2010-05-17,10.140000,10.180000,10.140000,10.150000,9.070003,700
2010-05-18,10.160000,10.300000,10.160000,10.300000,9.204042,1100
2010-05-19,10.510000,10.510000,10.160000,10.160000,9.078938,2100
2010-05-20,10.740000,10.740000,10.370000,10.650000,9.516800,4100
2010-05-21,10.650000,10.740000,10.300000,10.300000,9.204042,2400
2010-05-24,10.550000,10.870000,10.550000,10.870000,9.713391,6000
2010-05-25,10.800000,10.900000,10.440000,10.900000,9.740200,4400
2010-05-26,10.950000,11.050000,10.800000,10.830000,9.677648,5500
2010-05-27,11.000000,11.080000,10.760000,10.760000,9.615098,1700
2010-05-28,10.970000,10.970000,10.950000,10.950000,9.784879,800
2010-06-01,10.990000,10.990000,10.980000,10.980000,9.811687,900
2010-06-02,11.050000,11.050000,10.810000,10.810000,9.659777,900
2010-06-03,10.980000,11.030000,10.980000,11.030000,9.856367,2600
2010-06-04,10.770000,10.770000,10.750000,10.750000,9.606161,400
2010-06-07,10.430000,10.460000,10.430000,10.440000,9.434461,400
2010-06-08,10.450000,10.460000,10.250000,10.380000,9.380239,3400
2010-06-09,10.250000,10.250000,10.250000,10.250000,9.262760,100
2010-06-10,10.260000,10.260000,10.250000,10.250000,9.262760,200
2010-06-11,10.250000,10.250000,10.250000,10.250000,9.262760,300
2010-06-14,10.400000,10.400000,10.250000,10.250000,9.262760,600
2010-06-15,10.250000,10.500000,10.250000,10.500000,9.488680,500
2010-06-16,10.500000,10.500000,10.260000,10.280000,9.289869,1800
2010-06-17,10.270000,10.270000,10.270000,10.270000,9.280835,300
2010-06-18,10.220000,10.240000,10.220000,10.220000,9.235651,1400
2010-06-21,10.220000,11.510000,10.220000,10.750000,9.714603,9300
2010-06-22,10.870000,10.870000,10.260000,10.350000,9.353129,1700
2010-06-23,10.340000,10.340000,10.340000,10.340000,9.344093,100
2010-06-24,10.290000,10.450000,10.290000,10.450000,9.443498,1300
2010-06-25,10.320000,10.640000,10.320000,10.600000,9.579052,1000
2010-06-28,10.370000,10.370000,10.340000,10.340000,9.344093,400
2010-06-29,10.570000,10.570000,10.510000,10.510000,9.497717,700
2010-06-30,10.400000,10.550000,10.300000,10.300000,9.307944,600
2010-07-01,10.520000,10.550000,10.450000,10.540000,9.524829,1000
2010-07-02,10.450000,10.500000,10.450000,10.500000,9.488680,900
2010-07-06,10.500000,10.650000,10.450000,10.530000,9.515792,700
2010-07-07,10.470000,10.490000,10.300000,10.300000,9.307944,3600
2010-07-08,10.330000,10.330000,10.320000,10.320000,9.326019,700
2010-07-09,10.390000,10.900000,10.330000,10.420000,9.416387,4000
2010-07-12,10.420000,10.420000,10.420000,10.420000,9.416387,0
2010-07-13,10.550000,10.550000,10.540000,10.540000,9.524829,300
2010-07-14,10.600000,10.620000,10.600000,10.600000,9.579052,500
2010-07-15,10.670000,11.000000,10.440000,11.000000,9.940524,3100
2010-07-16,10.990000,10.990000,10.990000,10.990000,9.931488,100
2010-07-19,10.760000,10.760000,10.760000,10.760000,9.723640,100
2010-07-20,10.760000,10.760000,10.450000,10.650000,9.624234,1500
2010-07-21,10.440000,11.000000,10.440000,11.000000,9.940524,1200
2010-07-22,10.760000,10.760000,10.750000,10.750000,9.714603,300
2010-07-23,10.970000,10.970000,10.770000,10.770000,9.732676,900
2010-07-26,10.770000,10.770000,10.770000,10.770000,9.732676,0
2010-07-27,10.990000,11.000000,10.980000,10.990000,9.931488,1600
2010-07-28,10.740000,11.000000,10.730000,11.000000,9.940524,2500
2010-07-29,10.810000,10.930000,10.800000,10.800000,9.759787,1000
2010-07-30,10.650000,10.850000,10.600000,10.600000,9.579052,1800
2010-08-02,10.610000,10.700000,10.420000,10.600000,9.579052,2100
2010-08-03,10.600000,10.750000,10.590000,10.750000,9.714603,1000
2010-08-04,10.750000,10.750000,10.750000,10.750000,9.714603,0
2010-08-05,10.750000,10.750000,10.750000,10.750000,9.714603,0
2010-08-06,11.000000,11.000000,11.000000,11.000000,9.940524,500
2010-08-09,10.510000,10.700000,10.500000,10.700000,9.669419,1100
2010-08-10,10.500000,10.500000,10.500000,10.500000,9.488680,500
2010-08-11,10.620000,10.950000,10.620000,10.950000,9.895340,200
2010-08-12,10.770000,10.950000,10.700000,10.950000,9.895340,500
2010-08-13,10.950000,11.150000,10.600000,10.900000,9.850156,2500
2010-08-16,11.150000,11.210000,10.600000,11.210000,10.130297,3100
2010-08-17,11.100000,11.100000,11.100000,11.100000,10.030893,100
2010-08-18,10.880000,10.880000,10.880000,10.880000,9.832083,100
2010-08-19,10.850000,10.850000,10.850000,10.850000,9.804973,100
2010-08-20,10.840000,11.030000,10.660000,10.660000,9.633271,500
2010-08-23,10.810000,11.150000,10.810000,11.150000,10.076077,400
2010-08-24,10.840000,10.840000,10.710000,10.710000,9.678457,200
2010-08-25,10.700000,10.700000,10.690000,10.690000,9.660380,200
2010-08-26,10.800000,11.000000,10.800000,11.000000,9.940524,1200
2010-08-27,10.980000,11.000000,10.980000,11.000000,9.940524,400
2010-08-30,10.990000,11.140000,10.950000,11.140000,10.067039,1500
2010-08-31,11.000000,11.000000,11.000000,11.000000,9.940524,400
2010-09-01,11.390000,13.000000,11.050000,11.430000,10.329108,9800
2010-09-02,11.380000,12.400000,11.380000,11.970000,10.817099,8900
2010-09-03,11.850000,11.870000,11.510000,11.550000,10.552152,2200
2010-09-07,11.420000,11.460000,11.100000,11.270000,10.296342,2200
2010-09-08,11.530000,11.550000,11.280000,11.550000,10.552152,800
2010-09-09,11.350000,11.390000,11.250000,11.250000,10.278070,700
2010-09-10,11.480000,11.550000,11.480000,11.550000,10.552152,600
2010-09-13,11.550000,11.550000,11.500000,11.500000,10.506472,500
2010-09-14,11.540000,11.540000,11.450000,11.470000,10.479064,800
2010-09-15,11.460000,11.500000,11.250000,11.250000,10.278070,1200
2010-09-16,11.250000,11.250000,11.250000,11.250000,10.278070,1100
2010-09-17,11.250000,11.400000,11.250000,11.400000,10.415109,1600
2010-09-20,11.400000,11.400000,11.400000,11.400000,10.415109,0
2010-09-21,11.450000,11.450000,11.050000,11.120000,10.159301,1000
2010-09-22,11.370000,11.370000,10.990000,10.990000,10.040533,800
2010-09-23,10.820000,10.820000,10.750000,10.800000,9.866946,2000
2010-09-24,10.760000,10.990000,10.670000,10.710000,9.784722,700
2010-09-27,10.700000,10.710000,10.670000,10.670000,9.748178,2300
2010-09-28,10.930000,10.930000,10.930000,10.930000,9.985716,300
2010-09-29,10.830000,11.100000,10.830000,11.000000,10.049669,1400
2010-09-30,11.310000,11.310000,10.850000,10.850000,9.912627,1800
2010-10-01,11.020000,11.250000,11.000000,11.250000,10.278070,1100
2010-10-04,11.000000,11.100000,10.850000,10.880000,9.940035,2500
2010-10-05,10.670000,10.800000,10.550000,10.790000,9.857811,2400
2010-10-06,10.800000,10.800000,10.800000,10.800000,9.866946,300
2010-10-07,10.770000,10.950000,10.750000,10.750000,9.821267,400
2010-10-08,10.940000,10.950000,10.940000,10.950000,10.003987,700
2010-10-11,11.000000,11.000000,10.800000,10.800000,9.866946,1000
2010-10-12,10.750000,10.950000,10.750000,10.750000,9.821267,1200
2010-10-13,10.900000,10.940000,10.650000,10.660000,9.739042,3100
2010-10-14,10.940000,10.940000,10.940000,10.940000,9.994850,300
2010-10-15,10.990000,11.000000,10.850000,10.970000,10.022261,4200
2010-10-18,11.170000,11.170000,10.850000,10.860000,9.921763,1400
2010-10-19,11.110000,11.160000,10.990000,11.160000,10.195846,1500
2010-10-20,11.150000,11.150000,10.870000,10.950000,10.003987,900
2010-10-21,10.930000,11.030000,10.930000,10.930000,9.985716,1200
2010-10-22,10.930000,10.970000,10.930000,10.930000,9.985716,700
2010-10-25,10.930000,11.120000,10.930000,11.050000,10.095349,900
2010-10-26,11.090000,11.090000,10.900000,11.090000,10.131893,1700
2010-10-27,11.080000,11.090000,10.900000,11.090000,10.131893,2000
2010-10-28,11.050000,11.070000,11.010000,11.010000,10.058805,1000
2010-10-29,11.050000,11.050000,11.000000,11.000000,10.049669,1000
2010-11-01,11.000000,11.250000,11.000000,11.230000,10.259798,1300
2010-11-02,11.130000,11.150000,11.120000,11.150000,10.186708,1200
2010-11-03,11.000000,11.250000,11.000000,11.000000,10.049669,6200
2010-11-04,10.910000,11.000000,10.910000,11.000000,10.049669,2000
2010-11-05,10.900000,11.110000,10.870000,11.090000,10.131893,3500
2010-11-08,11.050000,11.100000,11.050000,11.050000,10.095349,700
2010-11-09,11.050000,11.050000,10.920000,10.920000,9.976580,300
2010-11-10,11.070000,11.140000,10.850000,11.070000,10.113622,1500
2010-11-11,11.120000,11.140000,11.120000,11.140000,10.177572,1100
2010-11-12,11.140000,11.500000,11.140000,11.390000,10.405974,2600
2010-11-15,11.500000,11.500000,11.150000,11.360000,10.378567,1600
2010-11-16,11.360000,11.360000,11.360000,11.360000,10.378567,0
2010-11-17,11.650000,11.850000,11.550000,11.800000,10.780554,3100
2010-11-18,11.970000,11.970000,11.720000,11.720000,10.707463,1500
2010-11-19,11.700000,11.700000,11.500000,11.500000,10.506472,400
2010-11-22,11.500000,11.500000,11.500000,11.500000,10.506472,0
2010-11-23,11.500000,11.500000,11.500000,11.500000,10.506472,500
2010-11-24,11.500000,11.500000,11.500000,11.500000,10.506472,0
2010-11-26,11.280000,11.280000,11.000000,11.040000,10.086212,800
2010-11-29,11.050000,11.070000,10.990000,11.000000,10.049669,2900
2010-11-30,11.000000,11.000000,11.000000,11.000000,10.049669,1500
2010-12-01,11.250000,11.250000,10.920000,10.920000,9.976580,2000
2010-12-02,11.200000,11.200000,10.970000,10.970000,10.022261,600
2010-12-03,10.950000,11.080000,10.850000,11.080000,10.122756,1900
2010-12-06,10.780000,11.000000,10.780000,10.960000,10.132002,2700
2010-12-07,10.940000,10.990000,10.800000,10.810000,9.993335,9900
2010-12-08,10.720000,10.730000,10.720000,10.730000,9.919375,500
2010-12-09,10.970000,11.000000,10.800000,10.800000,9.984090,500
2010-12-10,10.880000,11.000000,10.800000,10.800000,9.984090,4800
2010-12-13,10.830000,10.830000,10.830000,10.830000,10.011822,100
2010-12-14,11.080000,11.080000,10.910000,10.910000,10.085779,200
2010-12-15,10.910000,10.910000,10.910000,10.910000,10.085779,0
2010-12-16,11.160000,11.650000,11.160000,11.190000,10.344625,1500
2010-12-17,11.440000,11.650000,11.200000,11.490000,10.621961,2100
2010-12-20,11.510000,11.600000,11.220000,11.220000,10.372360,1000
2010-12-21,11.240000,11.240000,11.090000,11.090000,10.252180,1400
2010-12-22,11.220000,11.220000,11.000000,11.140000,10.298403,1500
2010-12-23,11.010000,11.220000,11.010000,11.110000,10.270670,800
2010-12-27,11.220000,11.220000,11.000000,11.000000,10.168979,1200
2010-12-28,11.020000,11.020000,11.000000,11.000000,10.168979,1300
2010-12-29,11.060000,11.220000,10.910000,11.020000,10.187469,600
2010-12-30,11.080000,11.220000,11.020000,11.150000,10.307646,1000
2010-12-31,11.100000,11.280000,10.910000,11.280000,10.427827,1800
2011-01-03,11.240000,11.250000,11.210000,11.250000,10.400092,3200
2011-01-04,11.220000,11.220000,11.000000,11.220000,10.372360,2200
2011-01-05,11.550000,11.600000,11.250000,11.580000,10.705162,1000
2011-01-06,11.460000,11.500000,11.450000,11.500000,10.631207,300
2011-01-07,11.480000,11.700000,11.350000,11.350000,10.492537,1300
2011-01-10,11.050000,11.580000,11.010000,11.220000,10.372360,1600
2011-01-11,11.670000,11.670000,11.670000,11.670000,10.788363,100
2011-01-12,11.250000,11.580000,11.060000,11.510000,10.640450,1900
2011-01-13,11.580000,11.700000,11.330000,11.330000,10.474050,2200
2011-01-14,11.690000,11.700000,11.690000,11.700000,10.816096,300
2011-01-18,11.680000,12.050000,11.670000,12.000000,11.093431,4000
2011-01-19,12.030000,12.030000,11.750000,11.750000,10.862319,700
2011-01-20,11.750000,11.750000,11.750000,11.750000,10.862319,0
2011-01-21,11.750000,11.750000,11.750000,11.750000,10.862319,0
2011-01-24,11.840000,11.840000,11.800000,11.800000,10.908543,1000
2011-01-25,12.150000,12.150000,11.550000,11.880000,10.982497,2200
2011-01-26,12.060000,12.060000,11.800000,11.800000,10.908543,2000
2011-01-27,11.820000,12.250000,11.820000,11.900000,11.000986,2400
2011-01-28,12.220000,12.230000,11.880000,12.010000,11.102677,700
2011-01-31,12.200000,12.200000,11.970000,12.200000,11.278323,800
2011-02-01,12.070000,12.220000,11.880000,11.890000,10.991742,1200
2011-02-02,12.210000,12.480000,12.210000,12.300000,11.370768,2100
2011-02-03,12.000000,12.000000,12.000000,12.000000,11.093431,700
2011-02-04,12.000000,12.000000,12.000000,12.000000,11.093431,0
2011-02-07,12.000000,12.950000,12.000000,12.220000,11.296812,3600
2011-02-08,12.200000,13.410000,12.010000,12.520000,11.574147,10700
2011-02-09,12.350000,13.350000,12.350000,12.810000,11.842240,6700
2011-02-10,13.000000,13.430000,12.900000,12.900000,11.925440,3000
2011-02-11,12.880000,12.880000,12.390000,12.530000,11.583393,1500
2011-02-14,12.560000,12.560000,12.440000,12.500000,11.555657,700
2011-02-15,12.820000,12.850000,12.560000,12.560000,11.611125,600
2011-02-16,12.550000,12.550000,11.550000,12.310000,11.380012,11800
2011-02-17,12.340000,12.350000,12.230000,12.230000,11.306057,400
2011-02-18,12.200000,12.550000,11.980000,12.200000,11.278323,6900
2011-02-22,12.900000,12.900000,12.200000,12.200000,11.278323,9800
2011-02-23,12.370000,12.380000,12.020000,12.050000,11.231718,1400
2011-02-24,12.010000,12.010000,11.750000,11.750000,10.952091,900
2011-02-25,11.750000,11.750000,11.250000,11.380000,10.607217,5000
2011-02-28,11.370000,11.370000,11.220000,11.260000,10.495364,3900
2011-03-01,11.590000,11.590000,11.260000,11.260000,10.495364,400
2011-03-02,11.590000,11.590000,11.480000,11.480000,10.700425,600
2011-03-03,11.540000,11.540000,11.050000,11.050000,10.299625,5500
2011-03-04,11.000000,11.000000,10.870000,11.000000,10.253021,1400
2011-03-07,10.900000,11.210000,10.750000,10.850000,10.113208,9400
2011-03-08,10.670000,10.920000,10.290000,10.320000,9.619198,9500
2011-03-09,10.150000,10.150000,9.500000,9.650000,8.994695,32900
2011-03-10,9.110000,9.320000,9.020000,9.150000,8.528648,16200
2011-03-11,9.270000,9.350000,9.140000,9.300000,8.668463,12000
2011-03-14,9.250000,9.320000,9.100000,9.320000,8.687105,19000
2011-03-15,9.300000,9.300000,9.070000,9.270000,8.640500,13200
2011-03-16,9.260000,9.350000,9.160000,9.200000,8.575253,4000
2011-03-17,9.350000,9.740000,9.250000,9.330000,8.696425,3900
2011-03-18,9.420000,10.320000,9.420000,9.900000,9.227718,11200
2011-03-21,10.010000,10.680000,10.000000,10.380000,9.675123,11500
2011-03-22,10.300000,10.710000,9.400000,10.020000,9.339570,7600
2011-03-23,10.300000,10.300000,9.900000,10.180000,9.488706,5600
2011-03-24,10.230000,10.500000,10.100000,10.100000,9.414137,3900
2011-03-25,10.140000,10.210000,9.950000,10.050000,9.367532,2200
2011-03-28,10.340000,10.340000,9.960000,9.970000,9.292967,600
2011-03-29,9.980000,10.040000,9.980000,10.040000,9.358212,300
2011-03-30,10.200000,10.200000,9.960000,10.110000,9.423458,1200
2011-03-31,10.220000,10.490000,10.220000,10.350000,9.647160,2300
2011-04-01,10.340000,10.500000,10.340000,10.480000,9.768332,1700
2011-04-04,10.500000,11.100000,10.500000,10.950000,10.206416,10500
2011-04-05,10.970000,11.100000,10.720000,10.970000,10.225059,6600
2011-04-06,10.800000,11.150000,10.500000,10.950000,10.206416,5900
2011-04-07,11.120000,11.150000,10.640000,10.850000,10.113208,5400
2011-04-08,10.710000,11.000000,10.490000,10.940000,10.197096,4500
2011-04-11,10.890000,11.000000,10.560000,10.890000,10.150490,6500
2011-04-12,10.560000,11.000000,10.560000,11.000000,10.253021,1000
2011-04-13,10.490000,11.170000,10.450000,11.170000,10.411476,13500
2011-04-14,10.720000,11.020000,10.720000,11.020000,10.271663,500
2011-04-15,10.740000,11.420000,10.740000,11.190000,10.430119,10100
2011-04-18,11.030000,11.200000,11.030000,11.200000,10.439439,1200
2011-04-19,11.190000,11.210000,10.900000,11.210000,10.448760,2700
2011-04-20,11.260000,11.420000,11.150000,11.220000,10.458082,12300
2011-04-21,11.220000,11.420000,10.940000,11.140000,10.383513,2900
2011-04-25,10.910000,10.980000,10.910000,10.980000,10.234378,200
2011-04-26,10.960000,11.100000,10.760000,11.090000,10.336908,2300
2011-04-27,11.220000,11.220000,11.150000,11.150000,10.392834,1200
2011-04-28,11.150000,11.250000,11.020000,11.020000,10.271663,5600
2011-04-29,11.190000,11.200000,11.100000,11.200000,10.439439,6100
2011-05-02,11.190000,11.200000,11.020000,11.100000,10.346231,1600
2011-05-03,11.080000,11.380000,11.080000,11.150000,10.392834,3200
2011-05-04,11.150000,11.200000,11.050000,11.050000,10.299625,1900
2011-05-05,11.210000,11.210000,11.020000,11.150000,10.392834,5300
2011-05-06,11.150000,11.240000,10.950000,11.120000,10.364871,700
2011-05-09,10.960000,11.170000,10.840000,11.140000,10.383513,2000
2011-05-10,11.150000,11.200000,11.030000,11.030000,10.280982,600
2011-05-11,11.240000,11.240000,11.050000,11.240000,10.476723,2200
2011-05-12,11.070000,11.070000,11.010000,11.010000,10.262341,1400
2011-05-13,11.120000,11.240000,11.120000,11.240000,10.476723,900
2011-05-16,11.240000,11.240000,11.240000,11.240000,10.476723,300
2011-05-17,11.200000,11.240000,11.170000,11.240000,10.476723,4500
2011-05-18,11.200000,11.200000,11.010000,11.010000,10.262341,2000
2011-05-19,11.200000,11.200000,11.100000,11.100000,10.346231,600
2011-05-20,11.190000,11.200000,10.690000,11.080000,10.327588,7900
2011-05-23,11.070000,11.170000,11.010000,11.060000,10.308947,3900
2011-05-24,11.070000,11.070000,11.000000,11.000000,10.253021,300
2011-05-25,10.650000,11.100000,10.640000,11.050000,10.299625,700
2011-05-26,11.100000,11.110000,11.000000,11.110000,10.355550,2300
2011-05-27,10.990000,11.100000,10.700000,11.030000,10.280982,1700
2011-05-31,11.250000,11.480000,11.120000,11.120000,10.364871,3600
2011-06-01,11.370000,11.880000,11.370000,11.580000,10.793634,4900
2011-06-02,11.960000,12.250000,11.960000,12.040000,11.222397,7700
2011-06-03,12.000000,12.500000,11.770000,12.320000,11.483384,9000
2011-06-06,12.380000,12.500000,11.980000,12.270000,11.436779,5000
2011-06-07,11.870000,12.500000,11.850000,12.090000,11.269003,12300
2011-06-08,12.000000,12.120000,11.800000,11.890000,11.082583,4300
2011-06-09,11.700000,12.110000,11.700000,12.030000,11.308183,3600
2011-06-10,11.910000,12.410000,11.910000,12.240000,11.505583,2000
2011-06-13,12.240000,12.250000,11.900000,11.900000,11.185983,3300
2011-06-14,12.150000,12.180000,12.000000,12.090000,11.364583,1300
2011-06-15,12.290000,12.290000,12.170000,12.170000,11.439783,500
2011-06-16,12.070000,12.070000,11.420000,11.740000,11.035583,2300
2011-06-17,12.140000,12.140000,11.360000,11.510000,10.819384,1000
2011-06-20,11.550000,11.930000,11.080000,11.610000,10.913383,5800
2011-06-21,11.960000,11.960000,11.500000,11.630000,10.932184,2200
2011-06-22,11.970000,12.000000,11.710000,11.860000,11.148383,700
2011-06-23,11.940000,12.000000,11.900000,12.000000,11.279983,1500
2011-06-24,11.990000,12.000000,11.990000,12.000000,11.279983,700
2011-06-27,12.000000,12.000000,11.650000,11.840000,11.129584,500
2011-06-28,11.560000,11.990000,11.310000,11.990000,11.270583,1700
2011-06-29,11.980000,12.000000,11.660000,12.000000,11.279983,3000
2011-06-30,12.000000,12.290000,11.990000,12.080000,11.355182,6500
2011-07-01,12.250000,12.300000,12.140000,12.300000,11.561982,1700
2011-07-05,12.230000,12.230000,12.040000,12.120000,11.392782,700
2011-07-06,12.050000,12.990000,12.010000,12.520000,11.768783,2200
2011-07-07,12.890000,12.990000,12.520000,12.990000,12.210582,2200
2011-07-08,12.810000,12.810000,12.200000,12.650000,11.890982,7000
2011-07-11,12.170000,12.370000,12.050000,12.090000,11.364583,8800
2011-07-12,12.110000,12.570000,12.000000,12.110000,11.383381,4800
2011-07-13,12.250000,12.350000,12.000000,12.150000,11.420983,3000
2011-07-14,12.040000,12.150000,11.650000,11.750000,11.044984,4800
2011-07-15,11.860000,12.160000,11.780000,12.160000,11.430384,2900
2011-07-18,12.160000,12.160000,12.160000,12.160000,11.430384,0
2011-07-19,12.240000,12.360000,11.870000,12.270000,11.533784,5200
2011-07-20,11.780000,12.350000,11.770000,12.170000,11.439783,4900
2011-07-21,12.470000,12.470000,11.860000,12.000000,11.279983,6300
2011-07-22,12.000000,12.240000,11.970000,12.020000,11.298783,1300
2011-07-25,12.020000,12.100000,11.990000,11.990000,11.270583,900
2011-07-26,11.870000,12.020000,11.870000,12.000000,11.279983,2600
2011-07-27,12.000000,12.000000,11.860000,12.000000,11.279983,1700
2011-07-28,11.900000,11.900000,11.770000,11.770000,11.063784,1300
2011-07-29,11.300000,12.040000,11.300000,12.040000,11.317583,6300
2011-08-01,12.200000,12.200000,11.950000,12.020000,11.298783,2900
2011-08-02,12.110000,12.160000,11.890000,12.100000,11.373984,4300
2011-08-03,12.050000,12.050000,11.600000,11.880000,11.167184,1600
2011-08-04,11.910000,12.130000,11.750000,11.760000,11.054384,3800
2011-08-05,12.000000,12.080000,11.460000,12.040000,11.317583,8900
2011-08-08,12.020000,12.030000,11.070000,11.900000,11.185983,14800
2011-08-09,11.070000,12.490000,11.070000,12.420000,11.674781,3400
2011-08-10,12.480000,12.480000,11.590000,11.590000,10.894584,9000
2011-08-11,12.130000,12.340000,11.800000,11.910000,11.195383,1700
2011-08-12,12.100000,12.100000,12.100000,12.100000,11.373984,100
2011-08-15,11.670000,12.000000,11.550000,11.900000,11.185983,4400
2011-08-16,11.610000,11.610000,11.610000,11.610000,10.913383,100
2011-08-17,12.000000,12.000000,11.580000,11.580000,10.885184,200
2011-08-18,11.630000,11.830000,11.630000,11.830000,11.120184,300
2011-08-19,11.510000,11.590000,11.500000,11.590000,10.894584,800
2011-08-22,12.000000,12.000000,11.600000,11.600000,10.903984,300
2011-08-23,11.850000,11.850000,11.510000,11.510000,10.819384,1200
2011-08-24,11.590000,11.750000,11.000000,11.700000,10.997983,7700
2011-08-25,11.890000,11.890000,11.640000,11.650000,10.950984,500
2011-08-26,11.750000,11.750000,11.750000,11.750000,11.044984,600
2011-08-29,11.860000,11.870000,11.720000,11.870000,11.157783,600
2011-08-30,11.870000,11.870000,11.470000,11.470000,10.781784,1100
2011-08-31,11.860000,11.890000,11.350000,11.720000,11.016784,6000
2011-09-01,11.760000,11.890000,11.750000,11.860000,11.148383,2000
2011-09-02,11.800000,12.000000,11.800000,11.920000,11.204783,1100
2011-09-06,11.870000,11.950000,11.870000,11.950000,11.232983,900
2011-09-07,12.010000,12.100000,11.880000,12.100000,11.373984,500
2011-09-08,12.080000,12.500000,12.080000,12.480000,11.731183,1900
2011-09-09,12.030000,12.090000,11.850000,12.000000,11.279983,2700
2011-09-12,12.000000,12.000000,11.950000,11.950000,11.232983,200
2011-09-13,12.000000,12.000000,11.820000,11.820000,11.204544,1200
2011-09-14,12.000000,12.200000,12.000000,12.150000,11.517363,1200
2011-09-15,12.150000,12.150000,12.150000,12.150000,11.517363,0
2011-09-16,12.040000,12.420000,12.040000,12.400000,11.754344,800
2011-09-19,12.400000,12.400000,12.130000,12.130000,11.498405,1300
2011-09-20,12.040000,12.040000,12.040000,12.040000,11.413090,100
2011-09-21,12.000000,12.030000,11.950000,12.000000,11.375173,2500
2011-09-22,11.800000,12.050000,11.800000,12.050000,11.422570,7100
2011-09-23,11.810000,11.950000,11.790000,11.940000,11.318297,600
2011-09-26,12.030000,12.050000,11.790000,12.050000,11.422570,3300
2011-09-27,12.010000,12.300000,11.820000,12.300000,11.659552,700
2011-09-28,12.290000,12.450000,12.290000,12.380000,11.735388,1100
2011-09-29,12.430000,12.450000,12.350000,12.350000,11.706949,400
2011-09-30,12.500000,12.500000,12.500000,12.500000,11.849137,500
2011-10-03,12.500000,12.500000,12.000000,12.000000,11.375173,1200
2011-10-04,12.010000,12.050000,12.000000,12.000000,11.375173,1100
2011-10-05,12.230000,12.650000,12.230000,12.600000,11.943933,6500
2011-10-06,12.650000,12.650000,12.250000,12.450000,11.801743,1700
2011-10-07,12.470000,12.470000,12.470000,12.470000,11.820702,400
2011-10-10,12.450000,12.450000,12.200000,12.250000,11.612156,1200
2011-10-11,12.500000,12.600000,12.500000,12.500000,11.849137,600
2011-10-12,12.350000,12.350000,12.350000,12.350000,11.706949,200
2011-10-13,12.570000,12.590000,12.370000,12.580000,11.924973,1400
2011-10-14,12.340000,15.370000,12.250000,14.870000,14.095736,63200
2011-10-17,14.950000,14.950000,13.820000,14.000000,13.271036,20000
2011-10-18,14.170000,14.170000,13.810000,13.810000,13.090928,3900
2011-10-19,13.990000,14.020000,13.770000,13.770000,13.053011,1700
2011-10-20,13.900000,13.900000,12.100000,12.940000,12.266227,9100
2011-10-21,12.850000,12.850000,12.110000,12.650000,11.991327,6100
2011-10-24,12.740000,13.240000,12.740000,13.160000,12.474771,2700
2011-10-25,13.740000,13.900000,13.390000,13.620000,12.910822,3400
2011-10-26,13.370000,13.370000,12.510000,12.950000,12.275706,4100
2011-10-27,13.120000,13.370000,12.870000,12.910000,12.237790,2200
2011-10-28,12.740000,12.740000,12.740000,12.740000,12.076640,800
2011-10-31,12.740000,12.750000,12.500000,12.750000,12.086121,3500
2011-11-01,12.730000,12.740000,12.150000,12.690000,12.029245,3400
2011-11-02,12.690000,12.750000,12.650000,12.650000,11.991327,8000
2011-11-03,12.550000,12.750000,12.550000,12.750000,12.086121,3100
2011-11-04,12.800000,12.800000,12.660000,12.660000,12.000808,7300
2011-11-07,12.500000,12.750000,12.250000,12.530000,11.877575,3300
2011-11-08,12.600000,12.700000,12.350000,12.700000,12.038725,1400
2011-11-09,12.550000,12.740000,12.550000,12.730000,12.067162,1700
2011-11-10,12.790000,12.850000,12.700000,12.700000,12.038725,5100
2011-11-11,12.750000,12.750000,12.720000,12.720000,12.057683,300
2011-11-14,12.800000,12.800000,12.700000,12.700000,12.038725,300
2011-11-15,12.700000,12.700000,12.700000,12.700000,12.038725,0
2011-11-16,12.500000,12.500000,12.450000,12.490000,11.839659,3100
2011-11-17,12.280000,12.320000,12.250000,12.320000,11.678510,1500
2011-11-18,12.450000,12.450000,12.030000,12.030000,11.403610,700
2011-11-21,12.180000,12.400000,12.020000,12.020000,11.394132,3500
2011-11-22,12.160000,13.000000,12.160000,12.840000,12.171433,7800
2011-11-23,12.740000,12.770000,12.490000,12.490000,11.839659,1300
2011-11-25,12.020000,12.440000,12.020000,12.070000,11.441528,700
2011-11-28,12.190000,12.520000,12.190000,12.520000,11.868097,1100
2011-11-29,12.520000,12.760000,12.520000,12.560000,11.906014,400
2011-11-30,12.750000,12.750000,12.500000,12.500000,11.849137,1000
2011-12-01,12.420000,12.490000,12.250000,12.330000,11.687989,1600
2011-12-02,12.210000,12.500000,12.160000,12.340000,11.697470,2200
2011-12-05,12.340000,12.340000,12.340000,12.340000,11.697470,0
2011-12-06,12.340000,12.340000,12.160000,12.340000,11.697470,1300
2011-12-07,12.250000,12.340000,12.050000,12.050000,11.422570,3100
2011-12-08,12.030000,12.300000,12.020000,12.160000,11.526842,2600
2011-12-09,12.020000,12.040000,12.020000,12.040000,11.413090,200
2011-12-12,12.020000,12.060000,11.820000,12.000000,11.375173,2800
2011-12-13,12.000000,12.000000,12.000000,12.000000,11.375173,0
2011-12-14,12.000000,12.000000,12.000000,12.000000,11.375173,0
2011-12-15,11.700000,11.810000,11.400000,11.500000,10.992814,6900
2011-12-16,11.620000,11.650000,11.060000,11.410000,10.906783,3400
2011-12-19,11.350000,11.490000,11.350000,11.490000,10.983255,1000
2011-12-20,11.520000,11.520000,11.500000,11.500000,10.992814,400
2011-12-21,11.520000,11.640000,11.500000,11.500000,10.992814,800
2011-12-22,11.300000,11.430000,11.250000,11.270000,10.772959,2900
2011-12-23,11.110000,11.120000,11.110000,11.120000,10.629573,300
2011-12-27,11.200000,11.250000,11.200000,11.250000,10.753839,700
2011-12-28,11.090000,11.090000,10.800000,10.800000,10.323686,10100
2011-12-29,10.860000,11.000000,10.700000,10.720000,10.247215,5900
2011-12-30,10.970000,10.970000,10.750000,10.900000,10.419276,3300
2012-01-03,10.920000,11.340000,10.770000,11.340000,10.839870,4800
2012-01-04,10.920000,11.100000,10.850000,11.020000,10.533984,2100
2012-01-05,11.350000,11.350000,10.640000,11.090000,10.600897,12800
2012-01-06,11.120000,11.430000,11.070000,11.260000,10.763399,6100
2012-01-09,11.100000,11.530000,11.080000,11.530000,11.021490,2800
2012-01-10,11.560000,11.890000,11.350000,11.350000,10.849430,2500
2012-01-11,11.200000,11.200000,11.070000,11.070000,10.581778,1400
2012-01-12,11.000000,11.000000,10.850000,10.980000,10.495748,4300
2012-01-13,11.230000,11.850000,10.950000,11.000000,10.514866,11500
2012-01-17,11.160000,11.220000,10.950000,11.060000,10.572220,1900
2012-01-18,10.810000,10.810000,10.640000,10.690000,10.218536,1200
2012-01-19,10.590000,10.590000,10.250000,10.400000,9.941326,7800
2012-01-20,10.450000,10.450000,10.400000,10.400000,9.941326,4500
2012-01-23,10.330000,10.460000,10.330000,10.460000,9.998681,600
2012-01-24,10.450000,10.600000,10.450000,10.600000,10.132506,1300
2012-01-25,10.540000,10.780000,10.290000,10.340000,9.883973,1600
2012-01-26,10.270000,10.760000,10.240000,10.760000,10.285450,2900
2012-01-27,10.760000,10.990000,10.610000,10.690000,10.218536,1700
2012-01-30,10.800000,10.800000,10.630000,10.630000,10.161184,2100
2012-01-31,10.430000,10.500000,10.430000,10.500000,10.036918,600
2012-02-01,10.490000,10.500000,10.240000,10.300000,9.845738,3500
2012-02-02,10.470000,10.570000,10.250000,10.360000,9.903091,5200
2012-02-03,10.640000,10.640000,10.500000,10.520000,10.056036,1500
2012-02-06,10.740000,10.740000,10.320000,10.400000,9.941326,2800
2012-02-07,10.270000,10.390000,10.240000,10.300000,9.845738,4700
2012-02-08,10.320000,10.500000,10.260000,10.500000,10.036918,2900
2012-02-09,10.270000,10.550000,10.260000,10.300000,9.845738,2300
2012-02-10,10.250000,10.260000,9.020000,9.800000,9.367789,35300
2012-02-13,9.760000,9.850000,9.750000,9.850000,9.415585,8900
2012-02-14,9.850000,10.120000,9.700000,9.700000,9.272200,8000
2012-02-15,9.700000,9.700000,9.500000,9.600000,9.176610,8400
2012-02-16,9.590000,9.750000,9.500000,9.600000,9.176610,13800
2012-02-17,9.520000,9.690000,9.520000,9.600000,9.176610,5600
2012-02-21,9.550000,9.730000,9.480000,9.500000,9.081020,21900
2012-02-22,9.400000,9.620000,9.400000,9.600000,9.176610,17900
2012-02-23,9.830000,10.000000,9.800000,9.960000,9.520733,3300
2012-02-24,10.000000,10.150000,9.950000,10.030000,9.587646,9100
2012-02-27,9.910000,10.000000,9.850000,10.000000,9.558968,4200
2012-02-28,10.030000,10.030000,9.930000,9.930000,9.492056,2400
2012-02-29,10.100000,10.210000,9.500000,9.850000,9.415585,4100
2012-03-01,9.850000,9.850000,9.850000,9.850000,9.415585,0
2012-03-02,9.820000,10.200000,9.820000,10.000000,9.558968,4400
2012-03-05,9.980000,10.050000,9.980000,10.050000,9.606765,2900
2012-03-06,10.050000,10.050000,9.770000,9.870000,9.434702,6000
2012-03-07,9.930000,9.950000,9.880000,9.880000,9.444261,1000
2012-03-08,9.950000,9.950000,9.800000,9.810000,9.377348,2800
2012-03-09,9.840000,9.900000,9.840000,9.900000,9.463378,2500
2012-03-12,9.940000,9.950000,9.940000,9.940000,9.501614,1200
2012-03-13,9.980000,9.980000,9.900000,9.900000,9.463378,3200
2012-03-14,9.800000,9.800000,9.740000,9.800000,9.367789,2400
2012-03-15,9.750000,9.760000,9.640000,9.640000,9.309845,2200
2012-03-16,9.570000,9.700000,9.420000,9.540000,9.213269,1600
2012-03-19,9.500000,9.690000,9.400000,9.500000,9.174639,3200
2012-03-20,9.420000,9.450000,9.410000,9.450000,9.126351,900
2012-03-21,9.560000,9.560000,9.500000,9.500000,9.174639,12300
2012-03-22,9.460000,9.600000,9.450000,9.540000,9.213269,12000
2012-03-23,9.540000,9.540000,9.530000,9.530000,9.203610,500
2012-03-26,9.580000,9.580000,9.320000,9.410000,9.087721,2000
2012-03-27,9.460000,9.460000,9.460000,9.460000,9.136010,300
2012-03-28,9.460000,9.460000,9.220000,9.280000,8.962173,6100
2012-03-29,9.320000,9.390000,9.250000,9.390000,9.068407,400
2012-03-30,9.450000,9.600000,9.300000,9.600000,9.271214,2800
2012-04-02,9.450000,9.450000,9.320000,9.410000,9.087721,700
2012-04-03,9.450000,9.470000,9.450000,9.450000,9.126351,1100
2012-04-04,9.470000,9.620000,9.400000,9.500000,9.174639,4400
2012-04-05,9.460000,9.610000,9.400000,9.610000,9.280871,1000
2012-04-09,9.700000,9.700000,9.550000,9.550000,9.222927,1500
2012-04-10,9.700000,9.700000,9.400000,9.460000,9.136010,1700
2012-04-11,9.450000,9.450000,9.350000,9.370000,9.049090,3700
2012-04-12,9.400000,9.400000,9.400000,9.400000,9.078063,500
2012-04-13,9.300000,9.650000,9.300000,9.420000,9.097379,4700
2012-04-16,9.460000,9.460000,9.460000,9.460000,9.136010,200
2012-04-17,9.500000,9.500000,9.300000,9.300000,8.981489,600
2012-04-18,9.300000,9.330000,9.300000,9.330000,9.010461,800
2012-04-19,9.350000,9.350000,9.300000,9.300000,8.981489,400
2012-04-20,9.310000,9.310000,9.250000,9.250000,8.933202,8900
2012-04-23,9.170000,9.170000,9.100000,9.100000,8.788339,11300
2012-04-24,9.060000,9.060000,9.050000,9.050000,8.740051,3300
2012-04-25,9.190000,9.330000,9.000000,9.010000,8.701421,5200
2012-04-26,9.000000,9.150000,8.950000,9.150000,8.836626,1900
2012-04-27,9.040000,9.220000,8.950000,9.220000,8.904228,5600
2012-04-30,9.220000,9.220000,9.050000,9.200000,8.884912,1500
2012-05-01,9.190000,9.390000,9.190000,9.200000,8.884912,3500
2012-05-02,9.310000,9.310000,9.310000,9.310000,8.991147,400
2012-05-03,9.300000,9.550000,9.300000,9.520000,9.193954,18500
2012-05-04,9.520000,9.520000,9.520000,9.520000,9.193954,0
2012-05-07,9.530000,10.240000,9.530000,10.110000,9.763747,9300
2012-05-08,9.800000,9.800000,9.600000,9.620000,9.290529,4700
2012-05-09,9.620000,9.840000,9.440000,9.840000,9.502995,2900
2012-05-10,9.830000,9.850000,9.830000,9.850000,9.512653,4500
2012-05-11,9.630000,9.630000,9.430000,9.430000,9.107037,1400
2012-05-14,9.430000,9.600000,9.300000,9.340000,9.020119,8000
2012-05-15,9.340000,9.360000,9.340000,9.340000,9.020119,500
2012-05-16,9.380000,9.380000,9.340000,9.350000,9.029777,1000
2012-05-17,9.380000,9.380000,9.300000,9.370000,9.049090,13600
2012-05-18,9.360000,9.360000,8.700000,9.130000,8.817310,27000
2012-05-21,8.780000,8.800000,8.600000,8.700000,8.402038,25100
2012-05-22,8.660000,8.660000,6.820000,6.910000,6.673343,34900
2012-05-23,6.910000,7.880000,6.520000,7.880000,7.610122,19500
2012-05-24,7.800000,7.820000,7.010000,7.150000,6.905123,15600
2012-05-25,7.250000,7.700000,7.250000,7.700000,7.436286,13000
2012-05-29,7.700000,8.230000,7.500000,8.230000,7.948134,21400
2012-05-30,8.250000,8.700000,8.250000,8.700000,8.402038,8600
2012-05-31,8.700000,8.950000,8.700000,8.950000,8.643476,7200
2012-06-01,8.880000,8.950000,8.760000,8.940000,8.633818,1600
2012-06-04,8.850000,8.950000,8.800000,8.810000,8.508270,7300
2012-06-05,8.830000,8.950000,8.830000,8.950000,8.643476,5300
2012-06-06,8.950000,8.980000,8.910000,8.910000,8.604845,4400
2012-06-07,9.000000,9.300000,8.990000,9.110000,8.797996,13100
2012-06-08,9.290000,9.290000,8.950000,8.950000,8.643476,3200
2012-06-11,9.130000,9.240000,8.750000,8.750000,8.450325,4500
2012-06-12,8.650000,8.750000,8.650000,8.750000,8.450325,400
2012-06-13,8.600000,8.600000,8.000000,8.060000,7.783957,10800
2012-06-14,8.250000,8.320000,8.160000,8.160000,7.880531,2400
2012-06-15,8.310000,8.770000,8.180000,8.770000,8.469642,1800
2012-06-18,8.430000,9.030000,8.430000,8.750000,8.450325,2400
2012-06-19,8.750000,8.860000,8.550000,8.750000,8.450325,2200
2012-06-20,8.590000,8.740000,8.550000,8.720000,8.421353,2900
2012-06-21,8.650000,8.790000,8.650000,8.790000,8.587436,3900
2012-06-22,8.700000,8.700000,8.200000,8.580000,8.382275,6600
2012-06-25,8.400000,8.420000,8.220000,8.360000,8.167344,2200
2012-06-26,8.370000,8.370000,8.000000,8.250000,8.059879,9700
2012-06-27,8.360000,8.360000,8.360000,8.360000,8.167344,300
2012-06-28,8.360000,8.360000,8.210000,8.210000,8.020801,1200
2012-06-29,8.180000,8.280000,8.010000,8.200000,8.011031,1900
2012-07-02,8.150000,8.300000,8.150000,8.150000,7.962183,1700
2012-07-03,8.150000,8.150000,8.150000,8.150000,7.962183,0
2012-07-05,8.180000,8.180000,8.120000,8.120000,7.932875,2100
2012-07-06,8.160000,8.220000,8.100000,8.200000,8.011031,2600
2012-07-09,8.220000,8.220000,8.070000,8.180000,7.991493,4000
2012-07-10,8.080000,8.140000,8.000000,8.140000,7.952414,1800
2012-07-11,8.020000,8.190000,8.000000,8.190000,8.001262,1100
2012-07-12,8.010000,8.190000,8.010000,8.150000,7.962183,2100
2012-07-13,8.130000,8.150000,8.000000,8.150000,7.962183,2200
2012-07-16,8.020000,8.150000,8.000000,8.020000,7.835180,3500
2012-07-17,8.050000,8.050000,8.050000,8.050000,7.864488,400
2012-07-18,8.150000,8.250000,8.130000,8.160000,7.971953,4500
2012-07-19,8.400000,9.050000,8.400000,9.000000,8.792595,14500
2012-07-20,8.870000,9.000000,8.550000,8.690000,8.489739,1700
2012-07-23,8.250000,9.280000,8.250000,8.750000,8.548357,12400
2012-07-24,8.750000,8.990000,8.750000,8.990000,8.782826,1100
2012-07-25,8.730000,8.730000,8.730000,8.730000,8.528818,200
2012-07-26,8.930000,8.930000,8.400000,8.430000,8.235731,2700
2012-07-27,8.300000,8.300000,8.140000,8.150000,7.962183,2200
2012-07-30,8.100000,8.100000,8.010000,8.100000,7.913336,9000
2012-07-31,8.030000,8.210000,8.000000,8.030000,7.844949,5200
2012-08-01,8.120000,8.230000,7.900000,8.000000,7.815640,5200
2012-08-02,8.010000,8.150000,8.000000,8.150000,7.962183,900
2012-08-03,8.030000,8.050000,8.030000,8.030000,7.844949,1000
2012-08-06,8.050000,8.230000,8.000000,8.000000,7.815640,1700
2012-08-07,8.000000,8.060000,7.620000,7.760000,7.581172,49900
2012-08-08,7.740000,7.760000,7.700000,7.750000,7.571402,2700
2012-08-09,7.730000,7.750000,7.580000,7.650000,7.473707,4300
2012-08-10,7.590000,7.590000,7.500000,7.530000,7.356472,1700
2012-08-13,7.750000,7.960000,7.750000,7.960000,7.776562,1400
2012-08-14,7.950000,7.950000,7.750000,7.750000,7.571402,800
2012-08-15,7.750000,7.750000,7.750000,7.750000,7.571402,0
2012-08-16,7.750000,7.750000,7.710000,7.750000,7.571402,500
2012-08-17,7.660000,7.750000,7.480000,7.750000,7.571402,2100
2012-08-20,7.550000,7.550000,7.550000,7.550000,7.376011,100
2012-08-21,7.500000,7.520000,7.500000,7.520000,7.346702,500
2012-08-22,7.500000,7.520000,7.500000,7.520000,7.346702,400
2012-08-23,7.520000,7.520000,7.520000,7.520000,7.346702,0
2012-08-24,7.520000,7.520000,7.500000,7.500000,7.327163,900
2012-08-27,7.500000,7.500000,7.500000,7.500000,7.327163,0
2012-08-28,7.500000,7.590000,7.500000,7.590000,7.415089,800
2012-08-29,7.500000,7.500000,7.450000,7.450000,7.278315,1000
2012-08-30,7.400000,7.400000,7.400000,7.400000,7.229467,100
2012-08-31,7.480000,8.040000,7.400000,7.400000,7.229467,11100
2012-09-04,7.300000,7.300000,7.010000,7.110000,6.946151,8900
2012-09-05,7.000000,7.190000,7.000000,7.150000,6.985229,5000
2012-09-06,7.260000,7.260000,7.060000,7.140000,6.975459,2400
2012-09-07,7.140000,7.140000,7.140000,7.140000,6.975459,0
2012-09-10,7.000000,7.090000,6.900000,7.050000,6.887534,7800
2012-09-11,7.140000,7.540000,7.130000,7.370000,7.200159,7000
2012-09-12,7.400000,7.400000,7.370000,7.390000,7.219697,1900
2012-09-13,7.400000,7.400000,7.370000,7.370000,7.200159,4000
2012-09-14,7.220000,7.300000,7.120000,7.300000,7.131772,2600
2012-09-17,7.300000,7.300000,7.300000,7.300000,7.131772,0
2012-09-18,7.340000,7.350000,7.300000,7.300000,7.131772,1000
2012-09-19,7.250000,7.340000,7.100000,7.340000,7.170850,3400
2012-09-20,7.300000,7.300000,7.270000,7.300000,7.230277,800
2012-09-21,7.200000,7.400000,7.200000,7.400000,7.329322,2000
2012-09-24,7.200000,7.380000,7.200000,7.230000,7.160945,3800
2012-09-25,7.200000,7.270000,7.150000,7.200000,7.131232,1500
2012-09-26,7.070000,7.070000,7.000000,7.050000,6.982665,1800
2012-09-27,6.980000,7.130000,6.980000,7.130000,7.061901,2100
2012-09-28,7.200000,7.260000,7.200000,7.250000,7.180755,2000
2012-10-01,7.200000,7.500000,7.200000,7.500000,7.428367,8900
2012-10-02,7.500000,7.500000,7.500000,7.500000,7.428367,0
2012-10-03,7.320000,7.610000,7.320000,7.450000,7.378844,1600
2012-10-04,7.210000,7.400000,7.020000,7.160000,7.091614,5300
2012-10-05,7.310000,7.820000,7.180000,7.610000,7.537316,4900
2012-10-08,7.490000,7.920000,7.490000,7.920000,7.844355,1500
2012-10-09,8.080000,8.080000,8.080000,8.080000,8.002827,100
2012-10-10,7.940000,7.940000,7.380000,7.380000,7.309513,700
2012-10-11,7.250000,7.780000,7.250000,7.740000,7.666074,500
2012-10-12,7.840000,7.980000,7.840000,7.980000,7.903782,2300
2012-10-15,7.990000,7.990000,7.950000,7.950000,7.874069,500
2012-10-16,7.950000,7.950000,7.950000,7.950000,7.874069,0
2012-10-17,7.660000,7.700000,7.650000,7.700000,7.626456,900
2012-10-18,7.550000,8.000000,7.550000,8.000000,7.923591,1500
2012-10-19,7.950000,7.950000,7.950000,7.950000,7.874069,100
2012-10-22,7.850000,8.000000,7.450000,7.990000,7.913686,6100
2012-10-23,7.860000,8.190000,7.860000,8.000000,7.923591,7800
2012-10-24,8.020000,8.020000,7.710000,7.710000,7.636361,3700
2012-10-25,7.800000,7.800000,7.700000,7.710000,7.636361,4600
2012-10-26,7.740000,8.020000,7.740000,7.760000,7.685884,5700
2012-10-31,7.600000,7.800000,7.600000,7.650000,7.576934,3600
2012-11-01,7.650000,7.650000,7.650000,7.650000,7.576934,0
2012-11-02,7.650000,7.650000,7.650000,7.650000,7.576934,0
2012-11-05,7.800000,7.800000,7.800000,7.800000,7.725502,1000
2012-11-06,7.700000,7.800000,7.700000,7.800000,7.725502,2200
2012-11-07,7.650000,7.690000,7.650000,7.690000,7.616552,400
2012-11-08,7.670000,7.870000,7.650000,7.870000,7.794833,2600
2012-11-09,7.750000,7.750000,7.520000,7.700000,7.626456,800
2012-11-12,7.750000,7.940000,7.750000,7.940000,7.864164,300
2012-11-13,7.890000,7.900000,7.650000,7.650000,7.576934,1600
2012-11-14,7.730000,7.750000,7.730000,7.750000,7.675979,1400
2012-11-15,7.500000,7.750000,7.500000,7.720000,7.646265,2000
2012-11-16,7.720000,7.750000,7.720000,7.750000,7.675979,700
2012-11-19,7.650000,7.680000,7.650000,7.680000,7.606647,1500
2012-11-20,7.680000,7.750000,7.680000,7.750000,7.675979,1200
2012-11-21,7.750000,7.750000,7.700000,7.700000,7.626456,2900
2012-11-23,7.700000,7.700000,7.700000,7.700000,7.626456,0
2012-11-26,7.770000,7.770000,7.450000,7.550000,7.477890,2400
2012-11-27,7.890000,8.000000,7.800000,7.960000,7.883973,16300
2012-11-28,7.990000,8.240000,7.990000,8.240000,8.161299,3200
2012-11-29,8.240000,8.250000,8.100000,8.130000,8.052350,2200
2012-11-30,8.300000,8.300000,7.950000,8.100000,8.022636,4900
2012-12-03,8.070000,8.150000,8.070000,8.150000,8.072158,1100
2012-12-04,8.070000,8.200000,8.070000,8.160000,8.082063,1500
2012-12-05,8.100000,8.100000,8.060000,8.060000,7.983018,3400
2012-12-06,8.100000,8.290000,8.080000,8.240000,8.161299,2400
2012-12-07,8.180000,8.300000,8.180000,8.300000,8.220726,4400
2012-12-10,8.300000,9.200000,8.300000,9.200000,9.112129,22400
2012-12-11,9.200000,10.690000,9.200000,10.150000,10.053056,29600
2012-12-12,10.060000,10.200000,9.910000,10.000000,9.904489,8400
2012-12-13,10.150000,10.280000,10.000000,10.200000,10.102578,2200
2012-12-14,10.130000,10.350000,9.980000,10.350000,10.251146,9000
2012-12-17,10.030000,10.030000,10.010000,10.030000,9.934202,1100
2012-12-18,10.030000,10.150000,9.890000,10.000000,9.904489,3600
2012-12-19,10.120000,10.120000,9.970000,9.970000,9.874776,1100
2012-12-20,9.950000,10.250000,9.950000,10.250000,10.152102,2700
2012-12-21,9.960000,9.960000,9.650000,9.950000,9.854966,800
2012-12-24,10.090000,10.100000,9.960000,9.960000,9.864871,500
2012-12-26,10.230000,10.230000,9.970000,10.010000,9.914393,2800
2012-12-27,10.150000,10.300000,10.000000,10.250000,10.152102,3700
2012-12-28,10.200000,10.200000,10.110000,10.110000,10.013438,3900
2012-12-31,10.260000,10.300000,9.820000,9.900000,9.805444,8800
2013-01-02,10.250000,10.260000,10.100000,10.120000,10.023343,3400
2013-01-03,10.000000,10.150000,10.000000,10.030000,9.934202,3500
2013-01-04,10.000000,10.150000,10.000000,10.150000,10.053056,9300
2013-01-07,10.350000,10.350000,10.070000,10.070000,9.973820,2500
2013-01-08,10.180000,10.260000,10.120000,10.200000,10.102578,2700
2013-01-09,10.200000,10.470000,10.170000,10.470000,10.370000,3500
2013-01-10,10.240000,11.160000,10.200000,11.160000,11.160000,11200
2013-01-11,10.960000,11.200000,10.890000,11.140000,11.140000,6800
2013-01-14,11.100000,11.100000,10.710000,10.800000,10.800000,1400
2013-01-15,10.400000,10.400000,10.200000,10.210000,10.210000,6900
2013-01-16,10.370000,10.370000,10.200000,10.200000,10.200000,1800
2013-01-17,10.200000,10.200000,10.200000,10.200000,10.200000,600
2013-01-18,10.500000,10.500000,10.340000,10.480000,10.480000,1400
2013-01-22,10.650000,10.830000,10.500000,10.500000,10.500000,4400
2013-01-23,10.650000,10.900000,10.500000,10.510000,10.510000,5200
2013-01-24,10.750000,10.900000,10.650000,10.890000,10.890000,9400
2013-01-25,10.990000,10.990000,10.780000,10.780000,10.780000,1700
2013-01-28,10.800000,11.000000,10.800000,11.000000,11.000000,1600
2013-01-29,10.920000,11.090000,10.890000,11.000000,11.000000,11300
2013-01-30,11.200000,11.200000,11.100000,11.200000,11.200000,3500
2013-01-31,11.200000,11.410000,11.000000,11.200000,11.200000,5200
2013-02-01,11.150000,11.200000,11.070000,11.150000,11.150000,1200
2013-02-04,11.100000,11.190000,11.000000,11.000000,11.000000,2700
2013-02-05,11.080000,11.370000,10.980000,11.100000,11.100000,7300
2013-02-06,10.980000,11.000000,10.950000,10.960000,10.960000,1900
2013-02-07,10.880000,10.880000,10.780000,10.800000,10.800000,1000
2013-02-08,10.870000,10.970000,10.750000,10.900000,10.900000,3900
2013-02-11,11.100000,11.250000,11.000000,11.000000,11.000000,1800
2013-02-12,10.900000,10.920000,10.750000,10.850000,10.850000,5600
2013-02-13,10.850000,10.850000,10.570000,10.600000,10.600000,1400
2013-02-14,10.750000,10.750000,10.500000,10.500000,10.500000,7800
2013-02-15,10.500000,10.600000,10.410000,10.500000,10.500000,2900
2013-02-19,10.600000,11.100000,10.600000,11.000000,11.000000,1500
2013-02-20,10.650000,11.010000,10.550000,10.750000,10.750000,4400
2013-02-21,10.800000,10.800000,10.800000,10.800000,10.800000,200
2013-02-22,10.700000,10.790000,10.700000,10.790000,10.790000,200
2013-02-25,10.800000,10.800000,10.500000,10.500000,10.500000,4200
2013-02-26,10.510000,10.540000,10.410000,10.540000,10.540000,800
2013-02-27,10.500000,11.200000,10.400000,10.700000,10.700000,14600
2013-02-28,10.800000,10.900000,10.400000,10.600000,10.600000,5700
2013-03-01,10.700000,10.790000,10.520000,10.520000,10.520000,9200
2013-03-04,10.690000,10.950000,10.690000,10.800000,10.800000,1700
2013-03-05,10.860000,10.990000,10.860000,10.990000,10.990000,900
2013-03-06,10.850000,10.850000,10.100000,10.790000,10.790000,6300
2013-03-07,10.750000,10.750000,10.650000,10.700000,10.700000,300
2013-03-08,10.850000,10.850000,10.690000,10.690000,10.690000,400
2013-03-11,10.740000,10.840000,10.640000,10.640000,10.640000,1400
2013-03-12,10.640000,10.640000,10.640000,10.640000,10.640000,0
2013-03-13,10.540000,10.640000,10.540000,10.640000,10.640000,800
2013-03-14,10.640000,10.640000,10.640000,10.640000,10.640000,0
2013-03-15,10.440000,10.500000,10.340000,10.400000,10.400000,5900
2013-03-18,10.350000,10.350000,10.260000,10.260000,10.260000,1300
2013-03-19,10.370000,10.370000,10.300000,10.360000,10.360000,1000
2013-03-20,10.270000,10.270000,10.270000,10.270000,10.270000,100
2013-03-21,10.250000,10.250000,10.250000,10.250000,10.250000,200
2013-03-22,10.250000,10.450000,10.150000,10.150000,10.150000,5100
2013-03-25,10.330000,10.450000,10.330000,10.440000,10.440000,1000
2013-03-26,10.500000,10.500000,10.480000,10.500000,10.500000,1500
2013-03-27,10.400000,10.490000,10.400000,10.490000,10.490000,200
2013-03-28,10.490000,10.490000,10.490000,10.490000,10.490000,0
2013-04-01,10.480000,10.480000,10.200000,10.240000,10.240000,5100
2013-04-02,10.380000,10.400000,10.340000,10.400000,10.400000,900
2013-04-03,10.420000,10.420000,10.420000,10.420000,10.420000,100
2013-04-04,10.280000,10.360000,10.180000,10.250000,10.250000,1600
2013-04-05,10.200000,10.380000,10.200000,10.360000,10.360000,800
2013-04-08,10.360000,10.360000,10.360000,10.360000,10.360000,0
2013-04-09,10.360000,10.380000,10.310000,10.350000,10.350000,1700
2013-04-10,10.480000,10.500000,10.400000,10.400000,10.400000,4200
2013-04-11,10.380000,10.380000,10.200000,10.250000,10.250000,2900
2013-04-12,10.300000,10.450000,10.300000,10.450000,10.450000,1100
2013-04-15,10.300000,10.400000,10.200000,10.400000,10.400000,2200
2013-04-16,10.350000,10.350000,10.300000,10.300000,10.300000,300
2013-04-17,10.330000,10.400000,10.330000,10.400000,10.400000,1100
2013-04-18,10.100000,10.300000,10.100000,10.300000,10.300000,2400
2013-04-19,10.200000,10.250000,10.120000,10.200000,10.200000,4800
2013-04-22,10.230000,10.300000,10.230000,10.250000,10.250000,600
2013-04-23,10.150000,10.240000,10.100000,10.240000,10.240000,5500
2013-04-24,10.110000,10.310000,10.110000,10.300000,10.300000,1600
2013-04-25,10.200000,10.400000,9.910000,10.200000,10.200000,7800
2013-04-26,10.200000,10.400000,10.150000,10.150000,10.150000,4000
2013-04-29,10.160000,10.320000,10.150000,10.300000,10.300000,9500
2013-04-30,10.290000,10.290000,10.100000,10.220000,10.220000,6000
2013-05-01,10.250000,10.270000,10.200000,10.200000,10.200000,4100
2013-05-02,10.260000,10.360000,10.220000,10.300000,10.300000,4700
2013-05-03,10.300000,10.350000,10.300000,10.320000,10.320000,1500
2013-05-06,10.360000,10.420000,10.360000,10.420000,10.420000,4200
2013-05-07,10.300000,10.400000,10.200000,10.390000,10.390000,5400
2013-05-08,10.200000,10.300000,10.200000,10.200000,10.200000,3800
2013-05-09,10.300000,10.400000,10.050000,10.050000,10.050000,3800
2013-05-10,10.100000,10.220000,10.100000,10.220000,10.220000,2500
2013-05-13,10.220000,10.320000,10.200000,10.210000,10.210000,4700
2013-05-14,10.300000,10.360000,10.210000,10.360000,10.360000,1600
2013-05-15,10.260000,10.400000,10.260000,10.270000,10.270000,900
2013-05-16,10.210000,10.310000,10.180000,10.240000,10.240000,6200
2013-05-17,10.370000,10.410000,10.370000,10.410000,10.410000,400
2013-05-20,10.470000,10.500000,10.430000,10.490000,10.490000,2300
2013-05-21,10.450000,10.500000,10.400000,10.500000,10.500000,5400
2013-05-22,10.480000,10.520000,10.450000,10.500000,10.500000,10900
2013-05-23,10.500000,10.670000,10.440000,10.600000,10.600000,5100
2013-05-24,10.550000,10.600000,10.350000,10.400000,10.400000,14500
2013-05-28,10.450000,10.540000,10.400000,10.500000,10.500000,4900
2013-05-29,10.510000,10.870000,10.510000,10.870000,10.870000,4000
2013-05-30,10.870000,11.020000,10.370000,10.500000,10.500000,23400
2013-05-31,10.350000,10.350000,9.400000,9.410000,9.410000,37700
2013-06-03,9.110000,9.110000,8.050000,8.520000,8.520000,66900
2013-06-04,8.460000,8.470000,8.080000,8.080000,8.080000,20000
2013-06-05,8.040000,8.640000,8.040000,8.640000,8.640000,8400
2013-06-06,8.640000,9.040000,8.550000,8.860000,8.860000,12100
2013-06-07,8.860000,9.050000,8.850000,9.030000,9.030000,4500
2013-06-10,8.960000,9.000000,8.860000,8.860000,8.860000,1300
2013-06-11,9.060000,9.260000,9.060000,9.060000,9.060000,1900
2013-06-12,9.050000,9.110000,8.950000,9.060000,9.060000,7000
2013-06-13,9.030000,9.060000,8.950000,9.060000,9.060000,8300
2013-06-14,9.160000,9.240000,9.060000,9.160000,9.160000,1300
2013-06-17,9.070000,9.070000,8.880000,9.000000,9.000000,12800
2013-06-18,8.930000,9.000000,8.930000,9.000000,9.000000,4000
2013-06-19,8.960000,8.960000,8.950000,8.950000,8.950000,2300
2013-06-20,8.990000,9.080000,8.980000,9.080000,9.080000,3100
2013-06-21,9.100000,9.100000,9.000000,9.050000,9.050000,4300
2013-06-24,9.100000,9.100000,8.900000,8.950000,8.950000,1000
2013-06-25,8.950000,8.950000,8.950000,8.950000,8.950000,100
2013-06-26,8.910000,8.980000,8.840000,8.950000,8.950000,1300
2013-06-27,8.840000,8.890000,8.640000,8.640000,8.640000,3300
2013-06-28,8.640000,8.640000,8.590000,8.630000,8.630000,400
2013-07-01,8.700000,8.710000,8.700000,8.700000,8.700000,600
2013-07-02,8.750000,8.850000,8.750000,8.850000,8.850000,600
2013-07-03,8.850000,8.850000,8.850000,8.850000,8.850000,0
2013-07-05,8.890000,8.890000,8.890000,8.890000,8.890000,200
2013-07-08,8.850000,8.850000,8.310000,8.330000,8.330000,4800
2013-07-09,8.370000,8.460000,8.370000,8.400000,8.400000,2000
2013-07-10,8.470000,8.470000,8.270000,8.350000,8.350000,3500
2013-07-11,8.390000,8.400000,8.390000,8.400000,8.400000,3100
2013-07-12,8.350000,8.380000,8.250000,8.250000,8.250000,5500
2013-07-15,8.300000,8.500000,8.300000,8.460000,8.460000,8400
2013-07-16,8.500000,8.590000,8.400000,8.550000,8.550000,1500
2013-07-17,8.700000,8.800000,8.630000,8.630000,8.630000,2000
2013-07-18,8.500000,8.500000,8.310000,8.420000,8.420000,3200
2013-07-19,8.330000,8.650000,8.330000,8.550000,8.550000,1900
2013-07-22,8.450000,8.640000,8.450000,8.640000,8.640000,2700
2013-07-23,8.590000,8.600000,8.550000,8.550000,8.550000,700
2013-07-24,8.400000,8.400000,8.350000,8.350000,8.350000,800
2013-07-25,8.620000,8.620000,8.600000,8.600000,8.600000,1300
2013-07-26,8.890000,8.890000,8.600000,8.600000,8.600000,3000
2013-07-29,8.890000,8.890000,8.620000,8.650000,8.650000,2500
2013-07-30,8.620000,8.690000,8.620000,8.690000,8.690000,3600
2013-07-31,8.840000,8.850000,8.840000,8.850000,8.850000,1800
2013-08-01,8.950000,8.950000,8.790000,8.870000,8.870000,1100
2013-08-02,8.850000,8.880000,8.850000,8.880000,8.880000,500
2013-08-05,8.840000,8.910000,8.840000,8.910000,8.910000,1500
2013-08-06,8.810000,8.910000,8.530000,8.530000,8.530000,3600
2013-08-07,8.750000,8.760000,8.380000,8.380000,8.380000,7300
2013-08-08,8.410000,8.530000,8.350000,8.440000,8.440000,4100
2013-08-09,8.330000,8.640000,8.330000,8.640000,8.640000,1700
2013-08-12,8.650000,8.650000,8.510000,8.650000,8.650000,800
2013-08-13,8.620000,8.620000,8.610000,8.610000,8.610000,800
2013-08-14,8.460000,8.540000,8.460000,8.470000,8.470000,5300
2013-08-15,8.530000,8.530000,8.300000,8.350000,8.350000,7500
2013-08-16,8.590000,8.650000,8.590000,8.600000,8.600000,900
2013-08-19,8.340000,8.340000,8.300000,8.300000,8.300000,500
2013-08-20,8.300000,8.440000,8.200000,8.430000,8.430000,1900
2013-08-21,8.110000,8.170000,8.010000,8.030000,8.030000,8700
2013-08-22,8.300000,8.370000,8.100000,8.210000,8.210000,3700
2013-08-23,8.200000,8.470000,8.200000,8.400000,8.400000,800
2013-08-26,8.370000,8.370000,8.350000,8.350000,8.350000,3200
2013-08-27,8.350000,8.400000,7.770000,8.130000,8.130000,13800
2013-08-28,8.020000,8.150000,7.770000,7.800000,7.800000,6900
2013-08-29,7.770000,7.890000,7.770000,7.780000,7.780000,5700
2013-08-30,8.000000,8.030000,8.000000,8.020000,8.020000,800
2013-09-03,8.020000,8.020000,8.020000,8.020000,8.020000,200
2013-09-04,8.190000,8.190000,8.030000,8.040000,8.040000,3100
2013-09-05,8.100000,8.130000,8.100000,8.100000,8.100000,1100
2013-09-06,8.100000,8.180000,8.100000,8.180000,8.180000,5000
2013-09-09,8.180000,8.180000,8.100000,8.100000,8.100000,1200
2013-09-10,8.150000,8.300000,8.150000,8.280000,8.280000,5200
2013-09-11,8.690000,8.690000,8.250000,8.300000,8.300000,3700
2013-09-12,8.170000,8.250000,8.150000,8.200000,8.200000,11600
2013-09-13,8.150000,8.360000,8.150000,8.360000,8.360000,7900
2013-09-16,8.500000,8.500000,8.200000,8.340000,8.340000,6500
2013-09-17,8.230000,8.490000,8.200000,8.200000,8.200000,2200
2013-09-18,8.340000,8.350000,8.330000,8.350000,8.350000,1100
2013-09-19,8.340000,8.340000,8.200000,8.200000,8.200000,6100
2013-09-20,8.380000,8.670000,8.290000,8.650000,8.650000,8600
2013-09-23,8.690000,8.690000,8.200000,8.510000,8.510000,1700
2013-09-24,8.690000,8.690000,8.400000,8.400000,8.400000,2800
2013-09-25,8.580000,8.600000,8.260000,8.600000,8.600000,2200
2013-09-26,8.560000,8.680000,8.440000,8.630000,8.630000,2600
2013-09-27,8.410000,8.630000,8.410000,8.610000,8.610000,3200
2013-09-30,8.590000,8.600000,8.510000,8.510000,8.510000,1100
2013-10-01,8.550000,8.550000,8.550000,8.550000,8.550000,600
2013-10-02,8.550000,8.590000,8.320000,8.550000,8.550000,17600
2013-10-03,8.320000,8.600000,8.320000,8.550000,8.550000,2700
2013-10-04,8.600000,8.600000,8.550000,8.550000,8.550000,6100
2013-10-07,8.560000,8.600000,8.330000,8.340000,8.340000,9200
2013-10-08,8.270000,8.320000,8.250000,8.310000,8.310000,3700
2013-10-09,8.250000,8.300000,8.200000,8.300000,8.300000,2000
2013-10-10,8.330000,8.400000,8.330000,8.400000,8.400000,3100
2013-10-11,8.310000,8.430000,8.250000,8.270000,8.270000,4400
2013-10-14,8.380000,8.470000,8.300000,8.400000,8.400000,2700
2013-10-15,8.380000,8.470000,8.240000,8.250000,8.250000,3800
2013-10-16,8.390000,8.400000,8.300000,8.340000,8.340000,2300
2013-10-17,8.340000,8.350000,8.330000,8.330000,8.330000,1400
2013-10-18,8.620000,8.620000,8.250000,8.490000,8.490000,1100
2013-10-21,8.260000,8.500000,8.020000,8.240000,8.240000,37800
2013-10-22,8.640000,8.640000,8.290000,8.290000,8.290000,900
2013-10-23,8.400000,8.720000,8.150000,8.150000,8.150000,34900
2013-10-24,8.200000,8.350000,8.200000,8.220000,8.220000,1100
2013-10-25,8.250000,8.250000,8.060000,8.090000,8.090000,2500
2013-10-28,8.150000,8.180000,8.070000,8.150000,8.150000,4500
2013-10-29,8.170000,8.350000,8.170000,8.220000,8.220000,5900
2013-10-30,8.150000,8.180000,8.150000,8.150000,8.150000,1200
2013-10-31,8.480000,8.480000,8.160000,8.270000,8.270000,1200
2013-11-01,8.230000,8.320000,8.200000,8.320000,8.320000,500
2013-11-04,8.410000,8.410000,8.410000,8.410000,8.410000,400
2013-11-05,8.380000,8.380000,8.160000,8.200000,8.200000,4200
2013-11-06,8.150000,8.380000,8.090000,8.380000,8.380000,14100
2013-11-07,8.290000,8.290000,8.290000,8.290000,8.290000,200
2013-11-08,8.300000,8.510000,8.300000,8.340000,8.340000,2300
2013-11-11,8.320000,8.350000,8.300000,8.300000,8.300000,5000
2013-11-12,8.310000,8.350000,8.300000,8.310000,8.310000,1400
2013-11-13,8.370000,8.380000,8.370000,8.370000,8.370000,1700
2013-11-14,8.300000,8.350000,8.300000,8.340000,8.340000,2200
2013-11-15,8.400000,8.400000,8.340000,8.360000,8.360000,600
2013-11-18,8.390000,8.390000,8.130000,8.220000,8.220000,11200
2013-11-19,8.290000,8.300000,8.260000,8.300000,8.300000,1800
2013-11-20,8.350000,8.350000,8.250000,8.250000,8.250000,2600
2013-11-21,8.250000,8.330000,8.250000,8.330000,8.330000,2800
2013-11-22,8.350000,8.350000,8.220000,8.300000,8.300000,800
2013-11-25,8.230000,8.270000,8.140000,8.160000,8.160000,5700
2013-11-26,8.140000,8.170000,8.140000,8.140000,8.140000,1900
2013-11-27,8.250000,8.270000,8.180000,8.190000,8.190000,2900
2013-11-29,8.100000,8.100000,8.100000,8.100000,8.100000,900
2013-12-02,8.180000,8.250000,8.170000,8.180000,8.180000,3500
2013-12-03,8.120000,8.350000,8.100000,8.340000,8.340000,4100
2013-12-04,8.290000,8.350000,8.160000,8.190000,8.190000,1900
2013-12-05,8.200000,8.290000,8.200000,8.290000,8.290000,8900
2013-12-06,8.230000,8.320000,8.230000,8.310000,8.310000,900
2013-12-09,8.270000,8.380000,8.270000,8.320000,8.320000,3200
2013-12-10,8.380000,8.430000,8.350000,8.390000,8.390000,5000
2013-12-11,8.410000,8.500000,8.350000,8.350000,8.350000,3500
2013-12-12,8.350000,8.490000,8.350000,8.480000,8.480000,5200
2013-12-13,8.450000,8.450000,8.350000,8.350000,8.350000,2500
2013-12-16,8.370000,8.600000,8.200000,8.500000,8.500000,8700
2013-12-17,8.370000,8.490000,8.350000,8.490000,8.490000,4800
2013-12-18,8.320000,8.350000,8.320000,8.350000,8.350000,1400
2013-12-19,8.020000,8.250000,8.020000,8.250000,8.250000,6400
2013-12-20,8.300000,8.400000,8.250000,8.400000,8.400000,1500
2013-12-23,8.300000,8.480000,8.300000,8.480000,8.480000,1300
2013-12-24,8.580000,8.580000,8.330000,8.500000,8.500000,2700
2013-12-26,8.450000,8.520000,8.300000,8.400000,8.400000,2100
2013-12-27,8.360000,8.480000,8.300000,8.420000,8.420000,6900
2013-12-30,8.690000,8.690000,8.330000,8.330000,8.330000,1400
2013-12-31,8.320000,9.280000,8.300000,8.790000,8.790000,10700
2014-01-02,9.250000,9.540000,9.080000,9.190000,9.190000,5700
2014-01-03,9.500000,9.500000,9.280000,9.390000,9.390000,1300
2014-01-06,9.420000,9.450000,9.420000,9.420000,9.420000,1300
2014-01-07,9.500000,9.500000,9.410000,9.410000,9.410000,2900
2014-01-08,9.500000,9.500000,9.330000,9.370000,9.370000,8700
2014-01-09,9.310000,9.480000,9.310000,9.480000,9.480000,600
2014-01-10,9.250000,9.250000,9.040000,9.070000,9.070000,1500
2014-01-13,9.300000,9.300000,8.370000,8.880000,8.880000,3700
2014-01-14,9.040000,9.200000,9.040000,9.200000,9.200000,800
2014-01-15,9.100000,9.100000,9.000000,9.100000,9.100000,1600
2014-01-16,9.050000,9.050000,9.000000,9.000000,9.000000,700
2014-01-17,9.240000,9.240000,9.240000,9.240000,9.240000,6200
2014-01-21,9.170000,9.170000,9.170000,9.170000,9.170000,400
2014-01-22,9.000000,9.440000,9.000000,9.160000,9.160000,8300
2014-01-23,9.250000,9.500000,9.250000,9.500000,9.500000,3700
2014-01-24,9.410000,9.410000,9.120000,9.120000,9.120000,2200
2014-01-27,9.350000,9.350000,9.350000,9.350000,9.350000,300
2014-01-28,9.310000,9.360000,9.310000,9.360000,9.360000,3600
2014-01-29,9.500000,9.560000,9.290000,9.420000,9.420000,4300
2014-01-30,9.300000,9.480000,9.300000,9.480000,9.480000,3000
2014-01-31,9.260000,9.310000,9.250000,9.300000,9.300000,1000
2014-02-03,9.350000,9.350000,9.290000,9.290000,9.290000,4200
2014-02-04,9.300000,9.490000,9.250000,9.490000,9.490000,3000
2014-02-05,9.290000,9.300000,9.290000,9.300000,9.300000,500
2014-02-06,9.300000,9.480000,9.280000,9.310000,9.310000,1300
2014-02-07,9.480000,9.490000,9.350000,9.450000,9.450000,3900
2014-02-10,9.490000,9.490000,9.300000,9.300000,9.300000,2800
2014-02-11,9.300000,9.490000,9.300000,9.490000,9.490000,700
2014-02-12,9.320000,9.470000,9.320000,9.470000,9.470000,500
2014-02-13,9.380000,9.380000,9.300000,9.300000,9.300000,3100
2014-02-14,9.460000,9.460000,9.300000,9.350000,9.350000,2400
2014-02-18,9.320000,9.320000,9.240000,9.320000,9.320000,3000
2014-02-19,9.170000,9.250000,9.150000,9.250000,9.250000,3900
2014-02-20,9.300000,9.300000,9.300000,9.300000,9.300000,1600
2014-02-21,9.300000,9.340000,9.300000,9.310000,9.310000,1100
2014-02-24,9.390000,9.460000,9.390000,9.460000,9.460000,700
2014-02-25,9.460000,9.460000,9.460000,9.460000,9.460000,0
2014-02-26,9.400000,9.400000,9.300000,9.300000,9.300000,2200
2014-02-27,9.250000,9.250000,9.250000,9.250000,9.250000,200
2014-02-28,9.250000,9.260000,9.250000,9.260000,9.260000,900
2014-03-03,9.350000,9.350000,9.250000,9.250000,9.250000,300
2014-03-04,9.250000,9.300000,9.250000,9.300000,9.300000,600
2014-03-05,9.250000,9.390000,9.250000,9.390000,9.390000,2900
2014-03-06,9.000000,9.300000,9.000000,9.300000,9.300000,1100
2014-03-07,9.250000,9.250000,9.250000,9.250000,9.250000,200
2014-03-10,9.260000,9.450000,9.250000,9.250000,9.250000,1600
2014-03-11,9.300000,9.380000,9.300000,9.330000,9.330000,3300
2014-03-12,9.350000,9.350000,9.330000,9.330000,9.330000,500
2014-03-13,9.270000,9.330000,9.260000,9.330000,9.330000,700
2014-03-14,9.300000,9.300000,9.300000,9.300000,9.300000,600
2014-03-17,9.250000,9.330000,9.250000,9.300000,9.300000,1100
2014-03-18,9.300000,9.300000,9.300000,9.300000,9.300000,700
2014-03-19,9.070000,9.230000,9.070000,9.110000,9.110000,1600
2014-03-20,9.110000,9.110000,9.110000,9.110000,9.110000,200
2014-03-21,9.080000,9.180000,8.750000,9.180000,9.180000,23500
2014-03-24,9.230000,9.230000,9.050000,9.050000,9.050000,3700
2014-03-25,9.100000,9.100000,9.010000,9.060000,9.060000,3400
2014-03-26,8.960000,9.350000,8.750000,9.120000,9.120000,28400
2014-03-27,8.800000,9.300000,8.540000,8.980000,8.980000,43100
2014-03-28,8.940000,9.320000,8.750000,9.090000,9.090000,20300
2014-03-31,9.250000,9.250000,8.800000,8.800000,8.800000,1400
2014-04-01,8.900000,8.950000,8.900000,8.920000,8.920000,1100
2014-04-02,8.750000,9.040000,8.750000,8.900000,8.900000,19400
2014-04-03,8.980000,9.020000,8.850000,9.000000,9.000000,8600
2014-04-04,9.000000,9.000000,9.000000,9.000000,9.000000,2600
2014-04-07,8.740000,9.160000,8.740000,9.150000,9.150000,14400
2014-04-08,9.050000,9.150000,9.050000,9.150000,9.150000,3700
2014-04-09,9.050000,9.070000,8.630000,9.070000,9.070000,20100
2014-04-10,8.980000,9.000000,8.900000,8.900000,8.900000,3300
2014-04-11,8.950000,9.000000,8.890000,8.970000,8.970000,3700
2014-04-14,8.970000,8.970000,8.970000,8.970000,8.970000,0
2014-04-15,8.970000,8.970000,8.970000,8.970000,8.970000,0
2014-04-16,8.850000,9.240000,8.850000,9.150000,9.150000,4600
2014-04-17,9.000000,9.160000,9.000000,9.160000,9.160000,800
2014-04-21,9.150000,9.150000,9.100000,9.150000,9.150000,2700
2014-04-22,9.200000,9.200000,9.100000,9.180000,9.180000,1700
2014-04-23,9.140000,9.200000,9.120000,9.150000,9.150000,2700
2014-04-24,9.230000,9.250000,9.230000,9.230000,9.230000,1600
2014-04-25,9.100000,9.120000,9.100000,9.120000,9.120000,700
2014-04-28,9.120000,9.120000,9.120000,9.120000,9.120000,0
2014-04-29,9.190000,9.220000,9.190000,9.210000,9.210000,1400
2014-04-30,9.180000,9.190000,9.060000,9.150000,9.150000,10900
2014-05-01,9.160000,9.250000,9.150000,9.250000,9.250000,3600
2014-05-02,9.220000,9.250000,9.220000,9.250000,9.250000,600
2014-05-05,9.190000,9.250000,9.190000,9.250000,9.250000,2000
2014-05-06,9.200000,9.350000,9.200000,9.350000,9.350000,3400
2014-05-07,9.300000,9.300000,9.270000,9.300000,9.300000,900
2014-05-08,9.350000,9.350000,9.350000,9.350000,9.350000,900
2014-05-09,9.180000,9.350000,9.180000,9.350000,9.350000,1200
2014-05-12,9.350000,9.350000,9.270000,9.300000,9.300000,4700
2014-05-13,9.350000,9.350000,9.210000,9.220000,9.220000,4300
2014-05-14,9.230000,9.350000,9.210000,9.350000,9.350000,3500
2014-05-15,9.200000,9.200000,8.800000,9.100000,9.100000,4400
2014-05-16,9.150000,9.200000,9.150000,9.150000,9.150000,2500
2014-05-19,9.200000,9.200000,9.200000,9.200000,9.200000,4800
2014-05-20,9.280000,9.290000,9.110000,9.200000,9.200000,1500
2014-05-21,8.750000,9.150000,8.700000,9.140000,9.140000,3500
2014-05-22,9.300000,9.300000,9.110000,9.220000,9.220000,1400
2014-05-23,9.220000,9.220000,9.220000,9.220000,9.220000,0
2014-05-27,9.110000,9.200000,9.110000,9.200000,9.200000,4200
2014-05-28,9.090000,9.250000,9.090000,9.150000,9.150000,700
2014-05-29,9.240000,9.290000,9.240000,9.290000,9.290000,1000
2014-05-30,9.100000,9.250000,9.100000,9.250000,9.250000,5600
2014-06-02,9.300000,9.300000,9.230000,9.230000,9.230000,400
2014-06-03,9.230000,9.230000,9.230000,9.230000,9.230000,0
2014-06-04,9.060000,9.170000,9.060000,9.100000,9.100000,1800
2014-06-05,9.140000,9.300000,9.140000,9.300000,9.300000,700
2014-06-06,9.350000,9.350000,9.250000,9.350000,9.350000,2100
2014-06-09,9.300000,9.350000,9.210000,9.250000,9.250000,3100
2014-06-10,9.320000,9.320000,9.250000,9.280000,9.280000,3200
2014-06-11,9.300000,9.300000,9.280000,9.280000,9.280000,2400
2014-06-12,9.110000,9.280000,9.110000,9.250000,9.250000,3000
2014-06-13,9.210000,9.250000,9.080000,9.250000,9.250000,1400
2014-06-16,9.200000,9.200000,9.190000,9.190000,9.190000,200
2014-06-17,9.190000,9.190000,9.190000,9.190000,9.190000,1100
2014-06-18,9.250000,9.250000,9.250000,9.250000,9.250000,2300
2014-06-19,9.250000,9.250000,9.250000,9.250000,9.250000,200
2014-06-20,9.250000,9.250000,9.170000,9.170000,9.170000,800
2014-06-23,9.250000,9.250000,9.200000,9.250000,9.250000,1800
2014-06-24,9.230000,9.300000,9.190000,9.300000,9.300000,8100
2014-06-25,9.350000,9.350000,9.250000,9.280000,9.280000,5200
2014-06-26,9.350000,9.350000,9.100000,9.160000,9.160000,2100
2014-06-27,9.110000,9.170000,9.110000,9.170000,9.170000,1300
2014-06-30,9.060000,9.120000,9.060000,9.060000,9.060000,2900
2014-07-01,9.400000,9.720000,9.060000,9.280000,9.280000,10000
2014-07-02,9.180000,9.180000,9.110000,9.110000,9.110000,1300
2014-07-03,9.110000,9.110000,9.110000,9.110000,9.110000,0
2014-07-07,9.110000,9.110000,9.110000,9.110000,9.110000,0
2014-07-08,9.100000,9.120000,9.100000,9.120000,9.120000,5300
2014-07-09,9.000000,9.150000,9.000000,9.150000,9.150000,4500
2014-07-10,9.150000,9.320000,8.900000,9.150000,9.150000,2400
2014-07-11,9.280000,9.280000,9.110000,9.110000,9.110000,1900
2014-07-14,9.310000,9.310000,9.120000,9.120000,9.120000,3600
2014-07-15,9.210000,9.220000,9.150000,9.150000,9.150000,6400
2014-07-16,9.120000,9.220000,9.100000,9.190000,9.190000,1900
2014-07-17,9.100000,9.200000,9.100000,9.100000,9.100000,1300
2014-07-18,9.080000,9.150000,9.080000,9.150000,9.150000,2800
2014-07-21,9.150000,9.170000,9.080000,9.100000,9.100000,27700
2014-07-22,9.080000,9.100000,8.880000,8.880000,8.880000,5100
2014-07-23,9.010000,9.080000,9.000000,9.080000,9.080000,3000
2014-07-24,9.030000,9.150000,9.030000,9.100000,9.100000,3500
2014-07-25,9.150000,9.150000,9.030000,9.040000,9.040000,2800
2014-07-28,9.150000,9.150000,8.710000,9.000000,9.000000,26700
2014-07-29,9.000000,9.000000,9.000000,9.000000,9.000000,2000
2014-07-30,9.000000,9.090000,8.980000,9.090000,9.090000,1100
2014-07-31,8.900000,8.900000,8.860000,8.860000,8.860000,1100
2014-08-01,8.960000,8.960000,8.960000,8.960000,8.960000,300
2014-08-04,8.810000,9.150000,8.750000,9.050000,9.050000,16700
2014-08-05,8.930000,8.970000,8.820000,8.950000,8.950000,4700
2014-08-06,8.920000,9.150000,8.920000,9.080000,9.080000,4900
2014-08-07,9.150000,9.150000,9.020000,9.120000,9.120000,1000
2014-08-08,9.030000,9.110000,9.000000,9.110000,9.110000,2500
2014-08-11,9.000000,9.100000,9.000000,9.000000,9.000000,700
2014-08-12,9.060000,9.150000,9.000000,9.100000,9.100000,6100
2014-08-13,9.100000,9.150000,9.040000,9.110000,9.110000,8200
2014-08-14,9.010000,9.090000,9.010000,9.090000,9.090000,800
2014-08-15,9.150000,9.220000,9.080000,9.150000,9.150000,3800
2014-08-18,9.080000,9.150000,9.080000,9.150000,9.150000,2900
2014-08-19,9.150000,9.220000,9.080000,9.170000,9.170000,1400
2014-08-20,9.210000,9.210000,9.100000,9.150000,9.150000,2700
2014-08-21,9.150000,9.220000,9.080000,9.180000,9.180000,3400
2014-08-22,9.100000,9.190000,9.100000,9.190000,9.190000,1100
2014-08-25,9.080000,9.200000,9.080000,9.130000,9.130000,600
2014-08-26,9.180000,9.250000,8.750000,9.240000,9.240000,6900
2014-08-27,9.190000,9.210000,9.190000,9.210000,9.210000,2000
2014-08-28,9.210000,9.210000,9.210000,9.210000,9.210000,0
2014-08-29,9.250000,9.250000,9.250000,9.250000,9.250000,600
2014-09-02,9.090000,9.200000,9.090000,9.180000,9.180000,700
2014-09-03,9.230000,9.250000,9.060000,9.110000,9.110000,1400
2014-09-04,9.000000,9.150000,9.000000,9.150000,9.150000,1000
2014-09-05,9.150000,9.150000,9.150000,9.150000,9.150000,900
2014-09-08,9.150000,9.150000,9.150000,9.150000,9.150000,0
2014-09-09,9.100000,9.100000,9.100000,9.100000,9.100000,500
2014-09-10,9.130000,9.240000,9.120000,9.240000,9.240000,500
2014-09-11,9.370000,9.370000,9.240000,9.280000,9.280000,1900
2014-09-12,9.300000,9.500000,9.300000,9.360000,9.360000,5700
2014-09-15,9.350000,9.450000,9.280000,9.360000,9.360000,2400
2014-09-16,9.300000,9.480000,9.250000,9.360000,9.360000,1300
2014-09-17,9.360000,9.590000,9.360000,9.590000,9.590000,1500
2014-09-18,9.480000,9.490000,9.300000,9.300000,9.300000,900
2014-09-19,9.500000,9.600000,9.350000,9.600000,9.600000,1700
2014-09-22,9.360000,9.930000,9.360000,9.790000,9.790000,6600
2014-09-23,9.820000,10.120000,9.820000,10.040000,10.040000,21400
2014-09-24,10.060000,10.060000,9.870000,9.950000,9.950000,1700
2014-09-25,9.860000,10.500000,9.860000,10.500000,10.500000,6700
2014-09-26,10.990000,11.250000,10.750000,10.850000,10.850000,18700
2014-09-29,10.940000,10.940000,9.990000,10.000000,10.000000,21500
2014-09-30,10.150000,10.300000,9.990000,10.160000,10.160000,6300
2014-10-01,10.160000,10.210000,10.110000,10.140000,10.140000,15100
2014-10-02,10.110000,10.240000,10.020000,10.230000,10.230000,1500
2014-10-03,10.150000,10.160000,10.050000,10.120000,10.120000,7200
2014-10-06,10.490000,10.490000,10.000000,10.100000,10.100000,5800
2014-10-07,9.830000,10.040000,9.810000,10.000000,10.000000,34400
2014-10-08,9.970000,10.120000,9.970000,10.120000,10.120000,1000
2014-10-09,9.920000,10.100000,9.900000,10.050000,10.050000,3100
2014-10-10,9.970000,10.150000,9.970000,10.150000,10.150000,900
2014-10-13,9.950000,10.000000,9.920000,10.000000,10.000000,7300
2014-10-14,10.000000,10.030000,9.750000,9.750000,9.750000,1700
2014-10-15,9.600000,9.600000,9.500000,9.550000,9.550000,400
2014-10-16,9.500000,9.550000,9.500000,9.550000,9.550000,4500
2014-10-17,9.650000,9.800000,9.550000,9.700000,9.700000,10700
2014-10-20,9.700000,9.700000,9.700000,9.700000,9.700000,0
2014-10-21,9.940000,9.950000,9.940000,9.950000,9.950000,1100
2014-10-22,9.820000,9.850000,9.500000,9.740000,9.740000,13200
2014-10-23,9.700000,9.800000,9.700000,9.790000,9.790000,600
2014-10-24,9.500000,9.860000,9.500000,9.850000,9.850000,8600
2014-10-27,9.970000,10.050000,9.850000,9.850000,9.850000,6900
2014-10-28,9.910000,10.210000,9.910000,10.210000,10.210000,4300
2014-10-29,9.980000,10.000000,9.980000,10.000000,10.000000,2100
2014-10-30,10.000000,10.140000,9.870000,10.100000,10.100000,5000
2014-10-31,10.000000,10.010000,9.890000,10.000000,10.000000,19500
2014-11-03,10.000000,10.130000,9.750000,9.850000,9.850000,11900
2014-11-04,9.730000,9.780000,9.610000,9.630000,9.630000,1000
2014-11-05,9.690000,9.720000,9.610000,9.650000,9.650000,1300
2014-11-06,9.610000,9.910000,9.610000,9.910000,9.910000,3800
2014-11-07,9.910000,9.960000,9.860000,9.860000,9.860000,2400
2014-11-10,9.540000,9.990000,9.540000,9.900000,9.900000,2900
2014-11-11,9.900000,9.900000,9.900000,9.900000,9.900000,0
2014-11-12,9.750000,9.900000,9.750000,9.900000,9.900000,3300
2014-11-13,9.600000,9.880000,9.600000,9.880000,9.880000,700
2014-11-14,9.800000,9.910000,9.800000,9.910000,9.910000,900
2014-11-17,9.890000,9.900000,9.800000,9.800000,9.800000,1600
2014-11-18,9.850000,9.850000,9.850000,9.850000,9.850000,400
2014-11-19,9.680000,9.980000,9.680000,9.980000,9.980000,6300
2014-11-20,9.700000,9.920000,9.700000,9.920000,9.920000,1000
2014-11-21,9.850000,10.240000,9.850000,10.150000,10.150000,15300
2014-11-24,10.150000,10.150000,10.150000,10.150000,10.150000,0
2014-11-25,10.000000,10.000000,9.990000,10.000000,10.000000,1000
2014-11-26,9.900000,10.000000,9.760000,9.990000,9.990000,7300
2014-11-28,9.800000,9.800000,9.800000,9.800000,9.800000,100
2014-12-01,9.800000,9.800000,9.800000,9.800000,9.800000,100
2014-12-02,9.620000,9.740000,9.510000,9.640000,9.640000,1500
2014-12-03,9.460000,9.590000,9.460000,9.590000,9.590000,1300
2014-12-04,9.590000,9.590000,9.590000,9.590000,9.590000,0
2014-12-05,9.470000,9.470000,9.310000,9.310000,9.310000,200
2014-12-08,9.290000,9.290000,9.080000,9.080000,9.080000,1000
2014-12-09,8.950000,8.950000,8.670000,8.890000,8.890000,3400
2014-12-10,8.710000,8.820000,8.500000,8.690000,8.690000,4500
2014-12-11,8.480000,8.590000,8.420000,8.480000,8.480000,1500
2014-12-12,8.570000,8.750000,8.530000,8.650000,8.650000,5600
2014-12-15,8.600000,8.600000,8.410000,8.420000,8.420000,5400
2014-12-16,8.560000,9.150000,8.450000,8.700000,8.700000,8000
2014-12-17,8.600000,8.880000,8.600000,8.880000,8.880000,700
2014-12-18,8.410000,8.840000,8.410000,8.740000,8.740000,1400
2014-12-19,8.950000,8.950000,8.400000,8.860000,8.860000,1200
2014-12-22,8.650000,8.970000,8.650000,8.970000,8.970000,900
2014-12-23,8.970000,8.970000,8.800000,8.800000,8.800000,1800
2014-12-24,8.800000,8.800000,8.680000,8.680000,8.680000,300
2014-12-26,8.760000,8.840000,8.760000,8.760000,8.760000,700
2014-12-29,8.650000,9.140000,8.280000,8.500000,8.500000,30400
2014-12-30,8.350000,8.480000,8.350000,8.360000,8.360000,800
2014-12-31,8.360000,8.530000,8.250000,8.350000,8.350000,7300
2015-01-02,8.220000,8.910000,8.220000,8.800000,8.800000,23000
2015-01-05,8.670000,9.100000,8.260000,8.970000,8.970000,28000
2015-01-06,8.740000,9.560000,8.610000,9.430000,9.430000,43600
2015-01-07,9.150000,9.300000,8.950000,9.000000,9.000000,7700
2015-01-08,8.860000,9.550000,8.820000,9.460000,9.460000,35400
2015-01-09,9.200000,9.960000,9.200000,9.550000,9.550000,55100
2015-01-12,9.600000,9.620000,9.110000,9.390000,9.390000,29400
2015-01-13,9.500000,9.550000,9.110000,9.360000,9.360000,13800
2015-01-14,9.480000,9.570000,9.220000,9.430000,9.430000,23500
2015-01-15,9.600000,9.940000,9.400000,9.940000,9.940000,15400
2015-01-16,9.750000,9.750000,9.750000,9.750000,9.750000,1100
2015-01-20,9.560000,9.560000,9.000000,9.200000,9.200000,2700
2015-01-21,9.010000,9.410000,9.010000,9.270000,9.270000,8500
2015-01-22,9.150000,9.310000,8.900000,9.310000,9.310000,21200
2015-01-23,9.180000,9.180000,9.180000,9.180000,9.180000,100
2015-01-26,9.250000,9.250000,8.950000,8.950000,8.950000,1900
2015-01-27,8.730000,8.990000,8.710000,8.990000,8.990000,9400
2015-01-28,8.870000,8.870000,8.710000,8.800000,8.800000,19900
2015-01-29,8.650000,9.080000,8.510000,8.710000,8.710000,33900
2015-01-30,8.700000,9.620000,8.700000,9.580000,9.580000,57300
2015-02-02,9.540000,9.680000,9.200000,9.590000,9.590000,49200
2015-02-03,9.500000,9.750000,9.410000,9.450000,9.450000,33800
2015-02-04,9.450000,9.600000,9.350000,9.580000,9.580000,27500
2015-02-05,9.560000,9.600000,9.250000,9.460000,9.460000,25500
2015-02-06,9.450000,9.510000,9.360000,9.360000,9.360000,14200
2015-02-09,9.420000,9.480000,9.250000,9.290000,9.290000,16300
2015-02-10,9.300000,9.430000,9.240000,9.280000,9.280000,6100
2015-02-11,9.280000,9.450000,9.240000,9.270000,9.270000,11900
2015-02-12,9.470000,9.470000,9.260000,9.280000,9.280000,13200
2015-02-13,9.340000,9.340000,9.050000,9.090000,9.090000,9800
2015-02-17,9.160000,9.160000,8.780000,9.020000,9.020000,12600
2015-02-18,8.930000,9.130000,8.930000,9.000000,9.000000,3600
2015-02-19,9.100000,9.100000,9.000000,9.000000,9.000000,700
2015-02-20,9.100000,9.150000,9.000000,9.000000,9.000000,5800
2015-02-23,9.000000,9.000000,8.650000,8.650000,8.650000,2700
2015-02-24,8.950000,8.950000,8.800000,8.800000,8.800000,2700
2015-02-25,8.760000,8.880000,8.660000,8.680000,8.680000,1900
2015-02-26,8.640000,8.910000,8.640000,8.900000,8.900000,18500
2015-02-27,8.770000,8.770000,8.650000,8.650000,8.650000,3000
2015-03-02,8.850000,8.850000,8.470000,8.650000,8.650000,19100
2015-03-03,8.650000,8.650000,8.340000,8.490000,8.490000,24500
2015-03-04,8.450000,8.830000,8.450000,8.610000,8.610000,37100
2015-03-05,8.620000,8.670000,8.500000,8.540000,8.540000,65400
2015-03-06,8.550000,8.600000,8.370000,8.460000,8.460000,2300
2015-03-09,8.450000,8.450000,8.200000,8.350000,8.350000,4000
2015-03-10,8.180000,8.460000,8.110000,8.460000,8.460000,4300
2015-03-11,8.420000,8.480000,8.220000,8.400000,8.400000,1400
2015-03-12,8.340000,8.350000,8.340000,8.350000,8.350000,600
2015-03-13,8.470000,8.470000,8.240000,8.410000,8.410000,1400
2015-03-16,8.400000,8.400000,8.120000,8.250000,8.250000,1900
2015-03-17,8.250000,8.250000,8.250000,8.250000,8.250000,0
2015-03-18,8.090000,8.350000,8.080000,8.350000,8.350000,4400
2015-03-19,8.340000,8.480000,8.340000,8.480000,8.480000,1200
2015-03-20,8.360000,8.360000,8.200000,8.300000,8.300000,900
2015-03-23,8.500000,8.500000,8.210000,8.430000,8.430000,2000
2015-03-24,8.430000,8.490000,7.800000,8.330000,8.330000,28500
2015-03-25,8.310000,9.100000,8.250000,8.900000,8.900000,35800
2015-03-26,8.900000,9.080000,8.820000,8.900000,8.900000,41900
2015-03-27,8.870000,9.000000,8.870000,9.000000,9.000000,16600
2015-03-30,9.000000,9.000000,8.680000,8.860000,8.860000,6400
2015-03-31,8.900000,8.900000,8.650000,8.650000,8.650000,3400
2015-04-01,8.820000,8.830000,8.280000,8.820000,8.820000,8900
2015-04-02,8.750000,8.960000,8.750000,8.960000,8.960000,1100
2015-04-06,8.900000,9.200000,8.610000,9.200000,9.200000,27200
2015-04-07,9.060000,9.190000,8.750000,9.070000,9.070000,18000
2015-04-08,8.850000,9.070000,8.850000,9.070000,9.070000,3000
2015-04-09,9.070000,9.070000,9.070000,9.070000,9.070000,0
2015-04-10,9.070000,9.070000,9.060000,9.070000,9.070000,3300
2015-04-13,8.980000,8.980000,8.700000,8.700000,8.700000,700
2015-04-14,8.700000,9.450000,8.700000,9.260000,9.260000,6800
2015-04-15,9.220000,9.220000,9.030000,9.030000,9.030000,2100
2015-04-16,9.160000,9.160000,8.780000,8.860000,8.860000,3100
2015-04-17,8.800000,9.070000,8.800000,9.040000,9.040000,3100
2015-04-20,9.100000,9.100000,9.060000,9.070000,9.070000,500
2015-04-21,9.070000,9.360000,9.070000,9.280000,9.280000,4400
2015-04-22,9.140000,9.140000,5.120000,6.330000,6.330000,178500
2015-04-23,6.210000,6.480000,5.260000,6.180000,6.180000,65400
2015-04-24,6.150000,6.750000,5.970000,6.250000,6.250000,34000
2015-04-27,6.250000,6.440000,6.160000,6.440000,6.440000,28700
2015-04-28,6.400000,6.400000,6.240000,6.330000,6.330000,2400
2015-04-29,6.230000,6.320000,6.230000,6.300000,6.300000,2000
2015-04-30,6.200000,6.260000,6.110000,6.140000,6.140000,13300
2015-05-01,6.110000,6.110000,6.100000,6.100000,6.100000,7600
2015-05-04,6.210000,6.210000,6.050000,6.200000,6.200000,2900
2015-05-05,6.060000,6.080000,6.050000,6.080000,6.080000,600
2015-05-06,5.870000,6.050000,5.870000,6.030000,6.030000,4600
2015-05-07,5.970000,6.100000,5.970000,5.990000,5.990000,6000
2015-05-08,6.020000,6.120000,6.010000,6.030000,6.030000,3300
2015-05-11,5.950000,6.000000,5.630000,5.770000,5.770000,3400
2015-05-12,5.660000,5.660000,5.600000,5.600000,5.600000,2900
2015-05-13,5.700000,5.700000,5.600000,5.650000,5.650000,2400
2015-05-14,5.370000,5.640000,5.260000,5.640000,5.640000,13000
2015-05-15,5.630000,5.890000,5.490000,5.640000,5.640000,3800
2015-05-18,5.600000,5.600000,5.550000,5.550000,5.550000,1200
2015-05-19,5.550000,5.550000,5.350000,5.400000,5.400000,9600
2015-05-20,5.410000,5.410000,5.320000,5.400000,5.400000,1800
2015-05-21,5.300000,5.350000,5.290000,5.350000,5.350000,6200
2015-05-22,5.180000,5.510000,5.180000,5.500000,5.500000,2800
2015-05-26,5.370000,5.370000,5.000000,5.160000,5.160000,7900
2015-05-27,5.170000,5.170000,5.150000,5.160000,5.160000,400
2015-05-28,5.170000,5.250000,5.170000,5.170000,5.170000,1300
2015-05-29,5.360000,5.360000,5.010000,5.030000,5.030000,7400
2015-06-01,5.010000,5.200000,5.010000,5.040000,5.040000,1500
2015-06-02,5.040000,5.380000,5.040000,5.380000,5.380000,4200
2015-06-03,5.180000,5.180000,5.000000,5.130000,5.130000,1800
2015-06-04,5.140000,5.150000,5.140000,5.150000,5.150000,500
2015-06-05,5.100000,5.100000,5.100000,5.100000,5.100000,500
2015-06-08,5.030000,5.200000,5.000000,5.050000,5.050000,3900
2015-06-09,5.070000,5.070000,5.000000,5.000000,5.000000,2100
2015-06-10,5.020000,5.020000,4.650000,4.740000,4.740000,42300
2015-06-11,4.740000,5.050000,4.740000,4.950000,4.950000,3600
2015-06-12,4.990000,5.050000,4.990000,5.050000,5.050000,2900
2015-06-15,5.030000,5.070000,5.030000,5.070000,5.070000,5600
2015-06-16,5.040000,5.140000,4.990000,5.080000,5.080000,13400
2015-06-17,5.050000,5.250000,5.020000,5.160000,5.160000,2800
2015-06-18,5.140000,5.250000,5.070000,5.080000,5.080000,2500
2015-06-19,5.130000,5.260000,5.010000,5.150000,5.150000,21300
2015-06-22,5.150000,5.150000,4.810000,4.960000,4.960000,7500
2015-06-23,4.960000,4.960000,4.960000,4.960000,4.960000,0
2015-06-24,5.100000,5.220000,5.100000,5.220000,5.220000,600
2015-06-25,5.230000,5.270000,5.000000,5.200000,5.200000,3900
2015-06-26,5.130000,6.210000,5.130000,5.280000,5.280000,18400
2015-06-29,6.250000,6.250000,5.720000,5.930000,5.930000,7900
2015-06-30,5.930000,5.930000,5.740000,5.800000,5.800000,800
2015-07-01,5.780000,5.850000,5.780000,5.780000,5.780000,800
2015-07-02,5.760000,5.760000,5.620000,5.620000,5.620000,1200
2015-07-06,5.470000,5.470000,5.440000,5.450000,5.450000,700
2015-07-07,5.320000,5.350000,5.250000,5.350000,5.350000,4200
2015-07-08,5.350000,5.350000,5.350000,5.350000,5.350000,0
2015-07-09,5.300000,5.300000,5.300000,5.300000,5.300000,1500
2015-07-10,5.300000,5.300000,5.300000,5.300000,5.300000,0
2015-07-13,5.150000,5.150000,5.150000,5.150000,5.150000,200
2015-07-14,5.250000,5.250000,5.250000,5.250000,5.250000,600
2015-07-15,5.140000,5.140000,5.110000,5.110000,5.110000,400
2015-07-16,5.100000,5.110000,5.100000,5.110000,5.110000,300
2015-07-17,5.110000,5.160000,5.110000,5.160000,5.160000,300
2015-07-20,5.160000,5.160000,5.160000,5.160000,5.160000,0
2015-07-21,5.160000,5.160000,5.160000,5.160000,5.160000,0
2015-07-22,5.160000,5.160000,5.160000,5.160000,5.160000,0
2015-07-23,5.040000,5.090000,4.810000,4.880000,4.880000,3900
2015-07-24,4.880000,4.880000,4.880000,4.880000,4.880000,0
2015-07-27,4.900000,4.900000,4.900000,4.900000,4.900000,300
2015-07-28,4.900000,4.900000,4.900000,4.900000,4.900000,0
2015-07-29,5.000000,5.040000,5.000000,5.040000,5.040000,1400
2015-07-30,5.000000,5.000000,5.000000,5.000000,5.000000,500
2015-07-31,5.000000,5.000000,4.770000,4.850000,4.850000,3100
2015-08-03,4.830000,4.900000,4.810000,4.810000,4.810000,2000
2015-08-04,4.810000,4.810000,4.810000,4.810000,4.810000,0
2015-08-05,4.810000,4.810000,4.810000,4.810000,4.810000,0
2015-08-06,4.740000,4.830000,4.740000,4.830000,4.830000,500
2015-08-07,4.830000,4.830000,4.830000,4.830000,4.830000,0
2015-08-10,5.000000,5.000000,5.000000,5.000000,5.000000,700
2015-08-11,5.000000,5.000000,5.000000,5.000000,5.000000,0
2015-08-12,4.850000,4.850000,4.680000,4.800000,4.800000,14400
2015-08-13,4.900000,4.930000,4.900000,4.900000,4.900000,2500
2015-08-14,4.760000,4.760000,4.680000,4.680000,4.680000,1100
2015-08-17,4.790000,4.800000,4.790000,4.800000,4.800000,300
2015-08-18,4.840000,4.890000,4.840000,4.890000,4.890000,800
2015-08-19,4.790000,4.790000,4.640000,4.780000,4.780000,2000
2015-08-20,4.810000,4.810000,4.810000,4.810000,4.810000,100
2015-08-21,4.890000,4.890000,4.890000,4.890000,4.890000,600
2015-08-24,4.970000,4.970000,4.740000,4.900000,4.900000,1700
2015-08-25,4.840000,4.840000,4.740000,4.740000,4.740000,2400
2015-08-26,4.840000,4.840000,4.610000,4.670000,4.670000,4200
2015-08-27,4.750000,4.860000,4.720000,4.800000,4.800000,1000
2015-08-28,4.860000,4.940000,4.820000,4.920000,4.920000,4600
2015-08-31,4.760000,4.770000,4.180000,4.600000,4.600000,23400
2015-09-01,4.650000,4.880000,4.650000,4.880000,4.880000,1100
2015-09-02,4.760000,4.760000,4.750000,4.750000,4.750000,600
2015-09-03,4.880000,4.890000,4.880000,4.890000,4.890000,2000
2015-09-04,4.810000,4.810000,4.740000,4.740000,4.740000,3500
2015-09-08,4.950000,4.950000,4.600000,4.690000,4.690000,1400
2015-09-09,4.800000,4.800000,4.660000,4.660000,4.660000,1000
2015-09-10,4.540000,4.590000,4.470000,4.590000,4.590000,1200
2015-09-11,4.510000,4.510000,4.490000,4.490000,4.490000,400
2015-09-14,4.450000,4.450000,4.400000,4.400000,4.400000,700
2015-09-15,4.400000,4.400000,4.400000,4.400000,4.400000,0
2015-09-16,4.350000,4.600000,4.350000,4.530000,4.530000,1800
2015-09-17,4.620000,4.640000,4.520000,4.540000,4.540000,1900
2015-09-18,4.700000,4.740000,4.500000,4.700000,4.700000,1700
2015-09-21,4.560000,4.560000,4.370000,4.370000,4.370000,1900
2015-09-22,4.240000,4.240000,4.240000,4.240000,4.240000,200
2015-09-23,4.210000,4.280000,4.120000,4.250000,4.250000,2100
2015-09-24,4.220000,4.380000,4.220000,4.250000,4.250000,1300
2015-09-25,4.470000,4.470000,4.240000,4.240000,4.240000,1200
2015-09-28,4.180000,4.260000,4.180000,4.250000,4.250000,4600
2015-09-29,4.150000,4.250000,4.150000,4.150000,4.150000,4800
2015-09-30,4.150000,4.280000,4.150000,4.260000,4.260000,5700
2015-10-01,4.170000,4.170000,4.020000,4.050000,4.050000,10800
2015-10-02,4.170000,4.170000,4.100000,4.100000,4.100000,1600
2015-10-05,4.240000,4.240000,4.240000,4.240000,4.240000,300
2015-10-06,4.140000,4.210000,4.130000,4.130000,4.130000,600
2015-10-07,4.260000,4.260000,4.250000,4.250000,4.250000,3100
2015-10-08,4.250000,4.250000,4.250000,4.250000,4.250000,0
2015-10-09,4.170000,4.260000,4.170000,4.260000,4.260000,1200
2015-10-12,4.260000,4.260000,4.260000,4.260000,4.260000,0
2015-10-13,4.230000,4.240000,4.230000,4.240000,4.240000,200
2015-10-14,4.210000,4.460000,4.210000,4.460000,4.460000,4400
2015-10-15,4.400000,4.400000,4.400000,4.400000,4.400000,1000
2015-10-16,4.390000,4.600000,4.390000,4.600000,4.600000,2100
2015-10-19,4.600000,4.600000,4.600000,4.600000,4.600000,0
2015-10-20,4.550000,4.560000,4.550000,4.560000,4.560000,200
2015-10-21,4.510000,4.570000,4.440000,4.570000,4.570000,2200
2015-10-22,4.730000,4.740000,4.350000,4.350000,4.350000,1400
2015-10-23,4.440000,4.540000,4.420000,4.420000,4.420000,700
2015-10-26,4.530000,4.670000,4.520000,4.660000,4.660000,1700
2015-10-27,4.700000,4.700000,4.520000,4.630000,4.630000,2500
2015-10-28,4.540000,4.550000,4.340000,4.540000,4.540000,3900
2015-10-29,4.550000,4.550000,4.540000,4.550000,4.550000,400
2015-10-30,4.470000,4.470000,4.470000,4.470000,4.470000,300
2015-11-02,4.540000,4.550000,4.540000,4.550000,4.550000,300
2015-11-03,4.420000,4.580000,4.400000,4.580000,4.580000,2200
2015-11-04,4.460000,4.460000,4.430000,4.440000,4.440000,900
2015-11-05,4.490000,4.500000,4.470000,4.500000,4.500000,1200
2015-11-06,4.590000,4.740000,4.590000,4.740000,4.740000,3200
2015-11-09,4.840000,4.850000,3.990000,4.040000,4.040000,35400
2015-11-10,4.000000,4.190000,4.000000,4.190000,4.190000,6600
2015-11-11,4.070000,4.070000,4.070000,4.070000,4.070000,500
2015-11-12,4.040000,4.040000,4.040000,4.040000,4.040000,400
2015-11-13,4.050000,4.050000,3.960000,4.000000,4.000000,1400
2015-11-16,3.980000,4.020000,3.900000,4.020000,4.020000,5100
2015-11-17,4.000000,4.130000,4.000000,4.000000,4.000000,3700
2015-11-18,4.120000,4.230000,4.120000,4.150000,4.150000,2100
2015-11-19,4.070000,4.150000,3.850000,4.150000,4.150000,5900
2015-11-20,4.060000,4.060000,4.060000,4.060000,4.060000,500
2015-11-23,4.050000,4.170000,4.000000,4.090000,4.090000,9000
2015-11-24,4.100000,4.100000,4.100000,4.100000,4.100000,200
2015-11-25,4.000000,4.000000,3.840000,4.000000,4.000000,12700
2015-11-27,3.880000,4.000000,3.880000,4.000000,4.000000,3700
2015-11-30,4.000000,4.110000,4.000000,4.110000,4.110000,600
2015-12-01,3.990000,4.190000,3.990000,4.180000,4.180000,2700
2015-12-02,4.180000,4.280000,4.180000,4.280000,4.280000,2100
2015-12-03,4.290000,4.300000,4.290000,4.300000,4.300000,2000
2015-12-04,4.300000,4.310000,4.240000,4.300000,4.300000,3000
2015-12-07,4.210000,4.230000,4.070000,4.140000,4.140000,2400
2015-12-08,4.130000,4.240000,4.120000,4.240000,4.240000,2300
2015-12-09,4.170000,4.180000,4.130000,4.180000,4.180000,1700
2015-12-10,4.180000,4.180000,4.180000,4.180000,4.180000,0
2015-12-11,3.900000,4.200000,3.900000,4.200000,4.200000,6200
2015-12-14,4.110000,4.200000,4.100000,4.190000,4.190000,2600
2015-12-15,4.190000,4.300000,4.150000,4.150000,4.150000,3100
2015-12-16,4.150000,4.150000,4.150000,4.150000,4.150000,0
2015-12-17,4.150000,4.270000,4.140000,4.270000,4.270000,2300
2015-12-18,4.270000,4.270000,4.250000,4.250000,4.250000,2100
2015-12-21,4.220000,4.320000,4.220000,4.290000,4.290000,1800
2015-12-22,4.270000,4.310000,4.270000,4.310000,4.310000,700
2015-12-23,4.150000,4.150000,4.150000,4.150000,4.150000,100
2015-12-24,4.170000,4.250000,4.170000,4.250000,4.250000,1400
2015-12-28,4.360000,4.430000,4.160000,4.160000,4.160000,4800
2015-12-29,4.270000,4.650000,4.160000,4.420000,4.420000,19400
2015-12-30,4.370000,4.450000,4.290000,4.360000,4.360000,4600
2015-12-31,4.260000,4.410000,4.160000,4.370000,4.370000,1800
2016-01-04,4.260000,4.260000,4.250000,4.250000,4.250000,900
2016-01-05,4.380000,4.380000,4.220000,4.220000,4.220000,2300
2016-01-06,4.220000,4.290000,4.080000,4.290000,4.290000,3000
2016-01-07,4.250000,4.510000,4.250000,4.370000,4.370000,1500
2016-01-08,4.360000,4.360000,4.250000,4.250000,4.250000,6100
2016-01-11,4.180000,4.250000,4.180000,4.250000,4.250000,1800
2016-01-12,4.200000,4.330000,4.200000,4.330000,4.330000,1800
2016-01-13,4.310000,4.320000,4.100000,4.100000,4.100000,5800
2016-01-14,4.130000,4.230000,4.020000,4.230000,4.230000,8600
2016-01-15,4.120000,4.200000,4.100000,4.150000,4.150000,2400
2016-01-19,4.090000,4.100000,4.090000,4.100000,4.100000,1400
2016-01-20,4.030000,4.090000,4.030000,4.090000,4.090000,300
2016-01-21,4.090000,4.090000,4.090000,4.090000,4.090000,0
2016-01-22,4.350000,4.350000,4.250000,4.250000,4.250000,600
2016-01-25,4.190000,4.250000,4.190000,4.190000,4.190000,2100
2016-01-26,4.190000,4.190000,4.190000,4.190000,4.190000,0
2016-01-27,4.080000,4.600000,4.080000,4.240000,4.240000,1600
2016-01-28,4.240000,4.240000,4.240000,4.240000,4.240000,0
2016-01-29,4.170000,4.170000,4.170000,4.170000,4.170000,100
2016-02-01,4.210000,4.230000,4.210000,4.230000,4.230000,900
2016-02-02,4.290000,4.290000,4.240000,4.240000,4.240000,800
2016-02-03,4.240000,4.240000,4.240000,4.240000,4.240000,0
2016-02-04,4.170000,4.170000,4.100000,4.100000,4.100000,1500
2016-02-05,4.200000,4.240000,4.200000,4.240000,4.240000,1300
2016-02-08,4.210000,4.210000,4.200000,4.200000,4.200000,4700
2016-02-09,4.220000,4.220000,4.220000,4.220000,4.220000,100
2016-02-10,4.220000,4.220000,4.220000,4.220000,4.220000,0
2016-02-11,4.200000,4.270000,4.200000,4.270000,4.270000,3500
2016-02-12,4.240000,4.240000,4.180000,4.180000,4.180000,900
2016-02-16,4.210000,4.210000,4.210000,4.210000,4.210000,500
2016-02-17,4.240000,4.240000,4.240000,4.240000,4.240000,100
2016-02-18,4.290000,4.300000,4.240000,4.290000,4.290000,3200
2016-02-19,4.240000,4.280000,4.240000,4.280000,4.280000,6300
2016-02-22,4.320000,4.410000,4.320000,4.410000,4.410000,1800
2016-02-23,4.410000,4.410000,4.410000,4.410000,4.410000,0
2016-02-24,4.340000,4.340000,4.220000,4.280000,4.280000,3100
2016-02-25,4.280000,4.280000,4.280000,4.280000,4.280000,0
2016-02-26,4.280000,4.280000,4.280000,4.280000,4.280000,0
2016-02-29,4.290000,4.290000,4.290000,4.290000,4.290000,300
2016-03-01,4.290000,4.290000,4.290000,4.290000,4.290000,4900
2016-03-02,4.040000,4.330000,4.040000,4.240000,4.240000,27100
2016-03-03,4.270000,4.270000,4.270000,4.270000,4.270000,2000
2016-03-04,4.220000,4.250000,4.200000,4.250000,4.250000,4700
2016-03-07,4.250000,4.250000,4.250000,4.250000,4.250000,600
2016-03-08,4.250000,4.250000,4.250000,4.250000,4.250000,0
2016-03-09,4.370000,4.370000,4.370000,4.370000,4.370000,100
2016-03-10,4.370000,4.370000,4.370000,4.370000,4.370000,0
2016-03-11,4.360000,4.370000,4.360000,4.370000,4.370000,800
2016-03-14,4.360000,4.490000,4.340000,4.340000,4.340000,600
2016-03-15,4.390000,4.390000,4.250000,4.350000,4.350000,1400
2016-03-16,4.270000,4.410000,4.270000,4.410000,4.410000,700
2016-03-17,4.410000,4.410000,4.410000,4.410000,4.410000,0
2016-03-18,4.410000,4.410000,4.410000,4.410000,4.410000,0
2016-03-21,4.330000,4.530000,4.300000,4.530000,4.530000,3300
2016-03-22,4.530000,4.530000,4.530000,4.530000,4.530000,0
2016-03-23,4.530000,4.530000,4.530000,4.530000,4.530000,0
2016-03-24,4.530000,4.530000,4.530000,4.530000,4.530000,0
2016-03-28,4.580000,4.580000,4.580000,4.580000,4.580000,100
2016-03-29,4.530000,4.650000,4.530000,4.650000,4.650000,1600
2016-03-30,4.700000,4.700000,4.700000,4.700000,4.700000,1000
2016-03-31,4.700000,4.700000,4.700000,4.700000,4.700000,0
2016-04-01,4.700000,4.700000,4.640000,4.640000,4.640000,2400
2016-04-04,4.640000,4.640000,4.640000,4.640000,4.640000,0
2016-04-05,4.460000,4.460000,4.370000,4.370000,4.370000,500
2016-04-06,4.370000,4.370000,4.370000,4.370000,4.370000,0
2016-04-07,4.370000,4.370000,4.370000,4.370000,4.370000,0
2016-04-08,4.310000,4.440000,4.300000,4.440000,4.440000,6400
2016-04-11,4.400000,4.400000,4.400000,4.400000,4.400000,200
2016-04-12,4.610000,4.630000,4.410000,4.410000,4.410000,1000
2016-04-13,4.610000,4.610000,4.610000,4.610000,4.610000,100
2016-04-14,4.650000,4.850000,4.650000,4.830000,4.830000,500
2016-04-15,4.680000,4.800000,4.680000,4.800000,4.800000,1100
2016-04-18,4.810000,4.810000,4.810000,4.810000,4.810000,300
2016-04-19,4.850000,4.850000,4.810000,4.850000,4.850000,1100
2016-04-20,4.850000,4.850000,4.850000,4.850000,4.850000,100
2016-04-21,4.850000,4.850000,4.850000,4.850000,4.850000,0
2016-04-22,4.850000,4.850000,4.850000,4.850000,4.850000,0
2016-04-25,4.850000,4.850000,4.850000,4.850000,4.850000,0
2016-04-26,4.750000,4.750000,4.620000,4.620000,4.620000,3300
2016-04-27,4.630000,4.630000,4.630000,4.630000,4.630000,300
2016-04-28,4.560000,4.560000,4.560000,4.560000,4.560000,6400
2016-04-29,4.560000,4.560000,4.560000,4.560000,4.560000,0
2016-05-02,4.980000,5.000000,4.860000,5.000000,5.000000,4000
2016-05-03,4.950000,5.000000,4.950000,5.000000,5.000000,800
2016-05-04,5.000000,5.000000,5.000000,5.000000,5.000000,0
2016-05-05,5.000000,5.000000,5.000000,5.000000,5.000000,200
2016-05-06,5.000000,5.000000,5.000000,5.000000,5.000000,0
2016-05-09,5.000000,5.000000,5.000000,5.000000,5.000000,200
2016-05-10,5.000000,5.000000,5.000000,5.000000,5.000000,600
2016-05-11,5.000000,5.000000,5.000000,5.000000,5.000000,0
2016-05-12,4.790000,4.790000,4.770000,4.770000,4.770000,600
2016-05-13,4.770000,4.770000,4.770000,4.770000,4.770000,0
2016-05-16,4.600000,4.600000,4.350000,4.350000,4.350000,1200
2016-05-17,4.450000,4.470000,4.450000,4.470000,4.470000,1700
2016-05-18,4.300000,4.580000,4.300000,4.520000,4.520000,9200
2016-05-19,4.670000,4.670000,4.530000,4.600000,4.600000,600
2016-05-20,4.560000,4.560000,4.540000,4.560000,4.560000,900
2016-05-23,4.660000,4.660000,4.650000,4.650000,4.650000,1600
2016-05-24,4.650000,4.730000,4.650000,4.650000,4.650000,1300
2016-05-25,5.000000,5.000000,4.680000,4.800000,4.800000,700
2016-05-26,4.720000,4.910000,4.700000,4.870000,4.870000,2600
2016-05-27,4.890000,4.950000,4.700000,4.700000,4.700000,2900
2016-05-31,4.720000,4.900000,4.660000,4.900000,4.900000,3400
2016-06-01,4.680000,4.680000,4.640000,4.640000,4.640000,5000
2016-06-02,4.700000,4.700000,4.700000,4.700000,4.700000,200
2016-06-03,4.710000,4.710000,4.710000,4.710000,4.710000,100
2016-06-06,4.570000,4.570000,4.570000,4.570000,4.570000,600
2016-06-07,4.600000,4.600000,4.600000,4.600000,4.600000,100
2016-06-08,4.560000,4.740000,4.500000,4.700000,4.700000,8100
2016-06-09,4.810000,4.810000,4.810000,4.810000,4.810000,100
2016-06-10,4.700000,4.750000,4.540000,4.750000,4.750000,600
2016-06-13,4.800000,4.800000,4.790000,4.790000,4.790000,1400
2016-06-14,4.650000,4.750000,4.650000,4.750000,4.750000,1600
2016-06-15,4.520000,4.660000,4.510000,4.620000,4.620000,9900
2016-06-16,4.600000,4.750000,4.580000,4.750000,4.750000,1200
2016-06-17,4.750000,4.750000,4.610000,4.610000,4.610000,400
2016-06-20,4.510000,4.510000,4.510000,4.510000,4.510000,500
2016-06-21,4.520000,4.560000,4.520000,4.560000,4.560000,700
2016-06-22,4.580000,4.750000,4.580000,4.750000,4.750000,16700
2016-06-23,4.750000,6.990000,4.730000,6.260000,6.260000,57700
2016-06-24,5.770000,6.500000,5.770000,6.110000,6.110000,20900
2016-06-27,6.220000,6.220000,5.980000,6.130000,6.130000,4700
2016-06-28,6.500000,7.590000,6.270000,7.380000,7.380000,56000
2016-06-29,7.560000,7.750000,7.300000,7.700000,7.700000,8900
2016-06-30,7.680000,7.800000,6.980000,6.980000,6.980000,43400
2016-07-01,6.860000,7.680000,6.860000,7.600000,7.600000,35700
2016-07-05,7.630000,8.340000,7.630000,8.040000,8.040000,11800
2016-07-06,8.080000,8.280000,7.910000,8.150000,8.150000,11800
2016-07-07,8.160000,8.160000,7.810000,8.000000,8.000000,11800
2016-07-08,8.160000,8.160000,7.830000,7.900000,7.900000,8600
2016-07-11,7.770000,8.000000,7.760000,7.960000,7.960000,3800
2016-07-12,7.590000,8.130000,7.590000,8.000000,8.000000,8700
2016-07-13,8.150000,8.490000,7.900000,8.200000,8.200000,29700
2016-07-14,8.150000,8.290000,7.540000,7.540000,7.540000,12900
2016-07-15,8.030000,8.030000,7.630000,7.970000,7.970000,2700
2016-07-18,7.960000,8.320000,7.920000,7.950000,7.950000,1100
2016-07-19,7.950000,7.950000,7.430000,7.430000,7.430000,1400
2016-07-20,7.570000,8.170000,7.400000,7.950000,7.950000,400
2016-07-21,7.920000,7.940000,7.860000,7.920000,7.920000,1800
2016-07-22,7.930000,7.930000,7.930000,7.930000,7.930000,100
2016-07-25,7.830000,7.830000,7.780000,7.780000,7.780000,400
2016-07-26,7.760000,7.760000,7.380000,7.380000,7.380000,400
2016-07-27,7.570000,7.650000,7.570000,7.620000,7.620000,900
2016-07-28,7.620000,7.620000,7.620000,7.620000,7.620000,0
2016-07-29,7.500000,7.500000,7.500000,7.500000,7.500000,2000
2016-08-01,7.450000,7.820000,7.440000,7.550000,7.550000,1700
2016-08-02,7.300000,7.300000,7.000000,7.010000,7.010000,4500
2016-08-03,7.180000,7.400000,7.160000,7.370000,7.370000,3200
2016-08-04,7.370000,7.510000,7.370000,7.510000,7.510000,400
2016-08-05,7.490000,7.500000,7.490000,7.490000,7.490000,500
2016-08-08,7.500000,7.500000,7.180000,7.250000,7.250000,2300
2016-08-09,7.250000,7.250000,7.250000,7.250000,7.250000,0
2016-08-10,7.230000,7.230000,7.230000,7.230000,7.230000,100
2016-08-11,7.450000,7.450000,7.250000,7.250000,7.250000,3600
2016-08-12,7.400000,7.490000,7.400000,7.490000,7.490000,200
2016-08-15,7.490000,7.490000,7.490000,7.490000,7.490000,100
2016-08-16,7.340000,7.340000,7.180000,7.180000,7.180000,500
2016-08-17,7.240000,7.260000,7.150000,7.210000,7.210000,8200
2016-08-18,7.130000,7.160000,7.000000,7.000000,7.000000,700
2016-08-19,7.020000,7.090000,7.020000,7.090000,7.090000,400
2016-08-22,7.140000,7.140000,7.010000,7.010000,7.010000,1400
2016-08-23,7.150000,7.200000,7.150000,7.200000,7.200000,1400
2016-08-24,7.180000,7.180000,7.090000,7.090000,7.090000,600
2016-08-25,6.970000,6.970000,6.970000,6.970000,6.970000,100
2016-08-26,6.970000,6.970000,6.970000,6.970000,6.970000,0
2016-08-29,7.080000,7.200000,6.940000,7.200000,7.200000,1000
2016-08-30,7.140000,7.140000,6.850000,6.880000,6.880000,1000
2016-08-31,6.850000,7.000000,6.850000,7.000000,7.000000,300
2016-09-01,7.050000,7.230000,7.050000,7.230000,7.230000,4400
2016-09-02,7.040000,7.040000,7.040000,7.040000,7.040000,200
2016-09-06,7.000000,7.200000,6.850000,7.200000,7.200000,6300
2016-09-07,6.900000,7.050000,6.800000,6.850000,6.850000,19400
2016-09-08,6.790000,7.000000,6.790000,7.000000,7.000000,1800
2016-09-09,7.050000,7.050000,6.770000,6.770000,6.770000,700
2016-09-12,6.940000,7.150000,6.870000,6.870000,6.870000,700
2016-09-13,6.770000,6.770000,6.770000,6.770000,6.770000,100
2016-09-14,6.680000,6.680000,6.650000,6.650000,6.650000,200
2016-09-15,6.810000,7.150000,6.810000,7.150000,7.150000,600
2016-09-16,7.010000,7.150000,7.010000,7.150000,7.150000,1400
2016-09-19,7.180000,8.170000,7.180000,7.900000,7.900000,5000
2016-09-20,7.890000,7.890000,7.780000,7.800000,7.800000,5000
2016-09-21,7.830000,8.360000,7.830000,8.050000,8.050000,8900
2016-09-22,8.090000,8.130000,7.840000,7.840000,7.840000,5400
2016-09-23,7.680000,8.040000,7.680000,7.920000,7.920000,400
2016-09-26,7.650000,8.000000,7.640000,7.810000,7.810000,500
2016-09-27,7.810000,7.810000,7.810000,7.810000,7.810000,0
2016-09-28,7.730000,7.730000,7.730000,7.730000,7.730000,400
2016-09-29,7.820000,7.900000,7.820000,7.900000,7.900000,2200
2016-09-30,7.900000,8.490000,7.900000,8.120000,8.120000,11500
2016-10-03,8.350000,8.710000,8.350000,8.690000,8.690000,12800
2016-10-04,8.690000,8.750000,8.470000,8.630000,8.630000,6200
2016-10-05,8.540000,8.760000,8.540000,8.680000,8.680000,3000
2016-10-06,8.620000,8.740000,8.620000,8.650000,8.650000,2000
2016-10-07,8.660000,8.990000,8.650000,8.990000,8.990000,10100
2016-10-10,9.300000,9.300000,8.860000,8.980000,8.980000,8400
2016-10-11,8.900000,8.990000,8.880000,8.880000,8.880000,8000
2016-10-12,9.050000,9.050000,8.620000,8.620000,8.620000,3400
2016-10-13,8.890000,9.210000,8.850000,9.090000,9.090000,11300
2016-10-14,9.020000,9.020000,9.020000,9.020000,9.020000,2300
2016-10-17,8.900000,9.290000,8.900000,9.010000,9.010000,800
2016-10-18,9.180000,9.180000,9.180000,9.180000,9.180000,200
2016-10-19,9.250000,9.350000,9.220000,9.290000,9.290000,7700
2016-10-20,9.300000,9.460000,9.000000,9.130000,9.130000,8400
2016-10-21,9.000000,9.060000,9.000000,9.060000,9.060000,500
2016-10-24,9.160000,9.450000,8.970000,9.450000,9.450000,4300
2016-10-25,9.300000,9.460000,9.300000,9.340000,9.340000,4900
2016-10-26,9.380000,9.380000,9.020000,9.020000,9.020000,400
2016-10-27,9.010000,9.420000,9.010000,9.150000,9.150000,4400
2016-10-28,9.100000,9.200000,8.720000,9.000000,9.000000,14100
2016-10-31,8.910000,9.370000,8.910000,9.190000,9.190000,1400
2016-11-01,9.190000,9.190000,9.190000,9.190000,9.190000,0
2016-11-02,9.200000,9.200000,8.890000,9.170000,9.170000,6000
2016-11-03,9.050000,9.070000,8.610000,8.620000,8.620000,1200
2016-11-04,8.670000,8.760000,8.650000,8.710000,8.710000,1300
2016-11-07,8.700000,8.700000,8.640000,8.640000,8.640000,1300
2016-11-08,8.620000,8.840000,8.620000,8.730000,8.730000,400
2016-11-09,8.200000,8.200000,7.520000,7.530000,7.530000,23200
2016-11-10,7.710000,7.720000,7.540000,7.540000,7.540000,1600
2016-11-11,7.530000,7.710000,7.530000,7.530000,7.530000,1200
2016-11-14,7.690000,7.700000,7.690000,7.700000,7.700000,600
2016-11-15,7.800000,7.810000,7.800000,7.800000,7.800000,2300
2016-11-16,7.900000,8.320000,7.900000,8.220000,8.220000,6400
2016-11-17,8.220000,8.220000,8.220000,8.220000,8.220000,0
2016-11-18,8.150000,8.160000,8.040000,8.050000,8.050000,600
2016-11-21,8.060000,8.210000,7.950000,8.110000,8.110000,7200
2016-11-22,8.100000,8.460000,8.100000,8.460000,8.460000,600
2016-11-23,8.200000,8.200000,8.000000,8.120000,8.120000,2300
2016-11-25,8.030000,8.030000,8.030000,8.030000,8.030000,600
2016-11-28,7.870000,7.880000,7.720000,7.780000,7.780000,1400
2016-11-29,7.840000,7.960000,7.810000,7.810000,7.810000,2800
2016-11-30,7.800000,7.800000,7.800000,7.800000,7.800000,1100
2016-12-01,7.710000,8.130000,7.560000,7.970000,7.970000,5400
2016-12-02,7.850000,7.950000,7.660000,7.660000,7.660000,3600
2016-12-05,7.850000,7.940000,7.670000,7.670000,7.670000,2200
2016-12-06,7.610000,7.750000,7.600000,7.750000,7.750000,3300
2016-12-07,7.670000,7.700000,7.260000,7.470000,7.470000,29900
2016-12-08,7.470000,7.560000,7.300000,7.380000,7.380000,9900
2016-12-09,7.310000,7.510000,6.500000,7.050000,7.050000,45500
2016-12-12,7.100000,7.220000,6.790000,6.920000,6.920000,3400
2016-12-13,6.940000,6.990000,6.940000,6.990000,6.990000,300
2016-12-14,6.950000,6.950000,6.310000,6.610000,6.610000,8000
2016-12-15,6.440000,6.700000,6.050000,6.650000,6.650000,26000
2016-12-16,6.550000,6.910000,6.400000,6.910000,6.910000,13400
2016-12-19,6.810000,6.930000,6.700000,6.840000,6.840000,5200
2016-12-20,6.940000,6.940000,6.940000,6.940000,6.940000,100
2016-12-21,6.770000,6.900000,6.170000,6.850000,6.850000,7000
2016-12-22,6.830000,6.940000,6.700000,6.940000,6.940000,1200
2016-12-23,6.710000,6.710000,6.370000,6.710000,6.710000,5700
2016-12-27,6.780000,6.780000,6.750000,6.750000,6.750000,400
2016-12-28,6.720000,6.760000,6.720000,6.760000,6.760000,200
2016-12-29,6.800000,6.800000,6.710000,6.800000,6.800000,1100
2016-12-30,6.810000,7.290000,6.780000,7.020000,7.020000,7300
2017-01-03,6.910000,7.860000,6.910000,7.860000,7.860000,9100
2017-01-04,7.550000,7.630000,7.450000,7.630000,7.630000,3700
2017-01-05,7.560000,7.560000,7.560000,7.560000,7.560000,600
2017-01-06,7.640000,7.700000,7.490000,7.690000,7.690000,2000
2017-01-09,7.740000,7.820000,7.470000,7.690000,7.690000,6700
2017-01-10,7.500000,7.670000,6.470000,6.610000,6.610000,47300
2017-01-11,6.630000,6.630000,6.400000,6.440000,6.440000,8600
2017-01-12,6.250000,6.390000,6.190000,6.390000,6.390000,3800
2017-01-13,6.440000,6.880000,6.440000,6.880000,6.880000,1300
2017-01-17,6.790000,6.850000,6.590000,6.850000,6.850000,2500
2017-01-18,6.860000,7.190000,6.860000,7.190000,7.190000,9700
2017-01-19,6.960000,7.200000,6.960000,7.200000,7.200000,1300
2017-01-20,7.200000,7.200000,7.200000,7.200000,7.200000,0
2017-01-23,7.290000,7.290000,7.110000,7.270000,7.270000,1400
2017-01-24,7.000000,7.270000,7.000000,7.210000,7.210000,1700
2017-01-25,7.140000,7.280000,6.960000,6.960000,6.960000,21600
2017-01-26,6.980000,6.980000,6.500000,6.500000,6.500000,47900
2017-01-27,6.630000,6.650000,6.500000,6.520000,6.520000,5300
2017-01-30,6.400000,6.520000,6.400000,6.480000,6.480000,500
2017-01-31,6.470000,6.550000,6.400000,6.450000,6.450000,8500
2017-02-01,6.580000,6.580000,6.370000,6.370000,6.370000,7500
2017-02-02,6.290000,6.350000,6.260000,6.340000,6.340000,7900
2017-02-03,6.250000,6.270000,6.200000,6.250000,6.250000,9900
2017-02-06,6.300000,6.300000,6.270000,6.280000,6.280000,2300
2017-02-07,6.250000,6.370000,6.200000,6.370000,6.370000,9000
2017-02-08,6.280000,6.280000,6.180000,6.180000,6.180000,400
2017-02-09,6.230000,6.270000,6.220000,6.270000,6.270000,1800
2017-02-10,6.210000,6.250000,6.180000,6.250000,6.250000,6200
2017-02-13,6.280000,6.560000,6.210000,6.500000,6.500000,4100
2017-02-14,6.380000,6.500000,6.380000,6.500000,6.500000,300
2017-02-15,6.440000,6.500000,6.440000,6.500000,6.500000,1300
2017-02-16,6.590000,6.610000,6.310000,6.580000,6.580000,2400
2017-02-17,6.310000,6.950000,6.300000,6.930000,6.930000,600
2017-02-21,6.440000,6.990000,6.410000,6.900000,6.900000,3100
2017-02-22,6.750000,6.920000,6.420000,6.920000,6.920000,16500
2017-02-23,6.750000,6.870000,6.440000,6.600000,6.600000,24700
2017-02-24,6.610000,6.900000,6.500000,6.900000,6.900000,30100
2017-02-27,6.560000,6.850000,6.460000,6.460000,6.460000,2600
2017-02-28,6.550000,6.850000,6.550000,6.720000,6.720000,1800
2017-03-01,6.800000,6.810000,6.800000,6.810000,6.810000,700
2017-03-02,6.810000,6.810000,6.810000,6.810000,6.810000,0
2017-03-03,6.430000,6.800000,6.430000,6.740000,6.740000,10100
2017-03-06,6.620000,6.620000,6.620000,6.620000,6.620000,100
2017-03-07,6.620000,6.620000,6.620000,6.620000,6.620000,0
2017-03-08,6.620000,6.620000,6.620000,6.620000,6.620000,0
2017-03-09,6.500000,6.600000,6.500000,6.600000,6.600000,300
2017-03-10,6.520000,6.590000,6.310000,6.590000,6.590000,17200
2017-03-13,6.450000,6.550000,6.400000,6.400000,6.400000,8700
2017-03-14,6.400000,6.400000,6.400000,6.400000,6.400000,0
2017-03-15,6.310000,6.340000,6.250000,6.340000,6.340000,500
2017-03-16,6.440000,6.700000,6.310000,6.310000,6.310000,12400
2017-03-17,6.330000,6.450000,6.310000,6.330000,6.330000,2400
2017-03-20,6.270000,6.300000,6.270000,6.300000,6.300000,400
2017-03-21,6.250000,6.250000,6.180000,6.190000,6.190000,3400
2017-03-22,6.170000,6.370000,6.170000,6.370000,6.370000,3300
2017-03-23,6.260000,6.460000,6.260000,6.360000,6.360000,6200
2017-03-24,6.480000,6.480000,6.260000,6.280000,6.280000,1900
2017-03-27,6.210000,6.520000,6.150000,6.520000,6.520000,7600
2017-03-28,6.350000,6.420000,6.350000,6.360000,6.360000,1000
2017-03-29,6.250000,6.250000,6.250000,6.250000,6.250000,600
2017-03-30,6.280000,6.280000,6.280000,6.280000,6.280000,300
2017-03-31,6.370000,6.650000,6.370000,6.640000,6.640000,4300
2017-04-03,6.530000,6.840000,6.530000,6.840000,6.840000,3800
2017-04-04,6.620000,6.780000,6.620000,6.750000,6.750000,5100
2017-04-05,6.710000,7.180000,6.710000,6.770000,6.770000,2100
2017-04-06,6.780000,7.000000,6.760000,6.760000,6.760000,500
2017-04-07,6.920000,7.130000,6.760000,6.760000,6.760000,2100
2017-04-10,6.960000,6.960000,6.960000,6.960000,6.960000,300
2017-04-11,6.990000,6.990000,6.990000,6.990000,6.990000,400
2017-04-12,6.870000,6.870000,6.870000,6.870000,6.870000,500
2017-04-13,6.900000,6.920000,6.900000,6.920000,6.920000,1100
2017-04-17,6.990000,6.990000,6.910000,6.910000,6.910000,900
2017-04-18,6.900000,7.220000,6.900000,7.220000,7.220000,900
2017-04-19,7.050000,7.120000,6.880000,7.120000,7.120000,1400
2017-04-20,7.120000,7.120000,7.120000,7.120000,7.120000,0
2017-04-21,6.950000,7.010000,6.910000,6.980000,6.980000,2900
2017-04-24,7.100000,7.180000,7.100000,7.120000,7.120000,1200
2017-04-25,7.160000,7.180000,7.160000,7.180000,7.180000,1400
2017-04-26,7.100000,7.150000,7.040000,7.150000,7.150000,900
2017-04-27,7.100000,7.100000,7.100000,7.100000,7.100000,100
2017-04-28,6.950000,6.950000,6.950000,6.950000,6.950000,200
2017-05-01,6.950000,6.950000,6.950000,6.950000,6.950000,0
2017-05-02,7.100000,7.100000,7.100000,7.100000,7.100000,400
2017-05-03,7.100000,7.100000,7.100000,7.100000,7.100000,0
2017-05-04,7.100000,7.100000,6.750000,6.750000,6.750000,1100
2017-05-05,6.750000,6.750000,6.750000,6.750000,6.750000,0
2017-05-08,7.080000,7.080000,6.960000,6.960000,6.960000,500
2017-05-09,7.120000,7.130000,7.040000,7.040000,7.040000,2200
2017-05-10,7.070000,7.100000,7.070000,7.100000,7.100000,3600
2017-05-11,7.100000,7.100000,7.100000,7.100000,7.100000,0
2017-05-12,7.100000,7.110000,7.100000,7.110000,7.110000,1500
2017-05-15,6.710000,7.090000,6.710000,6.890000,6.890000,19200
2017-05-16,6.890000,7.130000,6.880000,7.130000,7.130000,900
2017-05-17,7.190000,7.190000,6.900000,6.900000,6.900000,900
2017-05-18,7.020000,7.130000,6.800000,7.130000,7.130000,1300
2017-05-19,7.130000,7.130000,7.130000,7.130000,7.130000,0
2017-05-22,7.130000,7.130000,7.130000,7.130000,7.130000,0
2017-05-23,7.130000,7.130000,7.130000,7.130000,7.130000,0
2017-05-24,6.840000,6.900000,6.840000,6.900000,6.900000,1800
2017-05-25,6.840000,6.840000,6.840000,6.840000,6.840000,700
2017-05-26,6.860000,7.120000,6.850000,6.850000,6.850000,4100
2017-05-30,6.900000,7.110000,6.900000,7.100000,7.100000,600
2017-05-31,6.890000,6.940000,6.890000,6.890000,6.890000,2500
2017-06-01,6.770000,6.870000,6.510000,6.820000,6.820000,2600
2017-06-02,6.900000,7.000000,6.900000,7.000000,7.000000,2300
2017-06-05,6.890000,6.900000,6.890000,6.900000,6.900000,300
2017-06-06,6.840000,6.840000,6.820000,6.820000,6.820000,700
2017-06-07,6.870000,6.990000,6.860000,6.990000,6.990000,1900
2017-06-08,6.970000,7.040000,6.970000,7.040000,7.040000,1000
2017-06-09,7.000000,7.000000,6.510000,6.860000,6.860000,14500
2017-06-12,6.650000,6.970000,6.650000,6.970000,6.970000,300
2017-06-13,6.850000,7.050000,6.850000,7.050000,7.050000,700
2017-06-14,6.860000,6.970000,6.790000,6.970000,6.970000,2300
2017-06-15,6.910000,6.910000,6.910000,6.910000,6.910000,200
2017-06-16,6.920000,6.960000,6.900000,6.960000,6.960000,6300
2017-06-19,6.810000,7.150000,6.810000,7.070000,7.070000,4200
2017-06-20,7.100000,7.100000,6.550000,6.550000,6.550000,2100
2017-06-21,6.970000,6.970000,6.680000,6.890000,6.890000,16000
2017-06-22,6.890000,6.890000,6.890000,6.890000,6.890000,0
2017-06-23,7.000000,7.050000,7.000000,7.010000,7.010000,6000
2017-06-26,7.100000,7.950000,7.100000,7.900000,7.900000,8900
2017-06-27,7.710000,7.710000,7.210000,7.560000,7.560000,5800
2017-06-28,7.620000,7.620000,7.280000,7.340000,7.340000,5300
2017-06-29,7.250000,7.630000,7.250000,7.540000,7.540000,3000
2017-06-30,7.540000,7.540000,7.540000,7.540000,7.540000,0
2017-07-03,7.700000,7.900000,7.700000,7.900000,7.900000,1100
2017-07-05,7.520000,8.580000,7.490000,8.580000,8.580000,26900
2017-07-06,8.000000,8.200000,8.000000,8.100000,8.100000,14100
2017-07-07,8.690000,8.690000,8.000000,8.200000,8.200000,3700
2017-07-10,8.050000,8.060000,8.050000,8.060000,8.060000,400
2017-07-11,8.060000,8.060000,8.060000,8.060000,8.060000,0
2017-07-12,8.240000,8.240000,8.240000,8.240000,8.240000,100
2017-07-13,8.000000,8.080000,8.000000,8.080000,8.080000,2500
2017-07-14,8.180000,8.300000,8.180000,8.300000,8.300000,4700
2017-07-17,8.170000,8.170000,7.850000,8.040000,8.040000,9600
2017-07-18,8.270000,8.270000,8.220000,8.220000,8.220000,2600
2017-07-19,8.270000,8.270000,7.970000,8.200000,8.200000,2800
2017-07-20,8.190000,8.190000,8.190000,8.190000,8.190000,100
2017-07-21,8.130000,8.130000,7.900000,7.960000,7.960000,2600
2017-07-24,8.000000,8.000000,7.970000,8.000000,8.000000,6600
2017-07-25,8.000000,8.100000,8.000000,8.000000,8.000000,1200
2017-07-26,8.000000,8.000000,7.820000,7.850000,7.850000,8800
2017-07-27,7.850000,7.910000,7.500000,7.500000,7.500000,5000
2017-07-28,8.200000,8.200000,7.660000,7.660000,7.660000,1700
2017-07-31,7.470000,7.850000,7.470000,7.750000,7.750000,2000
2017-08-01,7.780000,7.780000,7.630000,7.730000,7.730000,3600
2017-08-02,7.850000,7.870000,7.450000,7.640000,7.640000,9500
2017-08-03,7.750000,8.200000,7.730000,8.200000,8.200000,7000
2017-08-04,7.620000,7.850000,7.560000,7.850000,7.850000,5300
2017-08-07,7.490000,7.630000,7.060000,7.200000,7.200000,30600
2017-08-08,7.250000,7.420000,7.250000,7.260000,7.260000,2700
2017-08-09,7.250000,7.410000,7.250000,7.250000,7.250000,2000
2017-08-10,7.330000,7.340000,7.250000,7.340000,7.340000,2300
2017-08-11,7.380000,7.390000,7.330000,7.330000,7.330000,1100
2017-08-14,7.300000,7.490000,7.300000,7.480000,7.480000,1700
2017-08-15,7.300000,7.470000,7.300000,7.300000,7.300000,2500
2017-08-16,7.350000,7.410000,7.350000,7.410000,7.410000,400
2017-08-17,7.200000,7.770000,7.200000,7.220000,7.220000,8400
2017-08-18,7.200000,7.200000,7.200000,7.200000,7.200000,100
2017-08-21,7.270000,8.130000,7.270000,7.610000,7.610000,21100
2017-08-22,7.610000,7.610000,7.610000,7.610000,7.610000,0
2017-08-23,7.780000,7.780000,7.680000,7.680000,7.680000,200
2017-08-24,7.680000,7.680000,7.680000,7.680000,7.680000,0
2017-08-25,7.900000,8.050000,7.370000,8.050000,8.050000,1300
2017-08-28,7.800000,8.010000,7.750000,7.750000,7.750000,3100
2017-08-29,7.970000,7.970000,6.040000,6.390000,6.390000,102100
2017-08-30,6.750000,6.750000,6.250000,6.470000,6.470000,15100
2017-08-31,6.320000,6.460000,6.320000,6.370000,6.370000,2300
2017-09-01,6.370000,6.600000,6.370000,6.530000,6.530000,17100
2017-09-05,6.140000,6.480000,6.140000,6.250000,6.250000,2300
2017-09-06,6.310000,6.310000,6.250000,6.250000,6.250000,1300
2017-09-07,6.250000,6.310000,6.250000,6.310000,6.310000,1800
2017-09-08,6.320000,7.140000,6.200000,7.040000,7.040000,29300
2017-09-11,6.950000,6.950000,6.810000,6.920000,6.920000,1500
2017-09-12,6.260000,7.290000,6.260000,7.060000,7.060000,8700
2017-09-13,6.920000,6.980000,6.660000,6.690000,6.690000,7300
2017-09-14,6.850000,6.850000,6.400000,6.670000,6.670000,18100
2017-09-15,6.520000,6.810000,6.490000,6.810000,6.810000,20700
2017-09-18,6.730000,6.750000,6.730000,6.750000,6.750000,1700
2017-09-19,6.560000,6.740000,6.430000,6.620000,6.620000,21700
2017-09-20,6.610000,6.610000,6.520000,6.520000,6.520000,1600
2017-09-21,6.460000,6.520000,6.380000,6.450000,6.450000,1400
2017-09-22,6.380000,6.400000,6.380000,6.380000,6.380000,3500
2017-09-25,6.380000,6.390000,6.240000,6.240000,6.240000,12400
2017-09-26,6.350000,6.430000,6.330000,6.370000,6.370000,5800
2017-09-27,6.470000,6.470000,6.400000,6.400000,6.400000,600
2017-09-28,6.340000,6.340000,6.300000,6.300000,6.300000,17700
2017-09-29,6.480000,6.480000,6.250000,6.340000,6.340000,2800
2017-10-02,6.360000,6.420000,6.340000,6.410000,6.410000,1700
2017-10-03,6.210000,6.440000,6.210000,6.370000,6.370000,5100
2017-10-04,6.300000,6.300000,6.050000,6.100000,6.100000,31800
2017-10-05,6.100000,6.360000,6.000000,6.200000,6.200000,70800
2017-10-06,6.200000,6.250000,6.130000,6.250000,6.250000,9900
2017-10-09,6.240000,6.240000,6.180000,6.240000,6.240000,1000
2017-10-10,6.120000,6.270000,6.120000,6.250000,6.250000,5500
2017-10-11,6.250000,6.250000,6.250000,6.250000,6.250000,0
2017-10-12,6.120000,6.200000,6.100000,6.200000,6.200000,4900
2017-10-13,6.260000,6.280000,6.200000,6.250000,6.250000,3400
2017-10-16,6.060000,6.060000,6.060000,6.060000,6.060000,500
2017-10-17,6.150000,6.200000,6.050000,6.060000,6.060000,21200
2017-10-18,6.100000,6.100000,6.100000,6.100000,6.100000,1200
2017-10-19,6.080000,6.100000,6.050000,6.060000,6.060000,7000
2017-10-20,6.060000,6.080000,6.060000,6.080000,6.080000,500
2017-10-23,6.080000,6.080000,6.080000,6.080000,6.080000,0
2017-10-24,6.070000,6.140000,6.070000,6.140000,6.140000,1500
2017-10-25,6.140000,6.140000,6.090000,6.100000,6.100000,4000
2017-10-26,6.100000,6.100000,6.100000,6.100000,6.100000,0
2017-10-27,6.130000,6.130000,6.110000,6.110000,6.110000,500
2017-10-30,6.130000,6.180000,6.100000,6.100000,6.100000,4100
2017-10-31,6.150000,6.190000,6.120000,6.120000,6.120000,3200
2017-11-01,6.100000,6.100000,6.100000,6.100000,6.100000,500
2017-11-02,6.060000,6.060000,6.060000,6.060000,6.060000,200
2017-11-03,6.070000,6.070000,6.060000,6.070000,6.070000,900
2017-11-06,6.100000,6.120000,6.100000,6.120000,6.120000,4500
2017-11-07,6.210000,6.350000,6.210000,6.230000,6.230000,10600
2017-11-08,6.230000,6.300000,6.230000,6.300000,6.300000,1800
2017-11-09,6.230000,6.230000,6.230000,6.230000,6.230000,200
2017-11-10,6.290000,6.290000,6.290000,6.290000,6.290000,200
2017-11-13,6.360000,6.360000,6.360000,6.360000,6.360000,200
2017-11-14,6.180000,6.180000,6.180000,6.180000,6.180000,200
2017-11-15,6.200000,6.200000,6.200000,6.200000,6.200000,200
2017-11-16,6.190000,6.200000,6.100000,6.120000,6.120000,8400
2017-11-17,6.150000,6.160000,6.150000,6.160000,6.160000,4400
2017-11-20,6.090000,6.170000,6.090000,6.170000,6.170000,400
2017-11-21,6.150000,6.150000,6.150000,6.150000,6.150000,400
2017-11-22,6.150000,6.150000,6.150000,6.150000,6.150000,0
2017-11-24,6.170000,6.170000,6.170000,6.170000,6.170000,100
2017-11-27,6.160000,6.330000,6.160000,6.320000,6.320000,7100
2017-11-28,6.260000,6.260000,6.250000,6.260000,6.260000,400
2017-11-29,6.180000,6.200000,6.120000,6.190000,6.190000,5900
2017-11-30,6.170000,6.180000,6.070000,6.100000,6.100000,8000
2017-12-01,6.100000,6.140000,6.100000,6.100000,6.100000,4900
2017-12-04,6.100000,6.270000,6.100000,6.180000,6.180000,1100
2017-12-05,6.180000,6.180000,6.180000,6.180000,6.180000,0
2017-12-06,6.060000,6.200000,6.060000,6.140000,6.140000,2500
2017-12-07,6.140000,6.140000,6.140000,6.140000,6.140000,0
2017-12-08,6.130000,6.170000,6.130000,6.170000,6.170000,2900
2017-12-11,6.170000,6.170000,6.170000,6.170000,6.170000,0
2017-12-12,6.120000,6.220000,6.110000,6.220000,6.220000,800
2017-12-13,6.160000,6.220000,6.160000,6.220000,6.220000,200
2017-12-14,6.220000,6.250000,6.200000,6.200000,6.200000,3000
2017-12-15,6.190000,6.200000,6.070000,6.070000,6.070000,23800
2017-12-18,6.080000,6.230000,6.050000,6.100000,6.100000,37700
2017-12-19,6.050000,6.100000,6.050000,6.100000,6.100000,600
2017-12-20,6.250000,6.250000,6.110000,6.110000,6.110000,200
2017-12-21,6.110000,6.110000,6.110000,6.110000,6.110000,600
2017-12-22,6.180000,6.180000,6.180000,6.180000,6.180000,500
2017-12-26,6.150000,6.150000,6.110000,6.140000,6.140000,2600
2017-12-27,6.110000,6.180000,6.110000,6.140000,6.140000,4400
2017-12-28,6.340000,6.340000,6.150000,6.150000,6.150000,1900
2017-12-29,6.160000,6.160000,6.160000,6.160000,6.160000,600
2018-01-02,6.210000,6.210000,6.200000,6.200000,6.200000,3400
2018-01-03,6.140000,6.140000,6.140000,6.140000,6.140000,200
2018-01-04,6.470000,6.470000,6.000000,6.000000,6.000000,2700
2018-01-05,6.180000,6.230000,6.050000,6.050000,6.050000,1400
2018-01-08,6.160000,6.160000,6.100000,6.110000,6.110000,700
2018-01-09,6.210000,6.210000,6.110000,6.110000,6.110000,3400
2018-01-10,6.220000,6.220000,6.090000,6.090000,6.090000,600
2018-01-11,6.090000,6.090000,6.090000,6.090000,6.090000,0
2018-01-12,6.100000,6.180000,6.090000,6.180000,6.180000,9500
2018-01-16,6.100000,6.240000,6.100000,6.150000,6.150000,5000
2018-01-17,6.170000,6.170000,6.090000,6.090000,6.090000,2000
2018-01-18,6.070000,6.080000,6.060000,6.060000,6.060000,900
2018-01-19,6.070000,6.080000,6.000000,6.010000,6.010000,2100
2018-01-22,6.040000,6.040000,6.040000,6.040000,6.040000,500
2018-01-23,6.050000,6.070000,6.050000,6.070000,6.070000,1600
2018-01-24,6.090000,6.200000,6.080000,6.080000,6.080000,1700
2018-01-25,6.120000,6.170000,6.120000,6.120000,6.120000,1300
2018-01-26,6.090000,6.090000,6.090000,6.090000,6.090000,100
2018-01-29,6.150000,6.150000,6.060000,6.100000,6.100000,11400
2018-01-30,6.030000,6.200000,6.030000,6.200000,6.200000,1100
2018-01-31,6.050000,6.050000,6.050000,6.050000,6.050000,200
2018-02-01,6.200000,6.200000,6.040000,6.070000,6.070000,1600
2018-02-02,6.040000,6.200000,6.040000,6.110000,6.110000,3200
2018-02-05,6.110000,6.110000,6.110000,6.110000,6.110000,0
2018-02-06,6.040000,6.150000,6.040000,6.150000,6.150000,1600
2018-02-07,6.150000,6.150000,6.150000,6.150000,6.150000,0
2018-02-08,6.090000,6.090000,6.090000,6.090000,6.090000,1100
2018-02-09,6.080000,6.080000,6.070000,6.070000,6.070000,4400
2018-02-12,6.040000,6.050000,6.040000,6.050000,6.050000,1600
2018-02-13,6.050000,6.050000,6.050000,6.050000,6.050000,0
2018-02-14,6.040000,6.040000,6.040000,6.040000,6.040000,1300
2018-02-15,6.080000,6.080000,6.080000,6.080000,6.080000,200
2018-02-16,6.150000,6.150000,6.150000,6.150000,6.150000,300
2018-02-20,6.150000,6.150000,6.150000,6.150000,6.150000,0
2018-02-21,6.150000,6.150000,6.150000,6.150000,6.150000,0
2018-02-22,6.150000,6.150000,6.150000,6.150000,6.150000,100
2018-02-23,6.150000,6.150000,6.150000,6.150000,6.150000,0
2018-02-26,6.080000,6.120000,6.080000,6.080000,6.080000,3400
2018-02-27,6.050000,6.100000,6.050000,6.100000,6.100000,1700
2018-02-28,6.110000,6.110000,6.100000,6.100000,6.100000,1300
2018-03-01,6.100000,6.100000,6.100000,6.100000,6.100000,0
2018-03-02,6.040000,6.040000,6.040000,6.040000,6.040000,200
2018-03-05,6.040000,6.040000,6.040000,6.040000,6.040000,0
2018-03-06,6.000000,6.180000,6.000000,6.040000,6.040000,1300
2018-03-07,6.000000,6.060000,6.000000,6.060000,6.060000,400
2018-03-08,6.060000,6.060000,6.060000,6.060000,6.060000,0
2018-03-09,6.050000,6.100000,6.050000,6.080000,6.080000,7400
2018-03-12,6.080000,6.080000,6.080000,6.080000,6.080000,0
2018-03-13,6.070000,6.100000,6.070000,6.100000,6.100000,2300
2018-03-14,6.100000,6.100000,6.070000,6.070000,6.070000,2400
2018-03-15,6.080000,6.080000,6.080000,6.080000,6.080000,100
2018-03-16,6.080000,6.400000,6.080000,6.400000,6.400000,18400
2018-03-19,6.150000,6.150000,6.140000,6.140000,6.140000,4200
2018-03-20,6.140000,6.140000,6.140000,6.140000,6.140000,0
2018-03-21,6.050000,6.150000,6.050000,6.150000,6.150000,800
2018-03-22,6.000000,6.000000,6.000000,6.000000,6.000000,200
2018-03-23,6.010000,6.140000,6.010000,6.140000,6.140000,2600
2018-03-26,6.110000,6.110000,6.110000,6.110000,6.110000,100
2018-03-27,6.030000,6.100000,6.030000,6.040000,6.040000,2200
2018-03-28,6.160000,6.160000,6.160000,6.160000,6.160000,100
2018-03-29,6.170000,6.250000,6.170000,6.250000,6.250000,2200
2018-04-02,6.030000,6.120000,6.030000,6.030000,6.030000,2300
2018-04-03,6.180000,6.200000,6.180000,6.190000,6.190000,600
2018-04-04,6.190000,6.190000,6.190000,6.190000,6.190000,0
2018-04-05,6.060000,6.150000,6.060000,6.150000,6.150000,1200
2018-04-06,6.150000,6.150000,6.150000,6.150000,6.150000,0
2018-04-09,6.200000,6.200000,6.030000,6.030000,6.030000,2900
2018-04-10,6.030000,6.030000,6.030000,6.030000,6.030000,0
2018-04-11,6.030000,6.030000,6.030000,6.030000,6.030000,0
2018-04-12,6.030000,6.030000,6.030000,6.030000,6.030000,0
2018-04-13,6.030000,6.030000,6.030000,6.030000,6.030000,0
2018-04-16,6.030000,6.030000,6.030000,6.030000,6.030000,0
2018-04-17,6.030000,6.030000,6.030000,6.030000,6.030000,0
2018-04-18,6.030000,6.030000,6.030000,6.030000,6.030000,0
2018-04-19,5.800000,5.900000,5.740000,5.900000,5.900000,4400
2018-04-20,6.010000,6.120000,6.010000,6.100000,6.100000,4500
2018-04-23,6.090000,6.090000,5.700000,5.700000,5.700000,3000
2018-04-24,6.130000,6.200000,6.070000,6.100000,6.100000,14300
2018-04-25,6.280000,6.280000,6.280000,6.280000,6.280000,300
2018-04-26,6.280000,6.280000,6.280000,6.280000,6.280000,0
2018-04-27,6.280000,6.280000,6.280000,6.280000,6.280000,0
2018-04-30,6.280000,6.280000,6.280000,6.280000,6.280000,0
2018-05-01,6.100000,6.100000,6.070000,6.070000,6.070000,700
2018-05-02,5.870000,5.970000,5.790000,5.970000,5.970000,4500
2018-05-03,6.280000,6.280000,5.840000,5.840000,5.840000,7200
2018-05-04,5.500000,5.980000,5.500000,5.980000,5.980000,400
2018-05-07,6.010000,6.070000,6.010000,6.070000,6.070000,1900
2018-05-08,6.050000,6.050000,6.050000,6.050000,6.050000,300
2018-05-09,6.290000,6.290000,6.060000,6.060000,6.060000,3300
2018-05-10,6.190000,6.190000,6.030000,6.030000,6.030000,1800
2018-05-11,6.030000,6.030000,6.030000,6.030000,6.030000,0
2018-05-14,6.030000,6.030000,6.030000,6.030000,6.030000,0
2018-05-15,6.020000,6.020000,6.020000,6.020000,6.020000,600
2018-05-16,6.030000,6.070000,6.020000,6.070000,6.070000,3600
2018-05-17,6.020000,6.030000,6.010000,6.010000,6.010000,4000
2018-05-18,6.150000,6.620000,6.150000,6.570000,6.570000,28800
2018-05-21,6.500000,6.920000,6.020000,6.150000,6.150000,25300
2018-05-22,6.020000,6.290000,6.020000,6.090000,6.090000,6100
2018-05-23,6.020000,6.090000,6.020000,6.020000,6.020000,3800
2018-05-24,6.050000,6.090000,6.040000,6.050000,6.050000,3500
2018-05-25,6.020000,6.360000,6.020000,6.110000,6.110000,3800
2018-05-29,6.140000,6.140000,6.020000,6.130000,6.130000,3800
2018-05-30,6.030000,6.370000,6.020000,6.120000,6.120000,3500
2018-05-31,6.030000,6.040000,6.030000,6.040000,6.040000,1500
2018-06-01,6.170000,6.270000,6.020000,6.120000,6.120000,5200
2018-06-04,6.020000,6.060000,6.020000,6.060000,6.060000,2100
2018-06-05,6.010000,6.070000,6.010000,6.070000,6.070000,800
2018-06-06,6.050000,6.060000,6.050000,6.060000,6.060000,9100
2018-06-07,6.060000,6.060000,6.060000,6.060000,6.060000,0
2018-06-08,6.050000,6.100000,6.010000,6.100000,6.100000,6200
2018-06-11,6.050000,6.080000,6.030000,6.070000,6.070000,2700
2018-06-12,6.090000,6.100000,6.010000,6.010000,6.010000,1900
2018-06-13,6.010000,6.010000,6.010000,6.010000,6.010000,100
2018-06-14,6.010000,6.010000,6.010000,6.010000,6.010000,1500
2018-06-15,6.070000,6.450000,6.030000,6.070000,6.070000,23600
2018-06-18,6.030000,6.400000,6.030000,6.230000,6.230000,65300
2018-06-19,6.040000,6.040000,6.030000,6.030000,6.030000,500
2018-06-20,6.030000,6.520000,6.020000,6.120000,6.120000,5300
2018-06-21,6.100000,6.400000,6.080000,6.360000,6.360000,74100
2018-06-22,6.250000,6.490000,6.120000,6.300000,6.300000,60600
2018-06-25,6.280000,6.400000,6.010000,6.030000,6.030000,50000
2018-06-26,6.050000,6.180000,6.050000,6.150000,6.150000,3200
2018-06-27,6.150000,6.150000,6.150000,6.150000,6.150000,0
2018-06-28,6.070000,6.180000,6.070000,6.180000,6.180000,300
2018-06-29,6.240000,6.240000,6.110000,6.110000,6.110000,300
2018-07-02,6.110000,6.110000,6.110000,6.110000,6.110000,0
2018-07-03,6.110000,6.110000,6.110000,6.110000,6.110000,0
2018-07-05,6.120000,6.120000,6.120000,6.120000,6.120000,400
2018-07-06,6.130000,6.130000,6.130000,6.130000,6.130000,200
2018-07-09,6.130000,6.130000,6.120000,6.130000,6.130000,800
2018-07-10,6.130000,6.130000,6.130000,6.130000,6.130000,0
2018-07-11,6.240000,6.240000,6.240000,6.240000,6.240000,500
2018-07-12,6.180000,6.180000,6.180000,6.180000,6.180000,200
2018-07-13,6.070000,6.070000,6.070000,6.070000,6.070000,1100
2018-07-16,6.100000,6.100000,6.100000,6.100000,6.100000,700
2018-07-17,6.100000,6.100000,6.100000,6.100000,6.100000,0
2018-07-18,6.040000,6.050000,6.030000,6.040000,6.040000,3200
2018-07-19,6.240000,6.240000,6.240000,6.240000,6.240000,500
2018-07-20,6.240000,6.240000,6.240000,6.240000,6.240000,0
2018-07-23,6.110000,6.110000,6.080000,6.080000,6.080000,500
2018-07-24,6.080000,6.110000,6.080000,6.110000,6.110000,2200
2018-07-25,6.120000,6.120000,6.110000,6.110000,6.110000,1400
2018-07-26,6.030000,6.070000,6.020000,6.020000,6.020000,2500
2018-07-27,6.210000,6.210000,6.120000,6.120000,6.120000,500
2018-07-30,6.120000,6.120000,6.120000,6.120000,6.120000,0
2018-07-31,6.010000,6.240000,6.010000,6.130000,6.130000,3800
2018-08-01,6.020000,6.020000,6.010000,6.010000,6.010000,200
2018-08-02,6.020000,6.020000,6.020000,6.020000,6.020000,400
2018-08-03,6.160000,6.160000,6.160000,6.160000,6.160000,200
2018-08-06,6.120000,6.120000,6.120000,6.120000,6.120000,600
2018-08-07,6.130000,6.130000,6.120000,6.120000,6.120000,600
2018-08-08,6.120000,6.240000,6.120000,6.240000,6.240000,3000
2018-08-09,6.240000,6.240000,6.240000,6.240000,6.240000,100
2018-08-10,6.120000,6.150000,6.120000,6.130000,6.130000,1400
2018-08-13,6.140000,6.140000,6.120000,6.120000,6.120000,500
2018-08-14,6.120000,6.120000,6.120000,6.120000,6.120000,0
2018-08-15,6.120000,6.120000,6.120000,6.120000,6.120000,0
2018-08-16,6.120000,6.120000,6.120000,6.120000,6.120000,0
2018-08-17,6.120000,6.120000,6.120000,6.120000,6.120000,0
2018-08-20,6.120000,6.120000,6.120000,6.120000,6.120000,0
2018-08-21,6.080000,6.080000,6.080000,6.080000,6.080000,900
2018-08-22,6.050000,6.050000,6.050000,6.050000,6.050000,400
2018-08-23,6.050000,6.050000,6.050000,6.050000,6.050000,0
2018-08-24,6.010000,6.060000,6.010000,6.060000,6.060000,700
2018-08-27,6.060000,6.060000,6.020000,6.020000,6.020000,900
2018-08-28,6.010000,6.010000,6.010000,6.010000,6.010000,300
2018-08-29,6.000000,6.090000,6.000000,6.000000,6.000000,1500
2018-08-30,5.920000,5.920000,5.920000,5.920000,5.920000,100
2018-08-31,6.050000,6.050000,6.050000,6.050000,6.050000,500
2018-09-04,6.050000,6.050000,6.050000,6.050000,6.050000,0
2018-09-05,5.950000,6.040000,5.950000,5.980000,5.980000,500
2018-09-06,5.980000,5.980000,5.980000,5.980000,5.980000,0
2018-09-07,5.950000,5.950000,5.950000,5.950000,5.950000,200
2018-09-10,5.950000,6.040000,5.950000,6.040000,6.040000,700
2018-09-11,5.950000,6.110000,5.950000,6.100000,6.100000,3000
2018-09-12,6.120000,6.120000,5.920000,5.920000,5.920000,200
2018-09-13,5.950000,6.140000,5.950000,6.080000,6.080000,2300
2018-09-14,6.140000,6.140000,5.980000,5.980000,5.980000,1200
2018-09-17,6.020000,6.080000,6.010000,6.040000,6.040000,1200
2018-09-18,6.140000,6.140000,6.140000,6.140000,6.140000,100
2018-09-19,6.090000,6.090000,6.050000,6.050000,6.050000,600
2018-09-20,6.050000,6.140000,6.050000,6.140000,6.140000,1100
2018-09-21,6.010000,6.130000,5.830000,5.830000,5.830000,1500
2018-09-24,6.010000,6.030000,5.950000,5.970000,5.970000,2200
2018-09-25,6.000000,6.000000,5.970000,5.970000,5.970000,400
2018-09-26,5.970000,5.970000,5.970000,5.970000,5.970000,0
2018-09-27,5.920000,6.060000,5.920000,5.990000,5.990000,7100
2018-09-28,5.960000,6.030000,5.960000,6.030000,6.030000,1100
2018-10-01,6.140000,6.140000,5.970000,5.970000,5.970000,1000
2018-10-02,6.070000,6.140000,6.070000,6.140000,6.140000,800
2018-10-03,6.130000,6.130000,6.000000,6.000000,6.000000,300
2018-10-04,6.060000,6.060000,5.990000,5.990000,5.990000,900
2018-10-05,5.950000,5.980000,5.950000,5.980000,5.980000,600
2018-10-08,6.000000,6.000000,5.970000,5.970000,5.970000,5300
2018-10-09,6.000000,6.000000,5.990000,5.990000,5.990000,4200
2018-10-10,5.820000,5.980000,5.820000,5.980000,5.980000,1000
2018-10-11,5.840000,5.990000,5.820000,5.820000,5.820000,1100
2018-10-12,5.900000,6.050000,5.890000,5.970000,5.970000,1400
2018-10-15,5.830000,6.050000,5.830000,6.050000,6.050000,800
2018-10-16,6.050000,6.050000,6.050000,6.050000,6.050000,1600
2018-10-17,5.900000,5.900000,5.900000,5.900000,5.900000,600
2018-10-18,6.050000,6.050000,6.000000,6.050000,6.050000,800
2018-10-19,6.050000,6.050000,5.820000,5.850000,5.850000,2300
2018-10-22,5.830000,5.870000,5.830000,5.850000,5.850000,3100
2018-10-23,5.850000,5.850000,5.850000,5.850000,5.850000,500
2018-10-24,5.910000,5.910000,5.910000,5.910000,5.910000,200
2018-10-25,5.850000,5.880000,5.850000,5.880000,5.880000,800
2018-10-26,5.880000,5.880000,5.870000,5.880000,5.880000,600
2018-10-29,5.530000,5.850000,5.530000,5.780000,5.780000,4100
2018-10-30,5.950000,6.000000,5.530000,5.870000,5.870000,16700
2018-10-31,5.700000,6.100000,5.630000,5.800000,5.800000,33300
2018-11-01,5.620000,5.960000,5.620000,5.960000,5.960000,7800
2018-11-02,6.020000,6.140000,5.670000,5.850000,5.850000,35600
2018-11-05,5.840000,5.850000,5.630000,5.630000,5.630000,10100
2018-11-06,5.720000,5.870000,5.660000,5.800000,5.800000,2000
2018-11-07,6.020000,6.020000,5.750000,5.750000,5.750000,1600
2018-11-08,5.950000,5.950000,5.660000,5.660000,5.660000,2200
2018-11-09,5.660000,5.660000,5.660000,5.660000,5.660000,2100
2018-11-12,5.840000,5.870000,5.840000,5.870000,5.870000,500
2018-11-13,5.990000,5.990000,5.990000,5.990000,5.990000,200
2018-11-14,5.990000,5.990000,5.990000,5.990000,5.990000,100
2018-11-15,5.900000,5.900000,5.900000,5.900000,5.900000,100
2018-11-16,5.780000,5.780000,5.780000,5.780000,5.780000,200
2018-11-19,5.800000,5.900000,5.770000,5.770000,5.770000,4600
2018-11-20,5.760000,5.960000,5.760000,5.960000,5.960000,700
2018-11-21,5.960000,5.960000,5.960000,5.960000,5.960000,100
2018-11-23,5.960000,5.960000,5.960000,5.960000,5.960000,100
2018-11-26,5.960000,5.960000,5.960000,5.960000,5.960000,100
2018-11-27,5.800000,5.800000,5.800000,5.800000,5.800000,2200
2018-11-28,5.800000,5.800000,5.800000,5.800000,5.800000,100
2018-11-29,5.760000,5.910000,5.760000,5.800000,5.800000,1300
2018-11-30,5.800000,5.980000,5.800000,5.920000,5.920000,1600
2018-12-03,5.630000,5.840000,5.600000,5.840000,5.840000,2000
2018-12-04,5.650000,5.680000,5.600000,5.620000,5.620000,2700
2018-12-06,5.620000,5.660000,5.500000,5.660000,5.660000,3900
2018-12-07,5.500000,5.860000,5.500000,5.560000,5.560000,3900
2018-12-10,5.660000,5.860000,5.510000,5.510000,5.510000,4400
2018-12-11,5.520000,5.550000,5.500000,5.500000,5.500000,2500
2018-12-12,5.590000,5.720000,5.460000,5.490000,5.490000,1500
2018-12-13,5.740000,5.740000,5.640000,5.640000,5.640000,700
2018-12-14,5.600000,5.680000,5.600000,5.680000,5.680000,300
2018-12-17,5.600000,5.980000,5.410000,5.500000,5.500000,5500
2018-12-18,5.400000,5.500000,5.390000,5.460000,5.460000,6600
2018-12-19,5.600000,5.600000,5.320000,5.320000,5.320000,2100
2018-12-20,5.570000,5.600000,5.320000,5.320000,5.320000,5500
2018-12-21,5.830000,5.840000,5.330000,5.340000,5.340000,6100
2018-12-24,5.500000,5.500000,5.300000,5.300000,5.300000,3700
2018-12-26,5.300000,5.320000,5.300000,5.320000,5.320000,3000
2018-12-27,5.300000,5.800000,5.300000,5.300000,5.300000,1400
2018-12-28,5.400000,5.900000,5.310000,5.400000,5.400000,1800
2018-12-31,5.310000,5.600000,5.310000,5.600000,5.600000,7300
2019-01-02,5.900000,5.900000,5.340000,5.340000,5.340000,800
2019-01-03,5.410000,5.450000,5.390000,5.390000,5.390000,600
2019-01-04,5.550000,5.620000,5.470000,5.500000,5.500000,1000
2019-01-07,5.760000,5.760000,5.760000,5.760000,5.760000,200
2019-01-08,5.330000,5.380000,5.330000,5.380000,5.380000,800
2019-01-09,5.450000,5.700000,5.340000,5.420000,5.420000,12100
2019-01-10,5.590000,5.590000,5.360000,5.360000,5.360000,1400
2019-01-11,5.370000,5.370000,5.370000,5.370000,5.370000,500
2019-01-14,5.380000,5.410000,5.380000,5.380000,5.380000,1100
2019-01-15,5.340000,5.350000,5.150000,5.150000,5.150000,11100
2019-01-16,5.120000,5.200000,5.100000,5.150000,5.150000,3000
2019-01-17,5.460000,5.460000,5.350000,5.350000,5.350000,200
2019-01-18,5.230000,5.230000,5.130000,5.210000,5.210000,1600
2019-01-22,5.290000,5.290000,5.290000,5.290000,5.290000,800
2019-01-23,5.290000,5.290000,5.160000,5.230000,5.230000,600
2019-01-24,5.160000,5.160000,5.160000,5.160000,5.160000,300
2019-01-25,5.160000,5.160000,5.160000,5.160000,5.160000,100
2019-01-28,5.190000,5.210000,5.160000,5.210000,5.210000,1500
2019-01-29,5.230000,5.230000,5.230000,5.230000,5.230000,1000
2019-01-30,5.480000,5.490000,5.480000,5.490000,5.490000,2100
2019-01-31,5.490000,5.490000,5.490000,5.490000,5.490000,100
2019-02-01,5.350000,5.350000,5.350000,5.350000,5.350000,200
2019-02-04,5.490000,5.490000,5.470000,5.470000,5.470000,2000
2019-02-05,5.420000,5.440000,5.420000,5.440000,5.440000,6400
2019-02-06,5.420000,5.600000,5.420000,5.570000,5.570000,9000
2019-02-07,5.910000,6.250000,5.850000,5.850000,5.850000,16600
2019-02-08,5.720000,5.980000,5.720000,5.890000,5.890000,5100
2019-02-11,5.900000,5.900000,5.900000,5.900000,5.900000,1500
2019-02-12,5.860000,5.970000,5.860000,5.910000,5.910000,11100
2019-02-13,6.010000,6.150000,5.920000,5.990000,5.990000,2700
2019-02-14,5.910000,5.910000,5.910000,5.910000,5.910000,300
2019-02-15,5.890000,5.890000,5.720000,5.720000,5.720000,3300
2019-02-19,5.670000,5.870000,5.670000,5.870000,5.870000,600
2019-02-20,5.670000,5.670000,5.670000,5.670000,5.670000,400
2019-02-21,5.670000,5.670000,5.670000,5.670000,5.670000,100
2019-02-22,5.670000,5.670000,5.670000,5.670000,5.670000,100
2019-02-25,5.750000,5.750000,5.590000,5.700000,5.700000,6200
2019-02-26,6.140000,6.330000,5.770000,6.040000,6.040000,7400
2019-02-27,5.950000,6.240000,5.950000,6.000000,6.000000,2700
2019-02-28,5.840000,6.100000,5.840000,6.100000,6.100000,5000
2019-03-01,5.860000,6.120000,5.860000,5.990000,5.990000,6000
2019-03-04,5.890000,6.300000,5.890000,6.070000,6.070000,11600
2019-03-05,5.910000,6.270000,5.890000,5.900000,5.900000,6900
2019-03-06,5.950000,6.200000,5.950000,6.190000,6.190000,3200
2019-03-07,6.250000,6.260000,6.010000,6.100000,6.100000,5200
2019-03-08,6.070000,6.200000,5.920000,6.020000,6.020000,3200
2019-03-11,5.930000,6.270000,5.930000,6.090000,6.090000,2100
2019-03-12,6.010000,6.160000,6.010000,6.130000,6.130000,700
2019-03-13,6.230000,6.230000,6.230000,6.230000,6.230000,500
2019-03-14,6.400000,6.400000,5.950000,6.170000,6.170000,7200
2019-03-15,5.990000,6.300000,5.920000,5.960000,5.960000,7800
2019-03-18,6.360000,6.360000,6.360000,6.360000,6.360000,100
2019-03-19,5.950000,6.280000,5.950000,6.050000,6.050000,8100
2019-03-20,6.050000,6.230000,5.890000,6.000000,6.000000,7900
2019-03-21,5.850000,6.000000,5.850000,5.990000,5.990000,3300
2019-03-22,5.990000,6.230000,5.930000,6.020000,6.020000,8100
2019-03-25,5.920000,6.130000,5.830000,6.040000,6.040000,13200
2019-03-26,5.950000,6.330000,5.930000,6.010000,6.010000,8000
2019-03-27,6.010000,6.010000,6.010000,6.010000,6.010000,800
2019-03-28,6.010000,6.010000,5.910000,5.910000,5.910000,1400
2019-03-29,6.010000,6.010000,6.010000,6.010000,6.010000,600
2019-04-01,5.810000,5.810000,5.810000,5.810000,5.810000,200
2019-04-02,5.870000,6.390000,5.750000,6.030000,6.030000,33100
2019-04-03,5.950000,6.170000,5.810000,5.930000,5.930000,14700
2019-04-04,5.910000,6.200000,5.910000,5.910000,5.910000,10000
2019-04-05,5.920000,6.170000,5.810000,5.820000,5.820000,10800
2019-04-08,5.920000,6.080000,5.820000,6.080000,6.080000,7900
2019-04-09,6.100000,6.100000,5.900000,5.910000,5.910000,4200
2019-04-10,5.840000,5.840000,5.840000,5.840000,5.840000,400
2019-04-11,5.930000,6.180000,5.850000,5.850000,5.850000,2200
2019-04-12,5.850000,5.910000,5.830000,5.910000,5.910000,3300
2019-04-15,6.040000,6.110000,5.950000,5.950000,5.950000,4100
2019-04-16,5.950000,6.070000,5.890000,5.950000,5.950000,2500
2019-04-17,5.870000,5.920000,5.850000,5.850000,5.850000,4900
2019-04-18,5.830000,5.860000,5.800000,5.800000,5.800000,7100
2019-04-22,5.820000,5.880000,5.710000,5.800000,5.800000,13400
2019-04-23,5.830000,6.200000,5.740000,6.040000,6.040000,7700
2019-04-24,5.920000,6.100000,5.900000,6.080000,6.080000,7000
2019-04-25,6.100000,6.250000,5.930000,6.010000,6.010000,8700
2019-04-26,5.950000,6.180000,5.950000,6.180000,6.180000,1400
2019-04-29,6.060000,6.090000,6.060000,6.090000,6.090000,300
2019-04-30,6.060000,6.180000,6.000000,6.020000,6.020000,8700
2019-05-01,6.050000,6.060000,6.040000,6.040000,6.040000,1300
2019-05-02,6.050000,6.060000,6.000000,6.000000,6.000000,1100
2019-05-03,6.060000,6.060000,6.040000,6.060000,6.060000,2700
2019-05-06,5.940000,5.940000,5.940000,5.940000,5.940000,200
2019-05-07,6.060000,6.060000,5.950000,6.030000,6.030000,900
2019-05-08,6.050000,6.060000,5.900000,6.060000,6.060000,2400
2019-05-09,6.050000,6.220000,6.050000,6.060000,6.060000,7200
2019-05-10,6.040000,6.050000,5.930000,5.960000,5.960000,5400
2019-05-13,6.140000,6.140000,5.820000,5.820000,5.820000,5200
2019-05-14,5.980000,6.020000,5.980000,6.020000,6.020000,600
2019-05-15,5.880000,6.300000,5.880000,6.100000,6.100000,8600
2019-05-16,6.150000,6.150000,6.000000,6.060000,6.060000,5400
2019-05-17,5.900000,6.150000,5.860000,5.860000,5.860000,2200
2019-05-20,5.910000,6.060000,5.910000,6.060000,6.060000,1200
2019-05-21,6.010000,6.200000,5.900000,6.000000,6.000000,3800
2019-05-22,5.890000,5.970000,5.890000,5.900000,5.900000,900
2019-05-23,5.870000,6.150000,5.850000,5.850000,5.850000,4600
2019-05-24,5.850000,6.060000,5.850000,6.050000,6.050000,3400
2019-05-28,6.100000,6.120000,5.800000,5.870000,5.870000,11500
2019-05-29,5.740000,6.010000,5.740000,6.010000,6.010000,800
2019-05-30,5.770000,5.770000,5.770000,5.770000,5.770000,500
2019-05-31,5.920000,5.990000,5.920000,5.990000,5.990000,4600
2019-06-03,5.980000,6.000000,5.810000,5.900000,5.900000,12000
2019-06-04,5.740000,5.740000,5.740000,5.740000,5.740000,400
2019-06-05,5.740000,5.740000,5.740000,5.740000,5.740000,100
2019-06-06,5.870000,5.870000,5.870000,5.870000,5.870000,200
2019-06-07,5.760000,5.970000,5.750000,5.860000,5.860000,2900
2019-06-10,5.740000,6.000000,5.510000,5.880000,5.880000,11100
2019-06-11,6.000000,6.000000,5.770000,5.920000,5.920000,2100
2019-06-12,5.980000,5.980000,5.800000,5.800000,5.800000,2600
2019-06-13,5.800000,5.800000,5.800000,5.800000,5.800000,3700
2019-06-14,5.850000,5.850000,5.750000,5.750000,5.750000,700
2019-06-17,5.750000,5.800000,5.750000,5.800000,5.800000,1500
2019-06-18,5.790000,5.790000,5.790000,5.790000,5.790000,300
2019-06-19,5.790000,5.790000,5.790000,5.790000,5.790000,200
2019-06-20,5.730000,5.740000,5.710000,5.710000,5.710000,1100
2019-06-21,5.710000,5.710000,5.710000,5.710000,5.710000,100
2019-06-24,5.720000,5.950000,5.720000,5.800000,5.800000,13000
2019-06-25,5.770000,5.770000,5.770000,5.770000,5.770000,500
2019-06-26,5.800000,5.900000,5.800000,5.900000,5.900000,3000
2019-06-27,5.900000,5.900000,5.900000,5.900000,5.900000,0
2019-06-28,5.790000,5.980000,5.770000,5.800000,5.800000,10300
2019-07-01,5.800000,5.800000,5.800000,5.800000,5.800000,800
2019-07-02,5.900000,5.900000,5.900000,5.900000,5.900000,1000
2019-07-03,5.900000,5.900000,5.900000,5.900000,5.900000,0
2019-07-05,5.920000,5.940000,5.920000,5.940000,5.940000,1800
2019-07-08,5.740000,5.950000,5.740000,5.800000,5.800000,500
2019-07-09,5.760000,5.760000,5.760000,5.760000,5.760000,100
2019-07-10,5.760000,5.760000,5.760000,5.760000,5.760000,100
2019-07-11,5.900000,6.000000,5.900000,6.000000,6.000000,800
2019-07-12,6.000000,6.000000,5.900000,5.900000,5.900000,1100
2019-07-15,6.000000,6.950000,6.000000,6.640000,6.640000,16200
2019-07-16,6.820000,7.690000,6.760000,7.670000,7.670000,54200
2019-07-17,7.750000,8.440000,7.520000,8.310000,8.310000,83500
2019-07-18,8.440000,8.790000,8.100000,8.740000,8.740000,70600
2019-07-19,8.820000,9.150000,8.300000,8.750000,8.750000,48600
2019-07-22,8.870000,9.650000,8.780000,9.430000,9.430000,65200
2019-07-23,9.500000,9.750000,9.090000,9.410000,9.410000,64100
2019-07-24,9.150000,9.750000,9.150000,9.550000,9.550000,24200
2019-07-25,9.510000,9.750000,9.050000,9.470000,9.470000,22600
2019-07-26,9.380000,9.590000,9.250000,9.270000,9.270000,10600
2019-07-29,9.400000,9.750000,9.050000,9.160000,9.160000,21900
2019-07-30,9.080000,10.160000,7.720000,8.430000,8.430000,156500
2019-07-31,8.320000,9.450000,8.310000,9.010000,9.010000,30100
2019-08-01,9.390000,9.500000,9.210000,9.300000,9.300000,35500
2019-08-02,9.390000,9.440000,9.150000,9.300000,9.300000,10300
2019-08-05,9.290000,9.350000,8.240000,8.780000,8.780000,8800
2019-08-06,9.090000,9.390000,8.880000,9.030000,9.030000,23100
2019-08-07,9.030000,9.200000,8.740000,9.050000,9.050000,6200
2019-08-08,9.280000,10.100000,9.160000,9.550000,9.550000,90800
2019-08-09,9.810000,9.860000,9.340000,9.660000,9.660000,14800
2019-08-12,9.500000,9.500000,9.220000,9.500000,9.500000,12500
2019-08-13,9.500000,9.640000,9.410000,9.440000,9.440000,35900
2019-08-14,9.350000,9.460000,8.860000,9.090000,9.090000,19200
2019-08-15,9.410000,9.580000,9.150000,9.540000,9.540000,18700
2019-08-16,9.550000,9.890000,9.310000,9.650000,9.650000,45200
2019-08-19,9.800000,10.480000,9.210000,10.100000,10.100000,76400
2019-08-20,10.100000,10.480000,9.310000,10.470000,10.470000,84900
2019-08-21,10.580000,11.200000,10.580000,10.780000,10.780000,64000
2019-08-22,10.870000,10.950000,10.300000,10.390000,10.390000,18600
2019-08-23,10.140000,10.270000,9.620000,9.850000,9.850000,17900
2019-08-26,9.780000,10.070000,9.280000,9.900000,9.900000,32400
2019-08-27,9.840000,10.040000,9.390000,9.700000,9.700000,35700
2019-08-28,10.000000,10.000000,9.970000,10.000000,10.000000,1600
2019-08-29,10.010000,10.210000,9.810000,9.900000,9.900000,6500
2019-08-30,9.640000,9.900000,9.500000,9.790000,9.790000,17300
2019-09-03,9.730000,9.730000,9.450000,9.690000,9.690000,6400
2019-09-04,9.480000,9.890000,9.460000,9.810000,9.810000,5900
2019-09-05,9.890000,9.890000,9.650000,9.650000,9.650000,2000
2019-09-06,9.570000,9.710000,9.350000,9.560000,9.560000,15500
2019-09-09,9.750000,10.240000,9.610000,10.090000,10.090000,51700
2019-09-10,10.230000,10.250000,9.410000,9.480000,9.480000,64600
2019-09-11,9.280000,10.050000,9.280000,10.020000,10.020000,26100
2019-09-12,10.130000,10.160000,9.570000,9.900000,9.900000,26500
2019-09-13,10.030000,10.270000,9.600000,10.000000,10.000000,65000
2019-09-16,10.140000,10.150000,9.650000,9.950000,9.950000,20000
2019-09-17,9.880000,9.950000,9.760000,9.840000,9.840000,13600
2019-09-18,9.750000,10.470000,9.700000,10.070000,10.070000,42100
2019-09-19,10.100000,10.430000,9.700000,9.780000,9.780000,56100
2019-09-20,9.840000,10.050000,9.800000,9.990000,9.990000,29000
2019-09-23,10.100000,10.430000,10.000000,10.230000,10.230000,36800
2019-09-24,10.000000,10.400000,9.850000,9.850000,9.850000,21800
2019-09-25,9.930000,10.080000,9.890000,10.080000,10.080000,9300
2019-09-26,9.980000,10.290000,9.850000,10.210000,10.210000,12800
2019-09-27,10.300000,10.350000,9.890000,10.150000,10.150000,19100
2019-09-30,10.150000,10.290000,10.070000,10.140000,10.140000,11400
2019-10-01,10.000000,10.280000,9.940000,10.090000,10.090000,9000
2019-10-02,10.070000,10.070000,9.640000,9.930000,9.930000,18100
2019-10-03,9.830000,9.870000,9.740000,9.790000,9.790000,3400
2019-10-04,9.720000,9.950000,9.650000,9.650000,9.650000,9500
2019-10-07,9.700000,9.920000,9.700000,9.820000,9.820000,9600
2019-10-08,9.750000,9.750000,9.500000,9.690000,9.690000,8600
2019-10-09,9.600000,9.660000,8.770000,9.210000,9.210000,35500
2019-10-10,9.350000,9.420000,8.860000,8.860000,8.860000,12700
2019-10-11,8.880000,8.880000,8.390000,8.630000,8.630000,24900
2019-10-14,8.590000,8.720000,8.360000,8.400000,8.400000,5600
2019-10-15,8.500000,8.750000,8.320000,8.550000,8.550000,11000
2019-10-16,8.550000,8.650000,8.190000,8.560000,8.560000,29000
2019-10-17,8.420000,8.640000,8.300000,8.510000,8.510000,12000
2019-10-18,8.500000,8.620000,8.190000,8.490000,8.490000,13200
2019-10-21,8.420000,8.430000,7.710000,8.120000,8.120000,21300
2019-10-22,7.990000,8.150000,7.750000,7.990000,7.990000,19500
2019-10-23,8.220000,8.600000,8.110000,8.210000,8.210000,18000
2019-10-24,8.170000,8.370000,8.110000,8.290000,8.290000,4400
2019-10-25,8.300000,8.320000,8.060000,8.060000,8.060000,2200
2019-10-28,8.450000,8.450000,8.150000,8.300000,8.300000,1700
2019-10-29,8.530000,8.590000,8.050000,8.150000,8.150000,11600
2019-10-30,8.180000,8.440000,7.960000,8.280000,8.280000,8300
2019-10-31,8.460000,8.460000,7.880000,8.190000,8.190000,12800
2019-11-01,8.080000,8.340000,8.080000,8.320000,8.320000,1300
2019-11-04,8.060000,8.370000,7.960000,8.120000,8.120000,8600
2019-11-05,8.170000,8.390000,7.900000,7.900000,7.900000,10300
2019-11-06,7.990000,8.270000,7.990000,8.150000,8.150000,14400
2019-11-07,8.240000,8.720000,7.960000,8.660000,8.660000,24100
2019-11-08,8.510000,9.570000,8.250000,9.240000,9.240000,47600
2019-11-11,9.250000,9.450000,8.850000,9.310000,9.310000,14400
2019-11-12,8.920000,9.370000,8.690000,8.750000,8.750000,23400
2019-11-13,8.640000,8.940000,8.130000,8.790000,8.790000,19200
2019-11-14,9.000000,9.200000,8.390000,8.420000,8.420000,11500
2019-11-15,8.550000,8.600000,8.020000,8.490000,8.490000,23900
2019-11-18,8.340000,8.740000,8.260000,8.480000,8.480000,14100
2019-11-19,8.510000,8.510000,8.060000,8.190000,8.190000,10600
2019-11-20,8.140000,8.240000,7.620000,8.080000,8.080000,22900
2019-11-21,7.620000,8.060000,7.580000,8.050000,8.050000,14400
2019-11-22,8.030000,8.370000,7.760000,8.370000,8.370000,10500
2019-11-25,7.910000,8.480000,7.800000,8.360000,8.360000,20100
2019-11-26,9.200000,10.450000,8.900000,10.060000,10.060000,131500
2019-11-27,10.460000,10.460000,9.550000,9.600000,9.600000,42100
2019-11-29,9.600000,9.710000,9.370000,9.520000,9.520000,24400
2019-12-02,9.830000,9.900000,9.200000,9.410000,9.410000,31900
2019-12-03,9.400000,9.440000,8.690000,9.260000,9.260000,20500
2019-12-04,9.350000,9.690000,8.870000,8.870000,8.870000,17000
2019-12-05,9.180000,9.490000,8.700000,9.180000,9.180000,25200
2019-12-06,9.010000,9.820000,9.010000,9.380000,9.380000,38000
2019-12-09,9.080000,9.830000,9.080000,9.680000,9.680000,45500
2019-12-10,9.630000,9.890000,9.350000,9.540000,9.540000,29300
2019-12-11,9.530000,9.870000,9.150000,9.300000,9.300000,24000
2019-12-12,9.100000,9.440000,9.000000,9.080000,9.080000,28400
2019-12-13,9.420000,9.440000,8.860000,9.320000,9.320000,12200
2019-12-16,9.030000,9.290000,8.930000,9.000000,9.000000,27400
2019-12-17,9.130000,9.130000,8.840000,8.920000,8.920000,18800
2019-12-18,8.940000,9.080000,8.870000,9.080000,9.080000,5300
2019-12-19,9.100000,9.100000,8.890000,9.000000,9.000000,3500
2019-12-20,9.090000,9.090000,8.650000,8.860000,8.860000,16800
2019-12-23,8.950000,9.150000,8.910000,9.150000,9.150000,4800
2019-12-24,9.200000,9.250000,8.990000,9.160000,9.160000,5300
2019-12-26,9.110000,9.350000,8.850000,9.050000,9.050000,19800
2019-12-27,9.230000,9.260000,8.730000,8.810000,8.810000,15500
2019-12-30,9.170000,9.170000,8.830000,8.890000,8.890000,11600
2019-12-31,8.900000,9.320000,8.870000,9.000000,9.000000,23200
2020-01-02,9.070000,9.290000,8.900000,8.990000,8.990000,7300
2020-01-03,8.750000,9.000000,8.720000,9.000000,9.000000,9700
2020-01-06,9.120000,9.120000,8.680000,8.710000,8.710000,8500
2020-01-07,8.630000,8.760000,8.590000,8.720000,8.720000,11500
2020-01-08,8.780000,8.780000,8.610000,8.740000,8.740000,8800
2020-01-09,8.740000,8.800000,8.650000,8.720000,8.720000,5500
2020-01-10,8.610000,8.640000,8.070000,8.260000,8.260000,37600
2020-01-13,8.350000,8.500000,8.210000,8.480000,8.480000,11000
2020-01-14,8.400000,8.560000,8.280000,8.460000,8.460000,16800
2020-01-15,8.570000,8.810000,8.500000,8.810000,8.810000,10400
2020-01-16,8.450000,8.970000,8.450000,8.600000,8.600000,18900
2020-01-17,8.740000,9.190000,8.400000,8.890000,8.890000,39700
2020-01-21,8.900000,8.900000,8.500000,8.540000,8.540000,16400
2020-01-22,8.540000,8.800000,8.430000,8.560000,8.560000,8300
2020-01-23,8.290000,8.780000,8.290000,8.550000,8.550000,14400
2020-01-24,8.660000,8.800000,8.320000,8.350000,8.350000,17200
2020-01-27,8.250000,8.630000,8.250000,8.330000,8.330000,7500
2020-01-28,8.220000,8.900000,8.200000,8.770000,8.770000,25500
2020-01-29,8.750000,8.930000,8.600000,8.770000,8.770000,17100
2020-01-30,8.750000,8.750000,8.370000,8.410000,8.410000,8600
2020-01-31,8.400000,8.720000,8.290000,8.460000,8.460000,15300
2020-02-03,8.400000,8.730000,8.400000,8.450000,8.450000,12100
2020-02-04,8.480000,8.790000,8.480000,8.610000,8.610000,12500
2020-02-05,8.570000,8.800000,8.570000,8.750000,8.750000,8600
2020-02-06,9.450000,9.890000,9.100000,9.300000,9.300000,61300
2020-02-07,9.200000,9.440000,9.150000,9.230000,9.230000,11900
2020-02-10,9.250000,10.230000,9.250000,9.570000,9.570000,74700
2020-02-11,9.750000,11.530000,9.410000,10.950000,10.950000,120100
2020-02-12,11.270000,12.540000,11.150000,11.240000,11.240000,185300
2020-02-13,11.390000,11.720000,11.060000,11.490000,11.490000,33400
2020-02-14,11.500000,13.340000,11.230000,12.720000,12.720000,87400
2020-02-18,13.520000,13.650000,12.780000,12.790000,12.790000,43600
2020-02-19,12.790000,12.790000,12.140000,12.330000,12.330000,39200
2020-02-20,12.300000,13.150000,12.140000,12.720000,12.720000,39400
2020-02-21,13.590000,14.180000,12.770000,13.620000,13.620000,93400
2020-02-24,13.000000,13.870000,12.620000,13.740000,13.740000,32500
2020-02-25,13.740000,15.550000,13.740000,15.210000,15.210000,81400
2020-02-26,15.600000,15.600000,13.730000,14.110000,14.110000,63300
2020-02-27,13.810000,13.940000,11.980000,13.250000,13.250000,78000
2020-02-28,13.050000,13.470000,11.760000,12.350000,12.350000,44600
2020-03-02,12.500000,12.970000,12.020000,12.650000,12.650000,40700
2020-03-03,12.640000,13.720000,12.640000,13.020000,13.020000,40700
2020-03-04,13.210000,13.500000,13.060000,13.390000,13.390000,19400
2020-03-05,13.400000,13.400000,12.850000,13.000000,13.000000,13700
2020-03-06,13.000000,13.000000,11.400000,11.970000,11.970000,40400
2020-03-09,11.590000,11.590000,10.040000,10.320000,10.320000,52500
2020-03-10,10.250000,11.240000,10.250000,10.640000,10.640000,14800
2020-03-11,10.700000,10.700000,9.070000,9.220000,9.220000,40000
2020-03-12,8.720000,9.350000,8.370000,9.050000,9.050000,48500
2020-03-13,9.940000,10.830000,9.300000,9.670000,9.670000,20900
2020-03-16,9.200000,9.200000,8.010000,8.100000,8.100000,48100
2020-03-17,7.740000,8.870000,7.600000,8.580000,8.580000,46300
2020-03-18,7.860000,8.050000,6.950000,7.060000,7.060000,32000
2020-03-19,7.430000,7.960000,7.130000,7.500000,7.500000,23100
2020-03-20,7.820000,9.490000,7.820000,8.280000,8.280000,100000
2020-03-23,8.350000,8.890000,8.350000,8.830000,8.830000,31500
2020-03-24,9.300000,10.300000,9.030000,9.980000,9.980000,37900
2020-03-25,9.900000,11.370000,9.900000,10.660000,10.660000,42200
2020-03-26,11.600000,11.600000,10.230000,10.490000,10.490000,24200
2020-03-27,9.910000,10.480000,9.800000,10.300000,10.300000,30700
2020-03-30,10.690000,11.040000,10.530000,10.700000,10.700000,13200
2020-03-31,10.350000,10.690000,10.150000,10.430000,10.430000,13000
2020-04-01,10.000000,10.410000,9.260000,9.670000,9.670000,18100
2020-04-02,9.330000,10.250000,9.300000,9.670000,9.670000,16800
2020-04-03,9.790000,10.290000,9.650000,10.200000,10.200000,9600
2020-04-06,10.740000,10.740000,9.810000,10.630000,10.630000,56700
2020-04-07,10.750000,11.340000,10.750000,11.110000,11.110000,19800
2020-04-08,11.110000,13.820000,11.110000,13.290000,13.290000,106300
2020-04-09,13.280000,13.770000,12.290000,12.520000,12.520000,36100
2020-04-13,12.730000,12.750000,12.140000,12.450000,12.450000,24400
2020-04-14,12.920000,13.420000,12.380000,13.290000,13.290000,62600
2020-04-15,13.130000,13.250000,12.700000,13.190000,13.190000,21500
2020-04-16,12.930000,13.600000,12.930000,13.130000,13.130000,46700
2020-04-17,12.560000,14.410000,12.470000,13.610000,13.610000,61600
2020-04-20,13.600000,13.630000,13.140000,13.310000,13.310000,22700
2020-04-21,12.550000,13.250000,11.920000,12.800000,12.800000,32300
2020-04-22,13.200000,13.240000,12.510000,12.710000,12.710000,17300
2020-04-23,13.130000,13.450000,12.490000,13.230000,13.230000,24400
2020-04-24,13.250000,13.250000,12.900000,13.070000,13.070000,13900
2020-04-27,13.100000,13.510000,13.060000,13.060000,13.060000,32300
2020-04-28,13.600000,13.900000,13.250000,13.480000,13.480000,26900
2020-04-29,13.900000,14.550000,13.600000,14.000000,14.000000,63800
2020-04-30,14.190000,14.630000,13.620000,13.770000,13.770000,29600
2020-05-01,14.000000,14.970000,13.400000,13.490000,13.490000,104100
2020-05-04,13.630000,13.960000,13.400000,13.710000,13.710000,38900
2020-05-05,13.870000,13.870000,13.240000,13.300000,13.300000,25600
2020-05-06,13.650000,13.650000,12.880000,13.090000,13.090000,23700
2020-05-07,13.200000,13.440000,12.060000,12.920000,12.920000,63700
2020-05-08,13.350000,13.700000,12.710000,13.600000,13.600000,27000
2020-05-11,13.700000,13.700000,13.310000,13.700000,13.700000,20900
2020-05-12,13.700000,13.870000,13.460000,13.500000,13.500000,16500
2020-05-13,13.980000,15.250000,13.370000,14.210000,14.210000,163700
2020-05-14,14.220000,16.000000,14.220000,16.000000,16.000000,80700
2020-05-15,16.980000,20.490000,16.950001,19.799999,19.799999,189000
2020-05-18,20.600000,24.920000,20.600000,22.200001,22.200001,152300
2020-05-19,22.480000,23.690001,18.260000,20.650000,20.650000,249600
2020-05-20,21.280001,21.790001,20.230000,20.850000,20.850000,73100
2020-05-21,20.459999,20.670000,19.590000,20.270000,20.270000,31300
2020-05-22,20.200001,20.360001,18.879999,19.580000,19.580000,69600
2020-05-26,19.809999,23.900000,19.809999,23.410000,23.410000,162900
2020-05-27,24.100000,25.320000,22.750000,23.740000,23.740000,92200
2020-05-28,23.549999,24.330000,22.799999,23.260000,23.260000,37300
2020-05-29,22.870001,23.490000,22.260000,23.370001,23.370001,40300
2020-06-01,23.549999,26.100000,23.400000,25.250000,25.250000,94100
2020-06-02,25.010000,25.320000,23.580000,24.980000,24.980000,42400
2020-06-03,25.000000,27.500000,24.340000,26.389999,26.389999,67600
2020-06-04,27.490000,27.500000,24.780001,25.760000,25.760000,134700
2020-06-05,26.010000,26.990000,25.809999,26.290001,26.290001,55700
2020-06-08,27.440001,28.600000,26.799999,28.090000,28.090000,65600
2020-06-09,27.500000,28.410000,26.549999,27.750000,27.750000,66400
2020-06-10,27.360001,27.809999,24.850000,27.559999,27.559999,107300
2020-06-11,25.010000,27.209999,25.010000,25.580000,25.580000,69900
2020-06-12,26.000000,27.160000,24.969999,26.350000,26.350000,36200
2020-06-15,26.000000,29.370001,25.370001,29.370001,29.370001,92100
2020-06-16,30.000000,33.000000,29.379999,31.719999,31.719999,129800
2020-06-17,31.670000,32.380001,30.889999,31.350000,31.350000,37800
2020-06-18,31.820000,32.000000,22.400000,25.709999,25.709999,424900
2020-06-19,26.900000,27.420000,24.990000,25.690001,25.690001,146300
2020-06-22,25.980000,32.450001,25.500000,31.389999,31.389999,238400
2020-06-23,32.259998,33.889999,31.000000,32.169998,32.169998,53300
2020-06-24,32.799999,33.000000,29.030001,31.920000,31.920000,73600
2020-06-25,30.889999,31.980000,30.020000,31.110001,31.110001,44400
2020-06-26,30.500000,31.520000,30.000000,30.000000,30.000000,13900
2020-06-29,29.420000,30.940001,28.180000,29.389999,29.389999,52400
2020-06-30,29.440001,30.000000,28.209999,28.750000,28.750000,30600
2020-07-01,28.959999,29.500000,28.500000,28.940001,28.940001,29900
2020-07-02,28.639999,29.840000,28.000000,28.400000,28.400000,40700
2020-07-06,29.000000,29.000000,26.000000,26.590000,26.590000,54600
2020-07-07,26.620001,27.440001,25.950001,26.150000,26.150000,28600
2020-07-08,25.959999,28.000000,25.959999,27.870001,27.870001,19700
2020-07-09,27.209999,28.000000,26.000000,26.790001,26.790001,31100
2020-07-10,25.870001,27.389999,24.420000,26.180000,26.180000,48000
2020-07-13,26.110001,30.680000,26.110001,26.850000,26.850000,73600
2020-07-14,27.040001,28.280001,26.500000,27.770000,27.770000,19500
2020-07-15,28.459999,29.559999,27.990000,28.150000,28.150000,14300
2020-07-16,28.000000,28.500000,26.620001,28.240000,28.240000,25500
2020-07-17,28.070000,28.230000,26.750000,27.000000,27.000000,28500
2020-07-20,26.000000,27.459999,26.000000,26.750000,26.750000,19000
2020-07-21,26.719999,27.520000,26.410000,26.410000,26.410000,16800
2020-07-22,26.340000,26.990000,26.030001,26.750000,26.750000,12000
2020-07-23,26.850000,28.000000,26.500000,26.520000,26.520000,23600
2020-07-24,26.350000,26.590000,25.000000,25.450001,25.450001,20100
2020-07-27,24.389999,25.240000,23.500000,24.370001,24.370001,46000
2020-07-28,23.120001,25.299999,22.990000,24.580000,24.580000,23400
2020-07-29,24.700001,25.980000,24.700001,25.540001,25.540001,10700
2020-07-30,27.000000,28.790001,25.540001,25.559999,25.559999,60600
2020-07-31,25.209999,26.540001,25.200001,25.969999,25.969999,29100
2020-08-03,26.549999,26.799999,25.350000,25.350000,25.350000,20400
2020-08-04,25.000000,25.959999,25.000000,25.389999,25.389999,22200
2020-08-05,25.020000,25.889999,24.000000,25.250000,25.250000,31300
2020-08-06,25.340000,25.340000,24.139999,24.940001,24.940001,26500
2020-08-07,24.469999,24.840000,22.900000,23.379999,23.379999,40700
2020-08-10,23.360001,24.040001,23.070000,23.600000,23.600000,21900
2020-08-11,24.430000,26.000000,23.750000,25.950001,25.950001,41000
2020-08-12,26.000000,26.500000,24.000000,25.250000,25.250000,32100
2020-08-13,24.360001,25.120001,24.040001,24.450001,24.450001,13500
2020-08-14,23.930000,25.340000,23.900000,23.900000,23.900000,18700
2020-08-17,24.410000,25.080000,24.410000,24.830000,24.830000,17200
2020-08-18,25.080000,25.080000,23.799999,24.389999,24.389999,15000
2020-08-19,24.160000,24.820000,23.770000,24.820000,24.820000,13000
2020-08-20,24.730000,24.730000,23.129999,23.559999,23.559999,23600
2020-08-21,23.870001,24.389999,21.459999,21.730000,21.730000,68700
2020-08-24,21.950001,22.090000,18.389999,19.270000,19.270000,111900
2020-08-25,19.490000,21.650000,19.100000,20.580000,20.580000,32800
2020-08-26,20.639999,20.900000,19.219999,20.900000,20.900000,27700
2020-08-27,20.910000,21.990000,20.100000,20.160000,20.160000,14100
2020-08-28,20.360001,20.510000,18.770000,19.709999,19.709999,22100
2020-08-31,20.000000,20.780001,19.400000,20.350000,20.350000,17300
2020-09-01,22.389999,23.340000,20.590000,20.670000,20.670000,32200
2020-09-02,21.280001,21.930000,20.950001,21.700001,21.700001,31500
2020-09-03,21.549999,21.549999,19.870001,20.049999,20.049999,28300
2020-09-04,20.040001,20.610001,17.379999,19.980000,19.980000,51600
2020-09-08,19.020000,19.980000,18.020000,19.879999,19.879999,35700
2020-09-09,20.870001,20.870001,19.100000,19.100000,19.100000,24300
2020-09-10,18.940001,19.420000,18.270000,19.059999,19.059999,31200
2020-09-11,18.629999,18.750000,16.840000,17.680000,17.680000,60700
2020-09-14,17.740000,18.610001,17.219999,17.309999,17.309999,15000
2020-09-15,17.299999,17.900000,16.799999,17.610001,17.610001,38900
2020-09-16,17.959999,19.379999,17.340000,18.620001,18.620001,45900
2020-09-17,18.719999,18.719999,17.650000,17.709999,17.709999,25600
2020-09-18,19.440001,19.780001,18.500000,19.650000,19.650000,60300
2020-09-21,20.110001,20.830000,18.770000,19.620001,19.620001,33800
2020-09-22,20.120001,20.250000,19.520000,19.660000,19.660000,25800
2020-09-23,19.900000,20.500000,18.500000,18.709999,18.709999,40000
2020-09-24,18.510000,19.420000,17.809999,19.420000,19.420000,44700
2020-09-25,18.959999,19.790001,18.740000,19.190001,19.190001,8300
2020-09-28,19.790001,20.620001,19.500000,19.920000,19.920000,17500
2020-09-29,20.129999,20.740000,19.549999,20.600000,20.600000,13400
2020-09-30,20.809999,20.809999,19.510000,19.820000,19.820000,13600
2020-10-01,20.500000,20.600000,19.190001,19.500000,19.500000,26600
2020-10-02,19.219999,20.549999,18.270000,20.000000,20.000000,45000
2020-10-05,20.490000,20.490000,19.629999,19.760000,19.760000,10200
2020-10-06,20.320000,20.490000,18.700001,19.010000,19.010000,44500
2020-10-07,18.510000,19.290001,18.510000,18.690001,18.690001,22900
2020-10-08,18.580000,19.230000,18.580000,19.120001,19.120001,10900
2020-10-09,19.610001,19.680000,19.059999,19.150000,19.150000,11900
2020-10-12,19.070000,19.260000,18.120001,19.250000,19.250000,34700
2020-10-13,19.219999,20.150000,18.559999,19.950001,19.950001,39100
2020-10-14,19.850000,19.940001,18.700001,18.700001,18.700001,11200
2020-10-15,19.299999,19.340000,18.650000,18.920000,18.920000,6600
2020-10-16,19.070000,20.500000,19.070000,20.000000,20.000000,33500
2020-10-19,20.110001,20.110001,19.100000,19.260000,19.260000,8500
2020-10-20,19.309999,19.670000,19.219999,19.500000,19.500000,7300
2020-10-21,20.260000,20.260000,18.590000,18.840000,18.840000,35800
2020-10-22,19.200001,19.389999,18.549999,18.549999,18.549999,13400
2020-10-23,18.770000,19.490000,18.459999,19.400000,19.400000,41900
2020-10-26,19.540001,19.540001,18.830000,19.299999,19.299999,35800
2020-10-27,19.219999,19.900000,19.219999,19.770000,19.770000,13800
2020-10-28,20.000000,20.629999,19.240000,20.190001,20.190001,22800
2020-10-29,20.430000,23.910000,20.430000,23.190001,23.190001,104400
2020-10-30,22.629999,23.500000,22.000000,23.500000,23.500000,44800
2020-11-02,23.469999,24.510000,23.120001,23.990000,23.990000,37200
2020-11-03,24.299999,24.520000,23.540001,24.440001,24.440001,13700
2020-11-04,24.639999,24.639999,23.980000,24.129999,24.129999,28300
2020-11-05,24.299999,28.490000,24.299999,28.420000,28.420000,103500
2020-11-06,28.200001,28.200001,25.459999,25.700001,25.700001,43300
2020-11-09,26.670000,27.490000,24.350000,24.350000,24.350000,24600
2020-11-10,24.150000,25.389999,24.059999,24.660000,24.660000,15800
2020-11-11,25.290001,25.290001,24.000000,24.730000,24.730000,8500
2020-11-12,25.000000,25.360001,23.879999,24.799999,24.799999,23900
2020-11-13,25.200001,25.250000,24.500000,24.730000,24.730000,3300
2020-11-16,25.059999,26.059999,24.500000,25.730000,25.730000,23100
2020-11-17,25.540001,26.969999,25.299999,26.799999,26.799999,10000
2020-11-18,26.430000,28.420000,26.430000,27.670000,27.670000,28200
2020-11-19,28.000000,28.000000,26.180000,26.620001,26.620001,12300
2020-11-20,26.540001,27.180000,26.020000,26.790001,26.790001,12400
2020-11-23,26.959999,29.270000,26.799999,27.010000,27.010000,64800
2020-11-24,27.680000,28.400000,25.190001,25.200001,25.200001,36900
2020-11-25,25.010000,25.990000,24.400000,24.870001,24.870001,33400
2020-11-27,25.340000,25.340000,23.620001,24.889999,24.889999,20200
2020-11-30,24.889999,27.790001,24.889999,27.480000,27.480000,28100
2020-12-01,27.500000,28.360001,26.100000,26.379999,26.379999,17400
2020-12-02,26.420000,27.660000,26.040001,26.500000,26.500000,17500
2020-12-03,26.959999,27.650000,26.520000,26.540001,26.540001,16700
2020-12-04,26.750000,27.270000,26.549999,27.100000,27.100000,10600
2020-12-07,27.299999,28.000000,27.010000,27.100000,27.100000,16900
2020-12-08,26.980000,28.740000,26.980000,27.770000,27.770000,15200
2020-12-09,27.750000,28.000000,27.450001,27.450001,27.450001,6100
2020-12-10,27.750000,28.209999,27.450001,28.090000,28.090000,26100
2020-12-11,28.100000,28.190001,27.760000,28.150000,28.150000,13600
2020-12-14,27.889999,30.530001,27.889999,29.209999,29.209999,30600
2020-12-15,29.950001,32.250000,29.950001,31.049999,31.049999,43800
2020-12-16,31.200001,31.660000,30.440001,30.889999,30.889999,14900
2020-12-17,30.799999,32.189999,30.799999,31.780001,31.780001,12000
2020-12-18,31.049999,31.700001,31.049999,31.049999,31.049999,11400
2020-12-21,31.100000,31.889999,29.250000,29.610001,29.610001,26300
2020-12-22,29.540001,29.920000,28.360001,28.600000,28.600000,41900
2020-12-23,29.100000,30.150000,28.860001,29.750000,29.750000,53500
2020-12-24,28.900000,28.900000,27.059999,27.570000,27.570000,26300
2020-12-28,27.209999,27.629999,26.600000,26.770000,26.770000,29600
2020-12-29,26.360001,26.990000,26.000000,26.120001,26.120001,20700
2020-12-30,26.350000,26.959999,26.350000,26.690001,26.690001,12600
2020-12-31,26.860001,26.889999,26.200001,26.709999,26.709999,16700
2021-01-04,26.990000,29.750000,26.700001,28.500000,28.500000,61700
2021-01-05,31.320000,35.770000,30.309999,35.029999,35.029999,110900
2021-01-06,37.910000,41.799999,36.500000,40.000000,40.000000,111400
2021-01-07,40.000000,41.950001,39.919998,41.490002,41.490002,58300
2021-01-08,43.000000,43.000000,39.000000,40.000000,40.000000,29300
2021-01-11,40.349998,40.349998,38.150002,39.840000,39.840000,22300
2021-01-12,40.340000,42.099998,38.560001,39.980000,39.980000,22800
2021-01-13,39.720001,39.980000,38.259998,39.099998,39.099998,16400
2021-01-14,39.750000,40.500000,32.000000,35.750000,35.750000,179300
2021-01-15,35.750000,36.130001,34.590000,35.430000,35.430000,17400
2021-01-19,35.590000,35.930000,32.950001,32.950001,32.950001,34900
2021-01-20,33.500000,33.700001,30.420000,30.420000,30.420000,48200
2021-01-21,30.299999,30.440001,29.049999,29.260000,29.260000,69500
2021-01-22,28.469999,32.180000,28.469999,31.580000,31.580000,39200
2021-01-25,32.000000,34.119999,32.000000,33.040001,33.040001,52000
2021-01-26,32.849998,36.000000,32.020000,32.180000,32.180000,41100
2021-01-27,32.049999,32.139999,30.520000,30.570000,30.570000,47900
2021-01-28,31.240000,33.410000,31.240000,33.410000,33.410000,20300
2021-01-29,37.000000,39.150002,35.590000,37.750000,37.750000,62000
2021-02-01,38.000000,39.400002,37.320000,37.810001,37.810001,45400
2021-02-02,38.779999,39.200001,37.299999,38.000000,38.000000,21600
2021-02-03,37.500000,39.650002,37.500000,37.770000,37.770000,45900
2021-02-04,38.500000,39.099998,35.070000,35.070000,35.070000,64200
2021-02-05,35.700001,36.500000,34.439999,34.439999,34.439999,37800
2021-02-08,39.529999,41.209999,35.799999,38.689999,38.689999,76900
2021-02-09,37.400002,38.400002,36.630001,36.630001,36.630001,34600
2021-02-10,37.610001,38.889999,33.950001,34.000000,34.000000,78800
2021-02-11,35.099998,36.980000,34.680000,35.889999,35.889999,59300
2021-02-12,37.049999,46.209999,36.360001,43.779999,43.779999,165200
2021-02-16,46.049999,51.950001,45.910000,48.570000,48.570000,117500
2021-02-17,49.080002,50.630001,43.860001,43.860001,43.860001,67500
2021-02-18,44.310001,44.310001,39.770000,41.990002,41.990002,62400
2021-02-19,42.250000,44.830002,42.250000,43.500000,43.500000,25700
2021-02-22,43.080002,44.250000,42.049999,43.450001,43.450001,32500
2021-02-23,43.020000,43.020000,39.299999,40.040001,40.040001,67700
2021-02-24,41.180000,42.529999,39.169998,40.000000,40.000000,54100
2021-02-25,40.189999,40.500000,37.790001,38.610001,38.610001,53900
2021-02-26,38.099998,38.910000,36.419998,37.570000,37.570000,54400
2021-03-01,36.820000,41.880001,36.820000,38.279999,38.279999,41600
2021-03-02,40.000000,42.029999,39.549999,40.540001,40.540001,53400
2021-03-03,41.049999,42.020000,38.619999,39.119999,39.119999,38400
2021-03-04,38.450001,38.700001,33.459999,34.500000,34.500000,68500
2021-03-05,34.959999,36.950001,32.480000,34.759998,34.759998,37100
2021-03-08,34.450001,36.470001,34.130001,35.119999,35.119999,52900
2021-03-09,35.570000,37.270000,35.570000,35.869999,35.869999,37900
2021-03-10,36.520000,36.950001,35.119999,35.230000,35.230000,14300
2021-03-11,35.860001,38.560001,35.860001,37.630001,37.630001,45800
2021-03-12,39.020000,39.020000,37.049999,37.689999,37.689999,18400
2021-03-15,38.349998,39.889999,37.709999,39.099998,39.099998,26400
2021-03-16,39.250000,40.810001,37.720001,39.669998,39.669998,56900
2021-03-17,38.700001,40.340000,38.000000,40.340000,40.340000,21400
2021-03-18,39.279999,40.419998,38.830002,40.419998,40.419998,27300
2021-03-19,40.209999,41.000000,39.250000,41.000000,41.000000,38900
2021-03-22,42.139999,43.490002,40.570000,43.490002,43.490002,32700
2021-03-23,41.500000,42.910000,39.660000,42.910000,42.910000,45800
2021-03-24,41.990002,43.150002,41.150002,42.310001,42.310001,23900
2021-03-25,41.200001,43.250000,41.000000,43.250000,43.250000,34900
2021-03-26,45.000000,47.900002,44.000000,46.080002,46.080002,34100
2021-03-29,46.990002,47.480000,44.080002,44.610001,44.610001,32100
2021-03-30,44.840000,45.750000,42.049999,43.500000,43.500000,24600
2021-03-31,42.680000,45.500000,42.340000,45.240002,45.240002,28200
2021-04-01,46.840000,47.189999,46.130001,46.259998,46.259998,27200
2021-04-05,47.799999,49.419998,46.959999,48.310001,48.310001,53100
2021-04-06,49.000000,50.250000,48.299999,49.959999,49.959999,42200
2021-04-07,49.860001,50.150002,48.660000,50.150002,50.150002,15500
2021-04-08,50.740002,50.740002,49.220001,50.240002,50.240002,29700
2021-04-09,50.810001,50.810001,49.500000,49.900002,49.900002,10300
2021-04-12,49.900002,50.639999,46.529999,48.099998,48.099998,27000
2021-04-13,48.070000,48.070000,46.259998,46.770000,46.770000,13300
2021-04-14,46.250000,47.000000,46.049999,46.669998,46.669998,8200
2021-04-15,47.779999,47.779999,44.639999,45.180000,45.180000,18200
2021-04-16,45.180000,46.230000,44.009998,44.990002,44.990002,29800
2021-04-19,44.849998,44.849998,42.529999,43.090000,43.090000,22200
2021-04-20,43.000000,43.060001,40.900002,41.230000,41.230000,25300
2021-04-21,41.130001,43.520000,40.480000,42.349998,42.349998,16200
2021-04-22,43.000000,43.040001,41.340000,41.799999,41.799999,12200
2021-04-23,42.200001,43.529999,42.200001,43.480000,43.480000,24000
2021-04-26,43.529999,44.700001,43.529999,44.470001,44.470001,12200
2021-04-27,44.779999,46.669998,44.360001,46.450001,46.450001,18500
2021-04-28,45.669998,48.000000,45.669998,48.000000,48.000000,22700
2021-04-29,48.250000,48.250000,46.230000,46.450001,46.450001,9900
2021-04-30,46.590000,46.590000,44.099998,45.060001,45.060001,14300
2021-05-03,46.400002,48.180000,45.830002,46.009998,46.009998,15800
2021-05-04,46.139999,46.139999,43.540001,44.279999,44.279999,22100
2021-05-05,45.099998,45.490002,44.509998,45.080002,45.080002,23100
2021-05-06,45.509998,45.509998,43.220001,43.330002,43.330002,19800
2021-05-07,43.160000,45.000000,43.160000,43.259998,43.259998,22800
2021-05-10,44.090000,45.580002,41.000000,41.049999,41.049999,21700
2021-05-11,36.130001,41.750000,35.090000,40.820000,40.820000,33700
2021-05-12,42.900002,42.900002,37.180000,37.180000,37.180000,20000
2021-05-13,37.320000,39.099998,35.669998,36.900002,36.900002,47500
2021-05-14,37.830002,39.980000,37.060001,39.130001,39.130001,22300
2021-05-17,37.779999,38.509998,37.500000,37.709999,37.709999,14000
2021-05-18,37.650002,39.369999,37.250000,38.750000,38.750000,13900
2021-05-19,37.259998,38.709999,36.980000,38.000000,38.000000,16100
2021-05-20,37.889999,39.220001,37.389999,39.220001,39.220001,5600
2021-05-21,38.549999,39.139999,38.549999,38.900002,38.900002,5000
2021-05-24,40.430000,40.430000,39.360001,40.180000,40.180000,9700
2021-05-25,40.470001,42.500000,40.000000,41.410000,41.410000,17200
2021-05-26,41.410000,43.349998,41.410000,43.000000,43.000000,12500
2021-05-27,43.400002,44.349998,43.000000,44.000000,44.000000,16700
2021-05-28,44.360001,46.340000,43.220001,45.849998,45.849998,21600
2021-06-01,45.849998,47.160000,45.099998,45.840000,45.840000,19800
2021-06-02,46.000000,46.779999,43.540001,43.820000,43.820000,15500
2021-06-03,43.770000,45.500000,43.770000,44.490002,44.490002,12000
2021-06-04,44.680000,44.680000,42.900002,44.540001,44.540001,6000
2021-06-07,45.599998,45.599998,43.950001,44.630001,44.630001,8800
2021-06-08,44.500000,45.130001,44.150002,44.180000,44.180000,12900
2021-06-09,44.240002,44.779999,43.840000,44.189999,44.189999,10400
2021-06-10,43.700001,44.490002,42.639999,43.150002,43.150002,13300
2021-06-11,43.540001,44.119999,40.889999,42.830002,42.830002,21700
2021-06-14,38.799999,41.980000,38.500000,39.080002,39.080002,37600
2021-06-15,38.630001,39.990002,37.439999,38.369999,38.369999,22700
2021-06-16,38.009998,39.380001,37.669998,37.669998,37.669998,32400
2021-06-17,37.560001,39.230000,37.500000,38.250000,38.250000,20200
2021-06-18,37.820000,38.209999,36.400002,37.480000,37.480000,25500
2021-06-21,37.889999,39.020000,37.410000,37.990002,37.990002,33300
2021-06-22,37.889999,38.389999,36.529999,38.389999,38.389999,19600
2021-06-23,38.080002,39.320000,38.080002,38.700001,38.700001,11500
2021-06-24,39.110001,40.889999,39.110001,40.860001,40.860001,7100
2021-06-25,41.220001,42.570000,40.040001,40.549999,40.549999,18500
2021-06-28,41.380001,41.889999,40.000000,41.700001,41.700001,30400
2021-06-29,41.900002,41.900002,40.000000,40.340000,40.340000,20700
2021-06-30,40.950001,40.950001,39.220001,40.169998,40.169998,12000
2021-07-01,40.160000,41.480000,40.160000,40.270000,40.270000,3700
2021-07-02,40.000000,40.000000,39.509998,39.889999,39.889999,6800
2021-07-06,39.450001,40.070000,38.869999,39.020000,39.020000,11000
2021-07-07,39.500000,40.970001,39.439999,40.189999,40.189999,7500
2021-07-08,40.500000,40.500000,39.220001,39.939999,39.939999,9500
2021-07-09,40.880001,40.880001,40.020000,40.020000,40.020000,2700
2021-07-12,40.000000,41.410000,39.830002,41.410000,41.410000,10100
2021-07-13,41.570000,42.299999,40.799999,42.000000,42.000000,9300
2021-07-14,42.009998,42.500000,40.000000,41.090000,41.090000,17500
2021-07-15,40.340000,40.900002,38.919998,39.310001,39.310001,8400
2021-07-16,39.310001,40.070000,38.900002,39.290001,39.290001,6500
2021-07-19,39.119999,39.200001,37.500000,38.340000,38.340000,13500
2021-07-20,38.779999,39.549999,38.009998,38.730000,38.730000,18000
2021-07-21,38.000000,38.990002,37.540001,38.139999,38.139999,7300
2021-07-22,37.959999,38.070000,37.599998,37.700001,37.700001,3100
2021-07-23,37.790001,38.470001,37.790001,38.250000,38.250000,11500
2021-07-26,38.500000,39.180000,38.099998,38.410000,38.410000,6500
2021-07-27,38.060001,38.709999,37.099998,37.230000,37.230000,11400
2021-07-28,37.220001,38.150002,37.220001,37.380001,37.380001,8200
2021-07-29,37.529999,39.250000,36.000000,36.369999,36.369999,22600
2021-07-30,36.259998,37.650002,36.259998,37.470001,37.470001,3900
2021-08-02,37.060001,37.990002,36.200001,36.500000,36.500000,10100
2021-08-03,36.779999,38.090000,36.360001,37.910000,37.910000,6700
2021-08-04,37.549999,37.549999,36.139999,36.139999,36.139999,12100
2021-08-05,36.009998,36.540001,36.009998,36.459999,36.459999,5900
2021-08-06,37.349998,37.869999,36.500000,36.860001,36.860001,10900
2021-08-09,36.500000,39.959999,36.500000,39.750000,39.750000,23900
2021-08-10,39.900002,40.990002,39.000000,40.529999,40.529999,17600
2021-08-11,40.779999,44.540001,39.130001,42.049999,42.049999,45700
2021-08-12,42.680000,43.500000,40.400002,42.290001,42.290001,8700
2021-08-13,42.000000,43.500000,41.099998,42.349998,42.349998,10300
2021-08-16,42.779999,42.799999,40.560001,42.650002,42.650002,39600
2021-08-17,42.119999,44.500000,41.180000,42.020000,42.020000,30900
2021-08-18,42.889999,44.000000,42.060001,44.000000,44.000000,8300
2021-08-19,42.919998,43.849998,41.709999,42.160000,42.160000,7300
2021-08-20,41.700001,42.380001,40.000000,40.000000,40.000000,25700
2021-08-23,40.509998,42.500000,40.500000,41.799999,41.799999,18300
2021-08-24,41.880001,42.599998,40.680000,41.750000,41.750000,8500
2021-08-25,41.509998,42.040001,40.650002,40.650002,40.650002,5800
2021-08-26,40.500000,42.070000,40.500000,41.990002,41.990002,7600
2021-08-27,41.919998,43.060001,41.570000,42.000000,42.000000,14500
2021-08-30,41.610001,42.360001,41.610001,41.759998,41.759998,5700
2021-08-31,42.189999,42.900002,40.750000,42.000000,42.000000,20600
2021-09-01,41.180000,43.230000,41.009998,43.230000,43.230000,17800
2021-09-02,43.790001,43.790001,43.080002,43.480000,43.480000,3500
2021-09-03,43.380001,46.000000,43.380001,45.360001,45.360001,22900
2021-09-07,45.500000,46.000000,43.360001,44.189999,44.189999,12400
2021-09-08,43.060001,46.000000,42.220001,44.919998,44.919998,28800
2021-09-09,45.990002,46.000000,44.189999,44.950001,44.950001,9200
2021-09-10,43.590000,45.500000,43.590000,44.500000,44.500000,7900
2021-09-13,44.400002,45.110001,43.500000,44.000000,44.000000,7500
2021-09-14,44.700001,44.880001,42.939999,43.599998,43.599998,14500
2021-09-15,44.080002,46.500000,44.000000,46.500000,46.500000,20300
2021-09-16,46.500000,47.000000,45.000000,47.000000,47.000000,12600
2021-09-17,46.939999,47.500000,45.959999,47.500000,47.500000,21600
2021-09-20,47.150002,47.500000,44.369999,45.799999,45.799999,19200
2021-09-21,47.349998,47.349998,44.700001,46.599998,46.599998,15300
2021-09-22,46.730000,47.869999,46.009998,47.869999,47.869999,19400
2021-09-23,47.450001,49.400002,46.580002,49.400002,49.400002,24600
2021-09-24,49.880001,52.000000,48.250000,51.689999,51.689999,37400
2021-09-27,51.099998,51.500000,49.099998,50.730000,50.730000,17600
2021-09-28,50.570000,50.570000,46.419998,49.110001,49.110001,17400
2021-09-29,48.900002,51.790001,48.720001,48.759998,48.759998,30100
2021-09-30,48.570000,50.730000,47.259998,49.970001,49.970001,13000
2021-10-01,49.779999,50.400002,49.000000,49.970001,49.970001,5500
2021-10-04,50.250000,52.000000,50.080002,50.930000,50.930000,29200
2021-10-05,51.320000,51.889999,50.169998,51.500000,51.500000,9100
2021-10-06,51.250000,53.000000,51.000000,52.500000,52.500000,17400
2021-10-07,53.000000,55.889999,52.549999,54.880001,54.880001,39800
2021-10-08,55.500000,59.869999,55.290001,59.000000,59.000000,57800
2021-10-11,59.950001,59.950001,48.000000,50.590000,50.590000,76700
2021-10-12,50.000000,51.750000,50.000000,50.110001,50.110001,10000
2021-10-13,50.980000,52.500000,50.009998,52.310001,52.310001,15900
2021-10-14,53.500000,54.439999,51.529999,54.000000,54.000000,30200
2021-10-15,54.500000,54.500000,51.880001,52.480000,52.480000,12100
2021-10-18,52.869999,53.009998,49.330002,50.020000,50.020000,30200
2021-10-19,49.599998,53.070000,49.349998,51.740002,51.740002,18200
2021-10-20,51.740002,52.509998,50.450001,52.099998,52.099998,22900
2021-10-21,52.500000,53.990002,52.500000,53.020000,53.020000,16100
2021-10-22,54.000000,54.000000,52.490002,52.950001,52.950001,23100
2021-10-25,53.599998,55.220001,51.540001,52.070000,52.070000,25400
2021-10-26,52.500000,52.500000,51.040001,51.820000,51.820000,11500
2021-10-27,51.060001,52.090000,47.000000,47.000000,47.000000,39600
2021-10-28,47.500000,49.840000,47.500000,49.840000,49.840000,25800
2021-10-29,52.000000,52.000000,48.779999,48.900002,48.900002,10200
2021-11-01,48.599998,50.919998,48.599998,50.680000,50.680000,9300
2021-11-02,49.950001,52.869999,49.950001,52.869999,52.869999,15500
2021-11-03,51.549999,52.480000,49.000000,49.410000,49.410000,22200
2021-11-04,50.939999,52.250000,50.750000,52.250000,52.250000,7500
2021-11-05,52.000000,52.250000,50.599998,51.160000,51.160000,12500
2021-11-08,51.009998,56.349998,50.480000,56.349998,56.349998,23900
2021-11-09,55.410000,57.119999,55.029999,56.580002,56.580002,20100
2021-11-10,55.360001,56.790001,54.520000,56.790001,56.790001,23400
2021-11-11,57.299999,59.000000,55.560001,57.700001,57.700001,31900
2021-11-12,59.000000,64.629997,58.880001,63.459999,63.459999,73900
2021-11-15,64.959999,68.830002,64.959999,67.419998,67.419998,64100
2021-11-16,69.000000,70.080002,66.370003,69.000000,69.000000,37500
2021-11-17,66.580002,70.000000,65.769997,70.000000,70.000000,38200
2021-11-18,70.099998,70.900002,64.480003,67.010002,67.010002,55200
2021-11-19,67.180000,67.180000,55.009998,59.529999,59.529999,79600
2021-11-22,59.400002,59.400002,51.669998,55.540001,55.540001,87000
2021-11-23,55.330002,60.480000,52.799999,54.799999,54.799999,50400
2021-11-24,54.220001,58.110001,54.220001,57.570000,57.570000,19500
2021-11-26,55.099998,59.040001,53.189999,56.240002,56.240002,24500
2021-11-29,56.299999,57.520000,54.090000,54.250000,54.250000,23100
2021-11-30,54.000000,55.570000,51.060001,52.439999,52.439999,22900
2021-12-01,55.060001,55.060001,51.400002,53.369999,53.369999,30900
2021-12-02,53.180000,55.669998,52.189999,54.860001,54.860001,24100
2021-12-03,57.900002,57.900002,54.980000,55.139999,55.139999,27400
2021-12-06,56.779999,57.630001,52.849998,54.270000,54.270000,53300
2021-12-07,56.529999,57.730000,54.709999,55.880001,55.880001,25300
2021-12-08,56.740002,62.200001,55.820000,61.650002,61.650002,23900
2021-12-09,60.500000,62.060001,60.000000,60.000000,60.000000,13800
2021-12-10,60.130001,63.549999,60.130001,63.099998,63.099998,34200
2021-12-13,63.099998,64.029999,57.650002,61.380001,61.380001,52200
2021-12-14,60.930000,60.930000,55.959999,57.380001,57.380001,40200
2021-12-15,56.720001,58.959999,55.270000,56.029999,56.029999,36200
2021-12-16,56.880001,58.250000,53.939999,54.630001,54.630001,32700
2021-12-17,54.950001,56.000000,53.250000,53.290001,53.290001,26300
2021-12-20,53.840000,55.880001,53.560001,53.820000,53.820000,13400
2021-12-21,54.799999,59.299999,54.799999,58.549999,58.549999,36100
2021-12-22,58.279999,62.000000,58.279999,62.000000,62.000000,17200
2021-12-23,63.389999,64.500000,62.349998,62.500000,62.500000,25700
2021-12-27,65.000000,69.400002,64.489998,69.400002,69.400002,48100
2021-12-28,69.400002,69.400002,65.510002,65.699997,65.699997,27500
2021-12-29,65.589996,67.050003,63.810001,65.660004,65.660004,17600
2021-12-30,69.699997,69.699997,66.650002,67.510002,67.510002,23200
2021-12-31,68.019997,69.040001,66.050003,68.889999,68.889999,11800
2022-01-03,70.000000,74.660004,68.000000,74.010002,74.010002,53700
2022-01-04,75.000000,76.129997,70.349998,72.360001,72.360001,43500
2022-01-05,73.389999,74.099998,67.320000,68.019997,68.019997,32600
2022-01-06,67.930000,70.839996,67.930000,70.839996,70.839996,22200
2022-01-07,71.599998,74.800003,69.000000,69.410004,69.410004,36200
2022-01-10,68.000000,72.349998,66.480003,70.790001,70.790001,49300
2022-01-11,71.879997,76.400002,70.029999,75.519997,75.519997,50600
2022-01-12,76.529999,80.010002,76.529999,77.669998,77.669998,49100
2022-01-13,78.000000,81.989998,78.000000,80.050003,80.050003,72900
2022-01-14,79.959999,81.480003,68.070000,78.320000,78.320000,80700
2022-01-18,78.330002,81.099998,71.000000,73.010002,73.010002,42500
2022-01-19,73.099998,75.169998,70.129997,70.129997,70.129997,30700
2022-01-20,71.019997,75.669998,69.019997,70.099998,70.099998,40700
2022-01-21,68.699997,68.699997,64.339996,67.120003,67.120003,33300
2022-01-24,65.099998,66.089996,60.549999,64.000000,64.000000,82900
2022-01-25,62.349998,64.019997,60.250000,63.560001,63.560001,24200
2022-01-26,64.400002,67.150002,64.400002,65.010002,65.010002,21000
2022-01-27,65.010002,67.500000,60.330002,61.980000,61.980000,33200
2022-01-28,61.490002,61.880001,58.830002,61.880001,61.880001,35000
2022-01-31,60.160000,62.770000,60.160000,62.520000,62.520000,12800
2022-02-01,62.049999,67.599998,62.049999,65.480003,65.480003,19400
2022-02-02,67.000000,68.820000,62.880001,64.010002,64.010002,27800
2022-02-03,64.330002,64.330002,61.450001,61.450001,61.450001,10200
2022-02-04,62.060001,63.750000,60.500000,63.439999,63.439999,42500
2022-02-07,63.500000,66.000000,61.509998,63.700001,63.700001,34100
2022-02-08,63.259998,64.459999,61.509998,62.970001,62.970001,17700
2022-02-09,63.590000,65.220001,63.490002,64.349998,64.349998,26800
2022-02-10,64.000000,65.400002,62.580002,62.580002,62.580002,26800
2022-02-11,63.500000,63.500000,61.110001,62.520000,62.520000,18900
2022-02-14,62.110001,62.110001,60.000000,60.410000,60.410000,32900
2022-02-15,61.009998,62.919998,57.500000,58.599998,58.599998,50100
2022-02-16,57.650002,60.259998,57.480000,58.259998,58.259998,59000
2022-02-17,57.299999,57.389999,52.759998,52.810001,52.810001,76900
2022-02-18,53.040001,54.910000,52.619999,53.970001,53.970001,21600
2022-02-22,53.770000,54.799999,51.130001,51.250000,51.250000,23200
2022-02-23,51.860001,52.189999,47.520000,47.790001,47.790001,36600
2022-02-24,45.459999,50.549999,42.639999,50.160000,50.160000,42300
2022-02-25,50.830002,51.090000,46.330002,48.180000,48.180000,30800
2022-02-28,47.650002,48.400002,44.889999,48.259998,48.259998,37400
2022-03-01,47.720001,49.939999,47.720001,49.389999,49.389999,32300
2022-03-02,49.959999,50.849998,48.259998,48.980000,48.980000,28400
2022-03-03,48.680000,50.189999,47.799999,48.869999,48.869999,18700
2022-03-04,47.709999,49.049999,47.419998,48.500000,48.500000,22300
2022-03-07,48.009998,48.500000,46.650002,46.759998,46.759998,26600
2022-03-08,46.639999,47.610001,45.430000,47.200001,47.200001,17400
2022-03-09,47.290001,47.770000,46.459999,46.799999,46.799999,20500
2022-03-10,45.500000,46.459999,45.230000,46.330002,46.330002,9200
2022-03-11,46.639999,46.639999,44.000000,45.090000,45.090000,30500
2022-03-14,44.750000,45.700001,41.000000,41.439999,41.439999,29900
2022-03-15,41.290001,43.900002,39.630001,42.340000,42.340000,39900
2022-03-16,42.880001,44.549999,41.450001,42.950001,42.950001,18500
2022-03-17,44.450001,46.400002,43.240002,44.150002,44.150002,19100
2022-03-18,44.650002,48.000000,44.650002,47.310001,47.310001,17800
2022-03-21,48.070000,48.070000,45.209999,45.410000,45.410000,21600
2022-03-22,47.580002,47.580002,46.200001,46.810001,46.810001,13400
2022-03-23,48.799999,48.799999,46.549999,47.000000,47.000000,15400
2022-03-24,46.000000,49.450001,46.000000,48.279999,48.279999,22500
2022-03-25,48.349998,48.430000,43.560001,44.500000,44.500000,40400
2022-03-28,41.799999,43.200001,35.509998,36.500000,36.500000,94500
2022-03-29,36.540001,42.410000,36.540001,41.669998,41.669998,57900
2022-03-30,40.939999,44.240002,40.939999,42.099998,42.099998,31900
2022-03-31,41.500000,42.200001,39.389999,39.389999,39.389999,22800
2022-04-01,39.200001,41.950001,37.250000,39.450001,39.450001,61000
2022-04-04,40.849998,40.950001,36.200001,37.610001,37.610001,74100
2022-04-05,38.500000,39.119999,37.009998,37.790001,37.790001,48700
2022-04-06,37.150002,37.730000,34.000000,35.840000,35.840000,61000
2022-04-07,36.000000,36.500000,33.639999,35.799999,35.799999,29200
2022-04-08,35.000000,35.169998,34.680000,34.959999,34.959999,16600
2022-04-11,34.000000,35.270000,33.009998,34.410000,34.410000,37800
2022-04-12,34.810001,34.810001,32.720001,32.900002,32.900002,21900
2022-04-13,32.980000,33.450001,31.150000,31.700001,31.700001,20300
2022-04-14,31.480000,31.480000,29.500000,30.719999,30.719999,42100
2022-04-18,30.690001,30.700001,29.290001,29.290001,29.290001,16300
2022-04-19,29.040001,30.420000,28.260000,29.650000,29.650000,43900
2022-04-20,30.000000,30.000000,28.350000,28.879999,28.879999,30100
2022-04-21,29.000000,29.250000,28.020000,28.379999,28.379999,21300
2022-04-22,28.400000,28.480000,26.629999,28.240000,28.240000,29400
2022-04-25,27.629999,28.690001,27.280001,27.799999,27.799999,13800
2022-04-26,29.969999,29.969999,27.040001,27.100000,27.100000,17200
2022-04-27,26.639999,27.309999,26.250000,26.250000,26.250000,21700
2022-04-28,28.059999,28.059999,25.680000,27.400000,27.400000,27700
2022-04-29,27.070000,27.820000,26.070000,26.860001,26.860001,17500
2022-05-02,26.389999,26.900000,25.219999,25.280001,25.280001,25800
2022-05-03,25.700001,26.320000,23.590000,25.059999,25.059999,48500
2022-05-04,24.070000,26.000000,24.070000,24.680000,24.680000,39900
2022-05-05,24.030001,25.110001,22.350000,23.510000,23.510000,40700
2022-05-06,24.000000,24.670000,22.000000,23.860001,23.860001,70300
2022-05-09,22.990000,23.090000,20.240000,20.410000,20.410000,35500
2022-05-10,20.809999,21.790001,20.200001,20.500000,20.500000,54000
2022-05-11,20.799999,23.160000,20.600000,21.670000,21.670000,75600
2022-05-12,21.580000,24.500000,21.000000,22.280001,22.280001,67800
2022-05-13,22.629999,24.820000,22.170000,23.170000,23.170000,93000
2022-05-16,23.250000,25.400000,22.440001,25.000000,25.000000,34500
2022-05-17,25.200001,26.100000,21.990000,21.990000,21.990000,71700
2022-05-18,21.420000,22.139999,20.549999,21.100000,21.100000,26400
2022-05-19,20.799999,21.879999,20.549999,20.760000,20.760000,18400
2022-05-20,20.840000,21.750000,20.400000,21.400000,21.400000,11600
2022-05-23,21.420000,22.450001,20.940001,20.940001,20.940001,12600
2022-05-24,20.320000,21.650000,19.299999,19.510000,19.510000,31600
2022-05-25,20.000000,20.980000,19.510000,20.480000,20.480000,10600
2022-05-26,20.400000,23.400000,20.400000,22.230000,22.230000,29400
2022-05-27,22.100000,24.740000,21.020000,23.400000,23.400000,70800
2022-05-31,23.240000,23.500000,21.799999,22.900000,22.900000,57600
2022-06-01,22.850000,23.299999,21.190001,21.809999,21.809999,54100
2022-06-02,22.100000,23.170000,21.639999,22.600000,22.600000,26000
2022-06-03,22.629999,22.900000,21.830000,22.370001,22.370001,29900
2022-06-06,22.790001,25.080000,22.440001,24.549999,24.549999,67600
2022-06-07,24.450001,24.450001,23.000000,23.410000,23.410000,26700
2022-06-08,23.660000,24.360001,22.450001,22.450001,22.450001,28700
2022-06-09,22.180000,23.190001,21.490000,22.209999,22.209999,35600
2022-06-10,21.870001,22.500000,21.540001,22.110001,22.110001,34300
2022-06-13,21.480000,21.950001,20.059999,20.350000,20.350000,40700
2022-06-14,20.350000,20.910000,20.000000,20.299999,20.299999,21600
2022-06-15,20.500000,21.309999,19.590000,20.290001,20.290001,33600
2022-06-16,20.000000,20.250000,19.040001,19.730000,19.730000,22300
2022-06-17,19.700001,20.420000,19.200001,19.200001,19.200001,41300
2022-06-21,19.000000,19.280001,16.959999,16.959999,16.959999,92800
2022-06-22,16.370001,17.290001,16.290001,16.639999,16.639999,40200
2022-06-23,16.740000,16.820000,15.320000,15.510000,15.510000,32300
2022-06-24,15.200000,15.840000,14.710000,15.000000,15.000000,55700
2022-06-27,15.000000,15.290000,14.700000,14.730000,14.730000,16800
2022-06-28,14.590000,15.220000,14.400000,14.590000,14.590000,22500
2022-06-29,14.350000,14.800000,13.380000,13.910000,13.910000,28100
2022-06-30,13.300000,13.590000,12.210000,12.730000,12.730000,37500
2022-07-01,12.410000,14.000000,12.410000,13.990000,13.990000,27200
2022-07-05,12.730000,14.090000,11.460000,13.660000,13.660000,24900
2022-07-06,13.690000,14.260000,13.680000,13.850000,13.850000,14200
2022-07-07,14.390000,14.390000,13.880000,13.880000,13.880000,3800
2022-07-08,13.870000,13.870000,12.820000,12.830000,12.830000,10200
2022-07-11,12.790000,13.100000,12.750000,12.800000,12.800000,13800
2022-07-12,12.950000,13.020000,11.670000,11.800000,11.800000,40600
2022-07-13,12.360000,12.460000,11.470000,11.510000,11.510000,23200
2022-07-14,11.470000,12.040000,11.040000,11.800000,11.800000,24100
2022-07-15,11.890000,13.670000,11.500000,13.450000,13.450000,65600
2022-07-18,13.580000,14.200000,13.010000,13.590000,13.590000,38000
2022-07-19,13.960000,18.400000,13.960000,17.240000,17.240000,107500
2022-07-20,17.240000,18.400000,16.250000,17.270000,17.270000,78700
2022-07-21,16.980000,18.480000,16.889999,18.049999,18.049999,55700
2022-07-22,17.690001,18.000000,17.000000,17.379999,17.379999,24400
2022-07-25,17.360001,17.840000,16.020000,16.020000,16.020000,19100
2022-07-26,16.020000,16.020000,15.010000,15.120000,15.120000,25500
2022-07-27,15.300000,15.430000,14.560000,14.560000,14.560000,17700
2022-07-28,14.590000,16.280001,14.310000,16.000000,16.000000,17100
2022-07-29,16.000000,16.740000,15.440000,15.440000,15.440000,13000
2022-08-01,15.060000,16.559999,15.060000,15.500000,15.500000,8800
2022-08-02,15.840000,15.840000,14.750000,14.810000,14.810000,20400
2022-08-03,15.070000,15.270000,14.790000,15.000000,15.000000,5500
2022-08-04,15.450000,15.740000,15.010000,15.010000,15.010000,11000
2022-08-05,14.710000,15.840000,14.600000,14.820000,14.820000,3400
2022-08-08,14.630000,15.660000,14.600000,15.400000,15.400000,14900
2022-08-09,14.880000,15.040000,14.350000,14.350000,14.350000,5100
2022-08-10,14.450000,15.030000,14.450000,14.880000,14.880000,4900
2022-08-11,15.030000,15.410000,14.690000,14.750000,14.750000,10900
2022-08-12,15.020000,15.020000,14.630000,14.650000,14.650000,2500
2022-08-15,14.690000,16.250000,14.620000,15.700000,15.700000,23300
2022-08-16,15.990000,18.500000,15.780000,18.500000,18.500000,25900
2022-08-17,18.700001,21.799999,18.700001,20.299999,20.299999,71000
2022-08-18,20.760000,21.600000,20.080000,20.490000,20.490000,24300
2022-08-19,20.000000,20.020000,17.780001,19.610001,19.610001,40800
2022-08-22,19.080000,19.559999,18.190001,18.200001,18.200001,17800
2022-08-23,18.400000,19.190001,16.900000,17.000000,17.000000,25800
2022-08-24,17.330000,18.090000,16.600000,17.309999,17.309999,19000
2022-08-25,17.750000,18.760000,17.049999,17.450001,17.450001,15500
2022-08-26,17.740000,17.920000,17.080000,17.719999,17.719999,8800
2022-08-29,17.110001,17.670000,16.200001,17.090000,17.090000,31900
2022-08-30,17.080000,17.500000,16.620001,17.389999,17.389999,13700
2022-08-31,17.209999,17.209999,16.660000,17.000000,17.000000,19800
2022-09-01,16.950001,16.950001,16.010000,16.709999,16.709999,11000
2022-09-02,16.990000,16.990000,15.010000,15.110000,15.110000,8400
2022-09-06,14.580000,15.590000,14.500000,14.750000,14.750000,12300
2022-09-07,14.680000,15.180000,14.570000,15.180000,15.180000,5500
2022-09-08,14.890000,15.500000,14.670000,15.240000,15.240000,9700
2022-09-09,15.600000,15.720000,14.810000,15.690000,15.690000,8900
2022-09-12,16.000000,16.010000,15.450000,15.800000,15.800000,12000
2022-09-13,15.800000,15.800000,14.490000,14.530000,14.530000,15400
2022-09-14,14.770000,14.770000,13.590000,13.610000,13.610000,13600
2022-09-15,12.650000,14.050000,12.400000,12.800000,12.800000,67300
2022-09-16,12.260000,13.100000,11.980000,12.010000,12.010000,30600
2022-09-19,11.870000,12.200000,11.640000,11.990000,11.990000,9000
2022-09-20,12.300000,12.300000,11.860000,12.110000,12.110000,12500
2022-09-21,12.000000,12.050000,11.880000,12.000000,12.000000,12100
2022-09-22,12.000000,12.020000,11.070000,11.640000,11.640000,21500
2022-09-23,12.110000,12.110000,10.600000,11.300000,11.300000,16800
2022-09-26,10.830000,11.200000,10.520000,10.520000,10.520000,11400
2022-09-27,10.540000,11.100000,10.540000,10.640000,10.640000,12700
2022-09-28,10.700000,10.990000,10.700000,10.990000,10.990000,3700
2022-09-29,10.650000,11.130000,10.500000,11.130000,11.130000,15700
2022-09-30,11.650000,11.650000,10.670000,10.670000,10.670000,4500
2022-10-03,11.180000,11.790000,11.000000,11.390000,11.390000,6600
2022-10-04,11.780000,11.870000,11.400000,11.530000,11.530000,5000
2022-10-05,11.720000,11.720000,11.260000,11.260000,11.260000,4600
2022-10-06,11.260000,12.320000,11.000000,11.250000,11.250000,34500
2022-10-07,12.380000,12.500000,11.350000,11.350000,11.350000,21600
2022-10-10,11.300000,11.630000,11.010000,11.060000,11.060000,3900
2022-10-11,10.980000,11.080000,10.510000,10.510000,10.510000,7700
2022-10-12,10.520000,11.080000,10.500000,10.500000,10.500000,5200
2022-10-13,10.590000,10.650000,10.010000,10.650000,10.650000,4600
2022-10-14,10.730000,10.880000,9.820000,9.890000,9.890000,26800
2022-10-17,10.360000,10.740000,9.480000,10.000000,10.000000,21600
2022-10-18,9.850000,10.250000,9.760000,9.800000,9.800000,3700
2022-10-19,9.600000,9.900000,9.270000,9.270000,9.270000,7900
2022-10-20,9.080000,9.150000,8.620000,9.000000,9.000000,19500
2022-10-21,9.000000,9.300000,9.000000,9.160000,9.160000,8800
2022-10-24,9.300000,9.400000,8.970000,9.040000,9.040000,7200
2022-10-25,9.100000,9.300000,8.960000,9.040000,9.040000,10000
2022-10-26,8.990000,9.250000,8.950000,8.950000,8.950000,7700
2022-10-27,9.010000,9.070000,8.720000,8.950000,8.950000,5800
2022-10-28,8.880000,9.020000,8.860000,8.880000,8.880000,8700
2022-10-31,8.630000,9.030000,8.630000,8.750000,8.750000,6300
2022-11-01,8.880000,9.000000,8.830000,8.840000,8.840000,5900
2022-11-02,8.990000,8.990000,8.570000,8.570000,8.570000,4600
2022-11-03,8.500000,8.630000,8.200000,8.490000,8.490000,7900
2022-11-04,8.460000,8.810000,8.190000,8.630000,8.630000,8700
2022-11-07,8.640000,8.640000,8.300000,8.470000,8.470000,11800
2022-11-08,8.470000,8.700000,8.210000,8.210000,8.210000,4600
2022-11-09,8.190000,8.480000,8.100000,8.220000,8.220000,10000
2022-11-10,8.270000,9.400000,8.250000,8.850000,8.850000,21600
2022-11-11,9.740000,9.980000,8.590000,8.610000,8.610000,17500
2022-11-14,9.000000,9.000000,8.190000,8.200000,8.200000,16700
2022-11-15,8.020000,8.800000,6.870000,7.430000,7.430000,64600
2022-11-16,7.020000,7.410000,6.570000,6.600000,6.600000,75600
2022-11-17,6.600000,6.990000,6.580000,6.580000,6.580000,15000
2022-11-18,6.520000,6.810000,5.960000,6.100000,6.100000,23100
2022-11-21,5.770000,6.200000,5.550000,5.550000,5.550000,22300
2022-11-22,5.710000,5.750000,5.360000,5.400000,5.400000,54600
2022-11-23,5.650000,6.570000,5.460000,5.460000,5.460000,61600
2022-11-25,5.520000,5.950000,5.520000,5.950000,5.950000,12000
2022-11-28,5.950000,6.080000,5.650000,5.650000,5.650000,8900
2022-11-29,5.640000,5.920000,5.550000,5.790000,5.790000,24800
2022-11-30,5.630000,5.850000,5.400000,5.400000,5.400000,19300
2022-12-01,5.500000,5.900000,5.450000,5.830000,5.830000,21600
2022-12-02,5.580000,5.850000,5.580000,5.600000,5.600000,12100
2022-12-05,5.620000,5.760000,5.200000,5.210000,5.210000,42100
2022-12-06,5.200000,5.310000,4.240000,4.520000,4.520000,61100
2022-12-07,4.430000,4.490000,4.050000,4.150000,4.150000,55800
2022-12-08,4.060000,5.590000,4.060000,4.950000,4.950000,49400
2022-12-09,4.990000,5.020000,4.690000,4.940000,4.940000,18300
2022-12-12,5.010000,5.290000,4.790000,5.220000,5.220000,17600
2022-12-13,5.250000,5.250000,4.900000,5.100000,5.100000,19900
2022-12-14,5.110000,5.110000,4.800000,4.830000,4.830000,16800
2022-12-15,4.690000,5.070000,4.690000,4.940000,4.940000,14700
2022-12-16,4.990000,4.990000,4.800000,4.880000,4.880000,8900
2022-12-19,4.740000,4.900000,4.210000,4.370000,4.370000,22800
2022-12-20,4.230000,4.470000,4.070000,4.430000,4.430000,25200
2022-12-21,4.650000,4.650000,4.310000,4.390000,4.390000,8200
2022-12-22,4.190000,4.230000,3.820000,3.990000,3.990000,20900
2022-12-23,3.960000,4.210000,3.700000,4.170000,4.170000,21400
2022-12-27,4.030000,4.040000,3.850000,3.970000,3.970000,14300
2022-12-28,3.860000,3.900000,3.800000,3.850000,3.850000,31200
2022-12-29,3.970000,4.040000,3.810000,4.020000,4.020000,39600
2022-12-30,4.120000,4.120000,3.800000,3.950000,3.950000,35100
2023-01-03,3.950000,4.010000,3.760000,3.910000,3.910000,9700
2023-01-04,3.860000,3.980000,3.760000,3.840000,3.840000,17100
2023-01-05,3.750000,4.050000,3.750000,3.980000,3.980000,6400
2023-01-06,4.100000,4.250000,4.010000,4.220000,4.220000,13400
2023-01-09,4.150000,4.240000,4.050000,4.180000,4.180000,15000
2023-01-10,4.230000,4.400000,4.120000,4.250000,4.250000,11700
2023-01-11,4.380000,4.460000,4.260000,4.340000,4.340000,9100
2023-01-12,4.280000,4.800000,4.280000,4.800000,4.800000,34100
2023-01-13,4.850000,5.000000,4.610000,4.650000,4.650000,34300
2023-01-17,4.850000,4.930000,4.700000,4.860000,4.860000,26100
2023-01-18,4.890000,5.000000,4.700000,4.730000,4.730000,11900
2023-01-19,4.760000,4.800000,4.330000,4.710000,4.710000,26200
2023-01-20,4.670000,4.870000,4.600000,4.780000,4.780000,20400
2023-01-23,4.710000,4.980000,4.710000,4.910000,4.910000,10700
2023-01-24,4.930000,5.000000,4.700000,4.700000,4.700000,18000
2023-01-25,4.700000,4.900000,4.700000,4.720000,4.720000,17500
2023-01-26,4.980000,4.980000,4.510000,4.550000,4.550000,19900
2023-01-27,4.550000,4.710000,4.360000,4.430000,4.430000,8800
2023-01-30,4.310000,4.650000,4.300000,4.300000,4.300000,10700
2023-01-31,4.250000,4.750000,4.250000,4.680000,4.680000,39900
2023-02-01,4.870000,4.890000,4.470000,4.750000,4.750000,49800
2023-02-02,4.830000,5.590000,4.770000,5.240000,5.240000,98300
2023-02-03,5.400000,5.400000,4.890000,5.180000,5.180000,18000
2023-02-06,5.310000,5.310000,4.800000,4.950000,4.950000,28400
2023-02-07,4.900000,5.200000,4.810000,5.200000,5.200000,16500
2023-02-08,5.410000,5.410000,4.980000,5.050000,5.050000,9300
2023-02-09,5.140000,5.160000,4.560000,4.740000,4.740000,23100
2023-02-10,4.750000,4.750000,4.320000,4.390000,4.390000,27800
2023-02-13,4.400000,4.650000,4.400000,4.650000,4.650000,17100
2023-02-14,4.460000,4.600000,4.450000,4.490000,4.490000,6700
2023-02-15,4.680000,4.830000,4.500000,4.730000,4.730000,19600
2023-02-16,4.520000,5.100000,4.520000,4.850000,4.850000,30800
2023-02-17,4.830000,4.950000,4.740000,4.900000,4.900000,11500
2023-02-21,5.000000,5.050000,4.660000,4.720000,4.720000,13100
2023-02-22,4.660000,4.840000,4.660000,4.840000,4.840000,1300
2023-02-23,4.850000,4.850000,4.620000,4.630000,4.630000,2800
2023-02-24,4.640000,4.640000,4.500000,4.500000,4.500000,6600
2023-02-27,4.410000,4.630000,4.410000,4.510000,4.510000,6500
2023-02-28,4.450000,4.540000,4.410000,4.410000,4.410000,18900
2023-03-01,4.460000,4.460000,4.350000,4.360000,4.360000,17000
2023-03-02,4.300000,4.480000,4.300000,4.480000,4.480000,3500
2023-03-03,4.450000,4.490000,4.330000,4.400000,4.400000,7400
2023-03-06,4.350000,4.510000,4.050000,4.060000,4.060000,33900
2023-03-07,4.100000,4.330000,4.100000,4.330000,4.330000,7200
2023-03-08,4.400000,4.450000,4.330000,4.430000,4.430000,18300
2023-03-09,4.490000,4.560000,4.320000,4.420000,4.420000,24900
2023-03-10,4.350000,4.400000,4.260000,4.260000,4.260000,14500
2023-03-13,4.110000,4.280000,4.080000,4.200000,4.200000,6800
2023-03-14,4.220000,4.260000,3.930000,3.930000,3.930000,18600
2023-03-15,3.840000,3.980000,3.750000,3.770000,3.770000,17000
2023-03-16,3.750000,3.990000,3.750000,3.940000,3.940000,12300
2023-03-17,3.950000,3.990000,3.850000,3.850000,3.850000,5100
2023-03-20,3.900000,3.990000,3.800000,3.870000,3.870000,17000
2023-03-21,4.050000,4.050000,3.860000,3.860000,3.860000,11500
2023-03-22,3.830000,3.990000,3.830000,3.850000,3.850000,4000
2023-03-23,3.930000,3.930000,3.690000,3.690000,3.690000,28600
2023-03-24,3.610000,3.710000,3.350000,3.410000,3.410000,12200
2023-03-27,3.900000,3.900000,3.400000,3.400000,3.400000,8500
2023-03-28,3.360000,3.500000,3.150000,3.300000,3.300000,23000
2023-03-29,3.230000,3.500000,3.230000,3.400000,3.400000,35300
2023-03-30,3.550000,3.900000,3.490000,3.680000,3.680000,19300
2023-03-31,3.810000,3.810000,3.570000,3.740000,3.740000,6600
2023-04-03,3.700000,3.770000,3.420000,3.560000,3.560000,20600
2023-04-04,3.610000,3.660000,3.300000,3.340000,3.340000,16000
2023-04-05,3.240000,3.490000,3.240000,3.410000,3.410000,14100
2023-04-06,3.420000,3.630000,3.340000,3.380000,3.380000,14900
2023-04-10,3.370000,3.500000,3.310000,3.430000,3.430000,3500
2023-04-11,3.430000,3.600000,3.430000,3.430000,3.430000,3400
2023-04-12,3.430000,3.500000,3.310000,3.500000,3.500000,25400
2023-04-13,3.500000,3.500000,3.350000,3.370000,3.370000,5300
2023-04-14,3.470000,3.470000,3.330000,3.370000,3.370000,6200
2023-04-17,3.290000,3.470000,3.290000,3.420000,3.420000,6400
2023-04-18,3.450000,3.450000,3.290000,3.290000,3.290000,2900
2023-04-19,3.290000,3.320000,3.220000,3.240000,3.240000,5400
2023-04-20,3.180000,3.270000,3.120000,3.160000,3.160000,9600
2023-04-21,3.120000,3.120000,3.010000,3.120000,3.120000,8800
2023-04-24,3.120000,3.240000,3.000000,3.000000,3.000000,17200
2023-04-25,3.000000,3.000000,2.670000,2.710000,2.710000,29900
2023-04-26,2.900000,2.990000,2.520000,2.520000,2.520000,9900
2023-04-27,3.210000,3.210000,2.560000,2.600000,2.600000,25700
2023-04-28,2.560000,2.800000,2.560000,2.680000,2.680000,7700
2023-05-01,2.650000,2.710000,2.650000,2.690000,2.690000,5400
2023-05-02,2.760000,2.760000,2.510000,2.600000,2.600000,15500
2023-05-03,2.620000,2.750000,2.550000,2.630000,2.630000,3800
2023-05-04,2.640000,2.640000,2.500000,2.500000,2.500000,8300
2023-05-05,2.500000,2.670000,2.500000,2.500000,2.500000,10100
2023-05-08,2.500000,2.650000,2.500000,2.580000,2.580000,5700
2023-05-09,2.540000,2.700000,2.540000,2.700000,2.700000,5900
2023-05-10,2.670000,2.800000,2.670000,2.800000,2.800000,2400
2023-05-11,2.750000,2.780000,2.530000,2.570000,2.570000,14900
2023-05-12,2.690000,2.700000,2.420000,2.420000,2.420000,6700
2023-05-15,2.540000,2.540000,2.260000,2.330000,2.330000,6400
2023-05-16,2.310000,2.310000,1.910000,2.230000,2.230000,27000
2023-05-17,2.190000,2.200000,2.040000,2.150000,2.150000,11400
2023-05-18,2.130000,2.250000,1.940000,1.970000,1.970000,15400
2023-05-19,2.070000,2.180000,2.070000,2.110000,2.110000,12000
2023-05-22,2.500000,2.500000,2.210000,2.270000,2.270000,4400
2023-05-23,2.200000,2.240000,2.200000,2.240000,2.240000,2300
2023-05-24,2.140000,2.270000,1.970000,1.990000,1.990000,9400
2023-05-25,1.990000,2.030000,1.980000,2.000000,2.000000,7300
2023-05-26,2.080000,2.350000,2.000000,2.260000,2.260000,23600
2023-05-30,2.350000,2.350000,1.880000,2.020000,2.020000,25900
2023-05-31,1.950000,2.070000,1.890000,1.940000,1.940000,5600
2023-06-01,1.940000,1.980000,1.850000,1.980000,1.980000,17800
2023-06-02,1.980000,2.120000,1.890000,1.890000,1.890000,10100
2023-06-05,1.910000,2.040000,1.770000,1.800000,1.800000,17200
2023-06-06,1.800000,1.900000,1.750000,1.890000,1.890000,16700
2023-06-07,2.000000,2.100000,1.820000,1.910000,1.910000,20800
2023-06-08,1.810000,1.840000,1.680000,1.820000,1.820000,17400
2023-06-09,1.910000,1.910000,1.800000,1.800000,1.800000,5600
2023-06-12,1.900000,1.900000,1.760000,1.760000,1.760000,9900
2023-06-13,1.750000,1.900000,1.720000,1.820000,1.820000,34600
2023-06-14,1.740000,2.050000,1.650000,1.760000,1.760000,41800
2023-06-15,1.710000,1.830000,1.710000,1.830000,1.830000,7200
2023-06-16,1.880000,1.900000,1.790000,1.800000,1.800000,8100
2023-06-20,1.830000,1.850000,1.660000,1.740000,1.740000,10500
2023-06-21,1.780000,1.820000,1.660000,1.750000,1.750000,74800
2023-06-22,1.760000,1.830000,1.560000,1.570000,1.570000,28500
2023-06-23,1.580000,1.740000,1.520000,1.520000,1.520000,17600
2023-06-26,1.520000,1.630000,1.500000,1.530000,1.530000,10600
2023-06-27,1.530000,1.580000,1.510000,1.570000,1.570000,8700
2023-06-28,1.510000,1.570000,1.510000,1.520000,1.520000,11100
2023-06-29,1.530000,1.630000,1.520000,1.550000,1.550000,16300
2023-06-30,1.560000,1.720000,1.560000,1.640000,1.640000,11500
2023-07-03,1.700000,1.750000,1.590000,1.610000,1.610000,10800
2023-07-05,1.720000,1.720000,1.600000,1.700000,1.700000,14200
2023-07-06,1.640000,1.670000,1.570000,1.600000,1.600000,8100
2023-07-07,1.600000,1.660000,1.580000,1.640000,1.640000,7300
2023-07-10,1.630000,1.630000,1.540000,1.540000,1.540000,17700
2023-07-11,1.610000,1.610000,1.520000,1.530000,1.530000,13800
2023-07-12,1.600000,1.600000,1.490000,1.490000,1.490000,12100
2023-07-13,1.500000,1.800000,1.490000,1.800000,1.800000,142000
2023-07-14,1.840000,1.960000,1.620000,1.740000,1.740000,86700
2023-07-17,1.910000,1.930000,1.600000,1.660000,1.660000,46300
2023-07-18,1.650000,1.690000,1.610000,1.640000,1.640000,13200
2023-07-19,1.620000,1.820000,1.620000,1.770000,1.770000,44600
2023-07-20,1.770000,1.770000,1.610000,1.700000,1.700000,26000
2023-07-21,1.710000,1.710000,1.630000,1.680000,1.680000,12500
2023-07-24,1.640000,1.750000,1.640000,1.720000,1.720000,4200
2023-07-25,1.710000,1.760000,1.640000,1.650000,1.650000,10800
2023-07-26,1.650000,1.710000,1.650000,1.650000,1.650000,10500
2023-07-27,1.730000,1.730000,1.660000,1.690000,1.690000,2200
2023-07-28,1.750000,1.750000,1.650000,1.710000,1.710000,12200
2023-07-31,1.690000,1.710000,1.650000,1.690000,1.690000,9900
2023-08-01,1.680000,1.710000,1.650000,1.650000,1.650000,6800
2023-08-02,1.600000,1.640000,1.570000,1.580000,1.580000,8000
2023-08-03,1.610000,1.620000,1.550000,1.600000,1.600000,7700
2023-08-04,1.560000,1.650000,1.560000,1.610000,1.610000,7400
2023-08-07,1.610000,1.630000,1.610000,1.610000,1.610000,4300
2023-08-08,1.610000,1.710000,1.550000,1.680000,1.680000,20700
2023-08-09,1.610000,1.650000,1.560000,1.640000,1.640000,10700
2023-08-10,1.620000,1.620000,1.550000,1.550000,1.550000,8400
2023-08-11,1.520000,1.570000,1.290000,1.320000,1.320000,39500
2023-08-14,1.300000,1.330000,1.210000,1.280000,1.280000,9100
2023-08-15,1.250000,1.310000,1.250000,1.300000,1.300000,8700
2023-08-16,1.300000,1.330000,1.290000,1.310000,1.310000,3600
2023-08-17,1.340000,1.370000,1.260000,1.260000,1.260000,13600
2023-08-18,1.270000,1.270000,1.260000,1.270000,1.270000,9700
2023-08-21,1.210000,1.310000,1.120000,1.140000,1.140000,30700
2023-08-22,1.130000,1.240000,1.060000,1.100000,1.100000,14500
2023-08-23,1.200000,1.200000,1.060000,1.090000,1.090000,10300
2023-08-24,1.050000,1.170000,1.000000,1.000000,1.000000,18800
2023-08-25,1.020000,1.070000,1.000000,1.000000,1.000000,12900
2023-08-28,1.070000,1.070000,1.000000,1.010000,1.010000,13700
2023-08-29,1.040000,1.050000,1.000000,1.020000,1.020000,5100
2023-08-30,1.050000,1.170000,0.910000,0.920000,0.920000,57700
2023-08-31,1.000000,1.010000,0.890000,0.960000,0.960000,42600
2023-09-01,0.990000,0.990000,0.900000,0.900000,0.900000,17700
2023-09-05,1.000000,1.050000,0.910000,1.020000,1.020000,53100
2023-09-06,1.100000,1.780000,1.050000,1.590000,1.590000,2608200
2023-09-07,1.380000,1.800000,1.330000,1.750000,1.750000,342400
2023-09-08,1.590000,2.130000,1.590000,1.800000,1.800000,217900
2023-09-11,1.930000,1.970000,1.430000,1.450000,1.450000,96500
2023-09-12,1.480000,1.520000,1.310000,1.360000,1.360000,38800
2023-09-13,1.420000,1.450000,1.280000,1.360000,1.360000,28700
2023-09-14,1.330000,1.440000,1.320000,1.380000,1.380000,46100
2023-09-15,1.430000,1.460000,1.370000,1.400000,1.400000,33300
2023-09-18,1.370000,1.400000,1.130000,1.150000,1.150000,41300
2023-09-19,1.170000,1.250000,1.090000,1.150000,1.150000,28500
2023-09-20,1.200000,1.200000,1.100000,1.100000,1.100000,17400
2023-09-21,1.030000,1.190000,1.030000,1.120000,1.120000,19400
2023-09-22,1.100000,1.200000,1.100000,1.200000,1.200000,22600
2023-09-25,1.170000,1.220000,1.110000,1.160000,1.160000,17900
2023-09-26,1.140000,1.250000,1.020000,1.200000,1.200000,45100
2023-09-27,1.210000,1.270000,1.020000,1.170000,1.170000,11400
2023-09-28,1.430000,1.430000,1.170000,1.200000,1.200000,18600
2023-09-29,1.360000,1.360000,1.160000,1.160000,1.160000,10200
2023-10-02,1.160000,1.250000,1.090000,1.200000,1.200000,25200
2023-10-03,1.190000,1.190000,0.690000,0.780000,0.780000,234600
2023-10-04,0.750000,0.770000,0.710000,0.720000,0.720000,37200
2023-10-05,0.720000,0.790000,0.700000,0.720000,0.720000,11400
2023-10-06,0.780000,0.790000,0.710000,0.760000,0.760000,22600
2023-10-09,0.820000,0.850000,0.750000,0.800000,0.800000,9500
2023-10-10,0.840000,0.840000,0.730000,0.760000,0.760000,31600
2023-10-11,0.750000,0.770000,0.720000,0.740000,0.740000,17700
2023-10-12,0.800000,0.800000,0.730000,0.730000,0.730000,31000
2023-10-13,0.760000,0.800000,0.660000,0.700000,0.700000,36300
2023-10-16,0.730000,0.730000,0.690000,0.730000,0.730000,18400
2023-10-17,0.750000,0.810000,0.710000,0.750000,0.750000,16300
2023-10-18,0.830000,0.830000,0.710000,0.710000,0.710000,17800
2023-10-19,0.770000,0.770000,0.700000,0.700000,0.700000,14000
2023-10-20,0.680000,0.790000,0.680000,0.690000,0.690000,7700
2023-10-23,0.680000,0.750000,0.680000,0.680000,0.680000,6000
2023-10-24,0.690000,0.720000,0.690000,0.700000,0.700000,2700
2023-10-25,0.700000,0.700000,0.690000,0.690000,0.690000,6300
2023-10-26,0.670000,0.740000,0.660000,0.670000,0.670000,12900
2023-10-27,0.660000,0.770000,0.660000,0.680000,0.680000,39200
2023-10-30,0.720000,0.750000,0.660000,0.750000,0.750000,23500
2023-10-31,0.750000,0.750000,0.690000,0.690000,0.690000,4200
2023-11-01,0.680000,0.700000,0.680000,0.700000,0.700000,4300
2023-11-02,0.730000,0.730000,0.660000,0.700000,0.700000,31500
2023-11-03,0.750000,0.750000,0.670000,0.690000,0.690000,13900
2023-11-06,0.690000,0.740000,0.690000,0.690000,0.690000,8000
2023-11-07,0.970000,1.070000,0.760000,0.830000,0.830000,1310800
2023-11-08,0.750000,0.810000,0.680000,0.690000,0.690000,169400
2023-11-09,0.680000,0.780000,0.680000,0.710000,0.710000,37800
2023-11-10,0.710000,0.780000,0.650000,0.690000,0.690000,53700
2023-11-13,0.650000,0.660000,0.600000,0.650000,0.650000,76800
2023-11-14,0.660000,0.670000,0.640000,0.670000,0.670000,31400
2023-11-15,0.690000,0.700000,0.660000,0.690000,0.690000,14100
2023-11-16,0.680000,0.690000,0.630000,0.630000,0.630000,22600
2023-11-17,0.660000,0.660000,0.600000,0.630000,0.630000,16800
2023-11-20,0.750000,0.750000,0.660000,0.690000,0.690000,13100
2023-11-21,0.700000,0.700000,0.640000,0.640000,0.640000,2100
2023-11-22,0.650000,0.660000,0.610000,0.660000,0.660000,3200
2023-11-24,0.660000,0.660000,0.620000,0.620000,0.620000,11300
2023-11-27,0.620000,0.650000,0.620000,0.620000,0.620000,9100
2023-11-28,0.630000,0.700000,0.630000,0.660000,0.660000,15700
2023-11-29,0.670000,0.670000,0.650000,0.650000,0.650000,11900
2023-11-30,0.750000,0.750000,0.600000,0.610000,0.610000,46000
2023-12-01,0.610000,0.660000,0.590000,0.630000,0.630000,29100
2023-12-04,0.600000,0.630000,0.530000,0.590000,0.590000,46400
2023-12-05,0.590000,0.590000,0.550000,0.560000,0.560000,14700
2023-12-06,0.550000,0.590000,0.500000,0.510000,0.510000,34200
2023-12-07,0.570000,0.570000,0.500000,0.540000,0.540000,39400
2023-12-08,0.530000,0.560000,0.530000,0.550000,0.550000,8500
2023-12-11,0.550000,0.550000,0.500000,0.550000,0.550000,20100
2023-12-12,0.550000,0.550000,0.500000,0.530000,0.530000,14800
2023-12-13,0.520000,0.550000,0.500000,0.520000,0.520000,23800
2023-12-14,0.560000,0.600000,0.500000,0.510000,0.510000,25300
2023-12-15,0.510000,0.560000,0.510000,0.520000,0.520000,10200
2023-12-18,0.530000,0.570000,0.510000,0.510000,0.510000,17600
2023-12-19,0.550000,0.550000,0.510000,0.510000,0.510000,25400
2023-12-20,0.500000,0.640000,0.500000,0.560000,0.560000,35900
2023-12-21,0.540000,0.740000,0.520000,0.630000,0.630000,144100
2023-12-22,0.630000,0.670000,0.570000,0.590000,0.590000,97000
2023-12-26,0.600000,0.710000,0.570000,0.650000,0.650000,94300
2023-12-27,0.650000,0.690000,0.620000,0.690000,0.690000,52000
2023-12-28,0.720000,0.720000,0.600000,0.630000,0.630000,48400
2023-12-29,0.610000,0.650000,0.540000,0.650000,0.650000,85100
2024-01-02,0.630000,0.680000,0.590000,0.670000,0.670000,28800
2024-01-03,0.660000,0.690000,0.640000,0.660000,0.660000,10400
2024-01-04,0.630000,0.680000,0.620000,0.640000,0.640000,14800
2024-01-05,0.650000,0.680000,0.580000,0.600000,0.600000,24200
2024-01-08,0.600000,0.690000,0.600000,0.660000,0.660000,16700
2024-01-09,0.650000,0.660000,0.620000,0.630000,0.630000,21900
2024-01-10,0.630000,0.630000,0.590000,0.630000,0.630000,13700
2024-01-11,0.620000,0.640000,0.600000,0.630000,0.630000,1600
2024-01-12,0.640000,0.640000,0.590000,0.590000,0.590000,6500
2024-01-16,0.620000,0.630000,0.550000,0.570000,0.570000,25000
2024-01-17,0.560000,0.580000,0.550000,0.560000,0.560000,7900
2024-01-18,0.540000,0.560000,0.540000,0.560000,0.560000,22400
2024-01-19,0.550000,0.570000,0.540000,0.550000,0.550000,6300
2024-01-22,0.570000,0.570000,0.550000,0.570000,0.570000,8900
2024-01-23,0.570000,0.570000,0.550000,0.560000,0.560000,10100
2024-01-24,0.560000,0.600000,0.560000,0.600000,0.600000,11500
2024-01-25,0.570000,0.630000,0.570000,0.630000,0.630000,8200
2024-01-26,0.610000,0.630000,0.610000,0.620000,0.620000,11100
2024-01-29,0.630000,0.630000,0.590000,0.610000,0.610000,5400
2024-01-30,0.610000,0.610000,0.590000,0.610000,0.610000,4500
2024-01-31,0.630000,0.630000,0.570000,0.580000,0.580000,5900
2024-02-01,0.570000,0.610000,0.560000,0.580000,0.580000,5700
2024-02-02,0.600000,0.600000,0.560000,0.580000,0.580000,5300
2024-02-05,0.570000,0.610000,0.570000,0.570000,0.570000,8500
2024-02-06,0.570000,0.590000,0.570000,0.590000,0.590000,6500
2024-02-07,0.610000,0.610000,0.580000,0.580000,0.580000,2300
2024-02-08,0.570000,0.610000,0.570000,0.610000,0.610000,25900
2024-02-09,0.600000,0.610000,0.580000,0.600000,0.600000,5100
2024-02-12,0.620000,0.640000,0.600000,0.620000,0.620000,7300
2024-02-13,0.650000,0.650000,0.600000,0.610000,0.610000,12700
2024-02-14,0.620000,0.640000,0.600000,0.640000,0.640000,10700
2024-02-15,0.650000,0.650000,0.630000,0.650000,0.650000,19500
2024-02-16,0.630000,0.650000,0.630000,0.630000,0.630000,7900
2024-02-20,0.650000,0.650000,0.600000,0.640000,0.640000,11600
2024-02-21,0.610000,0.660000,0.610000,0.650000,0.650000,6900
2024-02-22,0.660000,0.660000,0.620000,0.620000,0.620000,8300
2024-02-23,0.620000,0.670000,0.620000,0.620000,0.620000,3800
2024-02-26,0.620000,0.700000,0.620000,0.630000,0.630000,3900
2024-02-27,0.630000,0.660000,0.630000,0.660000,0.660000,3300
2024-02-28,0.680000,0.680000,0.600000,0.630000,0.630000,105600
2024-02-29,0.630000,0.650000,0.630000,0.650000,0.650000,8600
2024-03-01,0.640000,0.660000,0.590000,0.610000,0.610000,40300
2024-03-04,0.580000,0.640000,0.550000,0.610000,0.610000,23700
2024-03-05,0.540000,0.610000,0.540000,0.590000,0.590000,13800
2024-03-06,0.580000,0.610000,0.580000,0.610000,0.610000,4300
2024-03-07,0.640000,0.640000,0.610000,0.610000,0.610000,10200
2024-03-08,0.600000,0.640000,0.600000,0.620000,0.620000,3900