Date,Open,High,Low,Close,Adj Close,Volume
2000-01-03,1.291667,1.291667,1.208333,1.270833,1.270833,76800
2000-01-04,1.229167,1.270833,1.229167,1.250000,1.250000,108900
2000-01-05,1.208333,1.208333,1.166667,1.187500,1.187500,359100
2000-01-06,1.187500,1.208333,1.166667,1.166667,1.166667,207300
2000-01-07,1.145833,1.208333,1.145833,1.208333,1.208333,228000
2000-01-10,1.187500,1.229167,1.145833,1.145833,1.145833,134700
2000-01-11,1.145833,1.145833,1.104167,1.125000,1.125000,248400
2000-01-12,1.125000,1.145833,1.104167,1.125000,1.125000,213600
2000-01-13,1.145833,1.145833,1.104167,1.104167,1.104167,150900
2000-01-14,1.145833,1.145833,1.104167,1.104167,1.104167,171900
2000-01-18,1.104167,1.125000,1.083333,1.125000,1.125000,111000
2000-01-19,1.104167,1.125000,1.104167,1.104167,1.104167,94200
2000-01-20,1.125000,1.187500,1.104167,1.166667,1.166667,549600
2000-01-21,1.166667,1.208333,1.166667,1.166667,1.166667,141600
2000-01-24,1.250000,1.458333,1.208333,1.437500,1.437500,537300
2000-01-25,1.479167,1.520833,1.312500,1.437500,1.437500,584400
2000-01-26,1.479167,1.479167,1.375000,1.395833,1.395833,249300
2000-01-27,1.416667,1.416667,1.312500,1.354167,1.354167,120900
2000-01-28,1.333333,1.333333,1.270833,1.291667,1.291667,132000
2000-01-31,1.312500,1.312500,1.250000,1.312500,1.312500,80400
2000-02-01,1.270833,1.312500,1.250000,1.312500,1.312500,132000
2000-02-02,1.291667,1.291667,1.250000,1.270833,1.270833,96300
2000-02-03,1.312500,1.354167,1.250000,1.333333,1.333333,261600
2000-02-04,1.354167,1.541667,1.333333,1.500000,1.500000,549600
2000-02-07,1.500000,1.645833,1.500000,1.645833,1.645833,378900
2000-02-08,1.666667,1.708333,1.583333,1.625000,1.625000,384000
2000-02-09,1.625000,1.687500,1.625000,1.645833,1.645833,372900
2000-02-10,1.666667,2.041667,1.666667,1.916667,1.916667,1512900
2000-02-11,1.979167,2.020833,1.916667,2.020833,2.020833,646200
2000-02-14,2.041667,2.562500,2.041667,2.520833,2.520833,1524900
2000-02-15,2.520833,2.541667,2.250000,2.333333,2.333333,981900
2000-02-16,2.312500,2.312500,2.125000,2.145833,2.145833,474000
2000-02-17,2.166667,2.187500,2.062500,2.062500,2.062500,167100
2000-02-18,2.062500,2.208333,2.041667,2.083333,2.083333,206700
2000-02-22,2.062500,2.187500,2.041667,2.187500,2.187500,237000
2000-02-23,2.208333,2.291667,2.208333,2.250000,2.250000,208200
2000-02-24,2.250000,2.312500,2.208333,2.229167,2.229167,144000
2000-02-25,2.187500,2.208333,2.062500,2.104167,2.104167,282300
2000-02-28,2.166667,2.166667,2.062500,2.104167,2.104167,193200
2000-02-29,2.104167,2.104167,2.041667,2.062500,2.062500,116100
2000-03-01,2.062500,2.104167,2.000000,2.083333,2.083333,294900
2000-03-02,2.104167,2.250000,2.041667,2.187500,2.187500,263400
2000-03-03,2.145833,2.333333,2.145833,2.333333,2.333333,531900
2000-03-06,2.333333,2.437500,2.208333,2.208333,2.208333,698700
2000-03-07,2.208333,2.208333,2.020833,2.041667,2.041667,267600
2000-03-08,2.062500,2.062500,1.958333,1.979167,1.979167,157800
2000-03-09,2.000000,2.000000,1.854167,1.895833,1.895833,196500
2000-03-10,1.937500,1.979167,1.875000,1.916667,1.916667,89100
2000-03-13,1.958333,1.979167,1.875000,1.916667,1.916667,57900
2000-03-14,1.916667,2.083333,1.916667,1.937500,1.937500,224700
2000-03-15,1.979167,2.020833,1.937500,2.020833,2.020833,82500
2000-03-16,2.041667,2.125000,2.020833,2.041667,2.041667,110400
2000-03-17,2.125000,2.145833,2.062500,2.125000,2.125000,154200
2000-03-20,2.083333,2.229167,2.083333,2.229167,2.229167,239400
2000-03-21,2.187500,2.250000,2.104167,2.104167,2.104167,112500
2000-03-22,2.104167,2.250000,2.041667,2.187500,2.187500,100500
2000-03-23,2.229167,2.250000,2.208333,2.208333,2.208333,129900
2000-03-24,2.312500,2.416667,2.250000,2.395833,2.395833,525300
2000-03-27,2.333333,2.416667,2.333333,2.354167,2.354167,191700
2000-03-28,2.354167,2.375000,2.333333,2.375000,2.375000,107100
2000-03-29,2.354167,2.375000,2.291667,2.312500,2.312500,114300
2000-03-30,2.354167,2.500000,2.333333,2.375000,2.375000,446100
2000-03-31,2.416667,2.437500,2.354167,2.354167,2.354167,106200
2000-04-03,2.500000,2.958333,2.500000,2.916667,2.916667,1380000
2000-04-04,2.958333,3.083333,2.750000,2.854167,2.854167,1054200
2000-04-05,2.833333,2.854167,2.666667,2.729167,2.729167,269100
2000-04-06,2.729167,2.854167,2.729167,2.833333,2.833333,212100
2000-04-07,2.854167,2.958333,2.854167,2.916667,2.916667,153900
2000-04-10,2.958333,3.000000,2.916667,2.958333,2.958333,238200
2000-04-11,2.979167,3.000000,2.916667,2.958333,2.958333,244200
2000-04-12,2.937500,3.000000,2.916667,2.958333,2.958333,272400
2000-04-13,2.979167,3.000000,2.916667,2.958333,2.958333,265500
2000-04-14,2.895833,2.916667,2.583333,2.583333,2.583333,366000
2000-04-17,2.500000,2.645833,2.500000,2.625000,2.625000,453300
2000-04-18,2.604167,2.750000,2.604167,2.687500,2.687500,235200
2000-04-19,2.791667,2.833333,2.791667,2.791667,2.791667,215400
2000-04-20,2.833333,2.958333,2.833333,2.916667,2.916667,295800
2000-04-24,2.958333,2.958333,2.895833,2.937500,2.937500,113700
2000-04-25,2.937500,3.041667,2.833333,3.000000,3.000000,563700
2000-04-26,3.145833,3.666667,3.125000,3.437500,3.437500,1914900
2000-04-27,3.666667,3.750000,3.541667,3.729167,3.729167,684300
2000-04-28,3.708333,3.791667,3.645833,3.770833,3.770833,424200
2000-05-01,3.625000,3.750000,3.604167,3.729167,3.729167,349800
2000-05-02,3.645833,3.750000,3.625000,3.729167,3.729167,372600
2000-05-03,4.000000,4.020833,3.500000,3.520833,3.520833,1062600
2000-05-04,3.541667,3.729167,3.541667,3.687500,3.687500,489300
2000-05-05,3.666667,3.750000,3.666667,3.666667,3.666667,223800
2000-05-08,3.666667,3.875000,3.666667,3.875000,3.875000,606300
2000-05-09,3.916667,3.979167,3.833333,3.833333,3.833333,265500
2000-05-10,3.833333,3.895833,3.791667,3.833333,3.833333,409200
2000-05-11,3.875000,4.083333,3.854167,4.020833,4.020833,330900
2000-05-12,4.062500,4.333333,4.062500,4.250000,4.250000,394800
2000-05-15,4.458333,4.666667,4.354167,4.437500,4.437500,671400
2000-05-16,4.479167,4.479167,4.250000,4.333333,4.333333,368100
2000-05-17,4.250000,4.250000,4.083333,4.145833,4.145833,553800
2000-05-18,4.125000,4.312500,4.125000,4.312500,4.312500,113400
2000-05-19,4.333333,4.375000,4.166667,4.229167,4.229167,282900
2000-05-22,4.229167,4.291667,3.958333,3.958333,3.958333,258600
2000-05-23,4.000000,4.125000,3.979167,4.000000,4.000000,291900
2000-05-24,4.041667,4.041667,3.958333,3.958333,3.958333,206700
2000-05-25,4.000000,4.062500,3.916667,3.916667,3.916667,593700
2000-05-26,3.958333,3.979167,3.520833,3.666667,3.666667,596400
2000-05-30,3.666667,3.708333,3.583333,3.625000,3.625000,253500
2000-05-31,3.604167,3.625000,3.583333,3.604167,3.604167,412200
2000-06-01,3.583333,3.645833,3.583333,3.583333,3.583333,233700
2000-06-02,3.625000,3.708333,3.562500,3.583333,3.583333,287100
2000-06-05,3.583333,3.791667,3.541667,3.791667,3.791667,663600
2000-06-06,3.770833,4.250000,3.770833,4.208333,4.208333,1011000
2000-06-07,4.250000,4.312500,4.208333,4.229167,4.229167,185100
2000-06-08,4.125000,4.229167,4.083333,4.229167,4.229167,316500
2000-06-09,4.208333,4.312500,4.166667,4.229167,4.229167,297600
2000-06-12,4.187500,4.666667,4.187500,4.645833,4.645833,776700
2000-06-13,4.666667,5.083333,4.583333,5.083333,5.083333,1111500
2000-06-14,5.083333,5.083333,4.520833,4.520833,4.520833,714000
2000-06-15,4.666667,4.666667,4.541667,4.541667,4.541667,326100
2000-06-16,4.583333,4.750000,4.458333,4.750000,4.750000,460800
2000-06-19,4.750000,4.833333,4.666667,4.708333,4.708333,1038300
2000-06-20,4.729167,4.750000,4.666667,4.750000,4.750000,492300
2000-06-21,4.729167,4.750000,4.666667,4.708333,4.708333,891900
2000-06-22,4.708333,4.791667,4.708333,4.750000,4.750000,395700
2000-06-23,4.750000,5.000000,4.708333,4.854167,4.854167,510900
2000-06-26,4.895833,5.000000,4.875000,4.979167,4.979167,329400
2000-06-27,5.000000,5.000000,4.916667,4.958333,4.958333,113400
2000-06-28,4.937500,5.250000,4.916667,5.083333,5.083333,458100
2000-06-29,5.083333,5.291667,5.000000,5.270833,5.270833,340800
2000-06-30,5.270833,5.437500,5.250000,5.270833,5.270833,884100
2000-07-03,5.291667,5.333333,5.250000,5.270833,5.270833,87300
2000-07-05,5.270833,5.270833,4.625000,4.666667,4.666667,783600
2000-07-06,4.666667,4.708333,4.250000,4.333333,4.333333,825600
2000-07-07,4.250000,4.666667,4.166667,4.625000,4.625000,716700
2000-07-10,4.666667,4.791667,4.500000,4.520833,4.520833,438900
2000-07-11,4.500000,4.583333,4.458333,4.541667,4.541667,475800
2000-07-12,4.583333,4.812500,4.520833,4.791667,4.791667,194400
2000-07-13,4.812500,4.833333,4.729167,4.791667,4.791667,165000
2000-07-14,4.833333,5.145833,4.791667,5.145833,5.145833,585600
2000-07-17,5.187500,5.541667,5.187500,5.458333,5.458333,795600
2000-07-18,5.479167,5.541667,5.416667,5.520833,5.520833,750300
2000-07-19,5.520833,5.520833,5.125000,5.291667,5.291667,474000
2000-07-20,5.250000,5.291667,5.187500,5.291667,5.291667,328200
2000-07-21,5.291667,5.291667,5.145833,5.145833,5.145833,149400
2000-07-24,5.208333,5.208333,4.937500,4.958333,4.958333,279900
2000-07-25,4.916667,4.937500,4.770833,4.812500,4.812500,440400
2000-07-26,4.833333,4.916667,4.812500,4.875000,4.875000,378000
2000-07-27,4.875000,4.895833,4.833333,4.854167,4.854167,304200
2000-07-28,4.812500,4.812500,4.645833,4.770833,4.770833,628200
2000-07-31,4.812500,5.104167,4.812500,5.104167,5.104167,374100
2000-08-01,5.187500,5.312500,4.958333,5.000000,5.000000,299400
2000-08-02,5.020833,5.125000,4.833333,4.895833,4.895833,233400
2000-08-03,4.854167,4.854167,4.458333,4.541667,4.541667,428400
2000-08-04,4.583333,4.958333,4.562500,4.791667,4.791667,421500
2000-08-07,4.916667,5.125000,4.916667,5.083333,5.083333,270900
2000-08-08,5.125000,5.166667,5.104167,5.166667,5.166667,231600
2000-08-09,5.208333,5.458333,5.208333,5.437500,5.437500,591300
2000-08-10,5.500000,5.687500,5.416667,5.625000,5.625000,638700
2000-08-11,5.666667,6.000000,5.666667,5.895833,5.895833,494100
2000-08-14,6.000000,6.166667,5.750000,6.083333,6.083333,479700
2000-08-15,6.125000,6.166667,5.687500,5.979167,5.979167,362700
2000-08-16,5.979167,5.979167,5.583333,5.666667,5.666667,479700
2000-08-17,5.666667,5.666667,5.458333,5.479167,5.479167,260400
2000-08-18,5.500000,5.625000,5.458333,5.583333,5.583333,231900
2000-08-21,5.666667,5.687500,5.500000,5.583333,5.583333,117000
2000-08-22,5.583333,5.583333,5.375000,5.583333,5.583333,310200
2000-08-23,5.583333,5.583333,5.500000,5.520833,5.520833,108600
2000-08-24,5.479167,5.500000,5.458333,5.500000,5.500000,109800
2000-08-25,5.500000,5.541667,5.479167,5.541667,5.541667,157500
2000-08-28,5.541667,5.791667,5.500000,5.770833,5.770833,518400
2000-08-29,6.000000,6.041667,5.791667,5.833333,5.833333,922200
2000-08-30,5.875000,5.875000,5.770833,5.854167,5.854167,129300
2000-08-31,5.812500,5.958333,5.625000,5.937500,5.937500,253800
2000-09-01,5.916667,6.083333,5.895833,6.041667,6.041667,500700
2000-09-05,6.041667,6.125000,6.041667,6.125000,6.125000,306000
2000-09-06,6.125000,6.145833,6.083333,6.083333,6.083333,374100
2000-09-07,6.083333,6.166667,6.083333,6.145833,6.145833,128700
2000-09-08,6.166667,6.395833,6.166667,6.395833,6.395833,709200
2000-09-11,6.395833,6.416667,6.333333,6.395833,6.395833,420000
2000-09-12,6.458333,6.645833,6.458333,6.500000,6.500000,1177500
2000-09-13,6.541667,6.562500,6.395833,6.416667,6.416667,169800
2000-09-14,6.395833,6.395833,6.250000,6.291667,6.291667,309600
2000-09-15,6.291667,6.583333,6.291667,6.541667,6.541667,714000
2000-09-18,6.583333,6.625000,5.833333,6.000000,6.000000,592500
2000-09-19,5.875000,6.291667,5.854167,6.125000,6.125000,484200
2000-09-20,6.208333,6.312500,6.166667,6.250000,6.250000,127200
2000-09-21,6.208333,6.270833,6.125000,6.250000,6.250000,294600
2000-09-22,6.166667,6.166667,6.000000,6.000000,6.000000,189600
2000-09-25,6.000000,6.104167,5.916667,6.083333,6.083333,693900
2000-09-26,6.062500,6.291667,6.041667,6.104167,6.104167,443100
2000-09-27,6.145833,6.208333,6.104167,6.104167,6.104167,236400
2000-09-28,6.083333,6.125000,5.875000,5.875000,5.875000,308100
2000-09-29,5.833333,5.833333,5.041667,5.041667,5.041667,1287600
2000-10-02,4.875000,5.166667,4.687500,5.062500,5.062500,633600
2000-10-03,5.125000,5.208333,5.104167,5.125000,5.125000,273300
2000-10-04,5.125000,5.125000,4.666667,4.833333,4.833333,375300
2000-10-05,4.875000,5.000000,4.854167,4.958333,4.958333,272700
2000-10-06,5.083333,5.250000,4.958333,5.250000,5.250000,467100
2000-10-09,5.250000,5.333333,5.166667,5.312500,5.312500,150600
2000-10-10,5.291667,5.291667,4.979167,5.083333,5.083333,196800
2000-10-11,5.125000,5.166667,4.791667,4.812500,4.812500,127200
2000-10-12,4.770833,4.770833,4.020833,4.125000,4.125000,549000
2000-10-13,3.958333,4.166667,3.875000,4.041667,4.041667,717900
2000-10-16,4.125000,4.916667,4.104167,4.854167,4.854167,747300
2000-10-17,4.833333,4.875000,4.583333,4.666667,4.666667,318600
2000-10-18,4.541667,4.541667,4.312500,4.479167,4.479167,220800
2000-10-19,4.625000,4.833333,4.583333,4.833333,4.833333,213300
2000-10-20,4.833333,4.833333,4.416667,4.708333,4.708333,333300
2000-10-23,4.729167,5.083333,4.729167,5.000000,5.000000,162900
2000-10-24,5.083333,5.083333,4.708333,4.750000,4.750000,128700
2000-10-25,4.750000,4.895833,4.666667,4.854167,4.854167,158400
2000-10-26,4.854167,5.000000,4.791667,5.000000,5.000000,141300
2000-10-27,4.958333,5.500000,4.916667,5.500000,5.500000,333000
2000-10-30,5.500000,5.520833,5.291667,5.416667,5.416667,338400
2000-10-31,5.416667,5.583333,5.000000,5.062500,5.062500,709200
2000-11-01,5.083333,5.125000,4.958333,5.104167,5.104167,186600
2000-11-02,5.166667,5.208333,5.125000,5.187500,5.187500,74700
2000-11-03,5.166667,5.250000,5.166667,5.187500,5.187500,186000
2000-11-06,5.208333,5.208333,4.791667,4.812500,4.812500,176400
2000-11-07,4.791667,5.145833,4.791667,5.020833,5.020833,352500
2000-11-08,4.979167,5.000000,4.937500,4.979167,4.979167,28800
2000-11-09,4.937500,4.937500,4.750000,4.833333,4.833333,35700
2000-11-10,4.791667,4.812500,4.750000,4.750000,4.750000,120600
2000-11-13,4.625000,4.625000,4.291667,4.354167,4.354167,411300
2000-11-14,4.395833,4.500000,4.375000,4.458333,4.458333,198000
2000-11-15,4.479167,4.895833,4.479167,4.583333,4.583333,386400
2000-11-16,4.583333,4.645833,4.416667,4.520833,4.520833,293100
2000-11-17,4.562500,4.604167,4.479167,4.562500,4.562500,52500
2000-11-20,4.562500,4.562500,4.416667,4.500000,4.500000,128100
2000-11-21,4.541667,4.583333,4.541667,4.562500,4.562500,34500
2000-11-22,4.520833,4.520833,4.333333,4.333333,4.333333,123900
2000-11-24,4.333333,4.583333,4.333333,4.583333,4.583333,69300
2000-11-27,4.625000,4.708333,4.500000,4.583333,4.583333,168900
2000-11-28,4.583333,4.645833,4.479167,4.479167,4.479167,378900
2000-11-29,4.479167,4.479167,4.166667,4.166667,4.166667,214200
2000-11-30,4.125000,4.125000,3.812500,4.104167,4.104167,447000
2000-12-01,4.083333,4.187500,4.000000,4.125000,4.125000,577200
2000-12-04,4.166667,4.687500,4.166667,4.604167,4.604167,544200
2000-12-05,4.604167,4.770833,4.562500,4.729167,4.729167,422100
2000-12-06,4.687500,4.750000,4.572917,4.583333,4.583333,125100
2000-12-07,4.562500,4.958333,4.520833,4.937500,4.937500,394800
2000-12-08,4.937500,4.979167,4.916667,4.979167,4.979167,147300
2000-12-11,5.000000,5.500000,5.000000,5.333333,5.333333,636300
2000-12-12,5.333333,5.375000,5.208333,5.312500,5.312500,394200
2000-12-13,5.250000,5.250000,4.958333,4.958333,4.958333,1324800
2000-12-14,4.916667,5.000000,4.833333,5.000000,5.000000,401700
2000-12-15,5.000000,5.041667,4.916667,4.958333,4.958333,136500
2000-12-18,5.000000,5.125000,4.916667,5.125000,5.125000,78300
2000-12-19,5.104167,5.104167,4.979167,4.979167,4.979167,163800
2000-12-20,4.958333,4.979167,4.854167,4.979167,4.979167,141900
2000-12-21,4.937500,5.125000,4.937500,5.000000,5.000000,385200
2000-12-22,5.020833,5.062500,4.916667,4.979167,4.979167,183600
2000-12-26,4.937500,5.000000,4.875000,4.979167,4.979167,331500
2000-12-27,5.020833,5.020833,4.916667,5.000000,5.000000,130500
2000-12-28,5.000000,5.229167,4.979167,5.208333,5.208333,204900
2000-12-29,5.166667,5.458333,5.166667,5.166667,5.166667,260400
2001-01-02,5.125000,5.145833,4.833333,4.895833,4.895833,263100
2001-01-03,4.895833,5.125000,4.833333,5.125000,5.125000,642900
2001-01-04,5.166667,5.250000,5.125000,5.125000,5.125000,183900
2001-01-05,5.083333,5.083333,4.958333,5.000000,5.000000,159900
2001-01-08,4.958333,5.250000,4.895833,5.250000,5.250000,185700
2001-01-09,5.208333,5.312500,5.208333,5.270833,5.270833,382200
2001-01-10,5.229167,5.250000,5.166667,5.250000,5.250000,96600
2001-01-11,5.270833,5.375000,5.208333,5.354167,5.354167,259200
2001-01-12,5.666667,6.250000,5.666667,6.187500,6.187500,1255500
2001-01-16,6.416667,7.500000,6.375000,7.416667,7.416667,2225400
2001-01-17,7.416667,7.770833,7.041667,7.083333,7.083333,1844400
2001-01-18,7.000000,7.125000,6.708333,7.041667,7.041667,524100
2001-01-19,6.916667,7.187500,6.812500,7.062500,7.062500,475500
2001-01-22,7.062500,7.645833,7.062500,7.500000,7.500000,834900
2001-01-23,7.500000,7.666667,7.354167,7.437500,7.437500,747900
2001-01-24,7.437500,8.208333,7.354167,7.895833,7.895833,1511100
2001-01-25,7.958333,8.166667,7.625000,7.666667,7.666667,585900
2001-01-26,7.625000,8.000000,7.125000,7.895833,7.895833,581100
2001-01-29,7.980000,8.333333,7.980000,8.216667,8.216667,1296000
2001-01-30,8.416667,8.450000,8.133333,8.333333,8.333333,782100
2001-01-31,8.416667,8.750000,8.336667,8.610000,8.610000,673200
2001-02-01,8.610000,8.766667,8.503333,8.623333,8.623333,561900
2001-02-02,8.706667,9.100000,8.583333,8.936667,8.936667,631500
2001-02-05,9.166667,9.530000,8.700000,8.893333,8.893333,1692600
2001-02-06,8.950000,9.266667,8.600000,9.250000,9.250000,933300
2001-02-07,9.253333,10.156667,9.253333,9.970000,9.970000,1674600
2001-02-08,10.000000,10.233333,9.616667,10.000000,10.000000,1551000
2001-02-09,10.000000,10.116667,7.833333,8.166667,8.166667,4470300
2001-02-12,7.500000,7.596667,7.100000,7.383333,7.383333,2844000
2001-02-13,7.666667,8.153333,7.440000,7.483333,7.483333,1866300
2001-02-14,7.666667,8.250000,7.483333,8.216667,8.216667,1606800
2001-02-15,8.283333,8.433333,7.926667,7.970000,7.970000,1534800
2001-02-16,7.916667,8.100000,7.733333,7.873333,7.873333,640200
2001-02-20,7.873333,7.876667,7.416667,7.473333,7.473333,1195200
2001-02-21,7.400000,7.466667,7.033333,7.466667,7.466667,1167900
2001-02-22,8.333333,9.033333,8.003333,8.953333,8.953333,5054100
2001-02-23,8.966667,10.166667,8.873333,10.163333,10.163333,1713000
2001-02-26,10.333333,10.733333,9.470000,9.500000,9.500000,4477200
2001-02-27,9.000000,9.616667,8.850000,9.383333,9.383333,2639700
2001-02-28,9.316667,9.333333,8.903333,8.986667,8.986667,910800
2001-03-01,9.016667,9.316667,8.950000,9.033333,9.033333,1035300
2001-03-02,8.916667,9.133333,8.683333,9.083333,9.083333,939600
2001-03-05,9.166667,9.366667,9.033333,9.093333,9.093333,948600
2001-03-06,9.096667,9.250000,8.966667,9.116667,9.116667,974700
2001-03-07,9.150000,9.633333,9.116667,9.600000,9.600000,833100
2001-03-08,9.666667,9.833333,9.206667,9.566667,9.566667,907200
2001-03-09,9.633333,9.783333,9.500000,9.656667,9.656667,830400
2001-03-12,9.733333,9.990000,9.566667,9.816667,9.816667,887100
2001-03-13,9.850000,9.960000,9.583333,9.706667,9.706667,1169400
2001-03-14,9.566667,9.666667,9.283333,9.436667,9.436667,1221000
2001-03-15,9.600000,9.750000,9.486667,9.636667,9.636667,629700
2001-03-16,9.636667,9.683333,9.126667,9.200000,9.200000,945900
2001-03-19,9.133333,9.146667,8.166667,8.933333,8.933333,1801500
2001-03-20,9.100000,9.533333,8.936667,9.166667,9.166667,945300
2001-03-21,9.233333,9.360000,8.766667,8.983333,8.983333,539700
2001-03-22,8.983333,9.050000,8.173333,8.550000,8.550000,1084800
2001-03-23,8.600000,8.883333,8.600000,8.783333,8.783333,669000
2001-03-26,8.816667,8.966667,8.103333,8.166667,8.166667,1382100
2001-03-27,7.933333,7.933333,7.000000,7.300000,7.300000,3194400
2001-03-28,7.083333,7.663333,7.083333,7.650000,7.650000,1502400
2001-03-29,8.183333,8.183333,7.633333,7.933333,7.933333,1966500
2001-03-30,7.883333,8.000000,7.733333,8.000000,8.000000,988500
2001-04-02,7.966667,8.316667,7.933333,8.260000,8.260000,642900
2001-04-03,8.263333,8.263333,7.903333,7.903333,7.903333,1496100
2001-04-04,7.600000,8.083333,7.600000,7.883333,7.883333,1363500
2001-04-05,7.933333,8.623333,7.933333,8.550000,8.550000,1025700
2001-04-06,8.466667,8.833333,8.166667,8.633333,8.633333,1016700
2001-04-09,8.716667,8.833333,8.600000,8.800000,8.800000,687600
2001-04-10,8.766667,9.073333,8.716667,8.716667,8.716667,624900
2001-04-11,8.966667,9.163333,8.450000,8.533333,8.533333,678600
2001-04-12,8.500000,8.616667,8.200000,8.533333,8.533333,752400
2001-04-16,8.583333,8.600000,8.366667,8.400000,8.400000,413700
2001-04-17,9.000000,9.316667,8.750000,9.166667,9.166667,2051700
2001-04-18,9.166667,9.616667,9.066667,9.066667,9.066667,1764000
2001-04-19,9.150000,9.733333,9.150000,9.660000,9.660000,1107000
2001-04-20,9.633333,9.666667,9.083333,9.436667,9.436667,882900
2001-04-23,9.436667,9.436667,9.033333,9.266667,9.266667,1022400
2001-04-24,9.266667,9.266667,9.050000,9.150000,9.150000,582600
2001-04-25,9.133333,9.433333,9.086667,9.350000,9.350000,827700
2001-04-26,9.616667,10.366667,9.616667,10.200000,10.200000,3056400
2001-04-27,11.000000,11.650000,10.900000,11.366667,11.366667,4577700
2001-04-30,12.000000,12.500000,11.446667,12.016667,12.016667,5293800
2001-05-01,11.733333,11.833333,11.330000,11.333333,11.333333,4535100
2001-05-02,11.383333,11.583333,10.866667,11.416667,11.416667,2175900
2001-05-03,11.416667,11.653333,11.043333,11.570000,11.570000,1243800
2001-05-04,11.333333,11.583333,11.250000,11.483333,11.483333,1331400
2001-05-07,11.533333,12.250000,11.316667,12.066667,12.066667,1667100
2001-05-08,11.983333,12.400000,11.983333,12.316667,12.316667,1827000
2001-05-09,12.300000,12.533333,12.203333,12.416667,12.416667,903900
2001-05-10,12.460000,12.500000,12.363333,12.423333,12.423333,818700
2001-05-11,12.423333,12.423333,11.866667,12.116667,12.116667,1366200
2001-05-14,12.100000,12.100000,11.456667,11.610000,11.610000,1677300
2001-05-15,11.610000,11.766667,11.266667,11.383333,11.383333,1082400
2001-05-16,11.383333,11.950000,11.176667,11.866667,11.866667,1034400
2001-05-17,11.933333,12.216667,11.933333,12.116667,12.116667,785700
2001-05-18,12.100000,12.333333,12.050000,12.300000,12.300000,774000
2001-05-21,12.233333,13.433333,12.233333,13.003333,13.003333,2408700
2001-05-22,13.316667,13.433333,12.833333,13.233333,13.233333,1509300
2001-05-23,13.236667,13.326667,12.716667,13.216667,13.216667,1407000
2001-05-24,13.220000,13.316667,12.606667,12.833333,12.833333,2028600
2001-05-25,12.833333,13.000000,12.466667,12.933333,12.933333,1254300
2001-05-29,13.000000,13.066667,11.390000,11.883333,11.883333,3819300
2001-05-30,11.266667,11.450000,11.266667,11.300000,11.300000,1360200
2001-05-31,11.303333,11.880000,10.700000,11.700000,11.700000,3564600
2001-06-01,11.683333,12.066667,11.683333,12.050000,12.050000,1378800
2001-06-04,12.183333,12.263333,11.670000,11.850000,11.850000,1104300
2001-06-05,11.933333,12.140000,11.750000,11.940000,11.940000,1186800
2001-06-06,11.993333,11.993333,11.300000,11.433333,11.433333,1273800
2001-06-07,11.383333,11.416667,11.033333,11.040000,11.040000,1561200
2001-06-08,11.040000,11.043333,10.800000,10.833333,10.833333,1660200
2001-06-11,10.833333,10.866667,9.383333,9.983333,9.983333,5065800
2001-06-12,9.700000,10.166667,9.670000,10.166667,10.166667,2941200
2001-06-13,10.166667,10.210000,9.900000,10.126667,10.126667,1190400
2001-06-14,10.000000,10.003333,9.050000,9.450000,9.450000,3195300
2001-06-15,9.250000,9.350000,8.833333,8.950000,8.950000,2459400
2001-06-18,8.950000,9.083333,8.373333,9.016667,9.016667,3034200
2001-06-19,9.250000,9.633333,9.050000,9.263333,9.263333,2511300
2001-06-20,9.233333,9.316667,8.666667,9.116667,9.116667,1199400
2001-06-21,9.100000,9.833333,9.100000,9.766667,9.766667,1986000
2001-06-22,9.766667,9.800000,8.666667,9.033333,9.033333,2916600
2001-06-25,9.066667,9.066667,8.550000,8.660000,8.660000,1562400
2001-06-26,8.700000,9.026667,8.333333,8.733333,8.733333,1859400
2001-06-27,8.800000,9.033333,8.650000,9.033333,9.033333,2097300
2001-06-28,9.003333,9.480000,9.003333,9.350000,9.350000,2916600
2001-06-29,9.566667,10.083333,9.566667,9.743333,9.743333,2854200
2001-07-02,9.716667,9.716667,9.250000,9.583333,9.583333,2457300
2001-07-03,9.416667,9.683333,9.283333,9.500000,9.500000,1024800
2001-07-05,9.366667,9.800000,9.170000,9.333333,9.333333,1437000
2001-07-06,9.250000,9.250000,8.710000,8.883333,8.883333,2179500
2001-07-09,8.716667,9.000000,8.500000,8.966667,8.966667,1400700
2001-07-10,8.983333,9.216667,8.780000,9.166667,9.166667,2448900
2001-07-11,9.083333,9.166667,8.833333,8.900000,8.900000,1059300
2001-07-12,8.900000,9.083333,8.870000,9.033333,9.033333,972300
2001-07-13,8.983333,9.133333,8.833333,8.963333,8.963333,708300
2001-07-16,8.983333,9.016667,8.833333,9.016667,9.016667,620400
2001-07-17,9.016667,9.016667,8.566667,8.900000,8.900000,934800
2001-07-18,8.833333,8.900000,8.333333,8.416667,8.416667,1333200
2001-07-19,8.333333,8.350000,7.533333,7.766667,7.766667,6288600
2001-07-20,6.750000,7.103333,6.666667,7.000000,7.000000,6156000
2001-07-23,7.466667,7.750000,7.200000,7.280000,7.280000,7407000
2001-07-24,7.233333,7.233333,6.500000,6.666667,6.666667,3891000
2001-07-25,6.670000,6.866667,6.166667,6.766667,6.766667,3223800
2001-07-26,7.083333,7.230000,6.970000,7.070000,7.070000,3310200
2001-07-27,7.500000,7.816667,7.116667,7.683333,7.683333,3797100
2001-07-30,7.683333,8.000000,7.383333,7.416667,7.416667,2454600
2001-07-31,7.183333,7.500000,7.000000,7.033333,7.033333,2916300
2001-08-01,7.033333,7.033333,6.833333,6.893333,6.893333,1987200
2001-08-02,6.916667,7.066667,6.766667,7.050000,7.050000,1631400
2001-08-03,7.166667,7.516667,7.166667,7.460000,7.460000,1771500
2001-08-06,7.460000,7.496667,7.166667,7.183333,7.183333,2287200
2001-08-07,7.166667,7.180000,6.650000,6.716667,6.716667,2719800
2001-08-08,6.716667,7.110000,6.633333,6.823333,6.823333,3568800
2001-08-09,6.906667,6.966667,6.583333,6.800000,6.800000,1302000
2001-08-10,6.783333,6.850000,6.500000,6.566667,6.566667,1360200
2001-08-13,6.666667,6.830000,6.590000,6.753333,6.753333,2687100
2001-08-14,7.050000,7.500000,6.966667,7.450000,7.450000,4197600
2001-08-15,7.666667,7.850000,7.600000,7.750000,7.750000,4437300
2001-08-16,7.716667,7.720000,7.453333,7.643333,7.643333,1593600
2001-08-17,7.600000,7.600000,7.300000,7.306667,7.306667,1119300
2001-08-20,7.310000,7.350000,7.100000,7.173333,7.173333,1072800
2001-08-21,7.173333,7.240000,6.833333,6.886667,6.886667,1003800
2001-08-22,6.916667,6.996667,6.606667,6.800000,6.800000,2334000
2001-08-23,6.800000,6.916667,6.616667,6.720000,6.720000,802200
2001-08-24,6.720000,7.166667,6.703333,7.150000,7.150000,957900
2001-08-27,7.150000,7.150000,6.833333,6.883333,6.883333,1011300
2001-08-28,6.966667,7.370000,6.966667,7.286667,7.286667,1105200
2001-08-29,7.300000,7.350000,7.033333,7.083333,7.083333,1220100
2001-08-30,7.066667,7.223333,6.950000,7.016667,7.016667,810900
2001-08-31,7.033333,7.200000,6.983333,7.000000,7.000000,850200
2001-09-04,6.950000,7.370000,6.950000,7.200000,7.200000,2167200
2001-09-05,7.116667,7.266667,6.783333,7.000000,7.000000,1801800
2001-09-06,6.916667,6.996667,6.750000,6.850000,6.850000,645000
2001-09-07,6.833333,6.833333,6.343333,6.500000,6.500000,920700
2001-09-10,6.183333,6.663333,6.183333,6.483333,6.483333,882600
2001-09-17,5.866667,5.870000,5.133333,5.650000,5.650000,2899500
2001-09-18,5.233333,5.450000,5.120000,5.233333,5.233333,1835100
2001-09-19,5.433333,5.433333,5.050000,5.373333,5.373333,1063800
2001-09-20,5.300000,5.450000,5.000000,5.100000,5.100000,1147200
2001-09-21,4.933333,5.016667,4.670000,4.833333,4.833333,2021700
2001-09-24,5.000000,5.166667,4.883333,5.100000,5.100000,1099800
2001-09-25,5.100000,5.200000,4.900000,4.926667,4.926667,573300
2001-09-26,4.783333,4.866667,4.266667,4.400000,4.400000,4729800
2001-09-27,4.266667,4.266667,3.933333,4.000000,4.000000,2156100
2001-09-28,4.033333,4.066667,3.776667,3.893333,3.893333,2462100
2001-10-01,3.886667,3.910000,3.570000,3.583333,3.583333,1351800
2001-10-02,3.583333,3.616667,3.416667,3.493333,3.493333,1957800
2001-10-03,3.493333,4.050000,3.433333,3.900000,3.900000,3221400
2001-10-04,3.933333,3.983333,3.733333,3.826667,3.826667,1221300
2001-10-05,3.833333,3.833333,3.526667,3.776667,3.776667,1150500
2001-10-08,3.776667,4.146667,3.666667,3.833333,3.833333,1658400
2001-10-09,3.840000,4.063333,3.833333,4.010000,4.010000,920700
2001-10-10,4.000000,4.333333,3.950000,4.300000,4.300000,1673100
2001-10-11,4.300000,4.583333,4.300000,4.483333,4.483333,1239000
2001-10-12,4.450000,4.450000,4.100000,4.103333,4.103333,1073100
2001-10-15,4.103333,4.103333,3.886667,3.950000,3.950000,754500
2001-10-16,3.950000,4.050000,3.850000,4.000000,4.000000,1030800
2001-10-17,4.133333,4.313333,4.093333,4.310000,4.310000,1889400
2001-10-18,4.343333,4.343333,4.053333,4.116667,4.116667,399300
2001-10-19,4.083333,4.103333,3.850000,3.850000,3.850000,770400
2001-10-22,3.850000,3.983333,3.753333,3.983333,3.983333,563400
2001-10-23,4.000000,4.180000,3.983333,4.143333,4.143333,773400
2001-10-24,4.110000,4.116667,4.000000,4.083333,4.083333,324300
2001-10-25,3.766667,3.770000,3.333333,3.500000,3.500000,5843400
2001-10-26,3.500000,3.633333,3.486667,3.550000,3.550000,1156200
2001-10-29,3.550000,3.666667,3.520000,3.550000,3.550000,768900
2001-10-30,3.550000,3.550000,3.463333,3.533333,3.533333,643500
2001-10-31,3.533333,3.693333,3.533333,3.606667,3.606667,789000
2001-11-01,3.583333,3.666667,3.533333,3.660000,3.660000,544500
2001-11-02,3.626667,3.763333,3.626667,3.666667,3.666667,667200
2001-11-05,3.633333,3.716667,3.533333,3.650000,3.650000,782700
2001-11-06,3.616667,3.616667,3.466667,3.526667,3.526667,854700
2001-11-07,3.523333,3.583333,3.500000,3.550000,3.550000,811200
2001-11-08,3.566667,3.746667,3.543333,3.563333,3.563333,1134600
2001-11-09,3.596667,3.696667,3.596667,3.690000,3.690000,774000
2001-11-12,3.733333,3.733333,3.566667,3.636667,3.636667,744300
2001-11-13,3.660000,3.800000,3.650000,3.750000,3.750000,956400
2001-11-14,3.816667,4.116667,3.816667,4.070000,4.070000,2145600
2001-11-15,4.066667,4.333333,4.000000,4.100000,4.100000,2033400
2001-11-16,4.150000,4.213333,4.100000,4.200000,4.200000,693900
2001-11-19,4.266667,4.926667,4.253333,4.783333,4.783333,3519300
2001-11-20,4.800000,4.883333,4.546667,4.553333,4.553333,2296200
2001-11-21,4.553333,4.553333,4.333333,4.400000,4.400000,737700
2001-11-23,4.433333,4.616667,4.433333,4.563333,4.563333,293100
2001-11-26,4.530000,4.583333,4.280000,4.393333,4.393333,1184700
2001-11-27,4.333333,4.500000,4.333333,4.453333,4.453333,839100
2001-11-28,4.466667,4.486667,4.083333,4.186667,4.186667,1713300
2001-11-29,4.243333,4.390000,4.240000,4.360000,4.360000,575400
2001-11-30,4.350000,4.486667,4.316667,4.416667,4.416667,591600
2001-12-03,4.420000,4.466667,4.233333,4.436667,4.436667,741000
2001-12-04,4.483333,4.850000,4.456667,4.850000,4.850000,1025100
2001-12-05,4.853333,4.966667,4.566667,4.736667,4.736667,1332900
2001-12-06,4.716667,4.716667,4.646667,4.650000,4.650000,563400
2001-12-07,4.646667,4.680000,4.566667,4.610000,4.610000,308100
2001-12-10,4.576667,4.576667,4.283333,4.433333,4.433333,947700
2001-12-11,4.466667,4.543333,4.416667,4.460000,4.460000,311700
2001-12-12,4.450000,4.466667,4.216667,4.293333,4.293333,589200
2001-12-13,4.266667,4.333333,4.216667,4.290000,4.290000,495000
2001-12-14,4.323333,4.323333,4.166667,4.283333,4.283333,1007100
2001-12-17,4.283333,4.533333,4.266667,4.406667,4.406667,1229400
2001-12-18,4.466667,4.466667,4.316667,4.336667,4.336667,702600
2001-12-19,4.336667,4.583333,4.336667,4.473333,4.473333,808200
2001-12-20,4.466667,4.466667,4.336667,4.346667,4.346667,893400
2001-12-21,4.333333,4.480000,4.280000,4.466667,4.466667,987600
2001-12-24,4.483333,4.580000,4.483333,4.580000,4.580000,357000
2001-12-26,4.580000,4.700000,4.570000,4.663333,4.663333,678600
2001-12-27,4.660000,4.900000,4.653333,4.866667,4.866667,895500
2001-12-28,4.870000,4.910000,4.790000,4.910000,4.910000,1077900
2001-12-31,4.900000,5.016667,4.870000,4.873333,4.873333,1167600
2002-01-02,4.966667,5.133333,4.886667,5.133333,5.133333,751500
2002-01-03,5.133333,5.283333,5.120000,5.266667,5.266667,1026300
2002-01-04,5.316667,5.476667,5.266667,5.300000,5.300000,1055400
2002-01-07,5.500000,5.500000,5.383333,5.386667,5.386667,513900
2002-01-08,5.350000,5.350000,5.013333,5.243333,5.243333,1421100
2002-01-09,5.266667,5.466667,5.140000,5.153333,5.153333,1823100
2002-01-10,5.160000,5.333333,4.910000,5.286667,5.286667,986100
2002-01-11,5.286667,5.403333,5.133333,5.203333,5.203333,502800
2002-01-14,5.120000,5.166667,4.993333,5.066667,5.066667,564300
2002-01-15,5.200000,5.326667,5.200000,5.260000,5.260000,743100
2002-01-16,5.260000,5.266667,5.126667,5.193333,5.193333,792000
2002-01-17,5.196667,5.216667,5.103333,5.106667,5.106667,738300
2002-01-18,5.100000,5.200000,4.956667,4.956667,4.956667,453900
2002-01-22,5.023333,5.156667,5.023333,5.123333,5.123333,363000
2002-01-23,5.150000,5.386667,5.143333,5.370000,5.370000,873300
2002-01-24,5.420000,5.550000,5.206667,5.230000,5.230000,600600
2002-01-25,5.283333,5.393333,5.273333,5.293333,5.293333,443700
2002-01-28,5.300000,5.386667,5.300000,5.373333,5.373333,273000
2002-01-29,5.250000,5.363333,5.140000,5.190000,5.190000,579600
2002-01-30,5.150000,5.280000,4.933333,5.236667,5.236667,993300
2002-01-31,5.220000,5.333333,5.106667,5.333333,5.333333,363600
2002-02-01,5.333333,5.350000,5.246667,5.286667,5.286667,334500
2002-02-04,5.253333,5.253333,4.950000,5.023333,5.023333,498900
2002-02-05,5.010000,5.010000,4.733333,4.900000,4.900000,710700
2002-02-06,4.866667,4.893333,4.336667,4.533333,4.533333,3412200
2002-02-07,4.533333,4.533333,4.266667,4.343333,4.343333,2247600
2002-02-08,4.343333,4.443333,4.276667,4.386667,4.386667,1586400
2002-02-11,4.386667,5.033333,4.386667,5.013333,5.013333,1902600
2002-02-12,5.000000,5.003333,4.800000,4.960000,4.960000,998100
2002-02-13,4.966667,5.200000,4.816667,5.200000,5.200000,1482900
2002-02-14,5.666667,5.683333,4.830000,4.910000,4.910000,3654000
2002-02-15,4.910000,5.070000,4.910000,4.996667,4.996667,750300
2002-02-19,4.996667,5.003333,4.850000,4.870000,4.870000,803100
2002-02-20,4.900000,4.996667,4.900000,4.976667,4.976667,390900
2002-02-21,4.966667,5.003333,4.733333,4.783333,4.783333,730500
2002-02-22,4.783333,4.783333,4.500000,4.533333,4.533333,1416300
2002-02-25,4.533333,4.666667,4.460000,4.586667,4.586667,1325700
2002-02-26,4.606667,4.883333,4.586667,4.816667,4.816667,945300
2002-02-27,4.846667,4.866667,4.753333,4.846667,4.846667,234300
2002-02-28,4.846667,4.866667,4.796667,4.796667,4.796667,606900
2002-03-01,4.823333,5.273333,4.823333,5.170000,5.170000,1011300
2002-03-04,5.173333,5.333333,5.173333,5.333333,5.333333,1421400
2002-03-05,5.300000,5.666667,5.213333,5.333333,5.333333,1014300
2002-03-06,5.333333,5.563333,5.313333,5.550000,5.550000,535200
2002-03-07,5.566667,5.883333,5.566667,5.730000,5.730000,2870400
2002-03-08,5.783333,5.916667,5.583333,5.583333,5.583333,1386300
2002-03-11,5.526667,5.793333,5.473333,5.740000,5.740000,483300
2002-03-12,5.663333,5.850000,5.663333,5.850000,5.850000,510900
2002-03-13,5.766667,5.766667,5.673333,5.750000,5.750000,662700
2002-03-14,5.783333,5.783333,5.666667,5.696667,5.696667,616200
2002-03-15,5.673333,5.776667,5.670000,5.723333,5.723333,300600
2002-03-18,5.766667,5.780000,5.550000,5.706667,5.706667,528000
2002-03-19,5.706667,5.706667,5.610000,5.660000,5.660000,181200
2002-03-20,5.660000,5.660000,5.473333,5.543333,5.543333,315900
2002-03-21,5.583333,5.766667,5.253333,5.766667,5.766667,835200
2002-03-22,5.733333,6.400000,5.600000,6.400000,6.400000,2787300
2002-03-25,6.400000,6.533333,6.126667,6.153333,6.153333,831000
2002-03-26,6.156667,6.300000,5.960000,6.026667,6.026667,650400
2002-03-27,6.050000,6.166667,5.966667,6.166667,6.166667,580500
2002-03-28,6.283333,6.360000,6.220000,6.303333,6.303333,667200
2002-04-01,6.300000,6.330000,6.000000,6.330000,6.330000,858300
2002-04-02,6.250000,6.333333,6.143333,6.303333,6.303333,744000
2002-04-03,7.300000,7.666667,6.833333,7.213333,7.213333,8125500
2002-04-04,6.783333,6.966667,6.583333,6.966667,6.966667,10608600
2002-04-05,6.973333,7.166667,6.970000,7.166667,7.166667,4551000
2002-04-08,7.166667,7.166667,6.933333,7.080000,7.080000,947400
2002-04-09,7.160000,7.333333,7.113333,7.233333,7.233333,888600
2002-04-10,7.283333,7.366667,7.166667,7.346667,7.346667,2181600
2002-04-11,7.300000,7.476667,7.160000,7.166667,7.166667,2278500
2002-04-12,7.233333,7.300000,7.173333,7.300000,7.300000,956100
2002-04-15,7.333333,7.366667,7.070000,7.100000,7.100000,609000
2002-04-16,7.150000,7.296667,7.100000,7.293333,7.293333,625800
2002-04-17,7.293333,7.483333,7.216667,7.360000,7.360000,1090200
2002-04-18,7.363333,7.383333,7.036667,7.243333,7.243333,608100
2002-04-19,7.243333,7.333333,7.190000,7.263333,7.263333,1508400
2002-04-22,7.263333,7.263333,7.066667,7.080000,7.080000,651900
2002-04-23,7.066667,7.416667,7.066667,7.413333,7.413333,847200
2002-04-24,7.866667,8.133333,7.843333,7.946667,7.946667,3745200
2002-04-25,7.963333,7.963333,7.676667,7.863333,7.863333,1339800
2002-04-26,7.783333,7.833333,7.500000,7.666667,7.666667,1287000
2002-04-29,7.706667,7.706667,7.296667,7.326667,7.326667,1167000
2002-04-30,7.350000,7.766667,7.350000,7.750000,7.750000,1419600
2002-05-01,7.750000,7.783333,7.556667,7.583333,7.583333,762300
2002-05-02,7.583333,7.886667,7.533333,7.886667,7.886667,1028400
2002-05-03,7.886667,7.900000,7.200000,7.450000,7.450000,7085400
2002-05-06,7.466667,7.470000,7.203333,7.216667,7.216667,884100
2002-05-07,7.283333,7.366667,7.133333,7.163333,7.163333,1276500
2002-05-08,7.240000,7.350000,7.240000,7.290000,7.290000,1335300
2002-05-09,7.290000,7.383333,7.263333,7.263333,7.263333,392700
2002-05-10,7.263333,7.270000,6.966667,7.000000,7.000000,735900
2002-05-13,7.000000,7.000000,6.800000,6.906667,6.906667,483900
2002-05-14,6.940000,7.283333,6.940000,7.173333,7.173333,556800
2002-05-15,7.173333,7.226667,7.003333,7.040000,7.040000,616200
2002-05-16,7.000000,7.233333,6.916667,7.063333,7.063333,955500
2002-05-17,7.000000,7.250000,7.000000,7.090000,7.090000,619200
2002-05-20,7.100000,7.100000,6.910000,6.920000,6.920000,517200
2002-05-21,6.950000,6.966667,6.500000,6.666667,6.666667,1632600
2002-05-22,6.666667,6.753333,6.483333,6.596667,6.596667,792000
2002-05-23,6.633333,7.060000,6.633333,6.986667,6.986667,1097400
2002-05-24,6.966667,7.266667,6.966667,7.066667,7.066667,1008900
2002-05-28,7.150000,7.166667,6.866667,7.016667,7.016667,550500
2002-05-29,6.966667,6.970000,6.593333,6.783333,6.783333,991200
2002-05-30,6.733333,7.016667,6.700000,6.943333,6.943333,880800
2002-05-31,6.933333,7.260000,6.933333,7.236667,7.236667,1103700
2002-06-03,7.236667,7.316667,6.833333,6.833333,6.833333,1121100
2002-06-04,6.850000,6.983333,6.626667,6.966667,6.966667,817500
2002-06-05,6.970000,7.250000,6.966667,7.160000,7.160000,794100
2002-06-06,7.200000,7.300000,6.956667,7.033333,7.033333,972600
2002-06-07,6.800000,7.166667,6.766667,7.133333,7.133333,888900
2002-06-10,7.136667,7.383333,7.133333,7.333333,7.333333,2111100
2002-06-11,7.383333,7.500000,7.086667,7.120000,7.120000,714000
2002-06-12,7.120000,7.160000,6.840000,7.016667,7.016667,690900
2002-06-13,7.016667,7.383333,7.006667,7.383333,7.383333,1456200
2002-06-14,7.300000,7.400000,7.100000,7.366667,7.366667,1247700
2002-06-17,7.393333,7.666667,7.393333,7.660000,7.660000,1759200
2002-06-18,7.663333,7.733333,7.600000,7.676667,7.676667,1094700
2002-06-19,7.653333,7.660000,7.536667,7.590000,7.590000,1092300
2002-06-20,7.590000,7.620000,7.333333,7.333333,7.333333,1281300
2002-06-21,7.360000,7.433333,7.183333,7.233333,7.233333,576000
2002-06-24,7.100000,7.183333,6.983333,7.183333,7.183333,1478100
2002-06-25,7.233333,7.366667,7.146667,7.186667,7.186667,882300
2002-06-26,6.933333,7.166667,6.673333,7.160000,7.160000,1292100
2002-06-27,7.236667,7.316667,6.950000,7.066667,7.066667,589800
2002-06-28,7.143333,7.300000,7.003333,7.203333,7.203333,993900
2002-07-01,7.160000,7.203333,6.906667,6.906667,6.906667,568500
2002-07-02,6.800000,6.826667,6.416667,6.523333,6.523333,1170300
2002-07-03,6.500000,6.566667,6.166667,6.436667,6.436667,1184700
2002-07-05,6.503333,6.816667,6.503333,6.800000,6.800000,299700
2002-07-08,6.766667,6.780000,6.626667,6.673333,6.673333,809700
2002-07-09,6.673333,6.996667,6.666667,6.766667,6.766667,919500
2002-07-10,6.763333,6.780000,6.173333,6.316667,6.316667,1214700
2002-07-11,6.300000,6.333333,6.050000,6.310000,6.310000,1159800
2002-07-12,6.316667,6.326667,5.916667,6.033333,6.033333,748200
2002-07-15,5.866667,6.030000,5.533333,5.900000,5.900000,1229700
2002-07-16,5.833333,6.086667,5.766667,5.900000,5.900000,860700
2002-07-17,6.033333,6.170000,5.733333,5.800000,5.800000,944700
2002-07-18,5.800000,5.866667,5.433333,5.433333,5.433333,639300
2002-07-19,5.266667,5.333333,4.916667,4.916667,4.916667,1286400
2002-07-22,4.933333,5.230000,4.880000,4.983333,4.983333,1538100
2002-07-23,4.983333,5.000000,4.616667,4.800000,4.800000,1626600
2002-07-24,4.933333,5.096667,4.666667,5.080000,5.080000,2698200
2002-07-25,5.116667,5.326667,4.833333,5.116667,5.116667,2350200
2002-07-26,5.120000,5.266667,4.933333,5.000000,5.000000,1394700
2002-07-29,5.250000,5.950000,5.233333,5.833333,5.833333,1812600
2002-07-30,5.816667,6.000000,5.626667,5.760000,5.760000,974700
2002-07-31,5.616667,5.656667,5.206667,5.350000,5.350000,1172400
2002-08-01,5.346667,5.403333,5.166667,5.266667,5.266667,875100
2002-08-02,5.266667,5.323333,4.933333,4.950000,4.950000,921900
2002-08-05,5.033333,5.033333,4.833333,4.833333,4.833333,387900
2002-08-06,4.836667,5.133333,4.836667,5.133333,5.133333,1136400
2002-08-07,5.333333,5.376667,4.900000,4.950000,4.950000,862500
2002-08-08,4.916667,5.023333,4.683333,4.986667,4.986667,796800
2002-08-09,4.986667,5.300000,4.883333,5.156667,5.156667,558000
2002-08-12,5.223333,5.266667,5.133333,5.133333,5.133333,516000
2002-08-13,5.136667,5.356667,5.066667,5.070000,5.070000,441000
2002-08-14,5.073333,5.316667,5.073333,5.316667,5.316667,415800
2002-08-15,5.316667,5.600000,5.306667,5.520000,5.520000,561600
2002-08-16,5.566667,5.683333,5.423333,5.573333,5.573333,420300
2002-08-19,5.633333,5.950000,5.626667,5.846667,5.846667,963000
2002-08-20,6.066667,6.066667,5.666667,5.683333,5.683333,617400
2002-08-21,5.700000,5.816667,5.670000,5.770000,5.770000,779700
2002-08-22,5.753333,5.916667,5.753333,5.860000,5.860000,686100
2002-08-23,5.866667,5.870000,5.783333,5.840000,5.840000,510900
2002-08-26,5.890000,5.916667,5.800000,5.843333,5.843333,459600
2002-08-27,5.846667,5.883333,5.603333,5.606667,5.606667,656700
2002-08-28,5.333333,5.470000,5.310000,5.333333,5.333333,1422000
2002-08-29,5.150000,5.230000,5.086667,5.183333,5.183333,898800
2002-08-30,5.183333,5.286667,5.170000,5.170000,5.170000,596700
2002-09-03,5.103333,5.320000,5.100000,5.230000,5.230000,482100
2002-09-04,5.183333,5.223333,5.126667,5.176667,5.176667,812400
2002-09-05,5.083333,5.233333,5.083333,5.110000,5.110000,775200
2002-09-06,5.013333,5.043333,4.233333,4.490000,4.490000,6005400
2002-09-09,4.490000,4.490000,3.950000,4.060000,4.060000,4606200
2002-09-10,3.450000,3.650000,3.350000,3.416667,3.416667,12706800
2002-09-11,3.433333,3.610000,3.433333,3.486667,3.486667,2865900
2002-09-12,3.486667,3.650000,3.483333,3.593333,3.593333,1992900
2002-09-13,3.616667,3.616667,3.433333,3.443333,3.443333,1158600
2002-09-16,3.450000,3.483333,3.366667,3.483333,3.483333,906000
2002-09-17,3.583333,3.600000,3.366667,3.416667,3.416667,1195200
2002-09-18,3.380000,3.553333,3.366667,3.486667,3.486667,1986300
2002-09-19,3.560000,3.566667,3.506667,3.516667,3.516667,1316400
2002-09-20,3.583333,3.583333,3.500000,3.500000,3.500000,1128900
2002-09-23,3.500000,3.546667,3.350000,3.390000,3.390000,1748400
2002-09-24,3.356667,3.450000,3.016667,3.093333,3.093333,2697900
2002-09-25,3.126667,3.250000,3.036667,3.203333,3.203333,1001700
2002-09-26,3.263333,3.366667,3.183333,3.300000,3.300000,997200
2002-09-27,3.333333,3.356667,3.133333,3.166667,3.166667,1137600
2002-09-30,3.066667,3.180000,2.916667,3.180000,3.180000,943200
2002-10-01,3.183333,3.183333,2.943333,3.156667,3.156667,862200
2002-10-02,3.166667,3.166667,3.026667,3.063333,3.063333,548100
2002-10-03,3.016667,3.050000,2.806667,2.820000,2.820000,1170000
2002-10-04,2.850000,2.863333,2.500000,2.550000,2.550000,3671100
2002-10-07,2.600000,2.613333,2.333333,2.366667,2.366667,1559700
2002-10-08,2.383333,2.466667,2.173333,2.310000,2.310000,2463600
2002-10-09,2.300000,2.366667,2.233333,2.316667,2.316667,1073400
2002-10-10,2.316667,2.516667,2.226667,2.516667,2.516667,1303800
2002-10-11,2.533333,2.816667,2.526667,2.683333,2.683333,1548900
2002-10-14,2.683333,2.800000,2.600000,2.673333,2.673333,689700
2002-10-15,2.850000,2.950000,2.780000,2.913333,2.913333,1523100
2002-10-16,2.913333,2.913333,2.770000,2.773333,2.773333,702600
2002-10-17,2.933333,2.983333,2.816667,2.916667,2.916667,860700
2002-10-18,2.916667,2.956667,2.800000,2.926667,2.926667,883800
2002-10-21,2.930000,3.050000,2.843333,3.033333,3.033333,623100
2002-10-22,3.026667,3.150000,3.000000,3.003333,3.003333,801900
2002-10-23,3.000000,3.433333,2.866667,3.433333,3.433333,2548800
2002-10-24,3.416667,3.433333,3.260000,3.300000,3.300000,1319100
2002-10-25,3.293333,3.346667,3.270000,3.313333,3.313333,348300
2002-10-28,3.346667,3.416667,3.260000,3.316667,3.316667,673500
2002-10-29,3.300000,3.313333,3.046667,3.266667,3.266667,537000
2002-10-30,3.283333,3.300000,3.206667,3.206667,3.206667,302700
2002-10-31,3.226667,3.390000,3.223333,3.300000,3.300000,1400400
2002-11-01,3.300000,3.500000,3.300000,3.500000,3.500000,662100
2002-11-04,3.533333,3.616667,3.500000,3.500000,3.500000,930600
2002-11-05,3.496667,3.500000,3.366667,3.433333,3.433333,930900
2002-11-06,3.516667,3.580000,3.466667,3.536667,3.536667,1063800
2002-11-07,3.506667,3.566667,3.453333,3.493333,3.493333,1046700
2002-11-08,3.500000,3.570000,3.443333,3.463333,3.463333,454500
2002-11-11,3.466667,3.483333,3.236667,3.246667,3.246667,648300
2002-11-12,3.280000,3.500000,3.280000,3.433333,3.433333,713100
2002-11-13,3.433333,3.573333,3.376667,3.453333,3.453333,230700
2002-11-14,3.486667,3.660000,3.486667,3.650000,3.650000,494700
2002-11-15,3.650000,3.700000,3.573333,3.666667,3.666667,501900
2002-11-18,3.700000,3.743333,3.616667,3.653333,3.653333,468600
2002-11-19,3.666667,3.703333,3.600000,3.666667,3.666667,633300
2002-11-20,3.693333,3.866667,3.666667,3.683333,3.683333,822900
2002-11-21,3.716667,3.960000,3.716667,3.866667,3.866667,621300
2002-11-22,3.850000,3.950000,3.816667,3.906667,3.906667,417600
2002-11-25,3.906667,4.050000,3.873333,4.043333,4.043333,562800
2002-11-26,4.033333,4.033333,3.910000,3.993333,3.993333,729300
2002-11-27,4.000000,4.153333,4.000000,4.136667,4.136667,464400
2002-11-29,4.170000,4.173333,4.066667,4.100000,4.100000,207900
2002-12-02,4.133333,4.300000,4.133333,4.183333,4.183333,479100
2002-12-03,4.186667,4.233333,4.016667,4.016667,4.016667,497700
2002-12-04,4.000000,4.133333,4.000000,4.046667,4.046667,344100
2002-12-05,4.080000,4.096667,3.966667,3.983333,3.983333,567600
2002-12-06,3.950000,4.096667,3.850000,4.016667,4.016667,775200
2002-12-09,2.833333,2.883333,2.333333,2.340000,2.340000,14354100
2002-12-10,2.400000,2.610000,2.336667,2.583333,2.583333,6105900
2002-12-11,2.700000,2.756667,2.633333,2.700000,2.700000,4366200
2002-12-12,2.766667,2.783333,2.653333,2.720000,2.720000,1909800
2002-12-13,2.753333,2.753333,2.583333,2.600000,2.600000,1707000
2002-12-16,2.633333,2.713333,2.600000,2.696667,2.696667,1189800
2002-12-17,2.700000,2.766667,2.650000,2.706667,2.706667,1440600
2002-12-18,2.740000,2.750000,2.666667,2.726667,2.726667,1020300
2002-12-19,2.726667,2.726667,2.580000,2.650000,2.650000,721800
2002-12-20,2.700000,2.706667,2.600000,2.643333,2.643333,917700
2002-12-23,2.610000,2.633333,2.530000,2.600000,2.600000,858600
2002-12-24,2.600000,2.640000,2.576667,2.626667,2.626667,318000
2002-12-26,2.646667,2.826667,2.640000,2.640000,2.640000,501600
2002-12-27,2.643333,2.733333,2.640000,2.680000,2.680000,393000
2002-12-30,2.683333,2.726667,2.666667,2.716667,2.716667,598200
2002-12-31,2.716667,2.830000,2.700000,2.830000,2.830000,1302000
2003-01-02,2.830000,2.946667,2.820000,2.916667,2.916667,935100
2003-01-03,2.916667,2.950000,2.856667,2.916667,2.916667,597900
2003-01-06,2.916667,2.966667,2.883333,2.920000,2.920000,530700
2003-01-07,2.933333,2.980000,2.850000,2.980000,2.980000,991200
2003-01-08,2.946667,3.043333,2.860000,3.006667,3.006667,727800
2003-01-09,3.016667,3.110000,2.963333,2.963333,2.963333,809100
2003-01-10,3.130000,3.413333,3.123333,3.263333,3.263333,1679700
2003-01-13,3.296667,3.333333,3.133333,3.133333,3.133333,1013700
2003-01-14,3.160000,3.280000,3.156667,3.280000,3.280000,1219500
2003-01-15,3.283333,3.300000,3.156667,3.263333,3.263333,381000
2003-01-16,3.266667,3.266667,3.150000,3.210000,3.210000,719700
2003-01-17,3.200000,3.200000,3.010000,3.100000,3.100000,739800
2003-01-21,3.100000,3.113333,3.016667,3.023333,3.023333,345300
2003-01-22,2.990000,3.000000,2.886667,2.916667,2.916667,727200
2003-01-23,2.940000,3.000000,2.940000,2.950000,2.950000,915300
2003-01-24,2.916667,2.916667,2.833333,2.860000,2.860000,566100
2003-01-27,2.766667,2.786667,2.666667,2.740000,2.740000,770700
2003-01-28,2.746667,2.783333,2.686667,2.740000,2.740000,462900
2003-01-29,2.650000,2.756667,2.630000,2.696667,2.696667,522000
2003-01-30,2.716667,2.746667,2.613333,2.653333,2.653333,348900
2003-01-31,2.653333,2.750000,2.640000,2.746667,2.746667,540600
2003-02-03,2.746667,2.793333,2.596667,2.683333,2.683333,607800
2003-02-04,2.650000,2.683333,2.583333,2.676667,2.676667,289500
2003-02-05,2.710000,2.746667,2.650000,2.670000,2.670000,397800
2003-02-06,2.666667,2.676667,2.596667,2.630000,2.630000,326700
2003-02-07,2.616667,2.636667,2.590000,2.596667,2.596667,359100
2003-02-10,2.600000,2.600000,2.233333,2.500000,2.500000,2762100
2003-02-11,2.516667,2.663333,2.516667,2.570000,2.570000,940200
2003-02-12,2.536667,2.576667,2.440000,2.536667,2.536667,403200
2003-02-13,2.516667,2.520000,2.433333,2.496667,2.496667,247500
2003-02-14,2.500000,2.550000,2.440000,2.533333,2.533333,637800
2003-02-18,2.566667,2.650000,2.533333,2.606667,2.606667,735000
2003-02-19,2.610000,2.666667,2.583333,2.666667,2.666667,438600
2003-02-20,2.566667,2.633333,2.000000,2.030000,2.030000,5015100
2003-02-21,2.083333,2.183333,2.036667,2.066667,2.066667,2760900
2003-02-24,2.100000,2.113333,1.983333,1.990000,1.990000,1848900
2003-02-25,1.993333,1.993333,1.900000,1.916667,1.916667,1112700
2003-02-26,1.950000,1.976667,1.900000,1.900000,1.900000,799200
2003-02-27,1.933333,2.033333,1.933333,1.996667,1.996667,642900
2003-02-28,2.030000,2.033333,1.936667,1.960000,1.960000,918300
2003-03-03,1.993333,2.016667,1.973333,2.013333,2.013333,1097700
2003-03-04,2.000000,2.050000,2.000000,2.033333,2.033333,491400
2003-03-05,2.013333,2.023333,1.943333,1.966667,1.966667,536400
2003-03-06,1.966667,1.966667,1.816667,1.890000,1.890000,498000
2003-03-07,1.856667,1.950000,1.843333,1.883333,1.883333,396000
2003-03-10,1.720000,1.916667,1.720000,1.850000,1.850000,650700
2003-03-11,1.866667,1.913333,1.866667,1.886667,1.886667,366300
2003-03-12,1.873333,1.916667,1.833333,1.846667,1.846667,292500
2003-03-13,1.866667,2.000000,1.866667,2.000000,2.000000,485700
2003-03-14,2.016667,2.143333,2.000000,2.116667,2.116667,629400
2003-03-17,2.033333,2.160000,2.000000,2.103333,2.103333,636600
2003-03-18,2.250000,2.250000,2.086667,2.086667,2.086667,632100
2003-03-19,2.083333,2.133333,2.033333,2.053333,2.053333,653700
2003-03-20,2.080000,2.120000,2.003333,2.083333,2.083333,837600
2003-03-21,2.083333,2.173333,2.066667,2.130000,2.130000,1156200
2003-03-24,2.116667,2.186667,2.100000,2.163333,2.163333,549900
2003-03-25,2.150000,2.263333,2.150000,2.233333,2.233333,524100
2003-03-26,2.200000,2.266667,2.126667,2.126667,2.126667,540000
2003-03-27,2.126667,2.233333,2.113333,2.223333,2.223333,378300
2003-03-28,2.123333,2.230000,2.100000,2.213333,2.213333,465900
2003-03-31,2.180000,2.183333,2.113333,2.163333,2.163333,475800
2003-04-01,2.133333,2.266667,2.133333,2.233333,2.233333,305400
2003-04-02,2.216667,2.326667,2.216667,2.283333,2.283333,591000
2003-04-03,2.266667,2.286667,2.236667,2.250000,2.250000,383100
2003-04-04,2.253333,2.316667,2.216667,2.243333,2.243333,474600
2003-04-07,2.300000,2.300000,2.206667,2.220000,2.220000,1142700
2003-04-08,2.223333,2.233333,2.170000,2.170000,2.170000,198600
2003-04-09,2.173333,2.253333,2.173333,2.196667,2.196667,305100
2003-04-10,2.200000,2.300000,2.150000,2.233333,2.233333,293100
2003-04-11,2.266667,2.466667,2.260000,2.420000,2.420000,1332300
2003-04-14,2.453333,2.470000,2.383333,2.416667,2.416667,1668600
2003-04-15,2.416667,2.496667,2.370000,2.493333,2.493333,657300
2003-04-16,2.500000,2.510000,2.450000,2.456667,2.456667,766500
2003-04-17,2.456667,2.496667,2.433333,2.490000,2.490000,633000
2003-04-21,2.483333,2.493333,2.443333,2.460000,2.460000,333900
2003-04-22,2.426667,2.513333,2.383333,2.493333,2.493333,1045500
2003-04-23,2.460000,2.496667,2.400000,2.446667,2.446667,807600
2003-04-24,2.533333,2.616667,2.126667,2.183333,2.183333,3921300
2003-04-25,2.216667,2.316667,2.216667,2.233333,2.233333,1331400
2003-04-28,2.200000,2.286667,2.180000,2.256667,2.256667,879600
2003-04-29,2.233333,2.273333,2.213333,2.246667,2.246667,731100
2003-04-30,2.216667,2.260000,2.183333,2.260000,2.260000,1208400
2003-05-01,2.233333,2.243333,2.176667,2.220000,2.220000,425700
2003-05-02,2.210000,2.266667,2.193333,2.233333,2.233333,825300
2003-05-05,2.236667,2.333333,2.233333,2.273333,2.273333,1235400
2003-05-06,2.263333,2.433333,2.263333,2.420000,2.420000,725400
2003-05-07,2.453333,2.453333,2.366667,2.386667,2.386667,536400
2003-05-08,2.373333,2.430000,2.370000,2.390000,2.390000,732000
2003-05-09,2.383333,2.443333,2.366667,2.413333,2.413333,590700
2003-05-12,2.383333,2.500000,2.383333,2.466667,2.466667,1067400
2003-05-13,2.500000,2.576667,2.450000,2.573333,2.573333,1331400
2003-05-14,2.540000,2.583333,2.413333,2.413333,2.413333,834600
2003-05-15,2.413333,2.483333,2.333333,2.476667,2.476667,763800
2003-05-16,2.406667,2.440000,2.350000,2.376667,2.376667,744000
2003-05-19,2.466667,2.466667,2.326667,2.346667,2.346667,767400
2003-05-20,2.313333,2.376667,2.233333,2.296667,2.296667,681300
2003-05-21,2.263333,2.406667,2.256667,2.383333,2.383333,572400
2003-05-22,2.360000,2.430000,2.350000,2.410000,2.410000,419100
2003-05-23,2.376667,2.383333,2.303333,2.333333,2.333333,462600
2003-05-27,2.333333,2.450000,2.326667,2.426667,2.426667,434100
2003-05-28,2.426667,2.550000,2.426667,2.500000,2.500000,755100
2003-05-29,2.506667,2.576667,2.480000,2.500000,2.500000,814500
2003-05-30,2.533333,2.563333,2.483333,2.493333,2.493333,704400
2003-06-02,2.500000,2.616667,2.486667,2.556667,2.556667,967500
2003-06-03,2.533333,2.593333,2.526667,2.530000,2.530000,322500
2003-06-04,2.500000,2.580000,2.473333,2.500000,2.500000,853200
2003-06-05,2.500000,2.743333,2.500000,2.713333,2.713333,1179900
2003-06-06,2.733333,2.796667,2.610000,2.620000,2.620000,903000
2003-06-09,2.616667,2.690000,2.583333,2.620000,2.620000,483900
2003-06-10,2.653333,2.750000,2.653333,2.746667,2.746667,420600
2003-06-11,2.750000,2.750000,2.660000,2.743333,2.743333,440700
2003-06-12,2.733333,2.746667,2.666667,2.700000,2.700000,288000
2003-06-13,2.693333,2.706667,2.550000,2.633333,2.633333,342300
2003-06-16,2.633333,2.726667,2.626667,2.696667,2.696667,510900
2003-06-17,2.633333,2.726667,2.623333,2.630000,2.630000,489600
2003-06-18,2.600000,2.656667,2.576667,2.596667,2.596667,345900
2003-06-19,2.600000,2.620000,2.536667,2.563333,2.563333,258300
2003-06-20,2.576667,2.600000,2.553333,2.596667,2.596667,231600
2003-06-23,2.483333,2.526667,2.466667,2.490000,2.490000,406500
2003-06-24,2.456667,2.540000,2.446667,2.510000,2.510000,271500
2003-06-25,2.543333,2.543333,2.500000,2.526667,2.526667,207300
2003-06-26,2.560000,2.596667,2.530000,2.550000,2.550000,202800
2003-06-27,2.506667,2.590000,2.500000,2.533333,2.533333,953400
2003-06-30,2.533333,2.586667,2.466667,2.466667,2.466667,712500
2003-07-01,2.470000,2.520000,2.390000,2.460000,2.460000,407100
2003-07-02,2.443333,2.540000,2.426667,2.526667,2.526667,604500
2003-07-03,2.536667,2.573333,2.513333,2.533333,2.533333,203700
2003-07-07,2.550000,2.616667,2.536667,2.616667,2.616667,821400
2003-07-08,2.600000,2.710000,2.573333,2.690000,2.690000,709200
2003-07-09,2.666667,2.696667,2.650000,2.686667,2.686667,337800
2003-07-10,2.683333,2.920000,2.633333,2.896667,2.896667,3022800
2003-07-11,2.930000,3.066667,2.863333,3.003333,3.003333,1938000
2003-07-14,3.036667,3.086667,3.013333,3.036667,3.036667,755100
2003-07-15,3.056667,3.086667,2.936667,3.000000,3.000000,775200
2003-07-16,2.983333,3.043333,2.983333,3.016667,3.016667,794400
2003-07-17,2.993333,2.993333,2.863333,2.916667,2.916667,395700
2003-07-18,2.900000,2.966667,2.806667,2.860000,2.860000,346200
2003-07-21,2.893333,2.906667,2.803333,2.810000,2.810000,1171800
2003-07-22,2.810000,2.830000,2.716667,2.776667,2.776667,357600
2003-07-23,2.766667,2.813333,2.706667,2.720000,2.720000,361500
2003-07-24,2.473333,2.473333,2.166667,2.166667,2.166667,4211400
2003-07-25,2.166667,2.260000,2.100000,2.246667,2.246667,1600200
2003-07-28,2.246667,2.246667,2.033333,2.116667,2.116667,1252800
2003-07-29,2.116667,2.183333,2.066667,2.156667,2.156667,612300
2003-07-30,2.163333,2.196667,2.133333,2.153333,2.153333,1051500
2003-07-31,2.166667,2.233333,2.166667,2.200000,2.200000,498300
2003-08-01,2.233333,2.233333,2.100000,2.116667,2.116667,627300
2003-08-04,2.116667,2.166667,2.073333,2.143333,2.143333,500700
2003-08-05,2.166667,2.166667,2.036667,2.073333,2.073333,582300
2003-08-06,2.073333,2.116667,2.046667,2.113333,2.113333,595200
2003-08-07,2.146667,2.150000,2.050000,2.076667,2.076667,608100
2003-08-08,2.100000,2.190000,2.100000,2.186667,2.186667,510300
2003-08-11,2.193333,2.236667,2.143333,2.183333,2.183333,537600
2003-08-12,2.196667,2.266667,2.193333,2.210000,2.210000,599700
2003-08-13,2.226667,2.226667,2.170000,2.183333,2.183333,681600
2003-08-14,2.166667,2.196667,2.116667,2.196667,2.196667,371400
2003-08-15,2.226667,2.226667,2.200000,2.206667,2.206667,98100
2003-08-18,2.220000,2.313333,2.210000,2.296667,2.296667,832200
2003-08-19,2.313333,2.356667,2.283333,2.353333,2.353333,990600
2003-08-20,2.350000,2.366667,2.306667,2.320000,2.320000,253800
2003-08-21,2.316667,2.400000,2.306667,2.373333,2.373333,469500
2003-08-22,2.406667,2.406667,2.326667,2.373333,2.373333,595500
2003-08-25,2.373333,2.560000,2.373333,2.516667,2.516667,662700
2003-08-26,2.520000,2.550000,2.396667,2.510000,2.510000,915300
2003-08-27,2.496667,2.633333,2.466667,2.550000,2.550000,654000
2003-08-28,2.583333,2.696667,2.583333,2.673333,2.673333,679500
2003-08-29,2.640000,2.643333,2.550000,2.550000,2.550000,457500
2003-09-02,2.573333,2.623333,2.466667,2.573333,2.573333,770700
2003-09-03,2.576667,2.683333,2.573333,2.646667,2.646667,1224300
2003-09-04,2.613333,2.660000,2.600000,2.630000,2.630000,575100
2003-09-05,2.616667,2.616667,2.550000,2.583333,2.583333,552900
2003-09-08,2.583333,2.613333,2.560000,2.613333,2.613333,600300
2003-09-09,2.580000,2.630000,2.533333,2.623333,2.623333,429900
2003-09-10,2.620000,2.666667,2.566667,2.656667,2.656667,1148700
2003-09-11,2.660000,2.816667,2.616667,2.793333,2.793333,1320300
2003-09-12,2.793333,2.816667,2.726667,2.816667,2.816667,1200900
2003-09-15,2.816667,2.850000,2.766667,2.766667,2.766667,1820400
2003-09-16,2.683333,2.763333,2.670000,2.743333,2.743333,392700
2003-09-17,2.743333,2.820000,2.693333,2.696667,2.696667,330900
2003-09-18,2.730000,2.746667,2.536667,2.643333,2.643333,969600
2003-09-19,2.676667,2.770000,2.610000,2.770000,2.770000,483300
2003-09-22,2.770000,2.770000,2.626667,2.666667,2.666667,429600
2003-09-23,2.683333,2.733333,2.640000,2.720000,2.720000,182400
2003-09-24,2.700000,2.766667,2.636667,2.666667,2.666667,777600
2003-09-25,2.640000,2.690000,2.550000,2.560000,2.560000,627600
2003-09-26,2.540000,2.560000,2.486667,2.486667,2.486667,348900
2003-09-29,2.473333,2.530000,2.396667,2.480000,2.480000,536400
2003-09-30,2.446667,2.533333,2.383333,2.473333,2.473333,771000
2003-10-01,2.500000,2.666667,2.500000,2.666667,2.666667,561900
2003-10-02,2.700000,2.746667,2.686667,2.740000,2.740000,474600
2003-10-03,2.723333,2.746667,2.666667,2.710000,2.710000,543300
2003-10-06,2.683333,2.700000,2.666667,2.693333,2.693333,490800
2003-10-07,2.683333,2.700000,2.656667,2.683333,2.683333,343800
2003-10-08,2.693333,2.696667,2.653333,2.686667,2.686667,216600
2003-10-09,2.683333,2.700000,2.606667,2.690000,2.690000,678000
2003-10-10,2.666667,2.696667,2.616667,2.666667,2.666667,328200
2003-10-13,2.690000,2.696667,2.666667,2.683333,2.683333,414000
2003-10-14,2.666667,2.666667,2.586667,2.640000,2.640000,1121100
2003-10-15,2.636667,2.656667,2.593333,2.616667,2.616667,669300
2003-10-16,2.600000,2.650000,2.600000,2.630000,2.630000,358800
2003-10-17,2.643333,2.643333,2.533333,2.583333,2.583333,498300
2003-10-20,2.550000,2.626667,2.550000,2.620000,2.620000,612300
2003-10-21,2.600000,2.650000,2.573333,2.643333,2.643333,1108800
2003-10-22,2.660000,2.666667,2.520000,2.523333,2.523333,655500
2003-10-23,2.333333,2.366667,2.133333,2.220000,2.220000,3867000
2003-10-24,2.223333,2.300000,2.173333,2.270000,2.270000,993600
2003-10-27,2.266667,2.383333,2.266667,2.376667,2.376667,1573500
2003-10-28,2.376667,2.466667,2.370000,2.466667,2.466667,861600
2003-10-29,2.500000,2.526667,2.500000,2.503333,2.503333,544200
2003-10-30,2.503333,2.513333,2.500000,2.510000,2.510000,607200
2003-10-31,2.503333,2.533333,2.500000,2.510000,2.510000,504300
2003-11-03,2.500000,2.516667,2.486667,2.500000,2.500000,777300
2003-11-04,2.500000,2.536667,2.490000,2.533333,2.533333,823800
2003-11-05,2.500000,2.500000,2.436667,2.460000,2.460000,456900
2003-11-06,2.433333,2.466667,2.416667,2.443333,2.443333,150900
2003-11-07,2.443333,2.466667,2.393333,2.403333,2.403333,578700
2003-11-10,2.376667,2.456667,2.366667,2.416667,2.416667,834900
2003-11-11,2.416667,2.426667,2.363333,2.400000,2.400000,166200
2003-11-12,2.396667,2.443333,2.366667,2.393333,2.393333,582000
2003-11-13,2.383333,2.400000,2.356667,2.356667,2.356667,280200
2003-11-14,2.370000,2.386667,2.313333,2.340000,2.340000,446400
2003-11-17,2.340000,2.360000,2.333333,2.336667,2.336667,602700
2003-11-18,2.350000,2.366667,2.323333,2.333333,2.333333,503700
2003-11-19,2.333333,2.366667,2.330000,2.350000,2.350000,219000
2003-11-20,2.340000,2.360000,2.316667,2.333333,2.333333,312300
2003-11-21,2.350000,2.360000,2.300000,2.326667,2.326667,361200
2003-11-24,2.360000,2.400000,2.350000,2.400000,2.400000,613800
2003-11-25,2.400000,2.480000,2.383333,2.470000,2.470000,364500
2003-11-26,2.470000,2.470000,2.416667,2.443333,2.443333,132300
2003-11-28,2.443333,2.490000,2.443333,2.476667,2.476667,143700
2003-12-01,2.476667,2.510000,2.450000,2.493333,2.493333,262200
2003-12-02,2.460000,2.506667,2.460000,2.500000,2.500000,417900
2003-12-03,2.533333,2.573333,2.370000,2.373333,2.373333,410100
2003-12-04,2.406667,2.490000,2.333333,2.340000,2.340000,691200
2003-12-05,2.333333,2.433333,2.333333,2.400000,2.400000,351900
2003-12-08,2.416667,2.450000,2.360000,2.450000,2.450000,238200
2003-12-09,2.423333,2.443333,2.383333,2.406667,2.406667,302100
2003-12-10,2.400000,2.416667,2.303333,2.310000,2.310000,491400
2003-12-11,2.343333,2.380000,2.333333,2.350000,2.350000,472800
2003-12-12,2.383333,2.433333,2.366667,2.426667,2.426667,242700
2003-12-15,2.426667,2.460000,2.400000,2.400000,2.400000,280800
2003-12-16,2.400000,2.440000,2.373333,2.416667,2.416667,247800
2003-12-17,2.433333,2.463333,2.400000,2.410000,2.410000,149400
2003-12-18,2.406667,2.466667,2.373333,2.433333,2.433333,827400
2003-12-19,2.433333,2.516667,2.413333,2.513333,2.513333,682200
2003-12-22,2.516667,2.630000,2.513333,2.616667,2.616667,905400
2003-12-23,2.596667,2.663333,2.583333,2.640000,2.640000,724200
2003-12-24,2.653333,2.676667,2.616667,2.666667,2.666667,429600
2003-12-26,2.650000,2.666667,2.600000,2.616667,2.616667,147000
2003-12-29,2.600000,2.693333,2.600000,2.650000,2.650000,474600
2003-12-30,2.656667,2.750000,2.650000,2.750000,2.750000,942000
2003-12-31,2.733333,2.760000,2.686667,2.716667,2.716667,351000
2004-01-02,2.716667,2.760000,2.686667,2.720000,2.720000,191400
2004-01-05,2.740000,2.766667,2.700000,2.706667,2.706667,443400
2004-01-06,2.673333,2.693333,2.643333,2.673333,2.673333,541500
2004-01-07,2.693333,2.696667,2.676667,2.693333,2.693333,207300
2004-01-08,2.696667,2.700000,2.663333,2.690000,2.690000,366900
2004-01-09,2.693333,2.700000,2.633333,2.650000,2.650000,756900
2004-01-12,2.670000,2.693333,2.603333,2.683333,2.683333,474900
2004-01-13,2.683333,2.693333,2.633333,2.693333,2.693333,356400
2004-01-14,2.670000,2.683333,2.626667,2.666667,2.666667,463800
2004-01-15,2.680000,2.680000,2.626667,2.663333,2.663333,361200
2004-01-16,2.663333,2.666667,2.633333,2.636667,2.636667,318000
2004-01-20,2.666667,2.673333,2.616667,2.620000,2.620000,469500
2004-01-21,2.643333,2.650000,2.603333,2.650000,2.650000,808500
2004-01-22,2.650000,2.670000,2.616667,2.636667,2.636667,573900
2004-01-23,2.653333,2.696667,2.633333,2.660000,2.660000,480600
2004-01-26,2.650000,2.700000,2.636667,2.690000,2.690000,467400
2004-01-27,2.670000,2.696667,2.600000,2.616667,2.616667,367500
2004-01-28,2.646667,2.660000,2.506667,2.516667,2.516667,495900
2004-01-29,2.533333,2.633333,2.503333,2.633333,2.633333,862500
2004-01-30,2.616667,2.646667,2.583333,2.623333,2.623333,363600
2004-02-02,2.620000,2.793333,2.616667,2.780000,2.780000,1513800
2004-02-03,2.750000,2.833333,2.726667,2.813333,2.813333,797700
2004-02-04,2.813333,2.813333,2.703333,2.783333,2.783333,693000
2004-02-05,2.783333,2.870000,2.766667,2.850000,2.850000,555000
2004-02-06,2.833333,3.016667,2.833333,2.980000,2.980000,1265400
2004-02-09,3.033333,3.040000,2.933333,3.000000,3.000000,1083900
2004-02-10,3.033333,3.250000,3.000000,3.233333,3.233333,1406400
2004-02-11,3.500000,4.166667,3.403333,3.823333,3.823333,7476300
2004-02-12,3.833333,3.913333,3.500000,3.513333,3.513333,2484000
2004-02-13,3.520000,3.800000,3.520000,3.793333,3.793333,938100
2004-02-17,3.816667,3.876667,3.590000,3.660000,3.660000,1042200
2004-02-18,3.683333,3.700000,3.566667,3.580000,3.580000,565500
2004-02-19,3.580000,4.080000,3.546667,3.966667,3.966667,4326600
2004-02-20,3.916667,4.146667,3.850000,4.030000,4.030000,2444700
2004-02-23,4.050000,4.093333,3.940000,3.953333,3.953333,733200
2004-02-24,3.976667,4.163333,3.976667,4.033333,4.033333,878100
2004-02-25,4.066667,4.133333,4.033333,4.133333,4.133333,313500
2004-02-26,4.133333,4.146667,4.013333,4.120000,4.120000,482400
2004-02-27,4.143333,4.233333,4.116667,4.203333,4.203333,512100
2004-03-01,4.226667,4.353333,4.226667,4.323333,4.323333,827400
2004-03-02,4.340000,4.340000,4.170000,4.233333,4.233333,426600
2004-03-03,4.266667,4.300000,4.216667,4.246667,4.246667,782100
2004-03-04,4.266667,4.333333,4.233333,4.250000,4.250000,442500
2004-03-05,4.266667,4.316667,4.190000,4.273333,4.273333,595800
2004-03-08,4.306667,4.333333,4.210000,4.223333,4.223333,676200
2004-03-09,4.266667,4.266667,4.183333,4.223333,4.223333,380700
2004-03-10,4.203333,4.226667,4.043333,4.053333,4.053333,1338300
2004-03-11,4.020000,4.026667,3.890000,3.890000,3.890000,850800
2004-03-12,3.923333,3.986667,3.923333,3.963333,3.963333,383700
2004-03-15,3.993333,3.996667,3.846667,3.853333,3.853333,532500
2004-03-16,3.883333,3.920000,3.833333,3.880000,3.880000,590400
2004-03-17,3.913333,3.973333,3.866667,3.930000,3.930000,373800
2004-03-18,3.963333,3.993333,3.866667,3.960000,3.960000,286200
2004-03-19,3.983333,3.983333,3.783333,3.800000,3.800000,740100
2004-03-22,3.800000,3.833333,3.710000,3.833333,3.833333,274200
2004-03-23,3.800000,3.923333,3.800000,3.883333,3.883333,501300
2004-03-24,3.900000,3.986667,3.900000,3.966667,3.966667,438300
2004-03-25,3.946667,3.993333,3.906667,3.936667,3.936667,407700
2004-03-26,3.903333,3.980000,3.890000,3.956667,3.956667,362400
2004-03-29,3.990000,4.266667,3.986667,4.256667,4.256667,413700
2004-03-30,4.206667,4.300000,4.166667,4.296667,4.296667,681000
2004-03-31,4.300000,4.436667,4.300000,4.370000,4.370000,1181400
2004-04-01,4.356667,4.450000,4.356667,4.390000,4.390000,364200
2004-04-02,4.450000,4.480000,4.283333,4.390000,4.390000,457500
2004-04-05,4.390000,4.590000,4.333333,4.590000,4.590000,654000
2004-04-06,4.666667,4.850000,4.666667,4.686667,4.686667,1312200
2004-04-07,4.733333,4.833333,4.676667,4.746667,4.746667,978600
2004-04-08,4.683333,4.760000,4.603333,4.680000,4.680000,2109900
2004-04-12,4.700000,4.700000,4.613333,4.660000,4.660000,385800
2004-04-13,4.666667,4.666667,4.416667,4.440000,4.440000,727200
2004-04-14,4.333333,4.526667,4.310000,4.443333,4.443333,478500
2004-04-15,4.433333,4.496667,4.416667,4.440000,4.440000,309300
2004-04-16,4.463333,4.583333,4.413333,4.496667,4.496667,680400
2004-04-19,4.496667,4.666667,4.436667,4.663333,4.663333,459600
2004-04-20,4.650000,4.696667,4.333333,4.333333,4.333333,2520900
2004-04-21,4.466667,4.666667,4.443333,4.650000,4.650000,740700
2004-04-22,4.333333,4.433333,4.156667,4.180000,4.180000,1571100
2004-04-23,4.180000,4.386667,4.133333,4.333333,4.333333,646500
2004-04-26,4.333333,4.333333,4.120000,4.223333,4.223333,525300
2004-04-27,4.256667,4.383333,4.256667,4.300000,4.300000,1320900
2004-04-28,4.300000,4.300000,4.106667,4.116667,4.116667,934500
2004-04-29,4.133333,4.186667,4.096667,4.120000,4.120000,768600
2004-04-30,4.120000,4.136667,4.040000,4.103333,4.103333,806400
2004-05-03,4.090000,4.160000,4.063333,4.116667,4.116667,387600
2004-05-04,4.083333,4.196667,4.073333,4.160000,4.160000,405900
2004-05-05,4.150000,4.170000,4.116667,4.133333,4.133333,406500
2004-05-06,4.116667,4.143333,4.066667,4.126667,4.126667,412200
2004-05-07,4.100000,4.103333,3.863333,3.930000,3.930000,1140900
2004-05-10,3.800000,3.873333,3.670000,3.776667,3.776667,475200
2004-05-11,3.780000,3.916667,3.780000,3.833333,3.833333,303600
2004-05-12,3.833333,3.916667,3.606667,3.900000,3.900000,396900
2004-05-13,3.866667,3.870000,3.613333,3.663333,3.663333,398400
2004-05-14,3.663333,3.683333,3.616667,3.660000,3.660000,355200
2004-05-17,3.633333,3.633333,3.390000,3.553333,3.553333,330600
2004-05-18,3.553333,3.593333,3.513333,3.533333,3.533333,132600
2004-05-19,3.583333,3.666667,3.556667,3.593333,3.593333,650100
2004-05-20,3.603333,3.626667,3.556667,3.560000,3.560000,282900
2004-05-21,3.550000,3.583333,3.490000,3.493333,3.493333,272100
2004-05-24,3.560000,3.700000,3.560000,3.653333,3.653333,393600
2004-05-25,3.663333,3.666667,3.633333,3.636667,3.636667,462600
2004-05-26,3.646667,3.833333,3.646667,3.833333,3.833333,435000
2004-05-27,3.833333,3.833333,3.700000,3.786667,3.786667,554400
2004-05-28,3.786667,3.836667,3.660000,3.833333,3.833333,389700
2004-06-01,3.800000,3.833333,3.690000,3.790000,3.790000,326700
2004-06-02,3.816667,3.916667,3.793333,3.880000,3.880000,381900
2004-06-03,3.880000,4.000000,3.866667,3.926667,3.926667,548400
2004-06-04,3.953333,4.033333,3.920000,4.026667,4.026667,555000
2004-06-07,4.060000,4.133333,4.040000,4.076667,4.076667,237300
2004-06-08,4.083333,4.263333,4.000000,4.240000,4.240000,345300
2004-06-09,4.206667,4.210000,4.033333,4.076667,4.076667,346800
2004-06-10,4.070000,4.246667,4.050000,4.093333,4.093333,420600
2004-06-14,4.093333,4.133333,3.983333,4.046667,4.046667,244500
2004-06-15,4.066667,4.276667,4.066667,4.196667,4.196667,348300
2004-06-16,4.206667,4.293333,4.173333,4.270000,4.270000,150600
2004-06-17,4.293333,4.363333,4.250000,4.340000,4.340000,195900
2004-06-18,4.450000,4.473333,4.433333,4.446667,4.446667,495600
2004-06-21,4.413333,4.443333,4.326667,4.350000,4.350000,819300
2004-06-22,4.316667,4.496667,4.310000,4.470000,4.470000,1367100
2004-06-23,4.493333,4.516667,4.450000,4.503333,4.503333,1344000
2004-06-24,4.520000,4.663333,4.520000,4.603333,4.603333,615300
2004-06-25,4.620000,4.666667,4.473333,4.666667,4.666667,693900
2004-06-28,4.666667,4.676667,4.616667,4.666667,4.666667,467700
2004-06-29,4.670000,4.670000,4.400000,4.400000,4.400000,729000
2004-06-30,4.416667,4.483333,4.326667,4.333333,4.333333,615000
2004-07-01,4.333333,4.513333,4.333333,4.503333,4.503333,593700
2004-07-02,4.483333,4.563333,4.446667,4.550000,4.550000,308100
2004-07-06,4.533333,4.533333,4.356667,4.396667,4.396667,300600
2004-07-07,4.396667,4.433333,4.363333,4.376667,4.376667,348300
2004-07-08,4.376667,4.500000,4.360000,4.410000,4.410000,431400
2004-07-09,4.433333,4.440000,4.230000,4.300000,4.300000,359400
2004-07-12,4.283333,4.383333,4.233333,4.250000,4.250000,458100
2004-07-13,4.316667,4.443333,4.316667,4.380000,4.380000,506400
2004-07-14,4.383333,4.383333,4.106667,4.173333,4.173333,475800
2004-07-15,4.173333,4.216667,4.063333,4.063333,4.063333,446100
2004-07-16,4.096667,4.176667,3.983333,4.013333,4.013333,453300
2004-07-19,4.003333,4.006667,3.853333,3.876667,3.876667,963600
2004-07-20,3.950000,4.280000,3.950000,4.180000,4.180000,660600
2004-07-21,4.213333,4.263333,3.966667,3.976667,3.976667,720900
2004-07-22,4.040000,4.403333,4.040000,4.366667,4.366667,1769700
2004-07-23,4.366667,4.400000,4.130000,4.253333,4.253333,787800
2004-07-26,4.283333,4.403333,4.246667,4.270000,4.270000,675000
2004-07-27,4.266667,4.646667,4.266667,4.646667,4.646667,758400
2004-07-28,4.646667,4.746667,4.543333,4.603333,4.603333,1005900
2004-07-29,4.623333,4.733333,4.620000,4.733333,4.733333,747000
2004-07-30,4.730000,4.733333,4.576667,4.583333,4.583333,784200
2004-08-02,4.600000,4.676667,4.570000,4.650000,4.650000,1054200
2004-08-03,4.626667,4.626667,4.550000,4.560000,4.560000,450300
2004-08-04,4.560000,4.560000,4.466667,4.500000,4.500000,754200
2004-08-05,4.510000,4.510000,4.316667,4.336667,4.336667,1128900
2004-08-06,4.333333,4.343333,4.280000,4.316667,4.316667,659700
2004-08-09,4.333333,4.386667,4.250000,4.276667,4.276667,400800
2004-08-10,4.290000,4.366667,4.290000,4.346667,4.346667,364500
2004-08-11,4.316667,4.333333,4.216667,4.316667,4.316667,587100
2004-08-12,4.313333,4.313333,4.190000,4.233333,4.233333,432300
2004-08-13,4.250000,4.316667,4.216667,4.266667,4.266667,274500
2004-08-16,4.283333,4.356667,4.273333,4.356667,4.356667,504600
2004-08-17,4.390000,4.590000,4.390000,4.576667,4.576667,439800
2004-08-18,4.543333,4.543333,4.443333,4.470000,4.470000,529200
2004-08-19,4.466667,4.503333,4.436667,4.490000,4.490000,600000
2004-08-20,4.483333,4.510000,4.416667,4.420000,4.420000,559500
2004-08-23,4.406667,4.460000,4.366667,4.430000,4.430000,420900
2004-08-24,4.430000,4.430000,4.333333,4.366667,4.366667,385500
2004-08-25,4.366667,4.373333,4.166667,4.273333,4.273333,474000
2004-08-26,4.283333,4.330000,4.256667,4.260000,4.260000,342000
2004-08-27,4.266667,4.366667,4.266667,4.366667,4.366667,223800
2004-08-30,4.350000,4.373333,4.280000,4.343333,4.343333,461100
2004-08-31,4.333333,4.436667,4.300000,4.433333,4.433333,415500
2004-09-01,4.416667,4.616667,4.410000,4.586667,4.586667,809100
2004-09-02,4.576667,4.706667,4.493333,4.653333,4.653333,578400
2004-09-03,4.650000,4.666667,4.600000,4.656667,4.656667,312900
2004-09-07,4.660000,4.700000,4.600000,4.600000,4.600000,584100
2004-09-08,4.616667,4.983333,4.586667,4.733333,4.733333,3457200
2004-09-09,4.743333,4.800000,4.676667,4.800000,4.800000,1859400
2004-09-10,4.766667,4.880000,4.750000,4.850000,4.850000,1100400
2004-09-13,4.816667,4.940000,4.810000,4.916667,4.916667,1296000
2004-09-14,4.900000,4.933333,4.810000,4.913333,4.913333,685200
2004-09-15,4.913333,4.920000,4.750000,4.853333,4.853333,791400
2004-09-16,4.853333,5.083333,4.840000,4.970000,4.970000,1372500
2004-09-17,4.940000,4.950000,4.816667,4.830000,4.830000,620700
2004-09-20,4.830000,4.883333,4.550000,4.666667,4.666667,1010400
2004-09-21,4.666667,4.830000,4.666667,4.826667,4.826667,623400
2004-09-22,4.816667,4.826667,4.706667,4.806667,4.806667,496200
2004-09-23,4.816667,4.816667,4.720000,4.723333,4.723333,463200
2004-09-24,4.723333,4.740000,4.666667,4.666667,4.666667,663600
2004-09-27,4.670000,4.693333,4.610000,4.633333,4.633333,966900
2004-09-28,4.636667,4.700000,4.623333,4.686667,4.686667,746700
2004-09-29,4.686667,4.840000,4.666667,4.840000,4.840000,798900
2004-09-30,4.816667,4.923333,4.733333,4.840000,4.840000,743700
2004-10-01,4.873333,4.956667,4.873333,4.940000,4.940000,451500
2004-10-04,4.940000,4.996667,4.903333,4.923333,4.923333,576300
2004-10-05,4.916667,4.916667,4.830000,4.846667,4.846667,448500
2004-10-06,4.846667,5.000000,4.846667,5.000000,5.000000,717900
2004-10-07,5.000000,5.000000,4.876667,4.893333,4.893333,572400
2004-10-08,4.860000,4.950000,4.816667,4.820000,4.820000,303300
2004-10-11,4.760000,4.783333,4.723333,4.766667,4.766667,197400
2004-10-12,4.733333,4.806667,4.700000,4.756667,4.756667,353100
2004-10-13,4.756667,4.756667,4.446667,4.450000,4.450000,1491300
2004-10-14,4.433333,4.446667,4.293333,4.320000,4.320000,1168200
2004-10-15,4.350000,4.660000,4.333333,4.600000,4.600000,1064400
2004-10-18,4.583333,4.583333,4.450000,4.450000,4.450000,601800
2004-10-19,4.450000,4.630000,4.450000,4.543333,4.543333,384300
2004-10-20,4.540000,4.720000,4.516667,4.630000,4.630000,851400
2004-10-21,4.650000,4.783333,4.546667,4.780000,4.780000,351000
2004-10-22,4.780000,4.780000,4.476667,4.510000,4.510000,437100
2004-10-25,4.513333,4.726667,4.493333,4.650000,4.650000,369300
2004-10-26,4.633333,4.663333,4.310000,4.473333,4.473333,876000
2004-10-27,4.163333,4.163333,3.533333,3.963333,3.963333,10413900
2004-10-28,3.930000,4.013333,3.766667,3.803333,3.803333,2077500
2004-10-29,3.800000,3.830000,3.676667,3.680000,3.680000,1687200
2004-11-01,3.680000,3.746667,3.656667,3.700000,3.700000,1127700
2004-11-02,3.700000,3.750000,3.690000,3.690000,3.690000,1446300
2004-11-03,3.703333,3.773333,3.636667,3.666667,3.666667,1820700
2004-11-04,3.666667,3.730000,3.600000,3.673333,3.673333,1398000
2004-11-05,3.670000,3.830000,3.606667,3.783333,3.783333,1014600
2004-11-08,3.800000,3.806667,3.663333,3.670000,3.670000,722100
2004-11-09,3.616667,3.736667,3.616667,3.713333,3.713333,667200
2004-11-10,3.700000,3.773333,3.670000,3.750000,3.750000,1011300
2004-11-11,3.766667,3.803333,3.670000,3.700000,3.700000,1044300
2004-11-12,3.683333,3.953333,3.683333,3.906667,3.906667,658500
2004-11-15,3.916667,3.950000,3.840000,3.870000,3.870000,640500
2004-11-16,3.873333,4.023333,3.866667,3.973333,3.973333,707100
2004-11-17,4.000000,4.033333,3.916667,3.960000,3.960000,710700
2004-11-18,3.993333,3.993333,3.903333,3.933333,3.933333,700200
2004-11-19,3.950000,3.950000,3.893333,3.920000,3.920000,633300
2004-11-22,3.916667,3.980000,3.873333,3.873333,3.873333,729300
2004-11-23,3.873333,3.916667,3.830000,3.833333,3.833333,720000
2004-11-24,3.833333,3.906667,3.816667,3.823333,3.823333,669600
2004-11-26,3.850000,3.903333,3.850000,3.860000,3.860000,173400
2004-11-29,3.860000,3.960000,3.860000,3.870000,3.870000,435900
2004-11-30,3.886667,3.940000,3.833333,3.870000,3.870000,821700
2004-12-01,3.883333,3.956667,3.866667,3.900000,3.900000,578400
2004-12-02,3.900000,3.966667,3.900000,3.953333,3.953333,723300
2004-12-03,3.936667,3.976667,3.910000,3.916667,3.916667,496200
2004-12-06,3.920000,3.946667,3.890000,3.900000,3.900000,625200
2004-12-07,3.900000,3.933333,3.846667,3.850000,3.850000,543600
2004-12-08,3.883333,3.960000,3.830000,3.836667,3.836667,1436400
2004-12-09,3.840000,3.946667,3.836667,3.900000,3.900000,539400
2004-12-10,3.883333,3.990000,3.866667,3.950000,3.950000,381000
2004-12-13,3.950000,3.980000,3.920000,3.950000,3.950000,395400
2004-12-14,3.933333,4.013333,3.900000,4.010000,4.010000,632700
2004-12-15,4.000000,4.196667,3.983333,4.163333,4.163333,1869000
2004-12-16,4.133333,4.183333,4.100000,4.156667,4.156667,837600
2004-12-17,4.190000,4.213333,4.170000,4.196667,4.196667,1160400
2004-12-20,4.200000,4.216667,4.166667,4.210000,4.210000,482400
2004-12-21,4.183333,4.283333,4.183333,4.226667,4.226667,648000
2004-12-22,4.216667,4.250000,4.186667,4.250000,4.250000,464700
2004-12-23,4.216667,4.266667,4.213333,4.256667,4.256667,371700
2004-12-27,4.260000,4.276667,4.246667,4.253333,4.253333,243600
2004-12-28,4.250000,4.266667,4.183333,4.240000,4.240000,174000
2004-12-29,4.216667,4.313333,4.216667,4.303333,4.303333,399000
2004-12-30,4.283333,4.283333,4.253333,4.276667,4.276667,243300
2004-12-31,4.273333,4.386667,4.246667,4.320000,4.320000,289800
2005-01-03,4.333333,4.386667,4.266667,4.266667,4.266667,573900
2005-01-04,4.266667,4.323333,4.266667,4.283333,4.283333,822900
2005-01-05,4.276667,4.323333,4.270000,4.283333,4.283333,557700
2005-01-06,4.290000,4.333333,4.290000,4.323333,4.323333,602700
2005-01-07,4.323333,4.353333,4.316667,4.333333,4.333333,472500
2005-01-10,4.333333,4.363333,4.293333,4.300000,4.300000,1250700
2005-01-11,4.300000,4.350000,4.286667,4.333333,4.333333,441600
2005-01-12,4.333333,4.380000,4.333333,4.340000,4.340000,937200
2005-01-13,4.340000,4.443333,4.333333,4.353333,4.353333,410100
2005-01-14,4.356667,4.450000,4.356667,4.450000,4.450000,268500
2005-01-18,4.456667,4.526667,4.396667,4.466667,4.466667,298500
2005-01-19,4.433333,4.473333,4.343333,4.353333,4.353333,337200
2005-01-20,4.383333,4.726667,4.363333,4.690000,4.690000,1954800
2005-01-21,4.666667,4.710000,4.626667,4.643333,4.643333,947100
2005-01-24,4.650000,4.740000,4.580000,4.590000,4.590000,719700
2005-01-25,4.593333,4.633333,4.556667,4.616667,4.616667,453900
2005-01-26,4.600000,4.600000,4.513333,4.583333,4.583333,334200
2005-01-27,4.610000,4.766667,4.610000,4.730000,4.730000,447900
2005-01-28,4.733333,4.756667,4.660000,4.750000,4.750000,760500
2005-01-31,4.750000,4.926667,4.750000,4.883333,4.883333,575100
2005-02-01,4.883333,4.933333,4.866667,4.903333,4.903333,529200
2005-02-02,4.980000,5.146667,4.970000,5.096667,5.096667,2078400
2005-02-03,5.083333,5.243333,5.083333,5.153333,5.153333,812700
2005-02-04,5.160000,5.230000,5.126667,5.170000,5.170000,871800
2005-02-07,5.166667,5.346667,5.163333,5.333333,5.333333,914100
2005-02-08,5.366667,5.633333,5.350000,5.523333,5.523333,1590300
2005-02-09,5.523333,5.583333,5.326667,5.353333,5.353333,642600
2005-02-10,5.300000,5.333333,5.016667,5.210000,5.210000,1158600
2005-02-11,5.183333,5.376667,5.156667,5.300000,5.300000,1735800
2005-02-14,5.366667,5.380000,5.150000,5.310000,5.310000,1216800
2005-02-15,5.243333,5.333333,5.233333,5.326667,5.326667,714300
2005-02-16,5.350000,5.350000,5.210000,5.336667,5.336667,911700
2005-02-17,5.333333,5.366667,5.253333,5.280000,5.280000,693000
2005-02-18,5.280000,5.280000,5.083333,5.163333,5.163333,854400
2005-02-22,5.166667,5.166667,4.900000,4.916667,4.916667,929400
2005-02-23,5.010000,5.400000,5.000000,5.280000,5.280000,2440800
2005-02-24,5.316667,5.383333,5.200000,5.330000,5.330000,692700
2005-02-25,5.300000,5.333333,5.256667,5.313333,5.313333,515100
2005-02-28,5.316667,5.316667,5.066667,5.093333,5.093333,591900
2005-03-01,5.083333,5.266667,5.070000,5.266667,5.266667,867900
2005-03-02,5.216667,5.380000,5.200000,5.333333,5.333333,665700
2005-03-03,5.350000,5.400000,5.293333,5.320000,5.320000,558300
2005-03-04,5.326667,5.333333,5.180000,5.283333,5.283333,449100
2005-03-07,5.266667,5.333333,5.266667,5.316667,5.316667,405000
2005-03-08,5.266667,5.283333,5.150000,5.170000,5.170000,561000
2005-03-09,5.073333,5.180000,5.060000,5.060000,5.060000,679200
2005-03-10,5.050000,5.213333,5.050000,5.143333,5.143333,654900
2005-03-11,5.116667,5.120000,4.960000,4.990000,4.990000,499200
2005-03-14,5.000000,5.146667,5.000000,5.083333,5.083333,303600
2005-03-15,5.090000,5.220000,5.066667,5.163333,5.163333,542400
2005-03-16,5.163333,5.210000,5.106667,5.210000,5.210000,592800
2005-03-17,5.190000,5.220000,5.150000,5.216667,5.216667,379800
2005-03-18,5.216667,5.243333,5.176667,5.233333,5.233333,774600
2005-03-21,5.233333,5.233333,5.163333,5.200000,5.200000,470400
2005-03-22,5.200000,5.256667,5.183333,5.220000,5.220000,939600
2005-03-23,5.220000,5.226667,5.133333,5.146667,5.146667,658800
2005-03-24,5.126667,5.273333,5.116667,5.166667,5.166667,321900
2005-03-28,5.163333,5.283333,5.146667,5.163333,5.163333,449400
2005-03-29,5.166667,5.206667,5.026667,5.066667,5.066667,601800
2005-03-30,5.070000,5.166667,5.033333,5.156667,5.156667,379800
2005-03-31,5.166667,5.193333,5.083333,5.160000,5.160000,340500
2005-04-01,5.150000,5.150000,5.050000,5.126667,5.126667,661200
2005-04-04,5.150000,5.180000,5.120000,5.143333,5.143333,464700
2005-04-05,5.150000,5.166667,5.030000,5.106667,5.106667,508500
2005-04-06,5.133333,5.206667,5.033333,5.053333,5.053333,347700
2005-04-07,5.013333,5.200000,4.833333,5.126667,5.126667,449400
2005-04-08,5.106667,5.143333,5.036667,5.040000,5.040000,276300
2005-04-11,5.046667,5.096667,4.966667,5.066667,5.066667,366600
2005-04-12,5.050000,5.050000,4.900000,4.980000,4.980000,225600
2005-04-13,4.980000,5.003333,4.920000,4.920000,4.920000,266700
2005-04-14,4.920000,4.950000,4.836667,4.860000,4.860000,383100
2005-04-15,4.856667,4.883333,4.686667,4.696667,4.696667,248400
2005-04-18,4.680000,4.773333,4.666667,4.740000,4.740000,333900
2005-04-19,4.750000,4.816667,4.710000,4.753333,4.753333,448800
2005-04-20,4.776667,4.796667,4.666667,4.683333,4.683333,486900
2005-04-21,4.750000,4.766667,4.666667,4.703333,4.703333,336600
2005-04-22,4.716667,4.750000,4.670000,4.676667,4.676667,617100
2005-04-25,4.663333,4.720000,4.586667,4.593333,4.593333,313200
2005-04-26,4.576667,4.743333,4.530000,4.740000,4.740000,354300
2005-04-27,4.740000,4.773333,4.573333,4.646667,4.646667,817800
2005-04-28,4.333333,4.336667,3.973333,4.050000,4.050000,2113200
2005-04-29,4.146667,4.150000,4.033333,4.080000,4.080000,985500
2005-05-02,4.153333,4.236667,4.083333,4.233333,4.233333,953100
2005-05-03,4.283333,4.363333,4.243333,4.313333,4.313333,625200
2005-05-04,4.306667,4.320000,4.073333,4.073333,4.073333,684300
2005-05-05,4.103333,4.193333,4.100000,4.193333,4.193333,406200
2005-05-06,4.196667,4.216667,4.066667,4.116667,4.116667,680700
2005-05-09,4.083333,4.160000,4.066667,4.126667,4.126667,299400
2005-05-10,4.126667,4.126667,3.953333,3.956667,3.956667,391800
2005-05-11,3.993333,4.033333,3.956667,3.986667,3.986667,451800
2005-05-12,3.993333,4.006667,3.740000,3.846667,3.846667,682200
2005-05-13,3.846667,3.890000,3.726667,3.830000,3.830000,550500
2005-05-16,3.843333,3.880000,3.733333,3.830000,3.830000,383400
2005-05-17,3.833333,3.890000,3.833333,3.866667,3.866667,643500
2005-05-18,3.900000,4.020000,3.890000,4.020000,4.020000,648900
2005-05-19,4.023333,4.186667,4.003333,4.133333,4.133333,474900
2005-05-20,4.133333,4.136667,4.066667,4.090000,4.090000,533100
2005-05-23,4.056667,4.066667,3.903333,4.003333,4.003333,707700
2005-05-24,4.003333,4.126667,3.970000,4.110000,4.110000,320100
2005-05-25,4.076667,4.156667,4.036667,4.096667,4.096667,384600
2005-05-26,4.126667,4.203333,4.126667,4.203333,4.203333,215100
2005-05-27,4.190000,4.290000,4.170000,4.240000,4.240000,261000
2005-05-31,4.230000,4.233333,4.183333,4.223333,4.223333,336000
2005-06-01,4.223333,4.240000,4.113333,4.210000,4.210000,398100
2005-06-02,4.210000,4.433333,4.203333,4.400000,4.400000,339900
2005-06-03,4.366667,4.366667,4.270000,4.293333,4.293333,247800
2005-06-06,4.306667,4.310000,4.203333,4.286667,4.286667,201300
2005-06-07,4.283333,4.360000,4.283333,4.306667,4.306667,261300
2005-06-08,4.340000,4.450000,4.296667,4.303333,4.303333,491100
2005-06-09,4.316667,4.590000,4.316667,4.513333,4.513333,588300
2005-06-10,4.493333,4.516667,4.316667,4.380000,4.380000,267600
2005-06-13,4.350000,4.383333,4.316667,4.350000,4.350000,223200
2005-06-14,4.356667,4.430000,4.343333,4.416667,4.416667,695400
2005-06-15,4.500000,4.783333,4.500000,4.740000,4.740000,1740600
2005-06-16,4.733333,4.833333,4.733333,4.753333,4.753333,1347000
2005-06-17,4.800000,4.800000,4.706667,4.753333,4.753333,559500
2005-06-20,4.733333,4.740000,4.650000,4.740000,4.740000,288000
2005-06-21,4.750000,4.863333,4.723333,4.816667,4.816667,344100
2005-06-22,4.826667,4.966667,4.760000,4.833333,4.833333,223500
2005-06-23,4.833333,4.833333,4.666667,4.686667,4.686667,277500
2005-06-24,4.686667,4.686667,4.606667,4.606667,4.606667,495300
2005-06-27,4.613333,4.630000,4.516667,4.580000,4.580000,209700
2005-06-28,4.580000,4.803333,4.580000,4.800000,4.800000,465900
2005-06-29,4.786667,4.800000,4.750000,4.763333,4.763333,200100
2005-06-30,4.766667,4.800000,4.703333,4.753333,4.753333,281100
2005-07-01,4.750000,4.796667,4.723333,4.773333,4.773333,328500
2005-07-05,4.833333,4.933333,4.820000,4.916667,4.916667,368400
2005-07-06,4.940000,4.953333,4.820000,4.886667,4.886667,501300
2005-07-07,4.853333,4.853333,4.653333,4.800000,4.800000,455700
2005-07-08,4.793333,4.950000,4.710000,4.900000,4.900000,273000
2005-07-11,4.933333,4.983333,4.860000,4.936667,4.936667,311100
2005-07-12,4.903333,4.913333,4.843333,4.886667,4.886667,516900
2005-07-13,4.853333,4.880000,4.646667,4.786667,4.786667,690300
2005-07-14,4.753333,4.866667,4.753333,4.763333,4.763333,241500
2005-07-15,4.750000,4.863333,4.693333,4.850000,4.850000,338100
2005-07-18,4.816667,4.816667,4.686667,4.790000,4.790000,197700
2005-07-19,4.933333,4.966667,4.866667,4.960000,4.960000,1003200
2005-07-20,4.926667,4.980000,4.863333,4.980000,4.980000,495300
2005-07-21,4.993333,4.993333,4.900000,4.910000,4.910000,217500
2005-07-22,4.916667,5.266667,4.916667,5.200000,5.200000,730800
2005-07-25,5.183333,5.283333,5.060000,5.113333,5.113333,260700
2005-07-26,5.113333,5.173333,5.020000,5.156667,5.156667,347100
2005-07-27,5.183333,5.233333,5.086667,5.200000,5.200000,994500
2005-07-28,5.750000,5.750000,5.266667,5.333333,5.333333,4007400
2005-07-29,5.333333,5.583333,5.333333,5.480000,5.480000,1063200
2005-08-01,5.500000,5.633333,5.486667,5.513333,5.513333,1407000
2005-08-02,5.493333,5.693333,5.430000,5.626667,5.626667,737700
2005-08-03,5.666667,5.833333,5.640000,5.786667,5.786667,1359900
2005-08-04,5.800000,5.800000,5.680000,5.683333,5.683333,1217400
2005-08-05,5.690000,5.690000,5.500000,5.663333,5.663333,708900
2005-08-08,5.633333,5.633333,5.566667,5.630000,5.630000,873600
2005-08-09,5.633333,5.633333,5.560000,5.633333,5.633333,588600
2005-08-10,5.633333,5.666667,5.566667,5.646667,5.646667,1433400
2005-08-11,5.656667,5.690000,5.626667,5.666667,5.666667,532500
2005-08-12,5.666667,5.700000,5.470000,5.566667,5.566667,424200
2005-08-15,5.800000,6.063333,5.786667,5.996667,5.996667,2096700
2005-08-16,5.966667,6.033333,5.723333,5.723333,5.723333,1157400
2005-08-17,5.723333,5.766667,5.616667,5.703333,5.703333,537900
2005-08-18,5.706667,5.830000,5.626667,5.776667,5.776667,291900
2005-08-19,5.776667,5.776667,5.673333,5.750000,5.750000,386100
2005-08-22,5.766667,5.970000,5.673333,5.833333,5.833333,1977000
2005-08-23,5.816667,5.816667,5.600000,5.720000,5.720000,1099500
2005-08-24,5.686667,5.766667,5.670000,5.710000,5.710000,765000
2005-08-25,5.746667,5.830000,5.613333,5.670000,5.670000,1003800
2005-08-26,5.673333,5.673333,5.506667,5.613333,5.613333,372300
2005-08-29,5.616667,5.710000,5.553333,5.666667,5.666667,505500
2005-08-30,5.666667,5.666667,5.366667,5.520000,5.520000,682200
2005-08-31,5.500000,5.603333,5.450000,5.566667,5.566667,428700
2005-09-01,5.506667,5.633333,5.506667,5.583333,5.583333,492600
2005-09-02,5.583333,5.583333,5.476667,5.503333,5.503333,303600
2005-09-06,5.506667,5.696667,5.493333,5.633333,5.633333,1052700
2005-09-07,5.670000,5.813333,5.670000,5.730000,5.730000,590400
2005-09-08,5.730000,5.730000,5.650000,5.703333,5.703333,201600
2005-09-09,5.723333,5.780000,5.716667,5.780000,5.780000,451200
2005-09-12,5.813333,5.966667,5.806667,5.920000,5.920000,572700
2005-09-13,5.900000,5.923333,5.840000,5.896667,5.896667,315900
2005-09-14,5.903333,5.903333,5.846667,5.863333,5.863333,430200
2005-09-15,5.840000,5.850000,5.703333,5.756667,5.756667,479700
2005-09-16,5.800000,5.826667,5.696667,5.796667,5.796667,465900
2005-09-19,5.746667,5.750000,5.576667,5.586667,5.586667,611700
2005-09-20,5.596667,5.660000,5.550000,5.590000,5.590000,975000
2005-09-21,5.590000,5.590000,5.183333,5.296667,5.296667,773700
2005-09-22,5.213333,5.426667,5.166667,5.383333,5.383333,576000
2005-09-23,5.393333,5.556667,5.376667,5.530000,5.530000,363900
2005-09-26,5.563333,5.723333,5.486667,5.533333,5.533333,508200
2005-09-27,5.543333,5.566667,5.433333,5.476667,5.476667,1359900
2005-09-28,5.476667,5.526667,5.410000,5.450000,5.450000,637800
2005-09-29,5.450000,5.533333,5.420000,5.500000,5.500000,341700
2005-09-30,5.500000,5.520000,5.400000,5.456667,5.456667,295200
2005-10-03,5.460000,5.500000,5.416667,5.436667,5.436667,739500
2005-10-04,5.446667,5.460000,5.410000,5.430000,5.430000,744600
2005-10-05,5.423333,5.426667,5.166667,5.166667,5.166667,359400
2005-10-06,5.173333,5.240000,5.110000,5.183333,5.183333,496800
2005-10-07,5.200000,5.400000,5.183333,5.376667,5.376667,538200
2005-10-10,5.340000,5.426667,5.336667,5.416667,5.416667,671100
2005-10-11,5.426667,5.433333,5.360000,5.360000,5.360000,537300
2005-10-12,5.333333,5.356667,5.273333,5.326667,5.326667,797700
2005-10-13,5.300000,5.330000,5.200000,5.266667,5.266667,512400
2005-10-14,5.280000,5.300000,5.153333,5.250000,5.250000,530400
2005-10-17,5.206667,5.250000,5.036667,5.206667,5.206667,483300
2005-10-18,5.246667,5.246667,5.133333,5.166667,5.166667,688200
2005-10-19,5.166667,5.316667,5.116667,5.266667,5.266667,505500
2005-10-20,5.250000,5.283333,5.170000,5.206667,5.206667,545700
2005-10-21,5.210000,5.260000,5.203333,5.230000,5.230000,226800
2005-10-24,5.220000,5.343333,5.220000,5.303333,5.303333,428100
2005-10-25,5.303333,5.350000,5.230000,5.250000,5.250000,413700
2005-10-26,5.246667,5.416667,5.233333,5.266667,5.266667,738900
2005-10-27,4.720000,4.720000,4.000000,4.110000,4.110000,4700400
2005-10-28,4.113333,4.200000,4.000000,4.083333,4.083333,1832700
2005-10-31,4.100000,4.233333,4.100000,4.223333,4.223333,1790100
2005-11-01,4.266667,4.450000,4.266667,4.433333,4.433333,1334100
2005-11-02,4.450000,4.660000,4.446667,4.643333,4.643333,879900
2005-11-03,4.666667,4.750000,4.656667,4.683333,4.683333,581700
2005-11-04,4.676667,4.676667,4.533333,4.636667,4.636667,541800
2005-11-07,4.666667,4.696667,4.603333,4.610000,4.610000,668700
2005-11-08,4.583333,4.633333,4.550000,4.610000,4.610000,480000
2005-11-09,4.593333,4.646667,4.543333,4.550000,4.550000,290400
2005-11-10,4.533333,4.673333,4.520000,4.673333,4.673333,513600
2005-11-11,4.663333,4.663333,4.570000,4.570000,4.570000,589500
2005-11-14,4.566667,4.583333,4.473333,4.563333,4.563333,493800
2005-11-15,4.546667,4.663333,4.543333,4.573333,4.573333,538200
2005-11-16,4.576667,4.600000,4.500000,4.526667,4.526667,344700
2005-11-17,4.576667,4.616667,4.533333,4.570000,4.570000,350400
2005-11-18,4.636667,4.656667,4.553333,4.583333,4.583333,324000
2005-11-21,4.613333,4.800000,4.600000,4.773333,4.773333,1106700
2005-11-22,4.766667,4.950000,4.750000,4.896667,4.896667,774600
2005-11-23,4.890000,4.950000,4.873333,4.876667,4.876667,321600
2005-11-25,4.886667,4.906667,4.776667,4.880000,4.880000,102600
2005-11-28,4.856667,4.916667,4.753333,4.806667,4.806667,362700
2005-11-29,4.840000,4.873333,4.800000,4.870000,4.870000,573600
2005-11-30,4.860000,5.016667,4.840000,4.986667,4.986667,1337400
2005-12-01,5.020000,5.166667,4.996667,5.163333,5.163333,1213500
2005-12-02,5.163333,5.243333,5.063333,5.240000,5.240000,450300
2005-12-05,5.240000,5.240000,5.050000,5.100000,5.100000,427200
2005-12-06,5.130000,5.186667,5.100000,5.126667,5.126667,522000
2005-12-07,5.120000,5.120000,5.013333,5.093333,5.093333,500400
2005-12-08,5.100000,5.246667,5.086667,5.156667,5.156667,402300
2005-12-09,5.156667,5.220000,5.080000,5.146667,5.146667,224700
2005-12-12,5.160000,5.306667,5.153333,5.283333,5.283333,459000
2005-12-13,5.270000,5.273333,5.033333,5.033333,5.033333,506400
2005-12-14,5.043333,5.206667,5.043333,5.190000,5.190000,387300
2005-12-15,5.186667,5.186667,4.970000,5.056667,5.056667,623100
2005-12-16,5.123333,5.150000,5.083333,5.123333,5.123333,535200
2005-12-19,5.103333,5.103333,4.940000,4.956667,4.956667,438300
2005-12-20,4.983333,5.016667,4.916667,4.986667,4.986667,586500
2005-12-21,5.000000,5.080000,4.953333,5.050000,5.050000,630300
2005-12-22,5.050000,5.076667,5.013333,5.076667,5.076667,378600
2005-12-23,5.080000,5.133333,5.066667,5.133333,5.133333,154800
2005-12-27,5.140000,5.200000,5.023333,5.106667,5.106667,276900
2005-12-28,5.093333,5.246667,5.093333,5.223333,5.223333,204900
2005-12-29,5.223333,5.243333,5.153333,5.180000,5.180000,195600
2005-12-30,5.183333,5.183333,5.103333,5.106667,5.106667,154200
2006-01-03,5.150000,5.310000,4.933333,5.220000,5.220000,789000
2006-01-04,5.223333,5.246667,5.170000,5.186667,5.186667,483900
2006-01-05,5.186667,5.243333,5.116667,5.223333,5.223333,606300
2006-01-06,5.306667,5.413333,5.286667,5.376667,5.376667,826200
2006-01-09,5.390000,5.866667,5.383333,5.713333,5.713333,2173500
2006-01-10,5.500000,5.946667,5.500000,5.773333,5.773333,1091100
2006-01-11,5.773333,5.783333,5.610000,5.716667,5.716667,417600
2006-01-12,5.673333,5.750000,5.623333,5.670000,5.670000,954600
2006-01-13,5.670000,5.833333,5.670000,5.820000,5.820000,669600
2006-01-17,5.820000,5.820000,5.633333,5.676667,5.676667,642600
2006-01-18,5.666667,5.743333,5.600000,5.673333,5.673333,357600
2006-01-19,5.686667,5.793333,5.616667,5.766667,5.766667,940200
2006-01-20,5.816667,5.830000,5.663333,5.696667,5.696667,501000
2006-01-23,5.733333,5.833333,5.726667,5.830000,5.830000,742500
2006-01-24,5.830000,6.176667,5.810000,6.133333,6.133333,2517000
2006-01-25,6.200000,6.376667,6.166667,6.226667,6.226667,1092600
2006-01-26,6.260000,6.363333,6.190000,6.350000,6.350000,789300
2006-01-27,6.333333,6.440000,6.283333,6.350000,6.350000,758100
2006-01-30,6.343333,6.390000,6.220000,6.256667,6.256667,783600
2006-01-31,6.260000,6.483333,6.240000,6.450000,6.450000,1205700
2006-02-01,6.473333,6.576667,6.406667,6.496667,6.496667,1116600
2006-02-02,6.476667,6.493333,6.210000,6.266667,6.266667,717600
2006-02-03,6.200000,6.363333,6.166667,6.340000,6.340000,793500
2006-02-06,6.350000,6.383333,6.260000,6.313333,6.313333,706500
2006-02-07,6.280000,6.330000,6.223333,6.240000,6.240000,765600
2006-02-08,6.283333,6.286667,6.156667,6.173333,6.173333,514200
2006-02-09,6.200000,6.210000,6.100000,6.123333,6.123333,1046400
2006-02-10,6.663333,6.666667,6.163333,6.266667,6.266667,2774700
2006-02-13,6.250000,6.566667,6.250000,6.523333,6.523333,1564200
2006-02-14,6.553333,6.823333,6.473333,6.693333,6.693333,1949100
2006-02-15,6.676667,6.786667,6.653333,6.673333,6.673333,952500
2006-02-16,6.666667,6.733333,6.616667,6.733333,6.733333,1291800
2006-02-17,6.416667,6.763333,6.416667,6.763333,6.763333,1056300
2006-02-21,6.763333,6.793333,6.550000,6.616667,6.616667,864300
2006-02-22,6.636667,6.683333,6.573333,6.666667,6.666667,682500
2006-02-23,6.790000,7.313333,6.790000,7.206667,7.206667,3230400
2006-02-24,7.173333,7.176667,6.900000,7.150000,7.150000,1095600
2006-02-27,7.153333,7.333333,6.933333,7.136667,7.136667,1418400
2006-02-28,7.083333,7.103333,6.936667,7.066667,7.066667,1489500
2006-03-01,7.083333,7.106667,6.950000,6.960000,6.960000,689700
2006-03-02,6.943333,6.943333,6.780000,6.900000,6.900000,1153200
2006-03-03,6.933333,6.943333,6.800000,6.860000,6.860000,1152000
2006-03-06,6.860000,6.963333,6.800000,6.850000,6.850000,1131600
2006-03-07,6.833333,6.890000,6.690000,6.860000,6.860000,853200
2006-03-08,6.826667,6.840000,6.750000,6.783333,6.783333,939300
2006-03-09,6.773333,6.926667,6.760000,6.896667,6.896667,841500
2006-03-10,6.900000,6.926667,6.816667,6.886667,6.886667,625500
2006-03-13,6.920000,7.090000,6.913333,6.976667,6.976667,1106700
2006-03-14,6.976667,7.140000,6.736667,7.136667,7.136667,1182600
2006-03-15,7.066667,7.276667,7.066667,7.260000,7.260000,543600
2006-03-16,7.250000,7.383333,7.220000,7.256667,7.256667,591900
2006-03-17,7.340000,7.380000,7.223333,7.356667,7.356667,963600
2006-03-20,7.356667,7.450000,7.306667,7.406667,7.406667,404400
2006-03-21,7.373333,7.446667,7.160000,7.183333,7.183333,693000
2006-03-22,7.150000,7.333333,7.073333,7.333333,7.333333,471600
2006-03-23,7.336667,7.340000,7.116667,7.200000,7.200000,643200
2006-03-24,7.196667,7.500000,7.153333,7.470000,7.470000,1702800
2006-03-27,7.656667,7.700000,7.483333,7.660000,7.660000,2226000
2006-03-28,7.883333,7.980000,7.800000,7.866667,7.866667,2142300
2006-03-29,7.966667,8.150000,7.950000,8.080000,8.080000,2040000
2006-03-30,8.133333,8.250000,8.026667,8.233333,8.233333,1578000
2006-03-31,8.333333,8.346667,8.233333,8.310000,8.310000,1298100
2006-04-03,8.393333,8.486667,8.086667,8.140000,8.140000,1290600
2006-04-04,8.250000,8.290000,8.000000,8.036667,8.036667,1260600
2006-04-05,8.120000,8.160000,8.000000,8.096667,8.096667,758100
2006-04-06,8.166667,8.180000,7.946667,8.016667,8.016667,913200
2006-04-07,8.083333,8.116667,7.933333,7.950000,7.950000,470100
2006-04-10,7.966667,8.016667,7.833333,7.856667,7.856667,829800
2006-04-11,7.866667,7.886667,7.603333,7.610000,7.610000,1061100
2006-04-12,7.866667,8.300000,7.866667,8.230000,8.230000,1936200
2006-04-13,8.183333,8.316667,8.103333,8.186667,8.186667,911100
2006-04-17,8.266667,8.433333,8.200000,8.333333,8.333333,1186500
2006-04-18,8.350000,8.380000,8.256667,8.343333,8.343333,944400
2006-04-19,8.383333,8.433333,8.283333,8.306667,8.306667,744000
2006-04-20,8.413333,8.666667,8.413333,8.583333,8.583333,3057300
2006-04-21,8.533333,8.683333,8.266667,8.633333,8.633333,7919400
2006-04-24,8.633333,8.653333,8.520000,8.616667,8.616667,816600
2006-04-25,8.650000,8.700000,8.540000,8.683333,8.683333,1354200
2006-04-26,8.716667,8.736667,8.640000,8.663333,8.663333,1220100
2006-04-27,9.300000,9.370000,8.840000,9.286667,9.286667,4893600
2006-04-28,9.233333,9.286667,9.090000,9.116667,9.116667,1738500
2006-05-01,9.116667,9.450000,9.013333,9.030000,9.030000,2975700
2006-05-02,9.056667,9.156667,8.980000,9.133333,9.133333,1430400
2006-05-03,9.166667,9.216667,8.950000,9.040000,9.040000,1145100
2006-05-04,9.046667,9.116667,8.910000,8.983333,8.983333,1063500
2006-05-05,9.000000,9.033333,8.916667,8.966667,8.966667,1134000
2006-05-08,8.970000,9.023333,8.816667,8.833333,8.833333,819000
2006-05-09,8.833333,8.836667,8.670000,8.780000,8.780000,1171200
2006-05-10,8.966667,9.000000,8.823333,8.883333,8.883333,1459500
2006-05-11,8.883333,8.916667,8.566667,8.573333,8.573333,1503000
2006-05-12,8.576667,8.576667,8.196667,8.360000,8.360000,1386900
2006-05-15,8.183333,8.446667,8.183333,8.413333,8.413333,1325400
2006-05-16,8.406667,8.516667,8.300000,8.466667,8.466667,1473600
2006-05-17,8.383333,8.553333,8.333333,8.503333,8.503333,1697100
2006-05-18,8.536667,8.786667,8.536667,8.666667,8.666667,1514400
2006-05-19,8.620000,8.753333,8.376667,8.673333,8.673333,1492500
2006-05-22,8.700000,8.736667,8.393333,8.630000,8.630000,1482000
2006-05-23,8.790000,9.270000,8.790000,8.886667,8.886667,2412300
2006-05-24,8.920000,8.920000,8.596667,8.710000,8.710000,1952700
2006-05-25,8.776667,9.033333,8.766667,8.996667,8.996667,1929000
2006-05-26,9.116667,9.163333,8.866667,8.913333,8.913333,727500
2006-05-30,8.933333,8.933333,8.600000,8.643333,8.643333,1065300
2006-05-31,8.770000,9.000000,8.643333,8.953333,8.953333,1857000
2006-06-01,9.133333,9.226667,8.990000,9.036667,9.036667,2620800
2006-06-02,9.166667,9.316667,8.950000,8.996667,8.996667,2073000
2006-06-05,9.010000,9.046667,8.730000,8.730000,8.730000,1453800
2006-06-06,8.743333,8.826667,8.396667,8.516667,8.516667,1485000
2006-06-07,8.516667,8.716667,8.400000,8.616667,8.616667,1054800
2006-06-08,8.516667,8.566667,7.903333,8.326667,8.326667,2189700
2006-06-09,8.360000,8.516667,8.333333,8.336667,8.336667,534600
2006-06-12,8.363333,8.363333,7.960000,7.966667,7.966667,1183500
2006-06-13,7.813333,7.820000,7.476667,7.553333,7.553333,2198700
2006-06-14,7.500000,7.650000,7.426667,7.603333,7.603333,1242300
2006-06-15,7.633333,8.193333,7.616667,8.103333,8.103333,1415400
2006-06-16,8.106667,8.116667,7.876667,7.966667,7.966667,1537800
2006-06-19,7.933333,8.286667,7.483333,7.600000,7.600000,1710600
2006-06-20,7.610000,7.663333,7.280000,7.326667,7.326667,1217100
2006-06-21,7.083333,7.416667,7.063333,7.353333,7.353333,2018100
2006-06-22,7.346667,7.380000,7.216667,7.363333,7.363333,952500
2006-06-23,7.286667,7.630000,7.266667,7.533333,7.533333,1313100
2006-06-26,7.556667,7.850000,7.550000,7.833333,7.833333,1697700
2006-06-27,7.836667,7.856667,7.643333,7.690000,7.690000,1427700
2006-06-28,7.686667,7.796667,7.660000,7.760000,7.760000,1233300
2006-06-29,7.830000,7.953333,7.650000,7.916667,7.916667,1493100
2006-06-30,7.983333,8.046667,7.690000,8.036667,8.036667,3767700
2006-07-03,8.160000,8.306667,8.116667,8.136667,8.136667,901200
2006-07-05,8.140000,8.166667,8.013333,8.146667,8.146667,1139100
2006-07-06,8.666667,8.666667,8.136667,8.213333,8.213333,1226100
2006-07-07,8.296667,8.526667,8.240000,8.366667,8.366667,2142000
2006-07-10,8.366667,8.443333,8.286667,8.333333,8.333333,1508100
2006-07-11,8.333333,8.506667,8.153333,8.490000,8.490000,1096500
2006-07-12,8.490000,8.536667,8.373333,8.413333,8.413333,1696800
2006-07-13,8.413333,8.460000,8.133333,8.183333,8.183333,1202400
2006-07-14,8.150000,8.150000,7.896667,7.910000,7.910000,881400
2006-07-17,7.910000,8.026667,7.890000,7.966667,7.966667,966000
2006-07-18,7.966667,8.066667,7.670000,7.876667,7.876667,1148700
2006-07-19,7.850000,8.166667,7.733333,8.093333,8.093333,1681200
2006-07-20,8.160000,8.273333,7.826667,7.866667,7.866667,1415400
2006-07-21,7.856667,7.860000,7.670000,7.820000,7.820000,1425900
2006-07-24,7.846667,8.113333,7.846667,8.000000,8.000000,943800
2006-07-25,8.000000,8.186667,7.933333,8.136667,8.136667,1314300
2006-07-26,8.136667,8.223333,7.956667,8.170000,8.170000,1354500
2006-07-27,8.000000,8.000000,6.566667,6.976667,6.976667,9789300
2006-07-28,7.026667,7.290000,6.986667,7.210000,7.210000,2378400
2006-07-31,7.183333,7.316667,7.183333,7.270000,7.270000,2126700
2006-08-01,7.353333,7.573333,7.296667,7.570000,7.570000,3045300
2006-08-02,7.636667,7.750000,7.500000,7.733333,7.733333,2236200
2006-08-03,6.633333,8.103333,6.633333,8.090000,8.090000,3556500
2006-08-04,8.100000,8.160000,7.790000,7.866667,7.866667,1824000
2006-08-07,7.866667,7.916667,7.753333,7.866667,7.866667,1039200
2006-08-08,7.866667,7.866667,7.653333,7.680000,7.680000,1233900
2006-08-09,7.686667,7.736667,7.416667,7.476667,7.476667,1362600
2006-08-10,7.476667,7.616667,7.423333,7.550000,7.550000,1052400
2006-08-11,7.550000,7.570000,7.376667,7.436667,7.436667,735300
2006-08-14,7.470000,7.520000,7.276667,7.333333,7.333333,908100
2006-08-15,7.350000,7.500000,7.343333,7.486667,7.486667,995400
2006-08-16,7.520000,7.583333,7.480000,7.550000,7.550000,675900
2006-08-17,7.553333,7.600000,7.480000,7.516667,7.516667,489600
2006-08-18,7.546667,7.546667,7.406667,7.456667,7.456667,669600
2006-08-21,7.456667,7.550000,7.426667,7.513333,7.513333,711600
2006-08-22,7.513333,7.633333,7.500000,7.593333,7.593333,704700
2006-08-23,7.583333,7.616667,7.420000,7.533333,7.533333,995700
2006-08-24,7.600000,7.610000,7.266667,7.343333,7.343333,2222400
2006-08-25,7.343333,7.493333,7.326667,7.476667,7.476667,916500
2006-08-28,7.466667,7.693333,7.466667,7.666667,7.666667,955500
2006-08-29,7.716667,7.790000,7.560000,7.700000,7.700000,741300
2006-08-30,7.686667,7.823333,7.616667,7.680000,7.680000,636300
2006-08-31,7.713333,7.733333,7.503333,7.546667,7.546667,647700
2006-09-01,7.546667,7.616667,7.446667,7.573333,7.573333,734100
2006-09-05,7.546667,7.783333,7.500000,7.783333,7.783333,721500
2006-09-06,7.750000,7.883333,7.720000,7.760000,7.760000,853200
2006-09-07,7.676667,7.846667,7.633333,7.753333,7.753333,522300
2006-09-08,7.740000,7.820000,7.646667,7.753333,7.753333,1179600
2006-09-11,7.743333,7.860000,7.700000,7.760000,7.760000,547800
2006-09-12,7.753333,8.106667,7.753333,8.056667,8.056667,532200
2006-09-13,8.033333,8.250000,8.030000,8.156667,8.156667,981600
2006-09-14,8.133333,8.136667,7.903333,7.940000,7.940000,738600
2006-09-15,7.966667,8.066667,7.880000,7.893333,7.893333,864600
2006-09-18,7.896667,7.986667,7.836667,7.936667,7.936667,677400
2006-09-19,7.900000,7.940000,7.780000,7.893333,7.893333,626100
2006-09-20,7.910000,7.943333,7.820000,7.943333,7.943333,849900
2006-09-21,7.936667,7.983333,7.810000,7.883333,7.883333,501600
2006-09-22,7.883333,7.883333,7.703333,7.820000,7.820000,461400
2006-09-25,7.820000,7.993333,7.786667,7.976667,7.976667,681300
2006-09-26,7.940000,8.086667,7.816667,7.973333,7.973333,903600
2006-09-27,7.916667,8.016667,7.890000,7.940000,7.940000,772200
2006-09-28,7.933333,8.000000,7.783333,7.850000,7.850000,1145700
2006-09-29,7.833333,8.026667,7.833333,7.836667,7.836667,858000
2006-10-02,7.850000,8.033333,7.850000,7.936667,7.936667,686400
2006-10-03,7.896667,8.123333,7.836667,8.096667,8.096667,1206600
2006-10-04,8.106667,8.590000,8.106667,8.583333,8.583333,1786500
2006-10-05,8.583333,8.583333,8.360000,8.533333,8.533333,989400
2006-10-06,8.560000,8.700000,8.470000,8.690000,8.690000,1029600
2006-10-09,8.690000,8.980000,8.650000,8.870000,8.870000,1427100
2006-10-10,8.916667,8.933333,8.743333,8.766667,8.766667,930000
2006-10-11,8.786667,8.853333,8.573333,8.630000,8.630000,789600
2006-10-12,8.653333,8.786667,8.603333,8.656667,8.656667,913500
2006-10-13,8.626667,8.973333,8.626667,8.913333,8.913333,1476600
2006-10-16,8.913333,9.000000,8.816667,8.960000,8.960000,576000
2006-10-17,8.943333,8.946667,8.830000,8.860000,8.860000,927600
2006-10-18,8.880000,8.996667,8.666667,8.916667,8.916667,1241700
2006-10-19,8.916667,9.080000,8.886667,9.066667,9.066667,838500
2006-10-20,9.083333,9.083333,8.910000,8.966667,8.966667,666600
2006-10-23,8.966667,9.163333,8.916667,9.080000,9.080000,2115000
2006-10-24,9.080000,9.080000,8.820000,8.900000,8.900000,1388400
2006-10-25,8.873333,9.036667,8.753333,9.016667,9.016667,897600
2006-10-26,10.000000,10.466667,10.000000,10.146667,10.146667,12195600
2006-10-27,10.080000,10.190000,9.876667,9.910000,9.910000,2697900
2006-10-30,9.910000,10.000000,9.883333,9.900000,9.900000,2823600
2006-10-31,9.950000,10.036667,9.916667,9.963333,9.963333,2381400
2006-11-01,9.933333,9.980000,9.550000,9.600000,9.600000,2143200
2006-11-02,9.600000,9.766667,9.566667,9.653333,9.653333,1076700
2006-11-03,9.663333,9.733333,9.500000,9.556667,9.556667,871500
2006-11-06,9.650000,9.693333,9.570000,9.583333,9.583333,1596900
2006-11-07,9.600000,9.683333,9.533333,9.590000,9.590000,1413600
2006-11-08,9.590000,9.813333,9.590000,9.706667,9.706667,2131800
2006-11-09,9.726667,9.746667,9.493333,9.533333,9.533333,788700
2006-11-10,9.533333,9.686667,9.526667,9.683333,9.683333,688500
2006-11-13,9.583333,9.763333,9.553333,9.590000,9.590000,773400
2006-11-14,9.583333,9.663333,9.526667,9.553333,9.553333,1248900
2006-11-15,9.553333,9.833333,9.553333,9.643333,9.643333,1369200
2006-11-16,9.666667,9.816667,9.633333,9.780000,9.780000,2177100
2006-11-17,9.770000,9.786667,9.536667,9.683333,9.683333,717300
2006-11-20,9.706667,9.706667,9.523333,9.613333,9.613333,889500
2006-11-21,9.656667,9.830000,9.560000,9.800000,9.800000,723000
2006-11-22,9.826667,9.913333,9.720000,9.826667,9.826667,762600
2006-11-24,9.790000,9.860000,9.690000,9.733333,9.733333,236100
2006-11-27,9.783333,9.786667,9.326667,9.343333,9.343333,1182600
2006-11-28,9.353333,9.446667,9.253333,9.430000,9.430000,808800
2006-11-29,9.483333,9.580000,9.343333,9.436667,9.436667,1059000
2006-11-30,9.436667,9.883333,9.403333,9.833333,9.833333,1508100
2006-12-01,9.830000,9.983333,9.613333,9.770000,9.770000,1506900
2006-12-04,9.853333,10.416667,9.793333,10.406667,10.406667,3859200
2006-12-05,10.430000,10.783333,10.423333,10.756667,10.756667,2222100
2006-12-06,10.703333,10.916667,10.616667,10.880000,10.880000,1619700
2006-12-07,10.880000,10.880000,10.600000,10.600000,10.600000,1483500
2006-12-08,10.540000,10.573333,10.370000,10.383333,10.383333,1244100
2006-12-11,10.410000,10.443333,10.256667,10.333333,10.333333,994500
2006-12-12,10.333333,10.433333,10.263333,10.400000,10.400000,1313100
2006-12-13,10.426667,10.533333,10.323333,10.413333,10.413333,1160400
2006-12-14,10.413333,10.580000,10.283333,10.390000,10.390000,1791300
2006-12-15,10.410000,10.576667,10.390000,10.500000,10.500000,1995000
2006-12-18,10.500000,10.623333,10.476667,10.590000,10.590000,1362300
2006-12-19,10.563333,10.646667,10.000000,10.556667,10.556667,1523100
2006-12-20,10.533333,10.840000,10.520000,10.840000,10.840000,889800
2006-12-21,10.840000,10.886667,10.660000,10.756667,10.756667,929100
2006-12-22,10.740000,10.833333,10.663333,10.796667,10.796667,615000
2006-12-26,10.766667,10.883333,10.650000,10.733333,10.733333,779700
2006-12-27,10.783333,11.056667,10.700000,11.050000,11.050000,927300
2006-12-28,11.046667,11.193333,11.013333,11.116667,11.116667,1188300
2006-12-29,11.100000,11.183333,11.073333,11.103333,11.103333,1053300
2007-01-03,11.186667,11.333333,11.023333,11.223333,11.223333,1822800
2007-01-04,11.113333,11.133333,10.913333,11.010000,11.010000,1356900
2007-01-05,11.013333,11.063333,10.800000,10.843333,10.843333,1628400
2007-01-08,11.400000,11.513333,11.000000,11.513333,11.513333,4176600
2007-01-09,11.646667,11.943333,11.546667,11.806667,11.806667,2486100
2007-01-10,11.606667,11.786667,11.473333,11.710000,11.710000,1533900
2007-01-11,11.783333,12.100000,11.703333,11.796667,11.796667,1746600
2007-01-12,11.796667,11.830000,11.550000,11.633333,11.633333,1146300
2007-01-16,11.633333,11.790000,11.583333,11.756667,11.756667,2204700
2007-01-17,11.700000,11.900000,11.440000,11.480000,11.480000,1149300
2007-01-18,11.510000,11.560000,11.316667,11.383333,11.383333,1134600
2007-01-19,11.413333,11.506667,11.273333,11.490000,11.490000,583800
2007-01-22,11.493333,11.520000,11.233333,11.280000,11.280000,518700
2007-01-23,11.240000,11.466667,11.216667,11.443333,11.443333,493200
2007-01-24,11.450000,11.686667,11.450000,11.686667,11.686667,1131600
2007-01-25,11.700000,11.710000,11.203333,11.300000,11.300000,828000
2007-01-26,11.340000,11.540000,11.306667,11.503333,11.503333,721500
2007-01-29,11.490000,11.753333,11.390000,11.666667,11.666667,1544700
2007-01-30,11.700000,11.710000,11.493333,11.550000,11.550000,1146000
2007-01-31,11.493333,11.860000,11.426667,11.813333,11.813333,1141200
2007-02-01,11.913333,11.963333,11.670000,11.850000,11.850000,835200
2007-02-02,11.983333,12.056667,11.866667,12.036667,12.036667,827700
2007-02-05,12.036667,12.266667,11.783333,11.786667,11.786667,2049300
2007-02-06,11.783333,11.903333,11.656667,11.766667,11.766667,1694400
2007-02-07,11.850000,11.913333,11.696667,11.833333,11.833333,1619100
2007-02-08,11.833333,11.863333,11.700000,11.826667,11.826667,1005000
2007-02-09,11.860000,11.920000,11.473333,11.580000,11.580000,1231800
2007-02-12,11.540000,11.546667,11.186667,11.336667,11.336667,1317600
2007-02-13,11.376667,11.513333,11.353333,11.500000,11.500000,489600
2007-02-14,11.533333,11.793333,11.433333,11.790000,11.790000,915900
2007-02-15,11.830000,11.866667,11.720000,11.726667,11.726667,967200
2007-02-16,11.736667,11.936667,11.583333,11.926667,11.926667,949800
2007-02-20,11.946667,11.973333,11.730000,11.833333,11.833333,1103700
2007-02-21,11.833333,12.146667,11.796667,12.143333,12.143333,2081700
2007-02-22,12.533333,12.676667,12.233333,12.500000,12.500000,4034400
2007-02-23,12.503333,12.533333,12.280000,12.350000,12.350000,2151300
2007-02-26,12.396667,12.443333,12.263333,12.300000,12.300000,1443000
2007-02-27,12.000000,12.100000,11.376667,11.736667,11.736667,2015700
2007-02-28,11.703333,11.803333,11.383333,11.640000,11.640000,1402500
2007-03-01,11.356667,11.673333,10.916667,11.603333,11.603333,1783500
2007-03-02,11.603333,11.633333,11.290000,11.300000,11.300000,1294500
2007-03-05,11.083333,11.146667,10.863333,10.873333,10.873333,1496400
2007-03-06,11.000000,11.180000,10.973333,11.143333,11.143333,982800
2007-03-07,11.150000,11.250000,11.063333,11.096667,11.096667,732300
2007-03-08,11.250000,11.340000,11.140000,11.236667,11.236667,1067400
2007-03-09,11.313333,11.353333,11.133333,11.196667,11.196667,584400
2007-03-12,10.966667,11.056667,10.850000,11.030000,11.030000,1823700
2007-03-13,10.966667,11.023333,10.653333,10.663333,10.663333,1065600
2007-03-14,10.650000,11.156667,10.650000,11.103333,11.103333,1273800
2007-03-15,11.103333,11.360000,11.103333,11.263333,11.263333,772800
2007-03-16,11.283333,11.430000,11.233333,11.400000,11.400000,876600
2007-03-19,11.453333,11.486667,11.283333,11.333333,11.333333,978600
2007-03-20,11.400000,11.690000,11.283333,11.670000,11.670000,1496100
2007-03-21,11.720000,11.940000,11.540000,11.693333,11.693333,1198800
2007-03-22,11.766667,11.800000,11.653333,11.786667,11.786667,1865100
2007-03-23,11.780000,11.836667,11.653333,11.836667,11.836667,824700
2007-03-26,11.840000,11.850000,11.486667,11.583333,11.583333,1267800
2007-03-27,11.583333,11.596667,11.353333,11.433333,11.433333,982200
2007-03-28,11.436667,11.466667,11.250000,11.433333,11.433333,1191000
2007-03-29,11.483333,11.483333,11.113333,11.280000,11.280000,839700
2007-03-30,11.280000,11.410000,11.096667,11.190000,11.190000,1825500
2007-04-02,11.190000,11.256667,11.000000,11.036667,11.036667,1297800
2007-04-03,11.100000,11.643333,11.073333,11.616667,11.616667,1412100
2007-04-04,11.600000,11.626667,11.420000,11.550000,11.550000,1064100
2007-04-05,11.510000,11.566667,11.423333,11.563333,11.563333,854400
2007-04-09,11.563333,11.766667,11.553333,11.753333,11.753333,1420500
2007-04-10,11.753333,11.813333,11.616667,11.663333,11.663333,1004100
2007-04-11,11.663333,11.676667,11.573333,11.620000,11.620000,504900
2007-04-12,11.603333,11.820000,11.476667,11.816667,11.816667,779100
2007-04-13,11.803333,11.806667,11.643333,11.683333,11.683333,386400
2007-04-16,11.703333,11.770000,11.596667,11.736667,11.736667,1282500
2007-04-17,11.783333,11.933333,11.750000,11.900000,11.900000,822300
2007-04-18,11.836667,11.863333,11.630000,11.686667,11.686667,714300
2007-04-19,11.673333,11.926667,11.586667,11.900000,11.900000,1025100
2007-04-20,12.103333,12.290000,12.013333,12.206667,12.206667,1474500
2007-04-23,12.216667,12.250000,11.850000,11.950000,11.950000,1572000
2007-04-24,11.960000,11.960000,11.560000,11.750000,11.750000,1990800
2007-04-25,11.766667,11.933333,11.636667,11.916667,11.916667,2397600
2007-04-26,11.333333,11.333333,10.720000,11.183333,11.183333,10631100
2007-04-27,11.116667,11.120000,10.930000,10.976667,10.976667,2918400
2007-04-30,10.976667,10.993333,10.446667,10.466667,10.466667,4357800
2007-05-01,10.633333,10.633333,10.253333,10.513333,10.513333,2432700
2007-05-02,10.556667,10.963333,10.516667,10.706667,10.706667,1606800
2007-05-03,10.763333,10.843333,10.600000,10.663333,10.663333,1589700
2007-05-04,10.680000,10.756667,10.606667,10.703333,10.703333,1408200
2007-05-07,10.660000,10.700000,10.533333,10.596667,10.596667,1165200
2007-05-08,10.550000,10.573333,10.356667,10.500000,10.500000,1949100
2007-05-09,10.500000,10.710000,10.433333,10.610000,10.610000,1293600
2007-05-10,10.606667,10.623333,10.363333,10.396667,10.396667,1272300
2007-05-11,10.266667,10.500000,10.166667,10.366667,10.366667,2225700
2007-05-14,10.333333,10.490000,10.276667,10.393333,10.393333,808500
2007-05-15,10.366667,10.460000,10.136667,10.156667,10.156667,1206600
2007-05-16,10.146667,10.203333,9.943333,10.023333,10.023333,2394600
2007-05-17,9.946667,10.190000,9.906667,9.966667,9.966667,2312100
2007-05-18,9.966667,10.393333,9.956667,10.380000,10.380000,1593900
2007-05-21,11.000000,11.526667,10.886667,11.370000,11.370000,9738600
2007-05-22,11.370000,11.373333,11.013333,11.123333,11.123333,2186100
2007-05-23,11.206667,11.233333,10.910000,10.953333,10.953333,2526600
2007-05-24,11.003333,11.156667,10.633333,10.666667,10.666667,2320800
2007-05-25,10.750000,10.900000,10.666667,10.723333,10.723333,2087700
2007-05-29,10.783333,10.790000,10.466667,10.500000,10.500000,2263500
2007-05-30,10.500000,10.710000,10.396667,10.690000,10.690000,1571400
2007-05-31,10.753333,10.803333,10.576667,10.700000,10.700000,1860900
2007-06-01,10.766667,10.866667,10.690000,10.776667,10.776667,1488600
2007-06-04,10.800000,11.163333,10.776667,11.133333,11.133333,3634800
2007-06-05,11.116667,11.116667,10.833333,10.883333,10.883333,2047200
2007-06-06,10.826667,10.826667,10.553333,10.660000,10.660000,2339100
2007-06-07,10.566667,10.570000,10.173333,10.173333,10.173333,1953300
2007-06-08,10.300000,10.393333,10.213333,10.356667,10.356667,1642500
2007-06-11,10.353333,10.386667,10.126667,10.320000,10.320000,1220700
2007-06-12,10.213333,10.263333,9.920000,10.013333,10.013333,1504500
2007-06-13,10.036667,10.133333,9.826667,9.980000,9.980000,1771200
2007-06-14,9.996667,10.130000,9.960000,10.050000,10.050000,915600
2007-06-15,10.133333,10.133333,9.953333,10.020000,10.020000,2175600
2007-06-18,10.103333,10.196667,9.863333,10.006667,10.006667,2121300
2007-06-19,10.050000,10.303333,9.910000,10.290000,10.290000,1608600
2007-06-20,10.300000,10.320000,10.213333,10.300000,10.300000,1747200
2007-06-21,10.266667,10.440000,10.186667,10.360000,10.360000,1930200
2007-06-22,10.300000,10.333333,10.206667,10.206667,10.206667,2453400
2007-06-25,10.210000,10.243333,9.780000,9.886667,9.886667,2034000
2007-06-26,9.833333,9.920000,9.470000,9.506667,9.506667,2306700
2007-06-27,9.506667,9.866667,9.506667,9.783333,9.783333,2185200
2007-06-28,9.823333,9.940000,9.733333,9.790000,9.790000,840900
2007-06-29,9.793333,9.923333,9.666667,9.733333,9.733333,1756800
2007-07-02,9.816667,9.930000,9.760000,9.900000,9.900000,1324800
2007-07-03,9.890000,9.913333,9.750000,9.826667,9.826667,603300
2007-07-05,9.763333,9.813333,9.670000,9.803333,9.803333,1039500
2007-07-06,9.783333,9.960000,9.783333,9.913333,9.913333,861900
2007-07-09,9.933333,9.963333,9.733333,9.753333,9.753333,778500
2007-07-10,9.716667,9.776667,9.416667,9.416667,9.416667,1305000
2007-07-11,9.396667,9.396667,9.176667,9.216667,9.216667,2444100
2007-07-12,9.016667,9.340000,8.583333,9.176667,9.176667,3832800
2007-07-13,9.050000,9.143333,8.956667,9.053333,9.053333,2438100
2007-07-16,8.916667,9.083333,8.846667,9.040000,9.040000,2567400
2007-07-17,9.316667,9.833333,9.250000,9.773333,9.773333,4560000
2007-07-18,9.666667,9.726667,9.240000,9.566667,9.566667,5513700
2007-07-19,9.653333,9.900000,9.653333,9.753333,9.753333,2621400
2007-07-20,9.753333,9.933333,9.596667,9.866667,9.866667,3456900
2007-07-23,9.933333,10.146667,9.903333,9.963333,9.963333,3429600
2007-07-24,9.833333,9.833333,9.390000,9.443333,9.443333,4099500
2007-07-25,7.663333,7.723333,7.250000,7.423333,7.423333,16934400
2007-07-26,7.236667,7.363333,6.876667,7.103333,7.103333,5480100
2007-07-27,7.096667,7.136667,6.850000,7.076667,7.076667,3438900
2007-07-30,7.110000,7.186667,6.970000,7.100000,7.100000,2613600
2007-07-31,7.216667,7.293333,6.903333,6.930000,6.930000,2171400
2007-08-01,6.873333,6.933333,6.646667,6.666667,6.666667,4521000
2007-08-02,6.633333,6.743333,6.526667,6.723333,6.723333,3543900
2007-08-03,7.000000,7.106667,6.786667,6.850000,6.850000,5042100
2007-08-06,7.000000,7.083333,6.436667,6.746667,6.746667,3351300
2007-08-07,6.723333,6.796667,6.543333,6.610000,6.610000,3861900
2007-08-08,6.650000,6.703333,6.526667,6.653333,6.653333,4684200
2007-08-09,6.650000,7.550000,6.606667,7.500000,7.500000,6775800
2007-08-10,7.313333,7.366667,6.670000,6.770000,6.770000,4674300
2007-08-13,6.940000,7.026667,6.600000,6.620000,6.620000,4116900
2007-08-14,6.596667,6.686667,6.166667,6.383333,6.383333,4853400
2007-08-15,6.366667,6.436667,6.036667,6.100000,6.100000,3076200
2007-08-16,6.013333,6.250000,5.786667,6.190000,6.190000,3324600
2007-08-17,6.583333,7.496667,6.203333,6.400000,6.400000,3064200
2007-08-20,6.450000,6.736667,6.433333,6.653333,6.653333,2014800
2007-08-21,6.600000,6.650000,6.443333,6.590000,6.590000,1864500
2007-08-22,6.666667,6.720000,6.590000,6.643333,6.643333,1065300
2007-08-23,6.693333,6.706667,6.573333,6.620000,6.620000,1934700
2007-08-24,6.633333,6.730000,6.586667,6.700000,6.700000,2832000
2007-08-27,6.700000,6.700000,6.603333,6.636667,6.636667,1188600
2007-08-28,6.600000,6.696667,6.393333,6.393333,6.393333,4362300
2007-08-29,6.450000,6.570000,6.430000,6.540000,6.540000,3144900
2007-08-30,6.503333,6.660000,6.460000,6.496667,6.496667,2257500
2007-08-31,6.583333,6.666667,6.530000,6.610000,6.610000,1986600
2007-09-04,6.650000,6.653333,6.540000,6.596667,6.596667,2670900
2007-09-05,6.573333,6.573333,6.456667,6.480000,6.480000,1692900
2007-09-06,6.486667,6.543333,6.403333,6.440000,6.440000,1467900
2007-09-07,6.320000,6.326667,6.153333,6.193333,6.193333,1683000
2007-09-10,6.213333,6.303333,6.010000,6.166667,6.166667,2071500
2007-09-11,6.216667,6.426667,6.143333,6.380000,6.380000,1799400
2007-09-12,6.600000,7.063333,6.600000,6.936667,6.936667,4139100
2007-09-13,7.000000,7.083333,6.706667,7.006667,7.006667,3147900
2007-09-14,7.020000,7.020000,6.783333,6.950000,6.950000,1640400
2007-09-17,6.916667,6.980000,6.830000,6.900000,6.900000,1648500
2007-09-18,6.966667,7.523333,6.956667,7.483333,7.483333,3864300
2007-09-19,7.543333,7.666667,7.406667,7.483333,7.483333,2602500
2007-09-20,7.500000,7.656667,7.350000,7.573333,7.573333,2519700
2007-09-21,7.630000,7.630000,7.356667,7.380000,7.380000,2107500
2007-09-24,7.500000,7.500000,7.203333,7.290000,7.290000,2474100
2007-09-25,7.290000,7.290000,6.906667,7.080000,7.080000,3166500
2007-09-26,7.153333,7.233333,6.733333,6.780000,6.780000,3055200
2007-09-27,6.776667,7.133333,6.756667,7.080000,7.080000,1999200
2007-09-28,7.106667,7.383333,7.050000,7.366667,7.366667,3409200
2007-10-01,7.330000,7.603333,7.273333,7.603333,7.603333,1708800
2007-10-02,7.706667,7.910000,7.633333,7.856667,7.856667,5940900
2007-10-03,7.853333,8.000000,7.763333,7.926667,7.926667,1979100
2007-10-04,7.923333,7.960000,7.586667,7.753333,7.753333,1278300
2007-10-05,8.083333,8.103333,7.700000,8.030000,8.030000,1977300
2007-10-08,8.006667,8.006667,7.563333,7.596667,7.596667,4825200
2007-10-09,7.616667,7.616667,7.046667,7.193333,7.193333,6140100
2007-10-10,7.210000,7.286667,6.986667,6.986667,6.986667,3225900
2007-10-11,7.030000,7.156667,6.850000,7.023333,7.023333,4339800
2007-10-12,7.080000,7.100000,6.903333,6.946667,6.946667,1165500
2007-10-15,6.923333,7.020000,6.820000,6.936667,6.936667,1481700
2007-10-16,6.913333,6.936667,6.743333,6.840000,6.840000,2751600
2007-10-17,6.916667,7.133333,6.826667,6.933333,6.933333,2513700
2007-10-18,6.863333,7.093333,6.640000,7.063333,7.063333,2404500
2007-10-19,7.043333,7.093333,6.946667,6.983333,6.983333,2020800
2007-10-22,6.980000,7.243333,6.873333,7.166667,7.166667,1716300
2007-10-23,7.140000,7.180000,7.010000,7.180000,7.180000,2228100
2007-10-24,7.156667,7.380000,6.946667,7.313333,7.313333,3870600
2007-10-25,7.890000,8.243333,7.890000,8.020000,8.020000,7810200
2007-10-26,8.120000,8.220000,7.976667,8.086667,8.086667,3489300
2007-10-29,8.370000,8.523333,8.286667,8.326667,8.326667,6354600
2007-10-30,8.366667,8.383333,8.166667,8.196667,8.196667,2657700
2007-10-31,8.246667,8.420000,8.133333,8.196667,8.196667,2528400
2007-11-01,8.100000,8.143333,7.720000,7.746667,7.746667,3242700
2007-11-02,7.866667,7.883333,7.506667,7.703333,7.703333,2967600
2007-11-05,7.563333,7.666667,7.413333,7.516667,7.516667,1718400
2007-11-06,7.463333,7.630000,7.340000,7.536667,7.536667,1781100
2007-11-07,7.366667,7.720000,7.306667,7.360000,7.360000,2220000
2007-11-08,7.336667,7.360000,6.886667,7.120000,7.120000,3141600
2007-11-09,7.010000,7.056667,6.820000,6.830000,6.830000,2641200
2007-11-12,6.750000,7.423333,6.750000,7.213333,7.213333,2393700
2007-11-13,7.150000,7.466667,7.113333,7.443333,7.443333,1817700
2007-11-14,7.476667,7.646667,7.250000,7.270000,7.270000,1126200
2007-11-15,7.183333,7.233333,6.913333,6.993333,6.993333,1224000
2007-11-16,7.020000,7.020000,6.693333,6.896667,6.896667,1813800
2007-11-19,6.836667,6.966667,6.713333,6.736667,6.736667,1380000
2007-11-20,6.723333,6.933333,6.570000,6.790000,6.790000,1132500
2007-11-21,6.763333,6.793333,6.586667,6.656667,6.656667,1379700
2007-11-23,6.696667,7.016667,6.696667,6.980000,6.980000,624900
2007-11-26,7.146667,7.296667,7.020000,7.093333,7.093333,2385600
2007-11-27,7.000000,7.303333,7.000000,7.190000,7.190000,1972200
2007-11-28,7.190000,7.636667,7.190000,7.636667,7.636667,2128200
2007-11-29,7.633333,7.726667,7.500000,7.696667,7.696667,1446300
2007-11-30,7.750000,7.886667,7.463333,7.550000,7.550000,2019300
2007-12-03,7.420000,7.883333,7.420000,7.720000,7.720000,1868700
2007-12-04,7.663333,7.673333,7.270000,7.510000,7.510000,1883100
2007-12-05,7.503333,7.636667,7.373333,7.436667,7.436667,1889100
2007-12-06,7.436667,7.563333,7.416667,7.510000,7.510000,1621200
2007-12-07,7.530000,7.620000,7.416667,7.486667,7.486667,938100
2007-12-10,7.520000,7.610000,7.283333,7.320000,7.320000,1660500
2007-12-11,7.260000,7.443333,7.006667,7.023333,7.023333,2043300
2007-12-12,7.206667,7.336667,6.860000,7.016667,7.016667,1734600
2007-12-13,6.970000,6.973333,6.770000,6.850000,6.850000,1050600
2007-12-14,6.836667,6.873333,6.623333,6.626667,6.626667,867900
2007-12-17,6.573333,6.616667,6.370000,6.383333,6.383333,1552500
2007-12-18,6.450000,6.493333,6.273333,6.350000,6.350000,1693200
2007-12-19,6.320000,6.540000,6.313333,6.506667,6.506667,946200
2007-12-20,6.560000,6.590000,6.330000,6.570000,6.570000,766500
2007-12-21,6.613333,6.790000,6.603333,6.726667,6.726667,1536000
2007-12-24,6.726667,6.820000,6.680000,6.726667,6.726667,258600
2007-12-26,6.666667,6.826667,6.400000,6.740000,6.740000,3017700
2007-12-27,6.710000,6.710000,6.343333,6.493333,6.493333,1293900
2007-12-28,6.516667,6.576667,6.396667,6.396667,6.396667,737400
2007-12-31,6.356667,6.510000,6.250000,6.503333,6.503333,1116600
2008-01-02,6.506667,6.580000,6.186667,6.280000,6.280000,1226400
2008-01-03,6.326667,6.393333,6.030000,6.060000,6.060000,923400
2008-01-04,6.010000,6.030000,5.706667,5.716667,5.716667,1371300
2008-01-07,5.743333,5.966667,5.740000,5.956667,5.956667,1794600
2008-01-08,6.000000,6.116667,5.846667,5.866667,5.866667,1146000
2008-01-09,5.826667,5.893333,5.583333,5.870000,5.870000,2436000
2008-01-10,5.783333,5.916667,5.653333,5.846667,5.846667,1301100
2008-01-11,5.800000,5.800000,5.476667,5.603333,5.603333,1578000
2008-01-14,5.620000,5.833333,5.613333,5.803333,5.803333,1261500
2008-01-15,5.733333,5.743333,5.386667,5.486667,5.486667,1286100
2008-01-16,5.460000,5.686667,5.356667,5.633333,5.633333,3345600
2008-01-17,5.653333,5.850000,5.600000,5.623333,5.623333,3181800
2008-01-18,5.680000,5.753333,5.586667,5.720000,5.720000,2833500
2008-01-22,5.446667,6.153333,5.350000,5.940000,5.940000,2587500
2008-01-23,5.783333,6.436667,5.670000,6.433333,6.433333,2610600
2008-01-24,6.470000,6.550000,6.176667,6.363333,6.363333,1766700
2008-01-25,6.443333,6.483333,6.046667,6.110000,6.110000,1079700
2008-01-28,6.100000,6.376667,6.090000,6.350000,6.350000,1839300
2008-01-29,6.380000,6.416667,6.163333,6.330000,6.330000,1591200
2008-01-30,6.273333,6.480000,6.240000,6.313333,6.313333,1396500
2008-01-31,6.283333,6.743333,6.216667,6.673333,6.673333,1996200
2008-02-01,6.716667,6.903333,6.616667,6.903333,6.903333,1175400
2008-02-04,6.896667,6.916667,6.503333,6.573333,6.573333,1100100
2008-02-05,6.453333,6.593333,6.390000,6.436667,6.436667,1203600
2008-02-06,6.500000,6.653333,6.356667,6.403333,6.403333,1282800
2008-02-07,6.316667,6.733333,6.246667,6.700000,6.700000,1362600
2008-02-08,6.666667,6.820000,6.396667,6.460000,6.460000,1410900
2008-02-11,6.436667,6.920000,6.330000,6.810000,6.810000,2291100
2008-02-12,6.833333,6.990000,6.733333,6.736667,6.736667,2133300
2008-02-13,6.826667,7.120000,6.776667,7.093333,7.093333,2827200
2008-02-14,7.356667,7.710000,7.356667,7.530000,7.530000,6555600
2008-02-15,7.466667,7.706667,7.466667,7.686667,7.686667,3566400
2008-02-19,7.676667,7.756667,7.573333,7.646667,7.646667,2014500
2008-02-20,7.573333,7.736667,7.530000,7.736667,7.736667,1954200
2008-02-21,7.780000,7.786667,7.423333,7.563333,7.563333,2816700
2008-02-22,7.526667,7.656667,7.150000,7.413333,7.413333,2320500
2008-02-25,7.400000,7.476667,7.266667,7.416667,7.416667,2189100
2008-02-26,7.370000,7.603333,7.370000,7.553333,7.553333,1938900
2008-02-27,7.443333,7.553333,7.340000,7.466667,7.466667,1004700
2008-02-28,7.406667,7.490000,7.226667,7.366667,7.366667,1443000
2008-02-29,7.280000,7.373333,7.053333,7.096667,7.096667,1106400
2008-03-03,7.073333,7.173333,6.946667,7.093333,7.093333,1544400
2008-03-04,6.993333,7.090000,6.870000,7.020000,7.020000,1200900
2008-03-05,7.003333,7.273333,6.993333,7.040000,7.040000,1274400
2008-03-06,6.976667,6.996667,6.606667,6.646667,6.646667,1838400
2008-03-07,6.620000,6.866667,6.526667,6.656667,6.656667,1139700
2008-03-10,6.653333,6.653333,6.266667,6.280000,6.280000,1330200
2008-03-11,6.470000,6.783333,6.343333,6.780000,6.780000,1676400
2008-03-12,6.716667,7.100000,6.716667,6.993333,6.993333,1922700
2008-03-13,6.923333,7.076667,6.666667,7.066667,7.066667,1201800
2008-03-14,7.110000,7.140000,6.720000,6.793333,6.793333,1466700
2008-03-17,6.533333,6.666667,6.350000,6.443333,6.443333,1629900
2008-03-18,6.583333,6.673333,6.416667,6.643333,6.643333,1660800
2008-03-19,6.680000,6.813333,6.503333,6.526667,6.526667,1000200
2008-03-20,6.666667,7.000000,6.633333,6.916667,6.916667,2320200
2008-03-24,6.960000,7.033333,6.920000,6.963333,6.963333,1616400
2008-03-25,6.976667,7.066667,6.856667,6.920000,6.920000,1051800
2008-03-26,6.873333,6.916667,6.710000,6.770000,6.770000,908100
2008-03-27,6.823333,6.846667,6.666667,6.686667,6.686667,1316700
2008-03-28,6.616667,6.686667,6.446667,6.446667,6.446667,1257600
2008-03-31,6.500000,6.980000,6.500000,6.736667,6.736667,3812100
2008-04-01,6.863333,7.223333,6.833333,7.056667,7.056667,2123700
2008-04-02,7.046667,7.290000,7.000000,7.206667,7.206667,1659600
2008-04-03,7.116667,7.226667,6.933333,7.000000,7.000000,2398800
2008-04-04,6.966667,7.016667,6.306667,6.313333,6.313333,6758100
2008-04-07,6.370000,6.430000,5.826667,5.883333,5.883333,5820900
2008-04-08,5.883333,6.240000,5.836667,6.123333,6.123333,3669600
2008-04-09,6.180000,6.180000,5.966667,5.966667,5.966667,2660700
2008-04-10,5.973333,6.323333,5.873333,6.296667,6.296667,3463200
2008-04-11,6.176667,6.263333,6.020000,6.066667,6.066667,1962900
2008-04-14,6.090000,6.090000,5.880000,5.910000,5.910000,2214000
2008-04-15,5.916667,5.916667,5.713333,5.760000,5.760000,1815900
2008-04-16,5.843333,6.000000,5.786667,5.896667,5.896667,1714500
2008-04-17,5.856667,5.980000,5.856667,5.926667,5.926667,1444200
2008-04-18,6.000000,6.090000,5.913333,6.090000,6.090000,1538700
2008-04-21,6.033333,6.100000,5.966667,6.026667,6.026667,1087800
2008-04-22,6.026667,6.056667,5.890000,6.026667,6.026667,1587900
2008-04-23,6.023333,6.056667,5.910000,6.010000,6.010000,1764600
2008-04-24,6.620000,7.483333,6.620000,7.223333,7.223333,8439000
2008-04-25,7.266667,7.550000,7.130000,7.480000,7.480000,3991800
2008-04-28,7.556667,7.583333,7.416667,7.506667,7.506667,3816000
2008-04-29,7.550000,7.820000,7.470000,7.750000,7.750000,3256200
2008-04-30,7.670000,8.020000,7.670000,7.883333,7.883333,4212300
2008-05-01,7.806667,8.316667,7.806667,8.160000,8.160000,2784000
2008-05-02,8.280000,8.280000,7.930000,7.960000,7.960000,1632300
2008-05-05,8.020000,8.020000,7.796667,7.836667,7.836667,1680000
2008-05-06,7.726667,7.973333,7.666667,7.893333,7.893333,1675200
2008-05-07,7.970000,7.986667,7.623333,7.660000,7.660000,1580400
2008-05-08,7.690000,7.776667,7.560000,7.600000,7.600000,1436400
2008-05-09,7.533333,7.600000,7.463333,7.543333,7.543333,1477800
2008-05-12,7.550000,7.630000,7.446667,7.580000,7.580000,1860300
2008-05-13,7.633333,7.693333,7.406667,7.550000,7.550000,2325300
2008-05-14,7.523333,7.836667,7.523333,7.700000,7.700000,2415000
2008-05-15,7.660000,7.770000,7.503333,7.753333,7.753333,1675800
2008-05-16,7.853333,7.903333,7.656667,7.716667,7.716667,1250400
2008-05-19,7.673333,7.733333,7.616667,7.650000,7.650000,1207800
2008-05-20,7.616667,7.666667,7.463333,7.570000,7.570000,1769400
2008-05-21,7.613333,7.716667,7.383333,7.506667,7.506667,1651500
2008-05-22,7.500000,7.730000,7.410000,7.596667,7.596667,2138700
2008-05-23,7.490000,7.530000,7.333333,7.480000,7.480000,1206300
2008-05-27,7.500000,7.750000,7.416667,7.740000,7.740000,1314900
2008-05-28,7.770000,8.026667,7.763333,7.953333,7.953333,1373100
2008-05-29,7.996667,8.400000,7.993333,8.216667,8.216667,3000900
2008-05-30,8.270000,8.286667,7.833333,8.016667,8.016667,2334600
2008-06-02,8.003333,8.133333,7.813333,7.913333,7.913333,1285200
2008-06-03,7.940000,8.023333,7.790000,7.896667,7.896667,826800
2008-06-04,7.866667,8.013333,7.473333,7.536667,7.536667,4032000
2008-06-05,7.473333,7.763333,7.473333,7.680000,7.680000,1697400
2008-06-06,7.590000,7.603333,7.370000,7.416667,7.416667,1431900
2008-06-09,7.490000,7.613333,7.286667,7.416667,7.416667,1773300
2008-06-10,7.123333,7.200000,6.946667,7.006667,7.006667,4469700
2008-06-11,6.953333,6.980000,6.633333,6.666667,6.666667,3087000
2008-06-12,6.740000,6.900000,6.473333,6.530000,6.530000,1908600
2008-06-13,6.606667,6.923333,6.596667,6.910000,6.910000,1816800
2008-06-16,6.870000,7.096667,6.780000,7.013333,7.013333,1394400
2008-06-17,7.073333,7.080000,6.783333,7.013333,7.013333,1441800
2008-06-18,6.963333,6.976667,6.660000,6.790000,6.790000,1653000
2008-06-19,6.773333,6.993333,6.733333,6.893333,6.893333,1697400
2008-06-20,6.800000,6.866667,6.633333,6.813333,6.813333,1619400
2008-06-23,6.860000,6.936667,6.703333,6.783333,6.783333,1390200
2008-06-24,6.720000,7.123333,6.600000,6.916667,6.916667,2087100
2008-06-25,6.950000,7.476667,6.933333,7.366667,7.366667,2677800
2008-06-26,7.216667,7.290000,6.786667,6.836667,6.836667,2660700
2008-06-27,6.863333,6.896667,6.580000,6.813333,6.813333,7203900
2008-06-30,6.566667,6.860000,6.560000,6.586667,6.586667,1861500
2008-07-01,6.516667,6.600000,6.276667,6.586667,6.586667,2796300
2008-07-02,6.600000,6.786667,6.390000,6.463333,6.463333,2415000
2008-07-03,6.536667,6.593333,6.376667,6.520000,6.520000,655500
2008-07-07,6.546667,6.610000,6.336667,6.386667,6.386667,1567200
2008-07-08,6.410000,6.873333,6.300000,6.836667,6.836667,2554500
2008-07-09,6.853333,6.880000,6.533333,6.583333,6.583333,2931900
2008-07-10,6.586667,6.793333,6.376667,6.490000,6.490000,1982400
2008-07-11,6.440000,6.516667,6.243333,6.426667,6.426667,1768800
2008-07-14,6.510000,6.600000,6.223333,6.366667,6.366667,1104300
2008-07-15,6.303333,6.850000,6.190000,6.676667,6.676667,2309400
2008-07-16,6.716667,7.263333,6.503333,7.146667,7.146667,2783100
2008-07-17,7.133333,7.430000,7.076667,7.350000,7.350000,2015100
2008-07-18,7.360000,7.593333,7.180000,7.326667,7.326667,2282100
2008-07-21,7.450000,7.583333,7.276667,7.550000,7.550000,2660400
2008-07-22,7.466667,7.803333,7.346667,7.770000,7.770000,2469300
2008-07-23,7.666667,8.000000,7.580000,7.913333,7.913333,4719900
2008-07-24,6.923333,7.180000,6.313333,6.360000,6.360000,8541000
2008-07-25,6.416667,6.433333,5.933333,6.020000,6.020000,4590300
2008-07-28,5.916667,6.076667,5.630000,5.910000,5.910000,6386100
2008-07-29,5.916667,6.296667,5.846667,6.260000,6.260000,4653000
2008-07-30,6.336667,6.500000,6.256667,6.423333,6.423333,2703600
2008-07-31,6.223333,6.416667,6.200000,6.300000,6.300000,1696500
2008-08-01,6.300000,6.406667,6.096667,6.320000,6.320000,1845000
2008-08-04,6.330000,6.413333,6.030000,6.176667,6.176667,2058300
2008-08-05,6.280000,6.530000,6.176667,6.506667,6.506667,2904300
2008-08-06,6.526667,6.563333,6.310000,6.530000,6.530000,1423800
2008-08-07,6.506667,6.506667,6.300000,6.466667,6.466667,1693800
2008-08-08,6.513333,6.666667,6.320000,6.606667,6.606667,2629200
2008-08-11,6.633333,7.106667,6.630000,6.956667,6.956667,2925900
2008-08-12,6.986667,7.046667,6.640000,6.656667,6.656667,2010600
2008-08-13,6.633333,6.723333,6.370000,6.646667,6.646667,1759200
2008-08-14,6.846667,6.846667,6.383333,6.586667,6.586667,1904400
2008-08-15,6.686667,6.733333,6.543333,6.616667,6.616667,1921200
2008-08-18,6.616667,6.790000,6.413333,6.506667,6.506667,1914900
2008-08-19,6.436667,6.536667,6.093333,6.186667,6.186667,2801700
2008-08-20,6.210000,6.500000,6.103333,6.393333,6.393333,1843200
2008-08-21,6.313333,6.460000,6.210000,6.303333,6.303333,1187400
2008-08-22,6.353333,6.493333,6.333333,6.463333,6.463333,975000
2008-08-25,6.480000,6.480000,6.150000,6.233333,6.233333,1379400
2008-08-26,6.226667,6.260000,6.103333,6.203333,6.203333,2317200
2008-08-27,6.193333,6.240000,6.110000,6.180000,6.180000,1305000
2008-08-28,6.170000,6.396667,6.116667,6.343333,6.343333,1256700
2008-08-29,6.313333,6.500000,6.240000,6.373333,6.373333,1547400
2008-09-02,6.473333,6.676667,6.260000,6.396667,6.396667,1937700
2008-09-03,6.370000,6.556667,6.320000,6.463333,6.463333,1165800
2008-09-04,6.386667,6.436667,6.273333,6.323333,6.323333,1202100
2008-09-05,6.296667,6.443333,6.193333,6.376667,6.376667,1233300
2008-09-08,6.616667,6.646667,6.233333,6.350000,6.350000,2916000
2008-09-09,6.340000,6.540000,6.316667,6.350000,6.350000,3024000
2008-09-10,6.426667,6.426667,6.100000,6.153333,6.153333,2123700
2008-09-11,6.043333,6.240000,5.970000,6.240000,6.240000,1612800
2008-09-12,6.140000,6.313333,6.076667,6.310000,6.310000,1227000
2008-09-15,6.066667,6.333333,5.963333,5.963333,5.963333,2520900
2008-09-16,5.760000,5.986667,5.710000,5.903333,5.903333,2980800
2008-09-17,5.823333,5.853333,5.486667,5.706667,5.706667,3540900
2008-09-18,5.853333,5.970000,5.360000,5.786667,5.786667,3282900
2008-09-19,6.213333,6.230000,5.666667,5.863333,5.863333,3693300
2008-09-22,5.830000,5.830000,5.603333,5.643333,5.643333,1705500
2008-09-23,5.663333,5.850000,5.630000,5.720000,5.720000,2701500
2008-09-24,5.666667,5.866667,5.583333,5.600000,5.600000,1449600
2008-09-25,5.623333,5.756667,5.440000,5.520000,5.520000,1969200
2008-09-26,5.413333,5.516667,5.346667,5.510000,5.510000,1815900
2008-09-29,5.420000,5.526667,5.186667,5.253333,5.253333,1379400
2008-09-30,5.366667,5.690000,5.200000,5.610000,5.610000,2788200
2008-10-01,5.556667,5.613333,5.336667,5.410000,5.410000,1917900
2008-10-02,5.373333,5.373333,4.980000,5.000000,5.000000,1926000
2008-10-03,5.033333,5.086667,4.803333,4.823333,4.823333,1813800
2008-10-06,4.696667,5.056667,4.396667,4.990000,4.990000,4015800
2008-10-07,5.016667,5.066667,4.300000,4.353333,4.353333,2871000
2008-10-08,4.366667,4.596667,4.023333,4.340000,4.340000,2452800
2008-10-09,4.326667,4.513333,3.963333,3.973333,3.973333,1892400
2008-10-10,3.690000,4.510000,3.690000,4.383333,4.383333,3307500
2008-10-13,4.610000,4.690000,4.500000,4.666667,4.666667,2091900
2008-10-14,4.860000,4.953333,4.080000,4.310000,4.310000,2101800
2008-10-15,4.213333,4.226667,4.010000,4.023333,4.023333,1995900
2008-10-16,4.063333,4.573333,3.983333,4.540000,4.540000,2027400
2008-10-17,4.403333,4.653333,4.203333,4.386667,4.386667,2534700
2008-10-20,4.436667,4.543333,4.293333,4.376667,4.376667,2271600
2008-10-21,4.306667,4.496667,4.150000,4.163333,4.163333,1587900
2008-10-22,4.073333,4.173333,3.903333,4.056667,4.056667,1979100
2008-10-23,4.000000,4.000000,3.420000,3.800000,3.800000,4499400
2008-10-24,3.466667,4.036667,3.466667,4.000000,4.000000,3428100
2008-10-27,3.946667,4.093333,3.750000,3.830000,3.830000,2477700
2008-10-28,3.923333,4.213333,3.743333,4.193333,4.193333,1996200
2008-10-29,4.193333,4.346667,4.053333,4.113333,4.113333,2349900
2008-10-30,4.220000,4.426667,4.140000,4.360000,4.360000,1641300
2008-10-31,4.336667,4.530000,4.250000,4.526667,4.526667,2529600
2008-11-03,4.503333,4.503333,4.306667,4.346667,4.346667,1084200
2008-11-04,4.370000,4.483333,4.300000,4.336667,4.336667,1725000
2008-11-05,4.343333,4.343333,4.123333,4.136667,4.136667,1767900
2008-11-06,4.186667,4.186667,3.920000,4.003333,4.003333,2701500
2008-11-07,4.050000,4.093333,3.843333,3.976667,3.976667,2712000
2008-11-10,4.070000,4.146667,3.773333,3.853333,3.853333,1235400
2008-11-11,3.826667,4.106667,3.760000,3.936667,3.936667,1437300
2008-11-12,3.883333,3.953333,3.766667,3.783333,3.783333,1728300
2008-11-13,3.816667,4.093333,3.563333,4.080000,4.080000,1752900
2008-11-14,4.010000,4.173333,3.863333,3.870000,3.870000,1339200
2008-11-17,3.826667,3.903333,3.713333,3.766667,3.766667,1068300
2008-11-18,3.770000,3.876667,3.573333,3.686667,3.686667,1909500
2008-11-19,3.673333,3.680000,3.320000,3.323333,3.323333,3037500
2008-11-20,3.376667,3.420000,3.136667,3.166667,3.166667,1966500
2008-11-21,3.220000,3.373333,3.083333,3.343333,3.343333,2273700
2008-11-24,3.400000,3.866667,3.346667,3.680000,3.680000,1978200
2008-11-25,3.730000,3.816667,3.566667,3.816667,3.816667,1397100
2008-11-26,3.723333,4.130000,3.723333,3.990000,3.990000,1667700
2008-11-28,3.950000,4.053333,3.913333,4.013333,4.013333,412800
2008-12-01,3.950000,4.080000,3.756667,3.766667,3.766667,1760700
2008-12-02,3.840000,3.840000,3.643333,3.796667,3.796667,1827900
2008-12-03,3.733333,3.963333,3.656667,3.930000,3.930000,1594500
2008-12-04,3.893333,4.083333,3.560000,3.666667,3.666667,2851500
2008-12-05,3.603333,3.693333,3.433333,3.670000,3.670000,3447300
2008-12-08,3.753333,3.900000,3.710000,3.816667,3.816667,1857900
2008-12-09,3.783333,4.023333,3.686667,3.760000,3.760000,1438800
2008-12-10,3.796667,3.940000,3.703333,3.760000,3.760000,1284900
2008-12-11,3.726667,3.726667,3.436667,3.513333,3.513333,2237700
2008-12-12,3.423333,3.666667,3.413333,3.663333,3.663333,1526700
2008-12-15,3.680000,3.723333,3.556667,3.616667,3.616667,2103600
2008-12-16,3.676667,3.850000,3.630000,3.840000,3.840000,1339800
2008-12-17,3.796667,4.000000,3.760000,3.966667,3.966667,1810200
2008-12-18,3.993333,4.113333,3.923333,3.976667,3.976667,1552200
2008-12-19,4.043333,4.146667,4.006667,4.103333,4.103333,1961400
2008-12-22,4.130000,4.186667,3.890000,3.980000,3.980000,1105800
2008-12-23,4.010000,4.066667,3.750000,3.793333,3.793333,1108500
2008-12-24,3.810000,3.836667,3.743333,3.750000,3.750000,393900
2008-12-26,3.773333,3.973333,3.773333,3.943333,3.943333,1001400
2008-12-29,3.943333,3.990000,3.853333,3.893333,3.893333,1227600
2008-12-30,3.936667,4.123333,3.870000,4.116667,4.116667,1324800
2008-12-31,4.110000,4.366667,4.110000,4.273333,4.273333,834300
2009-01-02,4.310000,4.376667,4.193333,4.306667,4.306667,848700
2009-01-05,4.290000,4.290000,3.910000,4.073333,4.073333,2085300
2009-01-06,4.080000,4.140000,3.963333,4.023333,4.023333,2059800
2009-01-07,3.966667,3.966667,3.616667,3.673333,3.673333,1625100
2009-01-08,3.666667,3.813333,3.616667,3.806667,3.806667,1340700
2009-01-09,3.813333,3.816667,3.510000,3.540000,3.540000,1773600
2009-01-12,3.546667,3.550000,3.230000,3.336667,3.336667,1882200
2009-01-13,3.323333,3.473333,3.310000,3.383333,3.383333,1191600
2009-01-14,3.326667,3.326667,3.126667,3.273333,3.273333,1797300
2009-01-15,3.290000,3.313333,3.116667,3.303333,3.303333,2344200
2009-01-16,3.353333,3.380000,3.200000,3.353333,3.353333,1797600
2009-01-20,3.333333,3.360000,3.170000,3.203333,3.203333,1732500
2009-01-21,3.246667,3.366667,3.180000,3.356667,3.356667,1005900
2009-01-22,3.250000,3.313333,3.136667,3.183333,3.183333,1890300
2009-01-23,3.150000,3.340000,3.116667,3.306667,3.306667,1512900
2009-01-26,3.316667,3.466667,3.266667,3.320000,3.320000,1176300
2009-01-27,3.340000,3.426667,3.303333,3.416667,3.416667,1061400
2009-01-28,3.476667,3.650000,3.466667,3.550000,3.550000,1655100
2009-01-29,3.503333,3.533333,3.400000,3.410000,3.410000,1050900
2009-01-30,3.390000,3.496667,3.250000,3.320000,3.320000,1030800
2009-02-02,3.250000,3.336667,3.196667,3.303333,3.303333,1084500
2009-02-03,3.276667,3.393333,3.213333,3.363333,3.363333,934800
2009-02-04,3.356667,3.423333,3.236667,3.253333,3.253333,804900
2009-02-05,3.246667,3.406667,3.240000,3.363333,3.363333,983700
2009-02-06,2.553333,2.596667,2.370000,2.473333,2.473333,9837900
2009-02-09,2.493333,2.553333,2.393333,2.436667,2.436667,3108900
2009-02-10,2.430000,2.490000,2.403333,2.420000,2.420000,2872500
2009-02-11,2.440000,2.476667,2.290000,2.370000,2.370000,2013000
2009-02-12,2.323333,2.416667,2.296667,2.403333,2.403333,2943600
2009-02-13,2.403333,2.506667,2.336667,2.440000,2.440000,2755800
2009-02-17,2.393333,2.403333,2.306667,2.333333,2.333333,2438400
2009-02-18,2.386667,2.386667,2.260000,2.306667,2.306667,2246700
2009-02-19,2.346667,2.530000,2.306667,2.436667,2.436667,5216700
2009-02-20,2.453333,2.453333,2.263333,2.313333,2.313333,2670600
2009-02-23,2.310000,2.356667,2.233333,2.276667,2.276667,2472600
2009-02-24,2.320000,2.370000,2.293333,2.363333,2.363333,1717200
2009-02-25,2.350000,2.370000,2.206667,2.270000,2.270000,1790400
2009-02-26,2.283333,2.333333,2.193333,2.206667,2.206667,1427700
2009-02-27,2.186667,2.206667,2.116667,2.126667,2.126667,2278500
2009-03-02,2.086667,2.106667,1.993333,2.003333,2.003333,2454000
2009-03-03,2.050000,2.080000,1.903333,1.903333,1.903333,2511300
2009-03-04,1.920000,1.970000,1.860000,1.896667,1.896667,2072100
2009-03-05,1.840000,1.893333,1.800000,1.820000,1.820000,1506300
2009-03-06,1.820000,1.916667,1.816667,1.903333,1.903333,2226600
2009-03-09,1.873333,1.903333,1.740000,1.756667,1.756667,1381800
2009-03-10,1.786667,1.913333,1.760000,1.796667,1.796667,2387700
2009-03-11,1.803333,1.860000,1.753333,1.793333,1.793333,1494000
2009-03-12,1.780000,1.820000,1.733333,1.800000,1.800000,2380200
2009-03-13,1.870000,1.943333,1.800000,1.926667,1.926667,2643000
2009-03-16,1.960000,1.970000,1.833333,1.840000,1.840000,1746000
2009-03-17,1.843333,2.100000,1.810000,2.083333,2.083333,2635200
2009-03-18,2.080000,2.093333,1.950000,2.016667,2.016667,3078900
2009-03-19,2.070000,2.253333,2.053333,2.156667,2.156667,1579500
2009-03-20,2.213333,2.216667,2.010000,2.066667,2.066667,2144700
2009-03-23,2.110000,2.183333,2.050000,2.180000,2.180000,1614600
2009-03-24,2.203333,2.260000,2.096667,2.113333,2.113333,1908000
2009-03-25,2.123333,2.216667,2.076667,2.193333,2.193333,1922100
2009-03-26,2.230000,2.230000,2.133333,2.166667,2.166667,2444400
2009-03-27,2.133333,2.273333,2.083333,2.256667,2.256667,2356800
2009-03-30,2.220000,2.236667,2.106667,2.190000,2.190000,1536300
2009-03-31,2.206667,2.283333,2.170000,2.223333,2.223333,1118400
2009-04-01,2.193333,2.326667,2.166667,2.310000,2.310000,1176000
2009-04-02,2.306667,2.656667,2.300000,2.606667,2.606667,2904000
2009-04-03,2.593333,2.750000,2.526667,2.750000,2.750000,1863300
2009-04-06,2.750000,2.750000,2.483333,2.556667,2.556667,1510500
2009-04-07,2.526667,2.526667,2.356667,2.376667,2.376667,2081400
2009-04-08,2.446667,2.463333,2.380000,2.430000,2.430000,1042800
2009-04-09,2.493333,2.743333,2.486667,2.716667,2.716667,1337400
2009-04-13,2.636667,2.723333,2.586667,2.693333,2.693333,590400
2009-04-14,2.653333,2.720000,2.570000,2.573333,2.573333,1222200
2009-04-15,2.583333,2.686667,2.543333,2.566667,2.566667,979500
2009-04-16,2.596667,2.760000,2.576667,2.753333,2.753333,1226400
2009-04-17,2.760000,2.916667,2.746667,2.890000,2.890000,1117500
2009-04-20,2.833333,2.843333,2.606667,2.673333,2.673333,1851900
2009-04-21,2.673333,2.776667,2.653333,2.766667,2.766667,1262100
2009-04-22,2.743333,3.033333,2.720000,2.936667,2.936667,1954500
2009-04-23,2.953333,3.030000,2.896667,3.003333,3.003333,1835700
2009-04-24,3.023333,3.156667,2.963333,3.100000,3.100000,1527900
2009-04-27,3.083333,3.130000,2.960000,2.993333,2.993333,1530300
2009-04-28,2.976667,3.136667,2.906667,3.090000,3.090000,1512300
2009-04-29,3.126667,3.240000,3.050000,3.156667,3.156667,2158500
2009-04-30,3.726667,4.186667,3.693333,3.900000,3.900000,7642200
2009-05-01,3.916667,3.926667,3.723333,3.910000,3.910000,2164800
2009-05-04,3.916667,3.936667,3.813333,3.833333,3.833333,2016900
2009-05-05,3.833333,3.906667,3.760000,3.883333,3.883333,1605300
2009-05-06,3.913333,3.993333,3.750000,3.833333,3.833333,1624800
2009-05-07,3.883333,3.883333,3.583333,3.613333,3.613333,1086900
2009-05-08,3.670000,3.770000,3.523333,3.660000,3.660000,958200
2009-05-11,3.580000,3.606667,3.343333,3.400000,3.400000,1861500
2009-05-12,3.403333,3.453333,3.220000,3.313333,3.313333,946500
2009-05-13,3.260000,3.260000,2.923333,3.010000,3.010000,1574700
2009-05-14,3.013333,3.213333,2.990000,3.090000,3.090000,1436400
2009-05-15,3.066667,3.206667,3.026667,3.093333,3.093333,822900
2009-05-18,3.120000,3.190000,3.040000,3.123333,3.123333,1106400
2009-05-19,3.120000,3.230000,3.083333,3.123333,3.123333,841500
2009-05-20,3.170000,3.406667,3.160000,3.206667,3.206667,1236300
2009-05-21,3.180000,3.233333,3.056667,3.110000,3.110000,838800
2009-05-22,3.116667,3.116667,2.966667,3.013333,3.013333,753900
2009-05-26,2.996667,3.196667,2.963333,3.193333,3.193333,948600
2009-05-27,3.176667,3.300000,3.136667,3.220000,3.220000,1067400
2009-05-28,3.263333,3.296667,3.096667,3.153333,3.153333,1027500
2009-05-29,3.176667,3.216667,3.083333,3.166667,3.166667,974700
2009-06-01,3.216667,3.483333,3.216667,3.400000,3.400000,2371200
2009-06-02,3.403333,3.493333,3.340000,3.430000,3.430000,1273800
2009-06-03,3.426667,3.443333,3.320000,3.353333,3.353333,945600
2009-06-04,3.320000,3.356667,3.240000,3.310000,3.310000,871500
2009-06-05,3.326667,3.420000,3.203333,3.246667,3.246667,749700
2009-06-08,3.236667,3.333333,3.176667,3.206667,3.206667,1016400
2009-06-09,3.223333,3.236667,3.153333,3.156667,3.156667,875400
2009-06-10,3.183333,3.220000,3.026667,3.090000,3.090000,973800
2009-06-11,3.086667,3.286667,3.083333,3.180000,3.180000,1098300
2009-06-12,3.153333,3.193333,3.123333,3.193333,3.193333,785100
2009-06-15,3.103333,3.183333,3.083333,3.176667,3.176667,792300
2009-06-16,3.193333,3.230000,3.106667,3.123333,3.123333,718200
2009-06-17,3.133333,3.163333,3.040000,3.123333,3.123333,501000
2009-06-18,3.096667,3.156667,3.046667,3.120000,3.120000,561000
2009-06-19,3.150000,3.293333,3.150000,3.260000,3.260000,1551900
2009-06-22,3.243333,3.243333,3.120000,3.130000,3.130000,1062600
2009-06-23,3.140000,3.140000,3.056667,3.070000,3.070000,1398300
2009-06-24,3.080000,3.116667,2.990000,3.003333,3.003333,2924400
2009-06-25,3.003333,3.073333,2.926667,3.073333,3.073333,998400
2009-06-26,3.090000,3.160000,2.996667,3.140000,3.140000,1441500
2009-06-29,3.103333,3.236667,3.090000,3.206667,3.206667,1107900
2009-06-30,3.216667,3.313333,3.170000,3.256667,3.256667,794700
2009-07-01,3.286667,3.400000,3.256667,3.326667,3.326667,2166600
2009-07-02,3.300000,3.340000,3.050000,3.050000,3.050000,1021500
2009-07-06,3.066667,3.110000,3.000000,3.056667,3.056667,1004700
2009-07-07,3.066667,3.230000,3.036667,3.100000,3.100000,1430400
2009-07-08,3.113333,3.113333,3.000000,3.050000,3.050000,1612200
2009-07-09,3.066667,3.073333,2.983333,3.010000,3.010000,840600
2009-07-10,3.000000,3.136667,2.983333,3.123333,3.123333,1651500
2009-07-13,3.126667,3.546667,3.116667,3.460000,3.460000,3929700
2009-07-14,3.433333,3.523333,3.356667,3.476667,3.476667,1533300
2009-07-15,3.533333,3.856667,3.410000,3.813333,3.813333,2762400
2009-07-16,3.806667,3.966667,3.766667,3.900000,3.900000,3045900
2009-07-17,3.910000,4.063333,3.860000,3.890000,3.890000,2115300
2009-07-20,4.023333,4.153333,3.990000,4.083333,4.083333,2414400
2009-07-21,4.090000,4.110000,3.846667,3.966667,3.966667,2472600
2009-07-22,3.963333,3.983333,3.796667,3.940000,3.940000,2610300
2009-07-23,4.063333,4.720000,4.053333,4.650000,4.650000,8022000
2009-07-24,4.600000,4.650000,4.460000,4.583333,4.583333,1740900
2009-07-27,4.573333,4.633333,4.416667,4.570000,4.570000,1310700
2009-07-28,4.570000,4.650000,4.456667,4.630000,4.630000,1132800
2009-07-29,4.606667,4.716667,4.500000,4.540000,4.540000,1337700
2009-07-30,4.566667,4.740000,4.550000,4.666667,4.666667,1840800
2009-07-31,4.646667,4.770000,4.603333,4.610000,4.610000,1458300
2009-08-03,4.633333,4.810000,4.606667,4.806667,4.806667,1749600
2009-08-04,4.766667,4.813333,4.683333,4.703333,4.703333,1610700
2009-08-05,4.693333,4.706667,4.563333,4.633333,4.633333,1332300
2009-08-06,4.640000,4.726667,4.576667,4.700000,4.700000,1367700
2009-08-07,4.746667,4.956667,4.690000,4.933333,4.933333,1334700
2009-08-10,5.303333,5.303333,4.993333,5.036667,5.036667,2924400
2009-08-11,4.940000,5.113333,4.770000,5.080000,5.080000,1958700
2009-08-12,5.090000,5.200000,5.030000,5.056667,5.056667,1433100
2009-08-13,5.100000,5.100000,4.843333,5.000000,5.000000,1811400
2009-08-14,4.970000,5.096667,4.833333,4.866667,4.866667,1488600
2009-08-17,4.743333,4.916667,4.600000,4.796667,4.796667,2445300
2009-08-18,4.810000,5.053333,4.810000,5.023333,5.023333,2057400
2009-08-19,4.953333,5.050000,4.866667,4.970000,4.970000,1713300
2009-08-20,4.956667,5.073333,4.910000,5.050000,5.050000,1492200
2009-08-21,5.100000,5.253333,5.060000,5.240000,5.240000,1746900
2009-08-24,5.236667,5.266667,5.090000,5.140000,5.140000,1329300
2009-08-25,5.166667,5.236667,5.140000,5.183333,5.183333,1661100
2009-08-26,5.163333,5.520000,5.156667,5.506667,5.506667,2673900
2009-08-27,5.523333,5.813333,5.370000,5.786667,5.786667,2362800
2009-08-28,5.850000,5.960000,5.680000,5.893333,5.893333,2022900
2009-08-31,5.860000,5.950000,5.773333,5.936667,5.936667,2646300
2009-09-01,5.913333,6.000000,5.756667,5.810000,5.810000,2674200
2009-09-02,5.706667,5.873333,5.696667,5.790000,5.790000,2881500
2009-09-03,5.806667,5.990000,5.756667,5.990000,5.990000,1604400
2009-09-04,5.990000,6.080000,5.850000,6.003333,6.003333,1193400
2009-09-08,6.033333,6.286667,6.033333,6.170000,6.170000,2264100
2009-09-09,6.170000,6.233333,5.936667,5.990000,5.990000,3335400
2009-09-10,5.936667,6.000000,5.833333,5.890000,5.890000,2052600
2009-09-11,5.893333,6.026667,5.873333,5.950000,5.950000,750300
2009-09-14,5.916667,6.130000,5.893333,6.110000,6.110000,1370400
2009-09-15,6.110000,6.246667,6.110000,6.180000,6.180000,1922400
2009-09-16,6.216667,6.346667,6.216667,6.323333,6.323333,1543200
2009-09-17,6.323333,6.420000,6.183333,6.223333,6.223333,1118400
2009-09-18,6.263333,6.336667,6.146667,6.216667,6.216667,1838400
2009-09-21,6.176667,6.286667,6.080000,6.253333,6.253333,1254900
2009-09-22,6.293333,6.323333,6.136667,6.143333,6.143333,1067100
2009-09-23,6.170000,6.223333,5.963333,5.973333,5.973333,1554900
2009-09-24,5.963333,6.056667,5.643333,5.726667,5.726667,3113100
2009-09-25,5.696667,5.723333,5.560000,5.590000,5.590000,1752300
2009-09-28,5.603333,5.733333,5.603333,5.730000,5.730000,1328700
2009-09-29,5.763333,5.846667,5.703333,5.790000,5.790000,1382400
2009-09-30,5.763333,5.810000,5.626667,5.713333,5.713333,1601100
2009-10-01,5.696667,5.730000,5.550000,5.590000,5.590000,1981200
2009-10-02,5.496667,5.783333,5.463333,5.610000,5.610000,2388000
2009-10-05,5.596667,5.893333,5.596667,5.860000,5.860000,1889400
2009-10-06,5.943333,6.143333,5.703333,6.060000,6.060000,1755000
2009-10-07,6.066667,6.350000,5.966667,6.300000,6.300000,2249700
2009-10-08,6.360000,6.496667,6.276667,6.460000,6.460000,1605900
2009-10-09,6.436667,6.703333,6.353333,6.700000,6.700000,2531100
2009-10-12,6.760000,6.760000,6.600000,6.650000,6.650000,1760700
2009-10-13,6.610000,6.836667,6.566667,6.786667,6.786667,1580400
2009-10-14,6.913333,6.936667,6.793333,6.920000,6.920000,979800
2009-10-15,6.860000,7.130000,6.816667,7.130000,7.130000,1700400
2009-10-16,7.063333,7.350000,7.033333,7.333333,7.333333,2943900
2009-10-19,7.363333,7.550000,7.280000,7.510000,7.510000,3024600
2009-10-20,7.576667,7.796667,7.236667,7.423333,7.423333,7516200
2009-10-21,7.420000,7.473333,7.186667,7.206667,7.206667,4294800
2009-10-22,7.833333,8.360000,7.696667,8.240000,8.240000,12136500
2009-10-23,8.243333,8.433333,8.076667,8.146667,8.146667,2909100
2009-10-26,8.200000,8.333333,7.840000,7.860000,7.860000,2985000
2009-10-27,7.903333,8.173333,7.876667,7.966667,7.966667,2873100
2009-10-28,7.966667,8.000000,7.163333,7.303333,7.303333,4423200
2009-10-29,7.366667,7.696667,7.353333,7.563333,7.563333,2199900
2009-10-30,7.580000,7.580000,7.213333,7.273333,7.273333,2213700
2009-11-02,7.336667,7.490000,7.066667,7.336667,7.336667,2042700
2009-11-03,7.283333,7.603333,7.240000,7.496667,7.496667,2328600
2009-11-04,7.550000,7.623333,7.400000,7.423333,7.423333,2226300
2009-11-05,7.503333,7.686667,7.470000,7.583333,7.583333,1146600
2009-11-06,7.483333,7.616667,7.353333,7.600000,7.600000,1162800
2009-11-09,7.636667,7.913333,7.636667,7.893333,7.893333,1358400
2009-11-10,7.880000,8.060000,7.813333,7.833333,7.833333,1386300
2009-11-11,7.963333,8.123333,7.920000,8.106667,8.106667,2337000
2009-11-12,8.073333,8.126667,7.773333,7.816667,7.816667,1388100
2009-11-13,7.856667,7.980000,7.806667,7.916667,7.916667,1330800
2009-11-16,7.973333,8.273333,7.973333,8.013333,8.013333,2277300
2009-11-17,8.003333,8.080000,7.920000,7.963333,7.963333,1662900
2009-11-18,7.963333,8.023333,7.826667,7.893333,7.893333,1491000
2009-11-19,7.813333,7.853333,7.593333,7.676667,7.676667,1747500
2009-11-20,7.610000,7.643333,7.443333,7.540000,7.540000,1476300
2009-11-23,7.643333,7.746667,7.450000,7.510000,7.510000,2050500
2009-11-24,7.493333,7.560000,7.403333,7.446667,7.446667,1838400
2009-11-25,7.456667,7.696667,7.446667,7.593333,7.593333,1695300
2009-11-27,7.366667,7.666667,7.276667,7.493333,7.493333,1100100
2009-11-30,7.443333,7.470000,7.206667,7.360000,7.360000,2614200
2009-12-01,7.480000,7.676667,7.386667,7.640000,7.640000,2509800
2009-12-02,7.666667,8.120000,7.613333,8.106667,8.106667,4528200
2009-12-03,8.106667,8.266667,7.893333,7.936667,7.936667,1704300
2009-12-04,7.986667,8.330000,7.986667,8.183333,8.183333,3922800
2009-12-07,8.176667,8.220000,8.100000,8.183333,8.183333,1416300
2009-12-08,8.133333,8.410000,8.003333,8.290000,8.290000,3759900
2009-12-09,8.326667,8.383333,8.230000,8.363333,8.363333,2942400
2009-12-10,8.413333,8.846667,8.413333,8.630000,8.630000,3906300
2009-12-11,8.726667,9.050000,8.636667,9.000000,9.000000,3673800
2009-12-14,9.056667,9.283333,8.980000,9.266667,9.266667,2972400
2009-12-15,9.273333,9.483333,9.233333,9.303333,9.303333,2182500
2009-12-16,9.410000,9.516667,9.250000,9.353333,9.353333,2256600
2009-12-17,9.296667,9.663333,9.220000,9.646667,9.646667,2477700
2009-12-18,9.666667,9.750000,8.896667,9.333333,9.333333,6125700
2009-12-21,9.450000,9.633333,9.353333,9.583333,9.583333,2735400
2009-12-22,9.580000,9.666667,9.470000,9.606667,9.606667,2187900
2009-12-23,9.650000,9.710000,9.473333,9.513333,9.513333,3040200
2009-12-24,9.500000,9.630000,9.500000,9.570000,9.570000,1019400
2009-12-28,9.643333,9.790000,9.456667,9.550000,9.550000,2424900
2009-12-29,9.560000,9.686667,9.550000,9.673333,9.673333,1463700
2009-12-30,9.633333,9.860000,9.550000,9.833333,9.833333,2314500
2009-12-31,9.876667,10.000000,9.800000,9.803333,9.803333,1663500
2010-01-04,9.916667,9.970000,9.736667,9.753333,9.753333,1833300
2010-01-05,9.683333,9.943333,9.670000,9.746667,9.746667,1401600
2010-01-06,9.750000,9.816667,9.566667,9.743333,9.743333,2129400
2010-01-07,9.666667,9.986667,9.643333,9.913333,9.913333,1934400
2010-01-08,9.933333,9.936667,9.693333,9.763333,9.763333,1699500
2010-01-11,9.780000,9.870000,9.706667,9.810000,9.810000,1687200
2010-01-12,10.203333,10.266667,9.100000,9.476667,9.476667,7187100
2010-01-13,9.490000,10.403333,9.490000,10.316667,10.316667,6208800
2010-01-14,10.323333,10.483333,10.246667,10.406667,10.406667,3309300
2010-01-15,10.396667,10.540000,10.243333,10.280000,10.280000,3103800
2010-01-19,10.280000,10.466667,10.190000,10.316667,10.316667,1492200
2010-01-20,10.236667,10.333333,10.003333,10.126667,10.126667,1862100
2010-01-21,10.163333,10.176667,9.756667,9.763333,9.763333,1657800
2010-01-22,9.733333,10.140000,9.660000,9.783333,9.783333,2664600
2010-01-25,9.853333,9.890000,9.503333,9.540000,9.540000,1924200
2010-01-26,9.433333,9.600000,9.363333,9.383333,9.383333,2320500
2010-01-27,9.340000,9.616667,9.220000,9.573333,9.573333,1708500
2010-01-28,9.563333,9.600000,9.370000,9.410000,9.410000,1134900
2010-01-29,9.470000,9.606667,9.220000,9.353333,9.353333,2157600
2010-02-01,9.383333,9.430000,9.210000,9.293333,9.293333,1509600
2010-02-02,9.280000,10.023333,9.280000,9.926667,9.926667,3098100
2010-02-03,9.900000,9.916667,9.460000,9.533333,9.533333,1779600
2010-02-04,9.463333,9.530000,9.103333,9.160000,9.160000,2867100
2010-02-05,9.156667,9.256667,8.920000,9.203333,9.203333,1885800
2010-02-08,9.220000,9.400000,9.060000,9.083333,9.083333,1788300
2010-02-09,9.193333,9.440000,9.163333,9.296667,9.296667,1829100
2010-02-10,9.416667,9.450000,9.126667,9.133333,9.133333,1351500
2010-02-11,9.133333,9.213333,9.023333,9.190000,9.190000,1659600
2010-02-12,9.076667,9.386667,8.983333,9.386667,9.386667,1779900
2010-02-16,9.543333,9.700000,9.436667,9.696667,9.696667,1529400
2010-02-17,9.726667,10.156667,9.726667,10.030000,10.030000,4642500
2010-02-18,10.083333,10.290000,9.620000,10.000000,10.000000,4305300
2010-02-19,9.930000,10.236667,9.930000,10.070000,10.070000,2579700
2010-02-22,10.170000,10.223333,9.953333,10.010000,10.010000,1990200
2010-02-23,9.966667,10.020000,9.713333,9.780000,9.780000,1906500
2010-02-24,9.810000,10.050000,9.800000,9.906667,9.906667,1480200
2010-02-25,9.766667,10.196667,9.716667,10.176667,10.176667,2008800
2010-02-26,10.210000,10.313333,10.123333,10.243333,10.243333,1464000
2010-03-01,10.310000,10.623333,10.270000,10.583333,10.583333,1408200
2010-03-02,10.643333,10.663333,10.473333,10.550000,10.550000,1445100
2010-03-03,10.510000,10.550000,10.340000,10.356667,10.356667,814500
2010-03-04,10.293333,10.390000,10.100000,10.286667,10.286667,1805100
2010-03-05,10.363333,10.383333,10.220000,10.293333,10.293333,1863000
2010-03-08,10.323333,10.390000,10.076667,10.086667,10.086667,2294700
2010-03-09,10.490000,10.910000,10.333333,10.823333,10.823333,7493100
2010-03-10,10.906667,11.166667,10.860000,11.080000,11.080000,3561000
2010-03-11,11.073333,11.250000,10.916667,11.230000,11.230000,2732100
2010-03-12,11.300000,11.333333,10.916667,11.063333,11.063333,3151200
2010-03-15,11.080000,11.220000,10.976667,11.196667,11.196667,1604100
2010-03-16,11.216667,11.400000,11.140000,11.270000,11.270000,1782000
2010-03-17,11.313333,11.416667,11.230000,11.310000,11.310000,1588800
2010-03-18,11.363333,11.500000,11.220000,11.353333,11.353333,2137800
2010-03-19,11.003333,11.353333,10.996667,11.003333,11.003333,2396700
2010-03-22,10.916667,11.316667,10.690000,11.313333,11.313333,2043000
2010-03-23,11.430000,11.910000,11.343333,11.853333,11.853333,4713900
2010-03-24,11.853333,11.980000,11.746667,11.810000,11.810000,2485500
2010-03-25,12.026667,12.423333,11.900000,12.076667,12.076667,3791400
2010-03-26,12.140000,12.580000,12.106667,12.466667,12.466667,3694500
2010-03-29,12.560000,12.566667,12.123333,12.276667,12.276667,3783900
2010-03-30,12.326667,12.346667,11.953333,12.276667,12.276667,2309700
2010-03-31,12.236667,12.236667,12.010000,12.106667,12.106667,2428200
2010-04-01,12.160000,12.590000,12.040000,12.340000,12.340000,3945300
2010-04-05,12.460000,12.580000,12.343333,12.423333,12.423333,2035800
2010-04-06,12.383333,12.586667,12.353333,12.483333,12.483333,1185300
2010-04-07,12.490000,12.696667,12.430000,12.483333,12.483333,2272800
2010-04-08,12.543333,12.880000,12.396667,12.846667,12.846667,2561100
2010-04-09,12.846667,12.990000,12.693333,12.920000,12.920000,1935300
2010-04-12,12.910000,12.940000,12.696667,12.910000,12.910000,2371500
2010-04-13,12.913333,12.976667,12.566667,12.843333,12.843333,4274400
2010-04-14,12.900000,13.180000,12.810000,13.143333,13.143333,2482500
2010-04-15,13.163333,13.380000,13.083333,13.350000,13.350000,3048900
2010-04-16,13.300000,13.423333,12.776667,12.910000,12.910000,3150600
2010-04-19,12.883333,13.103333,12.430000,12.586667,12.586667,3190800
2010-04-20,12.723333,12.996667,12.566667,12.953333,12.953333,3151500
2010-04-21,13.010000,13.383333,12.933333,13.303333,13.303333,2581200
2010-04-22,13.160000,13.576667,13.030000,13.533333,13.533333,2732400
2010-04-23,13.600000,13.996667,13.480000,13.833333,13.833333,3519600
2010-04-26,13.896667,14.133333,13.793333,13.873333,13.873333,3117300
2010-04-27,13.893333,14.000000,13.366667,13.563333,13.563333,2614200
2010-04-28,13.710000,13.766667,13.203333,13.433333,13.433333,4742100
2010-04-29,13.410000,13.650000,12.620000,13.396667,13.396667,9944100
2010-04-30,13.460000,13.630000,12.746667,12.783333,12.783333,4987800
2010-05-03,12.976667,13.336667,12.900000,13.236667,13.236667,2805600
2010-05-04,13.043333,13.043333,12.196667,12.360000,12.360000,4568100
2010-05-05,12.190000,12.820000,11.833333,12.506667,12.506667,3900900
2010-05-06,12.450000,12.646667,10.870000,11.930000,11.930000,5088300
2010-05-07,11.796667,12.080000,11.186667,11.363333,11.363333,4293300
2010-05-10,12.156667,12.156667,11.650000,12.110000,12.110000,4020300
2010-05-11,11.976667,12.883333,11.840000,12.663333,12.663333,4887000
2010-05-12,12.683333,13.200000,12.666667,13.166667,13.166667,3027000
2010-05-13,13.356667,13.393333,12.660000,12.770000,12.770000,2588700
2010-05-14,12.626667,12.696667,12.146667,12.296667,12.296667,3024900
2010-05-17,12.356667,12.573333,11.946667,12.526667,12.526667,2737500
2010-05-18,12.683333,12.896667,12.110000,12.196667,12.196667,2722200
2010-05-19,12.053333,12.323333,11.726667,11.940000,11.940000,2218500
2010-05-20,11.596667,11.786667,11.186667,11.406667,11.406667,3502200
2010-05-21,11.173333,12.066667,11.060000,11.946667,11.946667,3941400
2010-05-24,11.950000,12.320000,11.856667,11.900000,11.900000,2341200
2010-05-25,11.176667,12.050000,11.166667,11.966667,11.966667,2369400
2010-05-26,12.160000,12.483333,12.140000,12.313333,12.313333,3305100
2010-05-27,12.533333,12.750000,12.420000,12.750000,12.750000,1689900
2010-05-28,12.850000,12.850000,12.376667,12.560000,12.560000,1380300
2010-06-01,12.553333,12.673333,12.033333,12.046667,12.046667,2224500
2010-06-02,12.276667,12.276667,11.866667,12.116667,12.116667,3663600
2010-06-03,12.343333,12.413333,12.116667,12.353333,12.353333,2640900
2010-06-04,12.033333,12.143333,11.646667,11.760000,11.760000,2633400
2010-06-07,11.840000,12.026667,11.530000,11.553333,11.553333,3094200
2010-06-08,11.616667,11.883333,11.336667,11.856667,11.856667,3675000
2010-06-09,11.963333,12.803333,11.963333,12.250000,12.250000,5601300
2010-06-10,12.556667,13.333333,12.556667,13.233333,13.233333,6156300
2010-06-11,13.060000,13.853333,12.913333,13.570000,13.570000,5048700
2010-06-14,13.820000,13.993333,13.693333,13.773333,13.773333,3656700
2010-06-15,13.976667,14.366667,13.633333,14.296667,14.296667,4383300
2010-06-16,14.226667,14.590000,14.016667,14.320000,14.320000,4291800
2010-06-17,14.346667,14.393333,13.946667,14.013333,14.013333,4008000
2010-06-18,14.260000,14.763333,14.183333,14.616667,14.616667,5289000
2010-06-21,14.963333,14.966667,14.033333,14.170000,14.170000,4151400
2010-06-22,14.193333,14.520000,13.683333,13.783333,13.783333,4480500
2010-06-23,13.873333,13.943333,13.523333,13.723333,13.723333,2966100
2010-06-24,13.570000,13.683333,13.190000,13.243333,13.243333,4031100
2010-06-25,13.280000,13.620000,13.200000,13.350000,13.350000,5335800
2010-06-28,13.403333,13.703333,13.193333,13.386667,13.386667,2757000
2010-06-29,13.166667,13.166667,11.880000,12.030000,12.030000,8033700
2010-06-30,12.066667,12.516667,11.856667,12.173333,12.173333,4343100
2010-07-01,12.160000,12.413333,11.750000,12.213333,12.213333,4138200
2010-07-02,12.293333,12.726667,12.216667,12.680000,12.680000,5933100
2010-07-06,12.993333,13.400000,12.033333,12.266667,12.266667,7967700
2010-07-07,12.270000,12.390000,11.996667,12.356667,12.356667,5458800
2010-07-08,12.576667,12.743333,12.250000,12.603333,12.603333,3871800
2010-07-09,12.670000,12.683333,12.283333,12.566667,12.566667,2980200
2010-07-12,12.506667,12.650000,11.526667,11.686667,11.686667,8178900
2010-07-13,11.863333,12.140000,11.833333,12.023333,12.023333,5816100
2010-07-14,12.033333,12.033333,11.230000,11.590000,11.590000,7807200
2010-07-15,11.560000,11.566667,11.036667,11.306667,11.306667,5618400
2010-07-16,11.213333,11.266667,10.610000,10.696667,10.696667,5553300
2010-07-19,10.773333,11.113333,10.606667,10.743333,10.743333,4650600
2010-07-20,10.613333,11.596667,10.543333,11.526667,11.526667,6141000
2010-07-21,11.643333,11.820000,11.316667,11.476667,11.476667,4259100
2010-07-22,11.786667,11.936667,11.323333,11.700000,11.700000,5050200
2010-07-23,11.600000,11.726667,11.026667,11.203333,11.203333,9261900
2010-07-26,11.246667,12.003333,11.133333,11.996667,11.996667,5309100
2010-07-27,12.153333,12.326667,11.643333,11.823333,11.823333,4480500
2010-07-28,11.780000,11.993333,11.666667,11.736667,11.736667,7922100
2010-07-29,12.973333,12.973333,11.853333,12.453333,12.453333,17850000
2010-07-30,12.333333,12.643333,12.213333,12.363333,12.363333,5581200
2010-08-02,12.580000,12.726667,11.906667,12.090000,12.090000,6593700
2010-08-03,11.983333,12.086667,11.063333,11.133333,11.133333,9795600
2010-08-04,11.250000,11.583333,11.170000,11.373333,11.373333,4934100
2010-08-05,11.376667,11.406667,11.023333,11.043333,11.043333,3327600
2010-08-06,10.870000,11.133333,10.816667,11.036667,11.036667,4008000
2010-08-09,11.170000,11.170000,10.000000,10.066667,10.066667,12822900
2010-08-10,10.083333,10.150000,9.536667,9.983333,9.983333,9514200
2010-08-11,9.743333,9.743333,9.250000,9.556667,9.556667,8310300
2010-08-12,9.316667,9.723333,9.303333,9.636667,9.636667,4805100
2010-08-13,9.566667,9.606667,9.076667,9.130000,9.130000,5233800
2010-08-16,9.043333,9.256667,8.960000,9.070000,9.070000,3164400
2010-08-17,9.080000,9.583333,9.040000,9.413333,9.413333,5149200
2010-08-18,9.370000,9.983333,9.370000,9.770000,9.770000,9753300
2010-08-19,9.753333,9.766667,9.250000,9.480000,9.480000,6381000
2010-08-20,9.396667,9.500000,9.266667,9.440000,9.440000,4089000
2010-08-23,9.570000,9.703333,9.110000,9.146667,9.146667,4787700
2010-08-24,8.936667,9.106667,8.750000,8.803333,8.803333,6349800
2010-08-25,8.663333,9.023333,8.553333,8.896667,8.896667,6825600
2010-08-26,8.993333,9.276667,8.650000,8.666667,8.666667,5369100
2010-08-27,8.773333,8.950000,8.440000,8.786667,8.786667,3643200
2010-08-30,8.696667,8.916667,8.530000,8.553333,8.553333,3030900
2010-08-31,8.520000,8.713333,8.280000,8.490000,8.490000,6322500
2010-09-01,8.596667,8.996667,8.596667,8.946667,8.946667,4596300
2010-09-02,9.040000,9.163333,8.896667,9.060000,9.060000,3763500
2010-09-03,9.183333,9.416667,9.076667,9.166667,9.166667,4788600
2010-09-07,9.263333,9.273333,8.823333,8.833333,8.833333,3544800
2010-09-08,8.890000,8.993333,8.683333,8.780000,8.780000,2714400
2010-09-09,8.900000,8.950000,7.450000,7.673333,7.673333,28309200
2010-09-10,7.763333,8.080000,7.593333,7.613333,7.613333,15333000
2010-09-13,7.690000,7.780000,7.276667,7.616667,7.616667,11870100
2010-09-14,7.633333,7.876667,7.543333,7.640000,7.640000,7228200
2010-09-15,7.630000,7.900000,7.606667,7.770000,7.770000,4635600
2010-09-16,7.706667,7.820000,7.616667,7.740000,7.740000,2692800
2010-09-17,7.750000,7.933333,7.710000,7.916667,7.916667,4512300
2010-09-20,8.136667,8.173333,7.806667,8.006667,8.006667,6671100
2010-09-21,7.956667,7.970000,7.676667,7.726667,7.726667,8433600
2010-09-22,7.663333,7.776667,7.196667,7.243333,7.243333,12392100
2010-09-23,7.156667,7.476667,7.073333,7.220000,7.220000,8699400
2010-09-24,7.283333,7.463333,7.220000,7.370000,7.370000,6649500
2010-09-27,7.390000,7.583333,7.366667,7.570000,7.570000,4192500
2010-09-28,7.563333,7.650000,7.296667,7.633333,7.633333,5284800
2010-09-29,7.573333,7.596667,7.396667,7.500000,7.500000,5697900
2010-09-30,7.546667,7.883333,7.520000,7.830000,7.830000,6363300
2010-10-01,7.883333,7.883333,7.450000,7.520000,7.520000,6508800
2010-10-04,7.453333,7.580000,7.326667,7.526667,7.526667,4355400
2010-10-05,7.590000,8.140000,7.566667,8.110000,8.110000,7790400
2010-10-06,8.100000,8.100000,7.643333,7.900000,7.900000,9084000
2010-10-07,7.960000,8.236667,7.946667,8.083333,8.083333,6788100
2010-10-08,8.086667,8.543333,8.083333,8.473333,8.473333,5893500
2010-10-11,8.500000,8.633333,8.303333,8.420000,8.420000,4123800
2010-10-12,8.376667,8.583333,8.263333,8.500000,8.500000,4971600
2010-10-13,8.650000,8.750000,8.356667,8.370000,8.370000,5118300
2010-10-14,8.356667,8.366667,7.970000,8.166667,8.166667,5976300
2010-10-15,8.330000,8.333333,8.160000,8.260000,8.260000,5766600
2010-10-18,8.286667,8.316667,8.166667,8.263333,8.263333,4310700
2010-10-19,8.163333,8.620000,8.126667,8.493333,8.493333,10277100
2010-10-20,8.506667,8.526667,8.020000,8.033333,8.033333,9326100
2010-10-21,8.040000,8.140000,7.683333,7.863333,7.863333,6860700
2010-10-22,7.906667,8.133333,7.783333,7.930000,7.930000,4629000
2010-10-25,8.000000,8.060000,7.883333,7.963333,7.963333,4453500
2010-10-26,7.843333,8.130000,7.690000,8.030000,8.030000,7137600
2010-10-27,8.003333,8.030000,7.743333,7.876667,7.876667,10503600
2010-10-28,6.583333,6.650000,6.333333,6.443333,6.443333,40178100
2010-10-29,6.430000,6.683333,6.370000,6.480000,6.480000,11438400
2010-11-01,6.543333,6.566667,6.353333,6.413333,6.413333,8395500
2010-11-02,6.476667,6.616667,6.376667,6.563333,6.563333,7290000
2010-11-03,6.570000,6.613333,6.420000,6.533333,6.533333,6301200
2010-11-04,6.633333,6.946667,6.570000,6.926667,6.926667,9976500
2010-11-05,6.936667,6.960000,6.803333,6.926667,6.926667,5611800
2010-11-08,6.946667,7.160000,6.816667,7.136667,7.136667,9114300
2010-11-09,7.166667,7.300000,7.003333,7.053333,7.053333,6175800
2010-11-10,7.080000,7.140000,6.850000,7.006667,7.006667,4265700
2010-11-11,6.930000,7.106667,6.866667,7.010000,7.010000,3304200
2010-11-12,6.916667,6.983333,6.703333,6.756667,6.756667,3692100
2010-11-15,6.783333,6.916667,6.770000,6.770000,6.770000,2807100
2010-11-16,6.696667,6.790000,6.626667,6.790000,6.790000,3835200
2010-11-17,6.826667,7.026667,6.800000,6.866667,6.866667,3500100
2010-11-18,6.983333,6.993333,6.816667,6.846667,6.846667,3792600
2010-11-19,6.876667,7.296667,6.873333,7.180000,7.180000,5732400
2010-11-22,7.270000,7.270000,7.053333,7.186667,7.186667,4024200
2010-11-23,7.120000,7.473333,7.090000,7.280000,7.280000,4344300
2010-11-24,7.376667,7.700000,7.376667,7.686667,7.686667,5305800
2010-11-26,7.630000,7.716667,7.540000,7.560000,7.560000,1714200
2010-11-29,7.513333,7.650000,7.313333,7.603333,7.603333,3400200
2010-11-30,7.516667,7.916667,7.433333,7.696667,7.696667,4993800
2010-12-01,7.833333,7.916667,7.623333,7.690000,7.690000,3318600
2010-12-02,7.693333,7.696667,7.416667,7.596667,7.596667,7445100
2010-12-03,7.520000,7.616667,7.416667,7.460000,7.460000,3596100
2010-12-06,7.420000,7.453333,7.150000,7.253333,7.253333,5368500
2010-12-07,7.336667,7.410000,7.133333,7.176667,7.176667,4347900
2010-12-08,7.170000,7.246667,7.066667,7.110000,7.110000,4977900
2010-12-09,7.133333,7.270000,7.073333,7.176667,7.176667,3134400
2010-12-10,7.196667,7.470000,7.123333,7.343333,7.343333,4832100
2010-12-13,7.393333,7.446667,7.293333,7.383333,7.383333,2833500
2010-12-14,7.406667,7.413333,7.233333,7.240000,7.240000,2189100
2010-12-15,7.250000,7.326667,7.060000,7.080000,7.080000,4541400
2010-12-16,7.096667,7.200000,7.090000,7.110000,7.110000,3046800
2010-12-17,7.160000,7.180000,7.083333,7.113333,7.113333,4770000
2010-12-20,7.143333,7.143333,7.003333,7.080000,7.080000,3415200
2010-12-21,6.603333,6.713333,6.403333,6.533333,6.533333,18448800
2010-12-22,6.496667,6.543333,6.416667,6.470000,6.470000,5205600
2010-12-23,6.480000,6.730000,6.480000,6.626667,6.626667,6243900
2010-12-27,6.596667,6.686667,6.553333,6.663333,6.663333,2192100
2010-12-28,6.666667,6.766667,6.613333,6.613333,6.613333,3533100
2010-12-29,6.616667,6.703333,6.600000,6.663333,6.663333,2315700
2010-12-30,6.650000,6.733333,6.640000,6.686667,6.686667,3321300
2010-12-31,6.670000,6.716667,6.600000,6.666667,6.666667,3584700
2011-01-03,6.716667,6.920000,6.676667,6.856667,6.856667,3503100
2011-01-04,6.896667,6.976667,6.423333,6.520000,6.520000,7162200
2011-01-05,6.526667,6.666667,6.466667,6.636667,6.636667,5546700
2011-01-06,6.660000,6.800000,6.576667,6.680000,6.680000,5015100
2011-01-07,6.693333,6.776667,6.656667,6.730000,6.730000,4231500
2011-01-10,6.710000,6.933333,6.666667,6.890000,6.890000,4411200
2011-01-11,6.943333,6.996667,6.773333,6.863333,6.863333,2449200
2011-01-12,6.923333,7.060000,6.893333,6.970000,6.970000,3239100
2011-01-13,6.963333,7.333333,6.863333,7.243333,7.243333,6664500
2011-01-14,7.220000,7.320000,7.070000,7.303333,7.303333,3723900
2011-01-18,7.330000,7.330000,7.170000,7.250000,7.250000,2781900
2011-01-19,7.256667,7.256667,7.046667,7.113333,7.113333,2638500
2011-01-20,7.053333,7.206667,6.973333,7.130000,7.130000,2213100
2011-01-21,7.150000,7.183333,7.033333,7.096667,7.096667,2521500
2011-01-24,7.146667,7.160000,6.990000,7.053333,7.053333,3154200
2011-01-25,7.000000,7.080000,6.966667,7.050000,7.050000,2309700
2011-01-26,7.050000,7.090000,6.970000,7.010000,7.010000,3797100
2011-01-27,7.036667,7.250000,7.020000,7.140000,7.140000,2826600
2011-01-28,7.183333,7.290000,6.973333,7.000000,7.000000,3374700
2011-01-31,7.030000,7.056667,6.850000,6.856667,6.856667,2100300
2011-02-01,6.876667,7.093333,6.866667,7.000000,7.000000,2755200
2011-02-02,6.996667,7.153333,6.926667,7.113333,7.113333,3402600
2011-02-03,7.126667,7.436667,7.126667,7.376667,7.376667,4849500
2011-02-04,7.380000,7.653333,7.306667,7.603333,7.603333,3922800
2011-02-07,7.640000,7.833333,7.616667,7.803333,7.803333,5147400
2011-02-08,7.810000,7.830000,7.666667,7.816667,7.816667,2328900
2011-02-09,7.810000,7.886667,7.553333,7.620000,7.620000,3239400
2011-02-10,7.573333,7.690000,7.466667,7.573333,7.573333,2546700
2011-02-11,7.560000,7.566667,7.440000,7.473333,7.473333,2779500
2011-02-14,7.483333,7.690000,7.416667,7.530000,7.530000,3420600
2011-02-15,7.516667,7.533333,7.313333,7.346667,7.346667,5062200
2011-02-16,7.353333,7.526667,7.230000,7.356667,7.356667,5464500
2011-02-17,6.966667,7.750000,6.950000,7.353333,7.353333,14652600
2011-02-18,7.343333,7.373333,7.133333,7.210000,7.210000,5397900
2011-02-22,7.136667,7.226667,6.790000,6.833333,6.833333,5827200
2011-02-23,6.836667,6.930000,6.670000,6.706667,6.706667,3494100
2011-02-24,6.683333,6.920000,6.676667,6.893333,6.893333,3205800
2011-02-25,6.940000,7.026667,6.803333,6.990000,6.990000,2826600
2011-02-28,7.006667,7.016667,6.866667,6.926667,6.926667,1533900
2011-03-01,6.926667,6.990000,6.683333,6.700000,6.700000,2405400
2011-03-02,6.673333,6.840000,6.636667,6.676667,6.676667,2808000
2011-03-03,6.790000,6.796667,6.616667,6.670000,6.670000,3041700
2011-03-04,6.703333,6.703333,6.510000,6.640000,6.640000,3592200
2011-03-07,6.646667,6.686667,6.486667,6.573333,6.573333,2204100
2011-03-08,6.573333,6.720000,6.486667,6.683333,6.683333,2567400
2011-03-09,6.660000,6.730000,6.626667,6.690000,6.690000,1365900
2011-03-10,6.630000,6.710000,6.543333,6.556667,6.556667,1841700
2011-03-11,6.496667,6.586667,6.460000,6.550000,6.550000,1826700
2011-03-14,6.493333,6.566667,6.303333,6.423333,6.423333,2615100
2011-03-15,6.233333,6.430000,6.106667,6.393333,6.393333,2596800
2011-03-16,6.350000,6.446667,6.286667,6.303333,6.303333,2682000
2011-03-17,6.393333,6.403333,6.173333,6.183333,6.183333,2983200
2011-03-18,6.200000,6.200000,5.953333,6.153333,6.153333,5591700
2011-03-21,6.250000,6.460000,6.206667,6.410000,6.410000,4485000
2011-03-22,6.426667,6.480000,6.256667,6.306667,6.306667,2282700
2011-03-23,6.296667,6.296667,6.193333,6.216667,6.216667,1438500
2011-03-24,6.240000,6.363333,6.193333,6.306667,6.306667,2733000
2011-03-25,6.340000,6.400000,6.263333,6.266667,6.266667,2239800
2011-03-28,6.266667,6.380000,6.226667,6.323333,6.323333,2963400
2011-03-29,6.306667,6.390000,6.263333,6.346667,6.346667,3953700
2011-03-30,6.383333,6.790000,6.353333,6.766667,6.766667,5031300
2011-03-31,6.766667,6.866667,6.606667,6.846667,6.846667,3513600
2011-04-01,6.910000,6.933333,6.653333,6.740000,6.740000,2079000
2011-04-04,6.770000,6.773333,6.640000,6.696667,6.696667,1402200
2011-04-05,6.700000,6.850000,6.673333,6.743333,6.743333,1090500
2011-04-06,6.790000,6.930000,6.743333,6.916667,6.916667,1766700
2011-04-07,6.900000,7.110000,6.870000,7.046667,7.046667,2901600
2011-04-08,7.050000,7.156667,6.840000,6.880000,6.880000,2899800
2011-04-11,6.870000,6.936667,6.703333,6.740000,6.740000,1288500
2011-04-12,6.680000,6.766667,6.566667,6.706667,6.706667,1743300
2011-04-13,6.750000,6.816667,6.696667,6.770000,6.770000,1029300
2011-04-14,6.746667,6.843333,6.706667,6.756667,6.756667,988200
2011-04-15,6.740000,6.833333,6.633333,6.793333,6.793333,2175300
2011-04-18,6.720000,6.813333,6.693333,6.763333,6.763333,1553100
2011-04-19,6.766667,6.830000,6.636667,6.700000,6.700000,1429800
2011-04-20,6.786667,6.816667,6.650000,6.666667,6.666667,1953000
2011-04-21,6.726667,6.866667,6.710000,6.843333,6.843333,1920000
2011-04-25,6.856667,6.910000,6.773333,6.813333,6.813333,1243800
2011-04-26,6.826667,6.853333,6.770000,6.823333,6.823333,2328000
2011-04-27,6.843333,6.910000,6.693333,6.856667,6.856667,3150300
2011-04-28,6.466667,6.483333,6.236667,6.340000,6.340000,12966900
2011-04-29,6.336667,6.380000,6.223333,6.350000,6.350000,3036900
2011-05-02,6.353333,6.400000,6.200000,6.203333,6.203333,3597900
2011-05-03,6.196667,6.243333,6.086667,6.140000,6.140000,2825700
2011-05-04,6.136667,6.246667,6.086667,6.143333,6.143333,1786800
2011-05-05,6.100000,6.183333,6.076667,6.106667,6.106667,2361300
2011-05-06,6.176667,6.216667,6.100000,6.136667,6.136667,2200200
2011-05-09,6.140000,6.206667,6.066667,6.140000,6.140000,1422000
2011-05-10,6.133333,6.140000,5.836667,5.996667,5.996667,5674500
2011-05-11,5.993333,6.386667,5.970000,6.083333,6.083333,5817000
2011-05-12,6.070000,6.163333,6.050000,6.100000,6.100000,2298000
2011-05-13,6.116667,6.176667,6.070000,6.103333,6.103333,1997700
2011-05-16,6.110000,6.140000,6.013333,6.020000,6.020000,1855500
2011-05-17,5.990000,6.030000,5.933333,5.940000,5.940000,2699700
2011-05-18,5.960000,6.083333,5.940000,6.013333,6.013333,1748100
2011-05-19,6.050000,6.120000,5.996667,6.080000,6.080000,1486500
2011-05-20,6.066667,6.090000,5.933333,6.043333,6.043333,2250600
2011-05-23,5.983333,6.006667,5.876667,5.890000,5.890000,3489900
2011-05-24,5.920000,5.956667,5.860000,5.873333,5.873333,2057100
2011-05-25,5.833333,5.920000,5.803333,5.863333,5.863333,2070000
2011-05-26,5.846667,5.963333,5.836667,5.900000,5.900000,2807100
2011-05-27,5.930000,5.993333,5.840000,5.883333,5.883333,2916300
2011-05-31,5.923333,5.950000,5.786667,5.826667,5.826667,3982500
2011-06-01,5.833333,5.856667,5.570000,5.583333,5.583333,3405300
2011-06-02,5.566667,5.630000,5.333333,5.356667,5.356667,5655600
2011-06-03,5.283333,5.470000,5.180000,5.333333,5.333333,2490600
2011-06-06,5.300000,5.353333,5.183333,5.186667,5.186667,2860800
2011-06-07,5.150000,5.216667,5.010000,5.026667,5.026667,5733600
2011-06-08,5.003333,5.020000,4.623333,4.636667,4.636667,8154000
2011-06-09,4.623333,4.706667,4.430000,4.530000,4.530000,8917500
2011-06-10,4.503333,4.703333,4.500000,4.583333,4.583333,4195500
2011-06-13,4.716667,4.830000,4.513333,4.653333,4.653333,4869900
2011-06-14,4.726667,4.813333,4.660000,4.670000,4.670000,5093100
2011-06-15,4.630000,4.760000,4.613333,4.616667,4.616667,3405300
2011-06-16,4.623333,4.753333,4.623333,4.700000,4.700000,2493600
2011-06-17,4.746667,4.766667,4.686667,4.746667,4.746667,2858100
2011-06-20,4.736667,4.876667,4.656667,4.833333,4.833333,3533700
2011-06-21,4.876667,4.936667,4.816667,4.840000,4.840000,5471700
2011-06-22,4.836667,4.873333,4.723333,4.746667,4.746667,3521700
2011-06-23,4.693333,4.753333,4.550000,4.633333,4.633333,6482400
2011-06-24,4.650000,4.663333,4.506667,4.550000,4.550000,5217000
2011-06-27,4.566667,4.650000,4.503333,4.626667,4.626667,2742300
2011-06-28,4.656667,4.813333,4.646667,4.810000,4.810000,2960100
2011-06-29,4.836667,4.943333,4.760000,4.766667,4.766667,3414600
2011-06-30,4.760000,4.860000,4.750000,4.826667,4.826667,1761600
2011-07-01,4.810000,4.920000,4.766667,4.896667,4.896667,1748400
2011-07-05,4.903333,4.916667,4.770000,4.886667,4.886667,2345700
2011-07-06,4.823333,4.840000,4.753333,4.803333,4.803333,2285400
2011-07-07,4.856667,5.030000,4.830000,5.016667,5.016667,5224200
2011-07-08,4.956667,5.000000,4.900000,4.933333,4.933333,2010900
2011-07-11,4.900000,4.936667,4.770000,4.820000,4.820000,2284200
2011-07-12,4.800000,4.886667,4.786667,4.833333,4.833333,1421400
2011-07-13,4.850000,4.903333,4.826667,4.860000,4.860000,2459100
2011-07-14,4.880000,4.886667,4.726667,4.730000,4.730000,1904400
2011-07-15,4.763333,4.763333,4.676667,4.706667,4.706667,1317900
2011-07-18,4.690000,4.723333,4.560000,4.596667,4.596667,2058300
2011-07-19,4.626667,4.716667,4.546667,4.706667,4.706667,2045100
2011-07-20,4.726667,4.796667,4.660000,4.750000,4.750000,1695000
2011-07-21,4.756667,4.886667,4.750000,4.863333,4.863333,1918800
2011-07-22,4.870000,4.880000,4.816667,4.826667,4.826667,1331400
2011-07-25,4.773333,4.903333,4.730000,4.880000,4.880000,2378400
2011-07-26,4.866667,5.000000,4.850000,4.990000,4.990000,2412600
2011-07-27,4.966667,5.073333,4.753333,4.766667,4.766667,4992900
2011-07-28,5.453333,5.960000,5.430000,5.650000,5.650000,17757600
2011-07-29,5.566667,5.670000,5.500000,5.550000,5.550000,5466000
2011-08-01,5.653333,5.726667,5.366667,5.436667,5.436667,4279200
2011-08-02,5.400000,5.463333,5.183333,5.193333,5.193333,4150800
2011-08-03,5.186667,5.400000,5.086667,5.346667,5.346667,3736500
2011-08-04,5.273333,5.283333,4.910000,4.920000,4.920000,4157400
2011-08-05,4.976667,5.090000,4.690000,4.846667,4.846667,7339500
2011-08-08,4.680000,4.806667,4.436667,4.553333,4.553333,8244900
2011-08-09,4.626667,4.930000,4.523333,4.930000,4.930000,5950800
2011-08-10,4.796667,5.043333,4.756667,4.793333,4.793333,4226700
2011-08-11,4.830000,5.156667,4.733333,5.043333,5.043333,3965100
2011-08-12,5.100000,5.196667,5.016667,5.153333,5.153333,2511300
2011-08-15,5.203333,5.360000,5.160000,5.356667,5.356667,3297900
2011-08-16,5.306667,5.370000,5.193333,5.276667,5.276667,3094800
2011-08-17,5.310000,5.353333,5.090000,5.136667,5.136667,4008300
2011-08-18,4.943333,5.070000,4.813333,4.873333,4.873333,4619400
2011-08-19,4.796667,5.000000,4.743333,4.813333,4.813333,3695100
2011-08-22,4.926667,5.053333,4.910000,4.933333,4.933333,2506500
2011-08-23,4.973333,5.160000,4.900000,5.143333,5.143333,3582600
2011-08-24,5.150000,5.503333,5.140000,5.350000,5.350000,4085400
2011-08-25,5.430000,5.463333,5.106667,5.196667,5.196667,2919000
2011-08-26,5.173333,5.370000,5.133333,5.340000,5.340000,3073800
2011-08-29,5.393333,5.606667,5.383333,5.600000,5.600000,2341500
2011-08-30,5.546667,5.623333,5.416667,5.540000,5.540000,2165700
2011-08-31,5.586667,5.646667,5.316667,5.376667,5.376667,2682000
2011-09-01,5.390000,5.556667,5.230000,5.240000,5.240000,2486400
2011-09-02,5.093333,5.146667,4.910000,4.910000,4.910000,2860800
2011-09-06,4.783333,5.000000,4.710000,4.973333,4.973333,2388300
2011-09-07,5.066667,5.256667,5.013333,5.253333,5.253333,2165400
2011-09-08,5.233333,5.383333,5.153333,5.203333,5.203333,2052600
2011-09-09,5.150000,5.196667,4.896667,4.993333,4.993333,2206200
2011-09-12,4.920000,5.296667,4.900000,5.276667,5.276667,3224400
2011-09-13,5.283333,5.410000,5.233333,5.370000,5.370000,3351600
2011-09-14,5.413333,5.593333,5.330000,5.506667,5.506667,2506500
2011-09-15,5.573333,5.656667,5.470000,5.510000,5.510000,4052100
2011-09-16,5.546667,5.740000,5.546667,5.713333,5.713333,5176200
2011-09-19,5.620000,5.726667,5.493333,5.666667,5.666667,2593500
2011-09-20,5.676667,5.723333,5.403333,5.403333,5.403333,2432400
2011-09-21,5.406667,5.490000,5.030000,5.030000,5.030000,3109200
2011-09-22,4.850000,4.993333,4.763333,4.896667,4.896667,4443000
2011-09-23,4.886667,5.223333,4.866667,5.116667,5.116667,2702400
2011-09-26,5.176667,5.316667,4.980000,5.313333,5.313333,2418900
2011-09-27,5.430000,5.560000,5.006667,5.026667,5.026667,4651200
2011-09-28,5.033333,5.210000,4.846667,4.906667,4.906667,8241300
2011-09-29,5.030000,5.156667,4.720000,4.923333,4.923333,3439800
2011-09-30,4.830000,5.016667,4.666667,4.676667,4.676667,3225300
2011-10-03,4.630000,4.666667,4.320000,4.326667,4.326667,4886100
2011-10-04,4.290000,4.600000,4.270000,4.576667,4.576667,4500000
2011-10-05,4.596667,4.700000,4.466667,4.673333,4.673333,3250200
2011-10-06,4.650000,4.913333,4.620000,4.896667,4.896667,3308100
2011-10-07,4.896667,4.966667,4.686667,4.743333,4.743333,2882100
2011-10-10,4.870000,4.993333,4.826667,4.923333,4.923333,2286600
2011-10-11,4.863333,4.970000,4.840000,4.916667,4.916667,1776900
2011-10-12,4.970000,5.093333,4.890000,4.986667,4.986667,2522700
2011-10-13,4.943333,5.026667,4.750000,4.863333,4.863333,2863800
2011-10-14,4.926667,4.926667,4.630000,4.756667,4.756667,2862900
2011-10-17,4.690000,4.706667,4.536667,4.553333,4.553333,3446400
2011-10-18,4.523333,4.710000,4.383333,4.660000,4.660000,3034500
2011-10-19,4.636667,4.733333,4.443333,4.463333,4.463333,2254500
2011-10-20,4.450000,4.623333,4.373333,4.593333,4.593333,2994300
2011-10-21,4.690000,4.746667,4.630000,4.716667,4.716667,1862100
2011-10-24,4.780000,4.940000,4.683333,4.860000,4.860000,3515100
2011-10-25,4.843333,4.876667,4.653333,4.656667,4.656667,3306000
2011-10-26,4.756667,4.833333,4.633333,4.743333,4.743333,4081800
2011-10-27,5.020000,5.140000,4.333333,4.493333,4.493333,11660700
2011-10-28,4.493333,4.683333,4.473333,4.620000,4.620000,6365700
2011-10-31,4.566667,4.826667,4.566667,4.753333,4.753333,3502200
2011-11-01,4.596667,4.920000,4.526667,4.833333,4.833333,3857400
2011-11-02,4.890000,4.943333,4.743333,4.776667,4.776667,5313900
2011-11-03,4.826667,4.866667,4.710000,4.846667,4.846667,3364500
2011-11-04,4.770000,4.853333,4.750000,4.753333,4.753333,1991400
2011-11-07,4.730000,4.793333,4.703333,4.766667,4.766667,1943700
2011-11-08,4.790000,4.826667,4.686667,4.800000,4.800000,2295300
2011-11-09,4.690000,4.780000,4.503333,4.513333,4.513333,3865500
2011-11-10,4.590000,4.623333,4.436667,4.506667,4.506667,2442000
2011-11-11,4.543333,4.693333,4.510000,4.633333,4.633333,1721100
2011-11-14,4.573333,4.633333,4.446667,4.456667,4.456667,2670600
2011-11-15,4.400000,4.423333,4.296667,4.300000,4.300000,3054300
2011-11-16,4.243333,4.300000,4.096667,4.126667,4.126667,3921600
2011-11-17,4.100000,4.163333,4.000000,4.093333,4.093333,4208100
2011-11-18,4.110000,4.186667,4.043333,4.106667,4.106667,1916400
2011-11-21,4.043333,4.060000,3.956667,4.033333,4.033333,2691900
2011-11-22,4.010000,4.063333,3.933333,4.003333,4.003333,2478300
2011-11-23,3.953333,4.146667,3.916667,4.110000,4.110000,4760100
2011-11-25,4.083333,4.190000,4.060000,4.060000,4.060000,1202400
2011-11-28,4.203333,4.333333,4.186667,4.306667,4.306667,2476500
2011-11-29,4.316667,4.416667,4.236667,4.413333,4.413333,2168400
2011-11-30,4.570000,4.676667,4.446667,4.486667,4.486667,4091100
2011-12-01,4.473333,4.520000,4.313333,4.313333,4.313333,5013900
2011-12-02,4.376667,4.436667,4.243333,4.266667,4.266667,3137700
2011-12-05,4.336667,4.433333,4.286667,4.340000,4.340000,2113500
2011-12-06,4.326667,4.380000,4.293333,4.350000,4.350000,1944300
2011-12-07,4.346667,4.380000,4.213333,4.300000,4.300000,2097900
2011-12-08,4.266667,4.266667,4.123333,4.143333,4.143333,2187000
2011-12-09,4.160000,4.270000,4.130000,4.243333,4.243333,1880700
2011-12-12,4.180000,4.180000,4.096667,4.156667,4.156667,1384200
2011-12-13,4.200000,4.260000,4.083333,4.103333,4.103333,2417700
2011-12-14,4.060000,4.103333,3.946667,3.963333,3.963333,1809000
2011-12-15,4.006667,4.053333,3.933333,4.010000,4.010000,1906500
2011-12-16,4.030000,4.156667,4.030000,4.076667,4.076667,2425200
2011-12-19,4.103333,4.130000,3.970000,3.986667,3.986667,1313400
2011-12-20,4.053333,4.133333,4.023333,4.076667,4.076667,1613700
2011-12-21,4.086667,4.210000,4.073333,4.203333,4.203333,1589700
2011-12-22,4.236667,4.260000,4.133333,4.213333,4.213333,1379100
2011-12-23,4.220000,4.260000,4.146667,4.246667,4.246667,980100
2011-12-27,4.230000,4.293333,4.206667,4.256667,4.256667,920400
2011-12-28,4.250000,4.280000,4.113333,4.120000,4.120000,772500
2011-12-29,4.143333,4.146667,4.076667,4.110000,4.110000,1044900
2011-12-30,4.120000,4.120000,4.036667,4.040000,4.040000,1170900
2012-01-03,4.153333,4.200000,4.126667,4.193333,4.193333,1465500
2012-01-04,4.163333,4.236667,4.120000,4.180000,4.180000,968100
2012-01-05,4.123333,4.223333,3.990000,4.000000,4.000000,3309600
2012-01-06,4.003333,4.046667,3.830000,3.900000,3.900000,2596800
2012-01-09,3.903333,3.903333,3.736667,3.820000,3.820000,3342000
2012-01-10,3.850000,4.160000,3.810000,4.140000,4.140000,7164300
2012-01-11,4.146667,4.383333,4.123333,4.303333,4.303333,3934800
2012-01-12,4.300000,4.383333,4.166667,4.366667,4.366667,3008400
2012-01-13,4.346667,4.540000,4.340000,4.436667,4.436667,2143800
2012-01-17,4.443333,4.453333,4.210000,4.213333,4.213333,2466600
2012-01-18,4.120000,4.120000,3.953333,4.006667,4.006667,6044700
2012-01-19,4.013333,4.046667,3.946667,3.986667,3.986667,4628400
2012-01-20,3.983333,4.093333,3.966667,4.033333,4.033333,1814700
2012-01-23,4.043333,4.140000,4.043333,4.106667,4.106667,1776000
2012-01-24,4.086667,4.190000,4.073333,4.156667,4.156667,1335000
2012-01-25,4.156667,4.293333,4.120000,4.283333,4.283333,2148000
2012-01-26,4.290000,4.296667,4.090000,4.123333,4.123333,2224800
2012-01-27,4.120000,4.150000,4.083333,4.143333,4.143333,1665900
2012-01-30,4.120000,4.186667,4.083333,4.083333,4.083333,2015400
2012-01-31,4.100000,4.103333,4.020000,4.053333,4.053333,1542900
2012-02-01,4.073333,4.116667,4.020000,4.036667,4.036667,2259300
2012-02-02,4.036667,4.236667,4.036667,4.203333,4.203333,3378000
2012-02-03,4.226667,4.366667,4.226667,4.360000,4.360000,2373600
2012-02-06,4.453333,4.610000,4.440000,4.600000,4.600000,4674600
2012-02-07,4.600000,4.693333,4.543333,4.663333,4.663333,3421200
2012-02-08,4.663333,4.746667,4.646667,4.703333,4.703333,2096700
2012-02-09,4.710000,4.770000,4.630000,4.733333,4.733333,1510800
2012-02-10,4.680000,4.720000,4.636667,4.660000,4.660000,1463700
2012-02-13,4.680000,4.726667,4.580000,4.710000,4.710000,2366400
2012-02-14,4.710000,4.810000,4.616667,4.786667,4.786667,5496600
2012-02-15,4.753333,4.900000,4.636667,4.660000,4.660000,3896400
2012-02-16,4.483333,4.810000,4.333333,4.410000,4.410000,10439700
2012-02-17,4.420000,4.523333,4.310000,4.346667,4.346667,3350400
2012-02-21,4.343333,4.460000,4.210000,4.230000,4.230000,3204900
2012-02-22,4.233333,4.270000,4.110000,4.133333,4.133333,3198900
2012-02-23,4.146667,4.246667,4.136667,4.206667,4.206667,2206800
2012-02-24,4.186667,4.260000,4.160000,4.230000,4.230000,2367000
2012-02-27,4.193333,4.276667,4.136667,4.193333,4.193333,1422300
2012-02-28,4.183333,4.346667,4.183333,4.340000,4.340000,2519700
2012-02-29,4.346667,4.353333,4.203333,4.256667,4.256667,2171100
2012-03-01,4.260000,4.310000,4.223333,4.243333,4.243333,2763300
2012-03-02,4.253333,4.276667,4.166667,4.176667,4.176667,1969200
2012-03-05,4.176667,4.286667,4.166667,4.263333,4.263333,2467800
2012-03-06,4.176667,4.246667,4.113333,4.143333,4.143333,1490400
2012-03-07,4.150000,4.160000,4.060000,4.063333,4.063333,1684500
2012-03-08,4.083333,4.086667,3.990000,4.040000,4.040000,2851200
2012-03-09,4.040000,4.213333,4.040000,4.206667,4.206667,1857900
2012-03-12,4.213333,4.270000,4.176667,4.266667,4.266667,1703100
2012-03-13,4.293333,4.473333,4.293333,4.466667,4.466667,2764800
2012-03-14,4.473333,4.496667,4.406667,4.433333,4.433333,2655900
2012-03-15,4.440000,4.510000,4.396667,4.493333,4.493333,1678800
2012-03-16,4.496667,4.550000,4.453333,4.513333,4.513333,2560200
2012-03-19,4.516667,4.666667,4.516667,4.646667,4.646667,2166000
2012-03-20,4.623333,4.693333,4.583333,4.650000,4.650000,2465700
2012-03-21,4.666667,4.773333,4.653333,4.713333,4.713333,1931100
2012-03-22,4.686667,4.733333,4.660000,4.680000,4.680000,1511100
2012-03-23,4.676667,4.716667,4.573333,4.660000,4.660000,1920900
2012-03-26,4.700000,4.783333,4.676667,4.766667,4.766667,1651200
2012-03-27,4.656667,4.680000,4.353333,4.363333,4.363333,5058300
2012-03-28,4.353333,4.406667,4.273333,4.306667,4.306667,2817900
2012-03-29,4.286667,4.286667,4.196667,4.270000,4.270000,1386600
2012-03-30,4.300000,4.366667,4.193333,4.240000,4.240000,1586400
2012-04-02,4.216667,4.283333,4.166667,4.283333,4.283333,1917600
2012-04-03,4.280000,4.360000,4.263333,4.353333,4.353333,1832400
2012-04-04,4.300000,4.333333,4.236667,4.240000,4.240000,2030700
2012-04-05,4.220000,4.273333,4.203333,4.220000,4.220000,1548300
2012-04-09,4.166667,4.343333,4.166667,4.333333,4.333333,1835400
2012-04-10,4.330000,4.373333,4.186667,4.186667,4.186667,1812300
2012-04-11,4.243333,4.350000,4.243333,4.346667,4.346667,2888700
2012-04-12,4.336667,4.460000,4.333333,4.433333,4.433333,1137600
2012-04-13,4.433333,4.453333,4.380000,4.393333,4.393333,1331100
2012-04-16,4.413333,4.476667,4.350000,4.463333,4.463333,1846200
2012-04-17,4.506667,4.666667,4.506667,4.630000,4.630000,1896300
2012-04-18,4.606667,4.676667,4.570000,4.653333,4.653333,1265400
2012-04-19,4.643333,4.776667,4.600000,4.773333,4.773333,2804100
2012-04-20,4.803333,4.970000,4.793333,4.920000,4.920000,3038100
2012-04-23,4.823333,4.936667,4.766667,4.906667,4.906667,3289200
2012-04-24,4.883333,4.950000,4.823333,4.936667,4.936667,2397900
2012-04-25,4.976667,4.993333,4.836667,4.973333,4.973333,2950500
2012-04-26,5.896667,5.916667,5.440000,5.653333,5.653333,11232000
2012-04-27,5.670000,6.043333,5.663333,5.990000,5.990000,9019500
2012-04-30,5.956667,6.300000,5.916667,6.223333,6.223333,6114300
2012-05-01,6.193333,6.333333,6.133333,6.223333,6.223333,4401600
2012-05-02,6.166667,6.233333,6.136667,6.180000,6.180000,6348000
2012-05-03,6.193333,6.213333,6.100000,6.156667,6.156667,5334000
2012-05-04,6.126667,6.146667,6.023333,6.023333,6.023333,4643100
2012-05-07,6.003333,6.190000,5.963333,6.123333,6.123333,2566500
2012-05-08,6.086667,6.093333,5.833333,5.986667,5.986667,2871900
2012-05-09,5.900000,6.033333,5.833333,6.003333,6.003333,2990400
2012-05-10,6.056667,6.100000,5.956667,6.020000,6.020000,1733700
2012-05-11,5.960000,6.110000,5.940000,6.063333,6.063333,1299600
2012-05-14,5.990000,6.200000,5.980000,6.093333,6.093333,2048400
2012-05-15,6.080000,6.223333,6.066667,6.090000,6.090000,2137800
2012-05-16,6.103333,6.140000,5.906667,5.950000,5.950000,2923500
2012-05-17,5.953333,5.953333,5.553333,5.570000,5.570000,4025700
2012-05-18,5.583333,5.686667,5.513333,5.536667,5.536667,2995800
2012-05-21,5.566667,5.750000,5.516667,5.740000,5.740000,2210100
2012-05-22,5.746667,5.830000,5.683333,5.726667,5.726667,2505900
2012-05-23,5.660000,5.836667,5.616667,5.760000,5.760000,2088000
2012-05-24,5.770000,5.826667,5.676667,5.743333,5.743333,1315500
2012-05-25,5.753333,5.863333,5.726667,5.816667,5.816667,1720800
2012-05-29,5.870000,5.956667,5.766667,5.926667,5.926667,1726200
2012-05-30,5.850000,5.860000,5.723333,5.820000,5.820000,1600200
2012-05-31,5.813333,5.840000,5.546667,5.663333,5.663333,3133800
2012-06-01,5.550000,5.563333,5.316667,5.416667,5.416667,2464500
2012-06-04,5.423333,5.513333,5.350000,5.496667,5.496667,1358100
2012-06-05,5.473333,5.673333,5.433333,5.636667,5.636667,1522500
2012-06-06,5.690000,6.086667,5.610000,6.063333,6.063333,4180800
2012-06-07,6.116667,6.250000,6.010000,6.130000,6.130000,6099900
2012-06-08,6.090000,6.473333,6.000000,6.430000,6.430000,6472800
2012-06-11,6.630000,6.743333,6.560000,6.626667,6.626667,9556200
2012-06-12,6.673333,6.866667,6.666667,6.826667,6.826667,6058200
2012-06-13,6.803333,6.983333,6.660000,6.733333,6.733333,4200000
2012-06-14,6.776667,6.936667,6.696667,6.763333,6.763333,4399200
2012-06-15,6.786667,6.906667,6.700000,6.906667,6.906667,2862900
2012-06-18,6.846667,7.000000,6.760000,6.983333,6.983333,2865000
2012-06-19,7.006667,7.156667,6.953333,7.040000,7.040000,4473900
2012-06-20,7.020000,7.166667,6.996667,7.136667,7.136667,2136300
2012-06-21,7.096667,7.140000,6.876667,6.946667,6.946667,2643900
2012-06-22,6.986667,7.086667,6.963333,6.990000,6.990000,2205000
2012-06-25,6.910000,7.043333,6.830000,6.990000,6.990000,1805700
2012-06-26,6.986667,7.073333,6.866667,6.953333,6.953333,2109300
2012-06-27,6.976667,7.066667,6.890000,7.050000,7.050000,2778600
2012-06-28,6.976667,7.026667,6.656667,6.806667,6.806667,3636900
2012-06-29,6.960000,6.960000,6.773333,6.790000,6.790000,3691500
2012-07-02,6.813333,6.876667,6.713333,6.833333,6.833333,3257100
2012-07-03,6.840000,6.846667,6.730000,6.816667,6.816667,1096500
2012-07-05,6.786667,6.883333,6.770000,6.823333,6.823333,2475900
2012-07-06,6.740000,6.863333,6.683333,6.740000,6.740000,2733600
2012-07-09,6.726667,6.776667,6.656667,6.710000,6.710000,2020500
2012-07-10,6.756667,6.840000,6.716667,6.763333,6.763333,2608500
2012-07-11,6.783333,6.790000,6.456667,6.500000,6.500000,1976100
2012-07-12,6.436667,6.490000,6.310000,6.443333,6.443333,1413000
2012-07-13,6.476667,6.586667,6.450000,6.456667,6.456667,1202100
2012-07-16,6.430000,6.526667,6.376667,6.506667,6.506667,1646700
2012-07-17,6.523333,6.570000,6.350000,6.456667,6.456667,2221200
2012-07-18,6.466667,6.696667,6.460000,6.640000,6.640000,4260600
2012-07-19,6.656667,6.813333,6.580000,6.740000,6.740000,2116800
2012-07-20,6.693333,6.696667,6.456667,6.470000,6.470000,2688600
2012-07-23,6.346667,6.360000,6.166667,6.176667,6.176667,1920900
2012-07-24,6.210000,6.266667,6.096667,6.170000,6.170000,2412000
2012-07-25,6.186667,6.310000,6.023333,6.090000,6.090000,3419700
2012-07-26,6.333333,6.803333,6.103333,6.360000,6.360000,4397400
2012-07-27,6.430000,6.790000,6.370000,6.773333,6.773333,2804400
2012-07-30,6.770000,6.796667,6.653333,6.736667,6.736667,1920600
2012-07-31,6.706667,6.763333,6.640000,6.646667,6.646667,1927800
2012-08-01,6.703333,6.723333,6.430000,6.430000,6.430000,1790100
2012-08-02,6.390000,6.460000,6.170000,6.206667,6.206667,2066700
2012-08-03,6.336667,6.440000,6.286667,6.403333,6.403333,1701600
2012-08-06,6.400000,6.543333,6.356667,6.533333,6.533333,2496600
2012-08-07,6.560000,6.856667,6.560000,6.763333,6.763333,1658100
2012-08-08,6.710000,6.773333,6.626667,6.660000,6.660000,1749900
2012-08-09,6.626667,6.713333,6.496667,6.613333,6.613333,892800
2012-08-10,6.586667,6.633333,6.520000,6.583333,6.583333,1082100
2012-08-13,6.560000,6.596667,6.416667,6.523333,6.523333,1061100
2012-08-14,6.576667,6.623333,6.450000,6.473333,6.473333,1270200
2012-08-15,6.463333,6.516667,6.453333,6.490000,6.490000,1037700
2012-08-16,6.496667,6.523333,6.403333,6.470000,6.470000,957900
2012-08-17,6.473333,6.676667,6.463333,6.670000,6.670000,1890600
2012-08-20,6.676667,6.710000,6.463333,6.496667,6.496667,1830300
2012-08-21,6.506667,7.233333,6.486667,7.130000,7.130000,6689100
2012-08-22,7.093333,7.396667,7.093333,7.263333,7.263333,4658700
2012-08-23,7.266667,7.350000,7.183333,7.310000,7.310000,2559000
2012-08-24,7.263333,7.426667,7.176667,7.416667,7.416667,3279300
2012-08-27,7.423333,7.456667,7.236667,7.260000,7.260000,1958400
2012-08-28,7.240000,7.273333,7.146667,7.263333,7.263333,1270200
2012-08-29,7.286667,7.413333,7.216667,7.313333,7.313333,1385100
2012-08-30,7.286667,7.363333,7.133333,7.183333,7.183333,1322400
2012-08-31,7.253333,7.313333,7.133333,7.223333,7.223333,1079100
2012-09-04,7.133333,7.416667,7.093333,7.370000,7.370000,1538700
2012-09-05,7.406667,7.406667,7.113333,7.156667,7.156667,1114800
2012-09-06,7.196667,7.330000,7.146667,7.176667,7.176667,2421300
2012-09-07,7.230000,7.246667,6.990000,7.010000,7.010000,6309000
2012-09-10,7.033333,7.090000,6.950000,7.010000,7.010000,2037300
2012-09-11,7.000000,7.023333,6.836667,6.950000,6.950000,1822800
2012-09-12,6.970000,7.023333,6.916667,6.963333,6.963333,1284300
2012-09-13,6.953333,7.090000,6.843333,7.040000,7.040000,1599000
2012-09-14,7.053333,7.153333,7.046667,7.140000,7.140000,1191900
2012-09-17,7.140000,7.143333,6.950000,7.103333,7.103333,1066800
2012-09-18,7.066667,7.086667,6.990000,7.073333,7.073333,1345500
2012-09-19,7.106667,7.260000,7.066667,7.220000,7.220000,1803300
2012-09-20,7.220000,7.296667,7.080000,7.116667,7.116667,1501500
2012-09-21,7.183333,7.183333,6.910000,7.033333,7.033333,2442600
2012-09-24,6.986667,6.993333,6.810000,6.830000,6.830000,1512000
2012-09-25,6.850000,6.903333,6.540000,6.573333,6.573333,1890600
2012-09-26,6.573333,6.723333,6.573333,6.690000,6.690000,1168800
2012-09-27,6.720000,6.816667,6.663333,6.766667,6.766667,929100
2012-09-28,6.700000,6.820000,6.630000,6.800000,6.800000,1343700
2012-10-01,6.810000,6.913333,6.676667,6.790000,6.790000,1388400
2012-10-02,6.686667,6.686667,5.866667,5.926667,5.926667,8352000
2012-10-03,5.966667,5.966667,5.753333,5.773333,5.773333,2705100
2012-10-04,5.783333,5.896667,5.723333,5.896667,5.896667,1864800
2012-10-05,5.923333,5.986667,5.736667,5.740000,5.740000,1719300
2012-10-08,5.723333,5.790000,5.710000,5.716667,5.716667,1423500
2012-10-09,5.740000,5.896667,5.740000,5.873333,5.873333,2398200
2012-10-10,5.876667,5.963333,5.780000,5.830000,5.830000,1712700
2012-10-11,5.890000,5.923333,5.830000,5.863333,5.863333,783300
2012-10-12,5.846667,5.966667,5.846667,5.880000,5.880000,986400
2012-10-15,5.886667,5.913333,5.836667,5.876667,5.876667,508800
2012-10-16,5.903333,5.903333,5.816667,5.840000,5.840000,1336200
2012-10-17,5.850000,6.110000,5.850000,6.050000,6.050000,1611900
2012-10-18,6.033333,6.046667,5.876667,5.940000,5.940000,1268400
2012-10-19,5.906667,5.926667,5.640000,5.776667,5.776667,1929900
2012-10-22,5.786667,5.796667,5.683333,5.786667,5.786667,1093200
2012-10-23,5.726667,5.823333,5.590000,5.623333,5.623333,1369200
2012-10-24,5.583333,5.623333,5.500000,5.536667,5.536667,1955400
2012-10-25,5.953333,6.036667,5.586667,5.640000,5.640000,3771300
2012-10-26,5.656667,5.690000,5.250000,5.383333,5.383333,2777400
2012-10-31,5.330000,5.556667,5.323333,5.533333,5.533333,1779300
2012-11-01,5.610000,5.796667,5.533333,5.766667,5.766667,1779000
2012-11-02,5.783333,5.883333,5.730000,5.760000,5.760000,1605000
2012-11-05,5.760000,5.793333,5.706667,5.766667,5.766667,1220700
2012-11-06,5.766667,5.766667,5.666667,5.750000,5.750000,1028700
2012-11-07,5.670000,5.680000,5.473333,5.486667,5.486667,1049100
2012-11-08,5.490000,5.500000,5.160000,5.173333,5.173333,1544100
2012-11-09,5.166667,5.300000,5.166667,5.280000,5.280000,2284500
2012-11-12,5.316667,5.333333,5.193333,5.220000,5.220000,930000
2012-11-13,5.183333,5.263333,5.120000,5.176667,5.176667,1020300
2012-11-14,5.193333,5.193333,5.083333,5.106667,5.106667,1422600
2012-11-15,5.106667,5.186667,5.060000,5.176667,5.176667,1049400
2012-11-16,5.200000,5.330000,5.146667,5.326667,5.326667,1221600
2012-11-19,5.400000,5.676667,5.383333,5.653333,5.653333,1422600
2012-11-20,5.653333,5.680000,5.580000,5.653333,5.653333,901800
2012-11-21,6.126667,6.420000,6.116667,6.226667,6.226667,4274100
2012-11-23,6.313333,6.330000,6.220000,6.303333,6.303333,1029300
2012-11-26,6.266667,6.366667,6.193333,6.353333,6.353333,1235400
2012-11-27,6.410000,6.746667,6.343333,6.566667,6.566667,2988600
2012-11-28,6.566667,6.730000,6.526667,6.660000,6.660000,1684200
2012-11-29,6.723333,6.733333,6.596667,6.650000,6.650000,1461000
2012-11-30,6.650000,6.650000,6.426667,6.486667,6.486667,1946100
2012-12-03,6.513333,6.603333,6.423333,6.450000,6.450000,973500
2012-12-04,6.450000,6.596667,6.380000,6.550000,6.550000,960000
2012-12-05,6.563333,6.573333,6.356667,6.430000,6.430000,765300
2012-12-06,6.410000,6.500000,6.306667,6.493333,6.493333,746100
2012-12-07,6.520000,6.550000,6.433333,6.453333,6.453333,689700
2012-12-10,6.443333,6.493333,6.370000,6.433333,6.433333,930000
2012-12-11,6.463333,6.540000,6.400000,6.426667,6.426667,816000
2012-12-12,6.470000,6.486667,6.250000,6.313333,6.313333,1546500
2012-12-13,6.313333,6.350000,6.226667,6.240000,6.240000,1012200
2012-12-14,6.213333,6.286667,5.986667,6.023333,6.023333,1608600
2012-12-17,6.050000,6.320000,6.003333,6.206667,6.206667,1397700
2012-12-18,6.226667,6.370000,6.220000,6.363333,6.363333,858300
2012-12-19,6.350000,6.400000,6.243333,6.260000,6.260000,755700
2012-12-20,6.246667,6.303333,5.993333,6.226667,6.226667,1253100
2012-12-21,6.150000,6.423333,6.136667,6.230000,6.230000,2035800
2012-12-24,6.200000,6.330000,6.076667,6.256667,6.256667,590700
2012-12-26,6.263333,6.283333,5.906667,5.913333,5.913333,861300
2012-12-27,5.933333,6.066667,5.846667,6.043333,6.043333,942000
2012-12-28,5.990000,6.150000,5.926667,6.050000,6.050000,863400
2012-12-31,6.026667,6.216667,6.023333,6.166667,6.166667,913200
2013-01-02,6.356667,6.356667,5.970000,6.063333,6.063333,1776900
2013-01-03,6.073333,6.370000,6.053333,6.273333,6.273333,856800
2013-01-04,6.320000,6.403333,6.290000,6.303333,6.303333,803400
2013-01-07,6.273333,6.310000,6.046667,6.113333,6.113333,702900
2013-01-08,6.093333,6.133333,5.923333,5.986667,5.986667,1403100
2013-01-09,5.986667,6.050000,5.673333,5.800000,5.800000,1699500
2013-01-10,5.826667,6.030000,5.723333,6.006667,6.006667,1832100
2013-01-11,6.020000,6.263333,5.953333,6.206667,6.206667,1631100
2013-01-14,6.176667,6.290000,6.123333,6.250000,6.250000,772800
2013-01-15,6.226667,6.376667,6.180000,6.363333,6.363333,858900
2013-01-16,6.316667,6.430000,6.256667,6.340000,6.340000,1053300
2013-01-17,6.350000,6.350000,6.176667,6.280000,6.280000,786300
2013-01-18,6.270000,6.270000,6.123333,6.166667,6.166667,883500
2013-01-22,6.153333,6.270000,6.086667,6.173333,6.173333,1094700
2013-01-23,6.153333,6.170000,6.026667,6.033333,6.033333,875100
2013-01-24,6.060000,6.103333,6.013333,6.066667,6.066667,1119600
2013-01-25,6.093333,6.093333,6.013333,6.053333,6.053333,1464600
2013-01-28,6.066667,6.330000,6.050000,6.306667,6.306667,1866000
2013-01-29,6.310000,6.450000,6.243333,6.316667,6.316667,1833600
2013-01-30,6.300000,6.303333,6.140000,6.186667,6.186667,1056300
2013-01-31,6.170000,6.333333,6.146667,6.333333,6.333333,1216500
2013-02-01,6.353333,6.413333,6.263333,6.280000,6.280000,1103400
2013-02-04,6.233333,6.250000,6.143333,6.220000,6.220000,1075800
2013-02-05,6.233333,6.433333,6.173333,6.366667,6.366667,1549500
2013-02-06,6.326667,6.383333,6.256667,6.293333,6.293333,968400
2013-02-07,6.350000,6.603333,6.246667,6.600000,6.600000,3151800
2013-02-08,6.620000,6.633333,6.470000,6.573333,6.573333,1152600
2013-02-11,6.553333,6.576667,6.420000,6.446667,6.446667,1596600
2013-02-12,6.463333,6.580000,6.386667,6.476667,6.476667,1612200
2013-02-13,6.513333,6.783333,6.450000,6.523333,6.523333,2123700
2013-02-14,7.000000,7.536667,6.803333,7.323333,7.323333,11495100
2013-02-15,7.370000,7.380000,7.110000,7.253333,7.253333,2834700
2013-02-19,7.286667,7.453333,7.253333,7.296667,7.296667,1805700
2013-02-20,7.323333,7.323333,7.090000,7.090000,7.090000,1302600
2013-02-21,7.073333,7.076667,6.823333,6.896667,6.896667,1662300
2013-02-22,6.946667,7.023333,6.770000,6.840000,6.840000,1645200
2013-02-25,6.900000,6.963333,6.833333,6.853333,6.853333,2000400
2013-02-26,6.863333,6.996667,6.800000,6.923333,6.923333,1301100
2013-02-27,6.903333,6.990000,6.833333,6.903333,6.903333,1056600
2013-02-28,6.890000,7.000000,6.886667,6.966667,6.966667,1476300
2013-03-01,6.956667,7.000000,6.776667,6.880000,6.880000,1576200
2013-03-04,6.846667,7.056667,6.813333,7.010000,7.010000,1683000
2013-03-05,7.070000,7.216667,7.020000,7.106667,7.106667,1561800
2013-03-06,7.133333,7.216667,7.013333,7.093333,7.093333,1732200
2013-03-07,7.076667,7.500000,7.066667,7.326667,7.326667,1926600
2013-03-08,7.333333,7.386667,7.176667,7.243333,7.243333,1117800
2013-03-11,7.200000,7.200000,6.983333,7.076667,7.076667,1333500
2013-03-12,7.070000,7.110000,6.960000,6.986667,6.986667,1239900
2013-03-13,6.986667,7.193333,6.950000,7.156667,7.156667,1156800
2013-03-14,7.170000,7.300000,7.020000,7.280000,7.280000,1948800
2013-03-15,7.286667,7.286667,7.136667,7.220000,7.220000,1401900
2013-03-18,7.153333,7.226667,7.116667,7.163333,7.163333,1220400
2013-03-19,7.180000,7.180000,6.926667,7.033333,7.033333,1158600
2013-03-20,7.090000,7.116667,6.980000,7.063333,7.063333,855600
2013-03-21,7.013333,7.020000,6.793333,6.860000,6.860000,1190700
2013-03-22,6.933333,6.996667,6.880000,6.956667,6.956667,899100
2013-03-25,6.973333,7.000000,6.763333,6.893333,6.893333,1040100
2013-03-26,6.906667,6.916667,6.716667,6.733333,6.733333,1350900
2013-03-27,6.683333,7.163333,6.656667,7.143333,7.143333,2572500
2013-03-28,7.156667,7.190000,7.023333,7.050000,7.050000,1436700
2013-04-01,7.083333,7.160000,6.943333,7.000000,7.000000,1780800
2013-04-02,7.003333,7.133333,6.953333,7.050000,7.050000,1410900
2013-04-03,7.053333,7.126667,6.943333,6.963333,6.963333,962400
2013-04-04,6.953333,7.120000,6.920000,7.026667,7.026667,1305000
2013-04-05,6.906667,6.906667,6.816667,6.863333,6.863333,1286700
2013-04-08,6.916667,7.250000,6.916667,7.170000,7.170000,1858200
2013-04-09,7.193333,7.383333,7.160000,7.303333,7.303333,2245200
2013-04-10,7.370000,7.470000,7.250000,7.316667,7.316667,2195700
2013-04-11,7.300000,7.450000,7.186667,7.440000,7.440000,2215800
2013-04-12,7.390000,7.640000,7.383333,7.453333,7.453333,1631400
2013-04-15,7.433333,7.483333,6.983333,7.036667,7.036667,1691400
2013-04-16,7.083333,7.166667,7.013333,7.100000,7.100000,1331400
2013-04-17,7.023333,7.216667,6.826667,7.170000,7.170000,1654500
2013-04-18,7.200000,7.283333,7.013333,7.200000,7.200000,1516500
2013-04-19,7.210000,7.316667,7.173333,7.210000,7.210000,1131600
2013-04-22,7.420000,7.546667,7.396667,7.490000,7.490000,3122400
2013-04-23,7.563333,7.640000,7.473333,7.570000,7.570000,2679300
2013-04-24,7.566667,7.666667,7.500000,7.580000,7.580000,2306100
2013-04-25,7.286667,7.320000,6.966667,7.193333,7.193333,4410300
2013-04-26,7.176667,7.316667,6.953333,6.956667,6.956667,2209200
2013-04-29,6.990000,7.036667,6.913333,6.926667,6.926667,1861800
2013-04-30,6.920000,6.996667,6.873333,6.926667,6.926667,1703700
2013-05-01,6.920000,7.183333,6.876667,6.993333,6.993333,2858400
2013-05-02,7.016667,7.150000,6.936667,7.106667,7.106667,1693800
2013-05-03,7.130000,7.203333,7.016667,7.086667,7.086667,2828100
2013-05-06,7.083333,7.140000,7.036667,7.126667,7.126667,1302300
2013-05-07,7.116667,7.233333,7.053333,7.210000,7.210000,2035200
2013-05-08,7.180000,7.196667,7.006667,7.083333,7.083333,1855200
2013-05-09,7.083333,7.163333,7.056667,7.123333,7.123333,1239000
2013-05-10,7.153333,7.333333,7.083333,7.310000,7.310000,1570200
2013-05-13,7.320000,7.320000,7.203333,7.226667,7.226667,798000
2013-05-14,7.203333,7.293333,7.036667,7.233333,7.233333,3309000
2013-05-15,7.210000,7.326667,7.123333,7.136667,7.136667,3734400
2013-05-16,7.283333,7.333333,6.873333,6.940000,6.940000,5116200
2013-05-17,7.020000,7.096667,6.983333,7.086667,7.086667,2658300
2013-05-20,7.050000,7.096667,7.046667,7.066667,7.066667,1872300
2013-05-21,7.043333,7.153333,6.983333,7.123333,7.123333,2196900
2013-05-22,7.103333,7.120000,6.860000,6.886667,6.886667,1764900
2013-05-23,6.790000,6.860000,6.733333,6.786667,6.786667,1559700
2013-05-24,6.736667,6.810000,6.663333,6.790000,6.790000,1272600
2013-05-28,6.946667,7.116667,6.923333,7.070000,7.070000,1735500
2013-05-29,7.046667,7.420000,7.003333,7.380000,7.380000,3417900
2013-05-30,7.406667,7.523333,7.380000,7.426667,7.426667,2115000
2013-05-31,7.403333,7.583333,7.400000,7.500000,7.500000,2329500
2013-06-03,7.513333,7.563333,7.390000,7.443333,7.443333,2409600
2013-06-04,7.516667,7.713333,7.516667,7.603333,7.603333,3241500
2013-06-05,7.563333,7.706667,7.440000,7.483333,7.483333,2650200
2013-06-06,7.466667,7.560000,7.366667,7.510000,7.510000,1899900
2013-06-07,7.543333,7.560000,7.330000,7.410000,7.410000,1979100
2013-06-10,7.420000,7.646667,7.383333,7.610000,7.610000,1557600
2013-06-11,7.546667,7.546667,7.376667,7.380000,7.380000,920100
2013-06-12,7.416667,7.466667,7.253333,7.290000,7.290000,661200
2013-06-13,7.290000,7.546667,7.226667,7.533333,7.533333,1405500
2013-06-14,7.510000,7.560000,7.420000,7.533333,7.533333,1285500
2013-06-17,7.590000,7.666667,7.510000,7.563333,7.563333,1491300
2013-06-18,7.553333,7.680000,7.543333,7.600000,7.600000,1460400
2013-06-19,7.576667,7.690000,7.553333,7.593333,7.593333,1109100
2013-06-20,7.500000,7.553333,7.390000,7.426667,7.426667,1413000
2013-06-21,7.456667,7.456667,7.230000,7.290000,7.290000,1374600
2013-06-24,7.230000,7.406667,7.103333,7.336667,7.336667,2221500
2013-06-25,7.386667,7.640000,7.353333,7.610000,7.610000,2039100
2013-06-26,7.670000,7.813333,7.580000,7.793333,7.793333,2126100
2013-06-27,7.816667,8.166667,7.773333,8.013333,8.013333,3433200
2013-06-28,8.010000,8.083333,7.903333,8.003333,8.003333,1203900
2013-07-01,8.030000,8.376667,8.020000,8.133333,8.133333,2195100
2013-07-02,8.120000,8.156667,7.976667,8.086667,8.086667,1131900
2013-07-03,8.070000,8.260000,7.993333,8.030000,8.030000,1452600
2013-07-05,8.083333,8.243333,8.070000,8.243333,8.243333,1224600
2013-07-08,8.273333,8.493333,8.273333,8.490000,8.490000,1829100
2013-07-09,8.563333,8.563333,8.393333,8.496667,8.496667,1317300
2013-07-10,8.466667,8.533333,8.403333,8.490000,8.490000,1571100
2013-07-11,8.570000,8.570000,8.413333,8.506667,8.506667,1881600
2013-07-12,8.480000,8.826667,8.450000,8.763333,8.763333,2029500
2013-07-15,8.910000,8.923333,8.700000,8.913333,8.913333,1821000
2013-07-16,8.916667,9.036667,8.766667,8.846667,8.846667,2218800
2013-07-17,8.890000,9.123333,8.853333,9.120000,9.120000,2851200
2013-07-18,9.133333,9.350000,8.880000,8.930000,8.930000,3319200
2013-07-19,8.913333,8.956667,8.806667,8.913333,8.913333,772500
2013-07-22,8.946667,9.050000,8.916667,8.960000,8.960000,1716300
2013-07-23,8.966667,9.076667,8.943333,8.993333,8.993333,2713800
2013-07-24,9.023333,9.040000,8.876667,8.883333,8.883333,1520700
2013-07-25,9.266667,9.536667,9.086667,9.153333,9.153333,6314700
2013-07-26,9.056667,9.133333,8.986667,9.133333,9.133333,1285500
2013-07-29,9.110000,9.126667,8.976667,9.063333,9.063333,756300
2013-07-30,9.093333,9.236667,9.090000,9.096667,9.096667,1452600
2013-07-31,9.140000,9.226667,9.076667,9.093333,9.093333,1045500
2013-08-01,9.160000,9.166667,9.026667,9.126667,9.126667,1633200
2013-08-02,9.126667,9.250000,9.006667,9.226667,9.226667,1278600
2013-08-05,9.276667,9.486667,9.263333,9.390000,9.390000,1815900
2013-08-06,9.373333,9.493333,9.340000,9.403333,9.403333,1222800
2013-08-07,9.336667,9.363333,9.136667,9.323333,9.323333,2247900
2013-08-08,9.346667,9.406667,9.236667,9.283333,9.283333,1207800
2013-08-09,9.273333,9.356667,9.170000,9.340000,9.340000,851400
2013-08-12,9.300000,9.683333,9.250000,9.500000,9.500000,1606800
2013-08-13,9.516667,9.826667,9.490000,9.696667,9.696667,2517900
2013-08-14,9.670000,9.726667,9.490000,9.533333,9.533333,1700400
2013-08-15,9.450000,9.616667,9.356667,9.500000,9.500000,1583400
2013-08-16,9.453333,9.730000,9.443333,9.660000,9.660000,1620900
2013-08-19,9.676667,9.910000,9.576667,9.670000,9.670000,1660800
2013-08-20,9.690000,9.760000,9.606667,9.743333,9.743333,1511400
2013-08-21,9.746667,10.096667,9.733333,10.046667,10.046667,3665100
2013-08-22,10.083333,10.283333,10.063333,10.200000,10.200000,2189100
2013-08-23,10.200000,10.290000,10.143333,10.256667,10.256667,2063700
2013-08-26,10.253333,10.406667,10.160000,10.166667,10.166667,2544600
2013-08-27,10.110000,10.143333,9.840000,10.056667,10.056667,2468100
2013-08-28,10.063333,10.163333,10.000000,10.133333,10.133333,1652700
2013-08-29,10.133333,10.323333,10.100000,10.233333,10.233333,826800
2013-08-30,10.246667,10.300000,10.146667,10.243333,10.243333,1662300
2013-09-03,10.303333,10.500000,10.146667,10.190000,10.190000,2000400
2013-09-04,10.210000,10.393333,10.210000,10.336667,10.336667,1363500
2013-09-05,10.373333,10.433333,10.293333,10.423333,10.423333,1774500
2013-09-06,10.473333,10.520000,10.320000,10.430000,10.430000,1654200
2013-09-09,10.443333,10.513333,10.393333,10.436667,10.436667,1402800
2013-09-10,10.453333,10.506667,10.273333,10.323333,10.323333,1473000
2013-09-11,10.343333,10.383333,10.256667,10.293333,10.293333,1270500
2013-09-12,10.266667,10.310000,10.073333,10.093333,10.093333,1809300
2013-09-13,10.150000,10.216667,10.073333,10.190000,10.190000,1090200
2013-09-16,10.266667,10.290000,10.050000,10.066667,10.066667,1418100
2013-09-17,10.066667,10.126667,9.870000,9.923333,9.923333,2362800
2013-09-18,9.870000,9.996667,9.710000,9.916667,9.916667,2295000
2013-09-19,9.903333,10.193333,9.863333,10.033333,10.033333,2066400
2013-09-20,10.030000,10.100000,9.680000,9.786667,9.786667,2309400
2013-09-23,9.796667,9.843333,9.543333,9.770000,9.770000,2092200
2013-09-24,9.786667,9.873333,9.673333,9.693333,9.693333,1697100
2013-09-25,9.713333,10.010000,9.686667,9.860000,9.860000,1669200
2013-09-26,9.896667,10.166667,9.863333,10.113333,10.113333,1382700
2013-09-27,10.110000,10.263333,10.063333,10.150000,10.150000,1520700
2013-09-30,10.100000,10.416667,10.036667,10.370000,10.370000,1925700
2013-10-01,10.396667,10.456667,10.216667,10.263333,10.263333,1866600
2013-10-02,10.146667,10.200000,10.006667,10.020000,10.020000,2101200
2013-10-03,10.006667,10.080000,9.683333,9.730000,9.730000,2155200
2013-10-04,9.710000,9.793333,9.693333,9.723333,9.723333,1362000
2013-10-07,9.676667,9.793333,9.500000,9.506667,9.506667,1587000
2013-10-08,9.533333,9.573333,8.873333,8.990000,8.990000,3895800
2013-10-09,9.070000,9.730000,9.070000,9.590000,9.590000,2822100
2013-10-10,9.726667,9.933333,9.680000,9.830000,9.830000,1569300
2013-10-11,9.800000,9.890000,9.566667,9.700000,9.700000,1483800
2013-10-14,9.580000,9.893333,9.580000,9.793333,9.793333,1332300
2013-10-15,9.746667,9.826667,9.620000,9.626667,9.626667,1128900
2013-10-16,9.666667,9.803333,9.666667,9.753333,9.753333,1399800
2013-10-17,9.716667,9.790000,9.573333,9.636667,9.636667,1668300
2013-10-18,9.733333,9.953333,9.660000,9.920000,9.920000,1778100
2013-10-21,9.916667,10.000000,9.763333,9.826667,9.826667,1593600
2013-10-22,9.833333,9.863333,9.560000,9.793333,9.793333,1705500
2013-10-23,9.733333,9.813333,9.633333,9.723333,9.723333,1830900
2013-10-24,8.950000,9.853333,8.950000,9.533333,9.533333,6526200
2013-10-25,9.570000,9.570000,9.333333,9.353333,9.353333,1876800
2013-10-28,9.330000,9.453333,9.226667,9.433333,9.433333,1473300
2013-10-29,9.483333,9.636667,9.413333,9.500000,9.500000,1344600
2013-10-30,9.630000,9.816667,9.526667,9.603333,9.603333,1183200
2013-10-31,9.573333,9.803333,9.536667,9.713333,9.713333,1152300
2013-11-01,9.710000,9.863333,9.633333,9.713333,9.713333,969000
2013-11-04,9.726667,9.873333,9.633333,9.856667,9.856667,1359600
2013-11-05,9.866667,10.170000,9.866667,10.130000,10.130000,2148600
2013-11-06,10.166667,10.223333,10.040000,10.156667,10.156667,1519800
2013-11-07,10.166667,10.200000,9.846667,9.900000,9.900000,1537800
2013-11-08,9.896667,10.193333,9.863333,10.166667,10.166667,1067400
2013-11-11,10.130000,10.423333,10.130000,10.390000,10.390000,1543800
2013-11-12,10.373333,10.523333,10.333333,10.520000,10.520000,1572600
2013-11-13,10.476667,10.716667,10.410000,10.680000,10.680000,1263300
2013-11-14,10.660000,10.663333,10.526667,10.620000,10.620000,884400
2013-11-15,10.616667,10.666667,10.513333,10.663333,10.663333,762000
2013-11-18,10.693333,10.853333,10.566667,10.640000,10.640000,1416300
2013-11-19,10.646667,10.813333,10.583333,10.653333,10.653333,1323000
2013-11-20,10.696667,10.803333,10.653333,10.696667,10.696667,546600
2013-11-21,10.703333,10.850000,10.636667,10.790000,10.790000,984900
2013-11-22,10.813333,10.960000,10.766667,10.936667,10.936667,943200
2013-11-25,10.940000,11.120000,10.940000,11.073333,11.073333,1316100
2013-11-26,11.140000,11.386667,11.066667,11.263333,11.263333,2056800
2013-11-27,11.286667,11.383333,11.266667,11.323333,11.323333,1502400
2013-11-29,11.366667,11.403333,11.146667,11.206667,11.206667,778500
2013-12-02,11.273333,11.296667,11.013333,11.033333,11.033333,1317900
2013-12-03,10.973333,11.356667,10.903333,11.350000,11.350000,1412400
2013-12-04,11.323333,11.336667,11.103333,11.213333,11.213333,813900
2013-12-05,11.350000,11.536667,11.266667,11.456667,11.456667,1507800
2013-12-06,11.650000,11.650000,11.263333,11.273333,11.273333,1378200
2013-12-09,11.260000,11.326667,11.176667,11.253333,11.253333,811800
2013-12-10,11.210000,11.280000,11.090000,11.153333,11.153333,990900
2013-12-11,11.170000,11.216667,10.876667,10.890000,10.890000,1136100
2013-12-12,10.890000,11.130000,10.770000,11.023333,11.023333,738900
2013-12-13,11.036667,11.163333,10.943333,11.033333,11.033333,743100
2013-12-16,11.080000,11.173333,11.010000,11.153333,11.153333,895500
2013-12-17,11.133333,11.133333,10.880000,10.996667,10.996667,676800
2013-12-18,11.006667,11.103333,10.906667,11.066667,11.066667,1948800
2013-12-19,11.016667,11.163333,10.783333,10.816667,10.816667,969600
2013-12-20,10.850000,11.090000,10.693333,11.083333,11.083333,1723500
2013-12-23,11.096667,11.230000,11.026667,11.110000,11.110000,767400
2013-12-24,11.133333,11.176667,11.086667,11.136667,11.136667,198300
2013-12-26,11.146667,11.180000,11.083333,11.123333,11.123333,396000
2013-12-27,11.163333,11.210000,10.966667,11.023333,11.023333,336300
2013-12-30,11.046667,11.200000,10.966667,11.193333,11.193333,558000
2013-12-31,11.186667,11.193333,11.020000,11.043333,11.043333,563700
2014-01-02,11.016667,11.286667,11.016667,11.240000,11.240000,803100
2014-01-03,11.240000,11.440000,11.193333,11.346667,11.346667,987900
2014-01-06,11.353333,11.563333,11.166667,11.233333,11.233333,1141200
2014-01-07,11.240000,11.276667,10.906667,11.086667,11.086667,1227600
2014-01-08,11.053333,11.130000,10.943333,11.000000,11.000000,629400
2014-01-09,11.000000,11.000000,10.800000,10.940000,10.940000,456900
2014-01-10,10.916667,10.916667,10.726667,10.780000,10.780000,743100
2014-01-13,10.726667,10.726667,10.240000,10.286667,10.286667,978600
2014-01-14,10.310000,10.356667,9.900000,10.020000,10.020000,2025000
2014-01-15,10.080000,10.353333,10.080000,10.230000,10.230000,847500
2014-01-16,10.170000,10.253333,9.680000,9.830000,9.830000,1320300
2014-01-17,9.796667,9.883333,9.743333,9.753333,9.753333,1279800
2014-01-21,9.600000,9.603333,8.836667,9.030000,9.030000,5700000
2014-01-22,9.020000,9.266667,9.020000,9.180000,9.180000,2862000
2014-01-23,9.183333,9.183333,8.990000,9.100000,9.100000,1171200
2014-01-24,9.103333,9.223333,9.006667,9.086667,9.086667,1341600
2014-01-27,9.083333,9.240000,8.866667,9.146667,9.146667,1654800
2014-01-28,9.236667,9.570000,9.223333,9.403333,9.403333,2052900
2014-01-29,9.336667,9.606667,9.283333,9.520000,9.520000,1948800
2014-01-30,9.606667,9.830000,9.596667,9.760000,9.760000,1266600
2014-01-31,9.663333,9.780000,9.570000,9.630000,9.630000,1430100
2014-02-03,9.633333,9.660000,9.110000,9.186667,9.186667,1222500
2014-02-04,9.233333,9.293333,9.076667,9.083333,9.083333,1072200
2014-02-05,9.070000,9.130000,8.820000,8.966667,8.966667,2096400
2014-02-06,9.010000,9.323333,8.936667,9.260000,9.260000,1409100
2014-02-07,9.390000,10.263333,9.390000,9.663333,9.663333,4366800
2014-02-10,9.696667,9.920000,9.600000,9.783333,9.783333,2169000
2014-02-11,9.793333,10.080000,9.670000,10.013333,10.013333,2028300
2014-02-12,10.073333,10.320000,9.836667,9.993333,9.993333,1746000
2014-02-13,11.313333,12.033333,11.033333,11.920000,11.920000,10186200
2014-02-14,11.883333,11.993333,11.713333,11.823333,11.823333,2222400
2014-02-18,11.836667,11.940000,11.566667,11.910000,11.910000,2207100
2014-02-19,11.883333,11.883333,11.463333,11.550000,11.550000,2493000
2014-02-20,11.566667,11.666667,11.320000,11.393333,11.393333,1514700
2014-02-21,11.393333,11.510000,11.360000,11.406667,11.406667,1601700
2014-02-24,11.420000,11.480000,11.390000,11.403333,11.403333,1376100
2014-02-25,11.386667,11.466667,11.376667,11.450000,11.450000,884100
2014-02-26,11.466667,11.550000,11.383333,11.460000,11.460000,1065000
2014-02-27,11.453333,11.493333,11.320000,11.453333,11.453333,626700
2014-02-28,11.400000,11.420000,11.140000,11.243333,11.243333,1317900
2014-03-03,11.103333,11.336667,11.023333,11.290000,11.290000,873300
2014-03-04,11.393333,11.586667,11.326667,11.543333,11.543333,1176300
2014-03-05,11.516667,11.636667,11.430000,11.530000,11.530000,844200
2014-03-06,11.556667,11.666667,11.466667,11.626667,11.626667,756600
2014-03-07,11.663333,11.906667,11.626667,11.850000,11.850000,1297500
2014-03-10,11.816667,12.156667,11.730000,12.096667,12.096667,1535100
2014-03-11,12.096667,12.096667,11.593333,11.653333,11.653333,1282200
2014-03-12,11.596667,11.723333,11.413333,11.623333,11.623333,902400
2014-03-13,11.630000,11.630000,11.336667,11.430000,11.430000,908400
2014-03-14,11.346667,11.696667,11.346667,11.570000,11.570000,753900
2014-03-17,11.663333,11.663333,11.480000,11.613333,11.613333,593400
2014-03-18,11.660000,11.826667,11.600000,11.810000,11.810000,632100
2014-03-19,11.786667,11.933333,11.780000,11.813333,11.813333,644400
2014-03-20,11.780000,11.856667,11.713333,11.773333,11.773333,402600
2014-03-21,11.780000,11.920000,11.560000,11.583333,11.583333,870000
2014-03-24,11.576667,11.710000,11.480000,11.596667,11.596667,607500
2014-03-25,11.640000,11.706667,11.346667,11.350000,11.350000,638700
2014-03-26,11.503333,11.893333,11.446667,11.586667,11.586667,1290600
2014-03-27,11.586667,11.800000,11.546667,11.633333,11.633333,747000
2014-03-28,11.633333,11.930000,11.590000,11.670000,11.670000,676500
2014-03-31,11.716667,12.260000,11.700000,12.180000,12.180000,1722600
2014-04-01,12.233333,12.316667,12.016667,12.140000,12.140000,1053000
2014-04-02,12.186667,12.610000,12.106667,12.370000,12.370000,1887600
2014-04-03,12.353333,12.496667,12.090000,12.230000,12.230000,1053900
2014-04-04,12.323333,12.396667,11.830000,11.910000,11.910000,808800
2014-04-07,11.836667,12.030000,11.703333,11.916667,11.916667,1772100
2014-04-08,11.910000,12.256667,11.813333,12.090000,12.090000,1292700
2014-04-09,12.100000,12.203333,11.893333,12.050000,12.050000,684000
2014-04-10,11.866667,12.046667,11.286667,11.423333,11.423333,2402400
2014-04-11,11.303333,11.363333,11.060000,11.070000,11.070000,1185900
2014-04-14,11.143333,11.416667,11.046667,11.173333,11.173333,1091100
2014-04-15,11.223333,11.576667,11.080000,11.433333,11.433333,1497300
2014-04-16,11.576667,11.666667,11.376667,11.660000,11.660000,1056900
2014-04-17,11.666667,11.883333,11.610000,11.753333,11.753333,1386600
2014-04-21,11.763333,12.236667,11.693333,11.973333,11.973333,2437800
2014-04-22,11.993333,12.310000,11.883333,12.290000,12.290000,3333900
2014-04-23,13.790000,13.906667,12.786667,12.843333,12.843333,12842100
2014-04-24,12.926667,13.400000,12.733333,13.313333,13.313333,4474200
2014-04-25,13.310000,13.453333,13.086667,13.350000,13.350000,3457200
2014-04-28,13.463333,13.620000,12.943333,13.220000,13.220000,3278400
2014-04-29,13.276667,13.970000,13.223333,13.963333,13.963333,5866800
2014-04-30,13.970000,13.970000,13.606667,13.663333,13.663333,3484200
2014-05-01,13.640000,14.003333,13.506667,13.990000,13.990000,4468500
2014-05-02,14.033333,14.103333,13.133333,13.310000,13.310000,5254200
2014-05-05,13.180000,13.716667,13.156667,13.706667,13.706667,2561700
2014-05-06,13.636667,13.716667,13.440000,13.473333,13.473333,1702800
2014-05-07,13.583333,13.636667,12.920000,13.226667,13.226667,2992200
2014-05-08,13.190000,13.660000,13.126667,13.213333,13.213333,2234400
2014-05-09,13.160000,13.803333,13.060000,13.696667,13.696667,2394600
2014-05-12,13.716667,14.206667,13.716667,14.080000,14.080000,3297600
2014-05-13,14.136667,14.163333,13.646667,13.743333,13.743333,2682300
2014-05-14,13.746667,13.913333,13.610000,13.660000,13.660000,1631100
2014-05-15,13.620000,13.660000,13.300000,13.563333,13.563333,1699500
2014-05-16,13.560000,13.666667,13.416667,13.646667,13.646667,1804800
2014-05-19,13.836667,14.220000,13.796667,14.166667,14.166667,3036900
2014-05-20,14.013333,14.123333,13.856667,13.960000,13.960000,3133500
2014-05-21,14.016667,14.346667,13.926667,14.106667,14.106667,2631900
2014-05-22,14.090000,14.233333,14.016667,14.033333,14.033333,1339800
2014-05-23,14.083333,14.176667,13.996667,14.150000,14.150000,1209000
2014-05-27,14.203333,14.516667,14.196667,14.510000,14.510000,1481100
2014-05-28,14.516667,14.733333,14.443333,14.590000,14.590000,2711700
2014-05-29,14.643333,14.830000,14.543333,14.790000,14.790000,1656000
2014-05-30,14.860000,14.993333,14.636667,14.833333,14.833333,2914200
2014-06-02,14.893333,14.933333,14.613333,14.893333,14.893333,1825800
2014-06-03,14.823333,15.013333,14.703333,14.840000,14.840000,1907400
2014-06-04,14.963333,15.366667,14.843333,15.350000,15.350000,2792700
2014-06-05,15.426667,15.463333,15.016667,15.283333,15.283333,2397600
2014-06-06,15.333333,15.843333,15.300000,15.786667,15.786667,2553600
2014-06-09,15.716667,15.793333,15.520000,15.593333,15.593333,2069700
2014-06-10,15.583333,15.606667,15.223333,15.253333,15.253333,1908900
2014-06-11,15.170000,15.266667,14.846667,15.016667,15.016667,2278200
2014-06-12,14.966667,15.000000,14.763333,14.866667,14.866667,1539300
2014-06-13,14.896667,15.093333,14.690000,15.060000,15.060000,1075800
2014-06-16,14.996667,15.026667,14.823333,14.963333,14.963333,1002300
2014-06-17,14.976667,15.240000,14.866667,15.160000,15.160000,1694100
2014-06-18,15.183333,15.343333,15.073333,15.326667,15.326667,1918500
2014-06-19,15.326667,15.433333,14.926667,15.043333,15.043333,1767000
2014-06-20,15.023333,15.070000,14.770000,14.786667,14.786667,2287800
2014-06-23,14.823333,15.010000,14.733333,15.003333,15.003333,1322700
2014-06-24,15.000000,15.216667,14.923333,14.936667,14.936667,1516200
2014-06-25,14.836667,15.333333,14.836667,15.296667,15.296667,1222200
2014-06-26,15.343333,15.343333,15.120000,15.210000,15.210000,903600
2014-06-27,15.150000,15.380000,15.150000,15.203333,15.203333,2243700
2014-06-30,15.203333,15.303333,15.046667,15.233333,15.233333,2891400
2014-07-01,15.266667,15.413333,15.170000,15.300000,15.300000,1832400
2014-07-02,15.280000,15.360000,15.000000,15.060000,15.060000,1986300
2014-07-03,15.156667,15.533333,15.083333,15.526667,15.526667,1136100
2014-07-07,15.526667,15.730000,15.340000,15.376667,15.376667,1516200
2014-07-08,15.326667,15.506667,15.093333,15.436667,15.436667,1427100
2014-07-09,15.493333,15.520000,15.276667,15.426667,15.426667,1975500
2014-07-10,15.313333,15.366667,15.036667,15.100000,15.100000,2114100
2014-07-11,15.120000,15.176667,14.820000,14.966667,14.966667,2547600
2014-07-14,15.126667,15.516667,15.036667,15.386667,15.386667,1491000
2014-07-15,15.370000,15.533333,15.163333,15.513333,15.513333,1684500
2014-07-16,15.563333,15.563333,15.240000,15.360000,15.360000,1718400
2014-07-17,15.273333,15.643333,15.210000,15.623333,15.623333,2856300
2014-07-18,15.623333,16.000000,15.480000,15.896667,15.896667,2604900
2014-07-21,15.866667,16.286667,15.836667,16.163334,16.163334,2685600
2014-07-22,16.333332,16.350000,16.023333,16.123333,16.123333,1861500
2014-07-23,16.160000,16.286667,16.043333,16.136667,16.136667,5328300
2014-07-24,17.566668,17.666668,16.923332,17.433332,17.433332,9626700
2014-07-25,17.443333,17.879999,17.326668,17.463333,17.463333,4198500
2014-07-28,17.503332,17.843332,17.260000,17.799999,17.799999,2842500
2014-07-29,17.833332,18.103333,17.786667,17.846666,17.846666,2780700
2014-07-30,17.973333,18.163334,17.879999,17.996668,17.996668,2023500
2014-07-31,17.853333,17.910000,17.356667,17.389999,17.389999,2961600
2014-08-01,17.333332,17.476667,17.123333,17.430000,17.430000,1937700
2014-08-04,17.513332,17.796667,17.403334,17.663334,17.663334,1879200
2014-08-05,17.556667,18.129999,17.553333,17.956667,17.956667,1969800
2014-08-06,17.806667,18.596666,17.756666,18.430000,18.430000,3749700
2014-08-07,18.500000,18.603333,18.020000,18.156668,18.156668,2139300
2014-08-08,18.153334,18.459999,18.096666,18.386667,18.386667,2149800
2014-08-11,18.496668,18.963333,18.466667,18.916668,18.916668,2692200
2014-08-12,18.916668,18.933332,18.230000,18.403334,18.403334,2550000
2014-08-13,18.500000,18.683332,18.383333,18.603333,18.603333,1741200
2014-08-14,18.716667,18.976667,18.626667,18.926666,18.926666,1593900
2014-08-15,19.030001,19.110001,18.646667,18.846666,18.846666,2800200
2014-08-18,19.006666,19.330000,19.000000,19.253332,19.253332,1394400
2014-08-19,19.333332,19.623333,18.813334,19.053333,19.053333,2758800
2014-08-20,19.243334,19.266666,19.000000,19.153334,19.153334,1569600
2014-08-21,19.209999,19.320000,18.850000,19.290001,19.290001,1212600
2014-08-22,19.320000,19.733334,19.056667,19.583332,19.583332,1864500
2014-08-25,19.740000,20.129999,19.716667,19.809999,19.809999,1872000
2014-08-26,19.790001,20.163334,19.716667,19.843332,19.843332,1754700
2014-08-27,19.850000,19.976667,19.503332,19.533333,19.533333,1973700
2014-08-28,19.389999,19.646667,19.200001,19.566668,19.566668,1732200
2014-08-29,19.576668,19.690001,19.366667,19.456667,19.456667,1465200
2014-09-02,19.466667,20.490000,19.456667,20.410000,20.410000,2878800
2014-09-03,20.506666,20.580000,20.016666,20.139999,20.139999,1671600
2014-09-04,20.400000,21.016666,20.400000,20.616667,20.616667,3148800
2014-09-05,20.600000,20.753332,20.270000,20.750000,20.750000,2064900
2014-09-08,20.716667,21.020000,20.666668,20.879999,20.879999,1681200
2014-09-09,20.876667,21.186666,20.666668,20.926666,20.926666,1792200
2014-09-10,20.916668,21.270000,20.766666,21.253332,21.253332,1330800
2014-09-11,21.166668,21.379999,21.000000,21.219999,21.219999,1572600
2014-09-12,21.233334,21.563334,21.196667,21.363333,21.363333,1846800
2014-09-15,21.400000,21.510000,20.636667,20.673332,20.673332,2279100
2014-09-16,20.650000,21.303333,20.590000,21.216667,21.216667,2342100
2014-09-17,21.213333,21.386667,18.963333,19.596666,19.596666,14105700
2014-09-18,19.700001,20.049999,19.643333,19.996668,19.996668,2205300
2014-09-19,20.059999,20.280001,19.793333,20.076668,20.076668,4012800
2014-09-22,20.046667,20.046667,19.223333,19.676666,19.676666,2560500
2014-09-23,19.583332,19.873333,19.323334,19.363333,19.363333,2150700
2014-09-24,18.333332,18.350000,17.000000,17.466667,17.466667,15259200
2014-09-25,18.290001,18.823334,17.833332,18.016666,18.016666,9266700
2014-09-26,18.123333,18.379999,17.876667,18.293333,18.293333,5166300
2014-09-29,18.100000,18.453333,18.003332,18.426666,18.426666,2856000
2014-09-30,18.440001,18.500000,17.740000,17.770000,17.770000,3878100
2014-10-01,17.860001,18.106667,17.363333,17.530001,17.530001,3906600
2014-10-02,17.530001,17.833332,17.136667,17.803333,17.803333,2284800
2014-10-03,18.016666,18.343332,17.833332,18.120001,18.120001,3645900
2014-10-06,18.146667,18.150000,17.379999,17.400000,17.400000,2694900
2014-10-07,17.396667,17.703333,17.190001,17.386667,17.386667,3131100
2014-10-08,17.386667,18.309999,17.386667,18.256666,18.256666,3606300
2014-10-09,18.256666,18.266666,17.476667,17.530001,17.530001,3429000
2014-10-10,17.436666,17.666668,16.750000,16.790001,16.790001,4907700
2014-10-13,16.873333,17.090000,16.456667,16.513332,16.513332,3617400
2014-10-14,16.620001,17.103333,16.370001,16.693333,16.693333,4542000
2014-10-15,16.423332,17.216667,15.920000,17.120001,17.120001,3955500
2014-10-16,16.889999,17.959999,16.889999,17.866667,17.866667,3192000
2014-10-17,18.129999,18.129999,17.320000,17.336666,17.336666,3016200
2014-10-20,17.293333,17.766666,17.150000,17.703333,17.703333,2464500
2014-10-21,17.896667,18.150000,17.776667,18.143333,18.143333,2391600
2014-10-22,18.263332,18.733334,18.233334,18.309999,18.309999,7096500
2014-10-23,18.066668,18.080000,16.496668,16.966667,16.966667,16007700
2014-10-24,16.930000,17.303333,16.533333,16.796667,16.796667,5173800
2014-10-27,16.686666,17.400000,16.633333,17.370001,17.370001,4471200
2014-10-28,17.333332,18.083332,17.260000,18.026667,18.026667,3725700
2014-10-29,18.086666,18.330000,17.886667,18.049999,18.049999,2648700
2014-10-30,18.166668,18.693333,18.053333,18.386667,18.386667,3605700
2014-10-31,18.740000,18.913334,18.020000,18.250000,18.250000,3073800
2014-11-03,18.190001,18.690001,18.000000,18.503332,18.503332,3021000
2014-11-04,18.466667,18.533333,18.186666,18.366667,18.366667,2829000
2014-11-05,18.549999,18.570000,18.173332,18.423332,18.423332,2894700
2014-11-06,18.436666,19.303333,18.406668,19.236668,19.236668,2815800
2014-11-07,19.183332,19.453333,19.059999,19.200001,19.200001,2653500
2014-11-10,19.203333,19.476667,19.170000,19.270000,19.270000,3045000
2014-11-11,19.303333,19.303333,18.680000,18.856667,18.856667,2182500
2014-11-12,18.833332,19.150000,18.469999,18.969999,18.969999,2649300
2014-11-13,18.973333,19.446667,18.863333,19.056667,19.056667,2506800
2014-11-14,19.086666,19.483334,19.030001,19.163334,19.163334,3185700
2014-11-17,19.176666,19.270000,18.903334,19.013332,19.013332,1465800
2014-11-18,19.049999,19.670000,19.049999,19.476667,19.476667,3111000
2014-11-19,19.480000,19.633333,19.203333,19.473333,19.473333,2369700
2014-11-20,19.466667,19.736668,19.416668,19.719999,19.719999,3299400
2014-11-21,20.000000,20.213333,19.463333,19.620001,19.620001,2648700
2014-11-24,19.623333,20.123333,19.623333,20.113333,20.113333,2231700
2014-11-25,20.233334,20.583332,20.183332,20.303333,20.303333,2018400
2014-11-26,20.266666,20.466667,20.016666,20.126667,20.126667,1552500
2014-11-28,20.253332,20.780001,20.166668,20.469999,20.469999,1491000
2014-12-01,20.433332,20.453333,19.420000,19.626667,19.626667,3932100
2014-12-02,19.976667,20.443333,19.933332,20.100000,20.100000,3621900
2014-12-03,20.150000,20.243334,19.783333,20.193333,20.193333,2875500
2014-12-04,20.240000,20.486668,20.146667,20.266666,20.266666,3227700
2014-12-05,20.320000,20.413334,20.146667,20.250000,20.250000,2627400
2014-12-08,20.240000,20.600000,20.126667,20.260000,20.260000,2145600
2014-12-09,19.983334,20.133333,19.626667,20.003332,20.003332,2378400
2014-12-10,20.013332,20.113333,19.440001,19.566668,19.566668,2726100
2014-12-11,19.726667,20.299999,19.726667,19.930000,19.930000,2635800
2014-12-12,19.806667,19.983334,19.590000,19.639999,19.639999,4133400
2014-12-15,19.766666,19.816668,19.013332,19.156668,19.156668,3417900
2014-12-16,19.073334,19.090000,17.963333,17.983334,17.983334,5816700
2014-12-17,18.049999,19.059999,18.049999,18.923332,18.923332,4060800
2014-12-18,19.203333,19.450001,19.046667,19.446667,19.446667,2447100
2014-12-19,19.299999,19.343332,18.166668,18.826668,18.826668,8345400
2014-12-22,18.823334,19.143333,18.466667,18.543333,18.543333,2500200
2014-12-23,18.559999,18.726667,18.480000,18.586666,18.586666,1893900
2014-12-24,18.596666,18.746668,18.476667,18.493334,18.493334,1028700
2014-12-26,18.580000,18.850000,18.556667,18.723333,18.723333,1593000
2014-12-29,18.700001,18.896667,18.549999,18.743334,18.743334,1669500
2014-12-30,18.666668,18.876667,18.563334,18.639999,18.639999,1510800
2014-12-31,18.646667,18.799999,18.386667,18.416668,18.416668,1879500
2015-01-02,18.573334,18.746668,18.426666,18.580000,18.580000,2314200
2015-01-05,18.686666,19.150000,18.613333,18.933332,18.933332,2817300
2015-01-06,18.973333,19.190001,18.410000,18.633333,18.633333,2808300
2015-01-07,18.753332,19.760000,18.753332,19.716667,19.716667,3298200
2015-01-08,19.959999,20.100000,19.513332,19.969999,19.969999,3960900
2015-01-09,19.913334,19.933332,19.466667,19.780001,19.780001,2210100
2015-01-12,19.883333,20.313334,19.883333,20.160000,20.160000,2308500
2015-01-13,20.283333,20.453333,19.616667,19.813334,19.813334,2557800
2015-01-14,19.500000,20.123333,19.473333,19.833332,19.833332,2640600
2015-01-15,19.840000,19.933332,18.986668,19.040001,19.040001,2786100
2015-01-16,18.943333,19.116667,18.670000,19.053333,19.053333,2160600
2015-01-20,19.146667,19.190001,18.583332,18.656668,18.656668,1970400
2015-01-21,18.570000,18.986668,18.570000,18.846666,18.846666,2032500
2015-01-22,19.003332,19.813334,18.870001,19.650000,19.650000,1995600
2015-01-23,19.610001,19.636667,19.049999,19.136667,19.136667,1926900
2015-01-26,19.086666,20.070000,19.010000,20.053333,20.053333,3095400
2015-01-27,19.753332,20.379999,19.673332,20.133333,20.133333,2484000
2015-01-28,20.303333,20.830000,20.206667,20.616667,20.616667,3114000
2015-01-29,20.776667,20.993334,20.383333,20.920000,20.920000,2155200
2015-01-30,20.646667,20.813334,20.046667,20.116667,20.116667,2997600
2015-02-02,20.150000,20.273333,19.836666,20.243334,20.243334,1717800
2015-02-03,20.290001,20.400000,20.049999,20.373333,20.373333,1997400
2015-02-04,20.219999,20.753332,20.209999,20.530001,20.530001,2082000
2015-02-05,20.676666,20.776667,20.336666,20.543333,20.543333,1539900
2015-02-06,20.490000,20.660000,20.266666,20.376667,20.376667,2945100
2015-02-09,19.913334,20.166668,19.559999,19.863333,19.863333,3307200
2015-02-10,19.966667,20.129999,19.606667,19.666668,19.666668,3908100
2015-02-11,19.773333,20.746668,19.510000,20.680000,20.680000,8767500
2015-02-12,21.333332,22.366667,21.166668,22.049999,22.049999,11599500
2015-02-13,22.033333,22.376667,21.666668,22.030001,22.030001,4584000
2015-02-17,21.980000,22.246668,21.836666,22.090000,22.090000,3297000
2015-02-18,22.093332,22.166668,21.889999,22.153334,22.153334,2280000
2015-02-19,22.200001,22.933332,22.016666,22.636667,22.636667,5843100
2015-02-20,22.620001,23.033333,22.356667,22.900000,22.900000,3499500
2015-02-23,22.910000,23.136667,22.803333,23.016666,23.016666,2735700
2015-02-24,23.030001,23.416668,22.703333,23.100000,23.100000,2905800
2015-02-25,23.170000,23.330000,22.893333,23.040001,23.040001,1723800
2015-02-26,23.066668,23.163334,22.853333,22.920000,22.920000,1195800
2015-02-27,22.933332,22.943333,22.520000,22.713333,22.713333,1716900
2015-03-02,22.736668,23.173332,22.556667,22.756666,22.756666,2184600
2015-03-03,22.713333,22.873333,22.123333,22.816668,22.816668,2138400
2015-03-04,22.693333,23.049999,22.670000,22.809999,22.809999,1675200
2015-03-05,22.879999,23.070000,22.616667,22.813334,22.813334,1200600
2015-03-06,22.743334,22.820000,22.183332,22.263332,22.263332,1621500
2015-03-09,22.266666,22.420000,21.830000,22.096666,22.096666,2403900
2015-03-10,21.933332,22.316668,21.629999,22.250000,22.250000,2745300
2015-03-11,22.299999,22.596666,22.270000,22.526667,22.526667,1487400
2015-03-12,22.680000,23.113333,22.620001,22.856667,22.856667,2075100
2015-03-13,22.886667,23.299999,22.476667,22.696667,22.696667,2196300
2015-03-16,22.796667,22.959999,22.566668,22.700001,22.700001,1837800
2015-03-17,22.586666,22.916668,22.513332,22.673332,22.673332,1332000
2015-03-18,22.673332,23.666668,22.606667,23.506666,23.506666,2446500
2015-03-19,23.553333,24.219999,23.506666,23.986668,23.986668,2441400
2015-03-20,24.026667,24.070000,23.616667,23.803333,23.803333,1887900
2015-03-23,23.809999,24.533333,23.806667,24.180000,24.180000,1880400
2015-03-24,24.219999,24.356667,23.950001,24.230000,24.230000,1827000
2015-03-25,24.270000,24.316668,23.450001,23.496668,23.496668,2991000
2015-03-26,23.333332,23.493334,23.013332,23.256666,23.256666,2088600
2015-03-27,23.350000,24.026667,23.350000,23.896667,23.896667,2396700
2015-03-30,23.963333,24.030001,23.770000,23.809999,23.809999,1589700
2015-03-31,23.893333,24.750000,23.876667,23.969999,23.969999,3355800
2015-04-01,23.986668,24.513332,23.969999,24.306667,24.306667,2502000
2015-04-02,24.306667,24.733334,24.196667,24.350000,24.350000,1521900
2015-04-06,24.176666,24.656668,24.086666,24.406668,24.406668,1543800
2015-04-07,24.400000,24.583332,24.053333,24.120001,24.120001,1764300
2015-04-08,24.166668,24.666668,24.166668,24.563334,24.563334,1809900
2015-04-09,24.530001,24.790001,24.243334,24.330000,24.330000,2413200
2015-04-10,24.480000,24.480000,24.006666,24.156668,24.156668,1594500
2015-04-13,24.166668,24.236668,23.793333,23.836666,23.836666,1794000
2015-04-14,23.833332,23.883333,23.333332,23.463333,23.463333,2283000
2015-04-15,23.719999,24.513332,23.673332,24.303333,24.303333,3908700
2015-04-16,24.303333,24.553333,24.003332,24.293333,24.293333,2633100
2015-04-17,23.976667,24.639999,23.976667,24.503332,24.503332,2869500
2015-04-20,24.663334,24.666668,24.316668,24.586666,24.586666,3123300
2015-04-21,24.763332,25.006666,24.636667,24.936666,24.936666,3032700
2015-04-22,25.000000,25.346666,24.456667,25.280001,25.280001,6212400
2015-04-23,27.323334,29.163334,27.296667,28.956667,28.956667,16873500
2015-04-24,29.100000,30.100000,28.846666,29.886667,29.886667,8047500
2015-04-27,30.000000,30.530001,29.956667,30.260000,30.260000,4910100
2015-04-28,30.059999,30.356667,29.823334,30.296667,30.296667,3261600
2015-04-29,30.100000,30.580000,30.059999,30.323334,30.323334,3429600
2015-04-30,30.180000,30.463333,29.826668,29.973333,29.973333,4986300
2015-05-01,30.320000,30.656668,29.936666,30.556667,30.556667,3208500
2015-05-04,30.653334,31.113333,30.293333,31.106667,31.106667,3284700
2015-05-05,30.946667,31.083332,30.676666,30.833332,30.833332,2541600
2015-05-06,30.773333,31.026667,30.500000,30.959999,30.959999,1948800
2015-05-07,31.059999,32.290001,30.933332,32.233334,32.233334,4644300
2015-05-08,32.583332,33.493332,32.556667,33.096668,33.096668,6882300
2015-05-11,32.993332,33.266666,32.616669,33.203335,33.203335,3574200
2015-05-12,32.943333,33.166668,32.669998,33.103333,33.103333,3169500
2015-05-13,33.133331,33.270000,32.753334,33.066666,33.066666,2060100
2015-05-14,33.316666,33.683334,33.003334,33.586666,33.586666,2759100
2015-05-15,33.773335,33.816666,33.213333,33.576668,33.576668,2184000
2015-05-18,33.756668,34.203335,33.709999,34.000000,34.000000,2650200
2015-05-19,34.253334,35.616669,34.180000,35.216667,35.216667,4729800
2015-05-20,35.230000,35.903332,34.806667,35.669998,35.669998,3863400
2015-05-21,35.723331,35.743332,34.849998,35.226665,35.226665,3490800
2015-05-22,35.209999,35.593334,34.453335,34.856667,34.856667,3009900
2015-05-26,34.856667,35.099998,34.366669,34.799999,34.799999,2837700
2015-05-27,34.973331,34.973331,34.130001,34.616669,34.616669,3349500
2015-05-28,34.500000,35.903332,34.250000,35.619999,35.619999,4242900
2015-05-29,35.973331,36.080002,35.119999,35.290001,35.290001,2753400
2015-06-01,35.343334,35.683334,35.053333,35.340000,35.340000,2859600
2015-06-02,35.290001,35.793331,35.139999,35.349998,35.349998,2348400
2015-06-03,35.513332,36.353333,35.453335,36.003334,36.003334,2553300
2015-06-04,35.803333,36.263332,35.333332,35.480000,35.480000,1719900
2015-06-05,35.430000,36.656666,35.333332,36.593334,36.593334,3114000
2015-06-08,36.673332,37.026669,36.236668,36.243332,36.243332,2509500
2015-06-09,36.626667,36.626667,35.766666,36.293331,36.293331,2338800
2015-06-10,36.403332,36.830002,36.333332,36.436668,36.436668,1671600
2015-06-11,36.563332,36.663334,36.286667,36.336666,36.336666,2013600
2015-06-12,36.203335,37.266666,36.166668,36.903332,36.903332,1880400
2015-06-15,36.500000,36.860001,36.333332,36.570000,36.570000,1915200
2015-06-16,36.563332,37.066666,36.563332,36.956669,36.956669,1556700
2015-06-17,37.026669,37.236668,36.733334,36.926666,36.926666,1176900
2015-06-18,37.046665,37.676666,37.006668,37.360001,37.360001,1734900
2015-06-19,37.286667,37.653332,37.013332,37.193333,37.193333,2262000
2015-06-22,37.643333,38.113335,37.596668,37.936668,37.936668,2260800
2015-06-23,37.936668,38.263332,37.439999,37.703335,37.703335,2796900
2015-06-24,37.706669,38.033333,37.130001,37.180000,37.180000,2541300
2015-06-25,37.466667,37.466667,36.676666,37.363335,37.363335,2379600
2015-06-26,37.453335,37.660000,37.070000,37.163334,37.163334,9757200
2015-06-29,36.766666,37.966667,36.669998,36.820000,36.820000,3881100
2015-06-30,37.123333,37.153332,35.343334,36.596668,36.596668,21639600
2015-07-01,36.766666,37.900002,36.526669,37.856667,37.856667,4063200
2015-07-02,37.993332,38.846668,37.836666,38.336666,38.336666,4024200
2015-07-06,37.980000,38.883331,37.956669,38.776669,38.776669,3866700
2015-07-07,39.139999,39.243332,37.250000,39.049999,39.049999,4243200
2015-07-08,38.406666,38.853333,37.753334,38.076668,38.076668,2552400
2015-07-09,38.590000,38.863335,38.299999,38.606667,38.606667,2258700
2015-07-10,38.986668,39.799999,38.666668,39.633331,39.633331,2332200
2015-07-13,39.946667,40.666668,39.756668,39.996666,39.996666,2901900
2015-07-14,39.880001,40.043331,39.340000,39.916668,39.916668,2916900
2015-07-15,39.933334,40.360001,39.689999,39.696667,39.696667,2937600
2015-07-16,40.126667,40.419998,39.916668,40.243332,40.243332,2375400
2015-07-17,40.253334,40.476665,39.763332,40.416668,40.416668,2343300
2015-07-20,40.436668,41.516666,40.436668,41.236668,41.236668,2926800
2015-07-21,41.700001,42.166668,41.086666,41.796665,41.796665,3645000
2015-07-22,41.750000,42.126667,41.500000,42.056667,42.056667,2287200
2015-07-23,42.436668,42.509998,40.853333,41.070000,41.070000,2819100
2015-07-24,41.403332,41.570000,40.506668,41.003334,41.003334,2374200
2015-07-27,40.669998,40.873333,39.956669,40.586666,40.586666,2506800
2015-07-28,40.853333,41.639999,40.403332,41.516666,41.516666,3045600
2015-07-29,41.740002,43.020000,40.939999,42.813332,42.813332,6046500
2015-07-30,48.410000,49.996666,46.503334,49.663334,49.663334,12681600
2015-07-31,49.849998,50.666668,49.000000,50.150002,50.150002,5241300
2015-08-03,50.139999,50.369999,48.669998,49.549999,49.549999,4831800
2015-08-04,49.726665,51.573334,49.513332,51.299999,51.299999,4131900
2015-08-05,51.636665,53.483334,51.633331,53.430000,53.430000,5702400
2015-08-06,53.983334,54.533333,50.976665,51.383331,51.383331,6451500
2015-08-07,51.770000,51.783333,49.836666,51.299999,51.299999,4603200
2015-08-10,51.633331,52.573334,51.236668,51.643333,51.643333,3668400
2015-08-11,50.796665,52.653332,50.706669,52.516666,52.516666,3895800
2015-08-12,51.846668,51.846668,48.606667,49.650002,49.650002,6599400
2015-08-13,49.663334,51.543331,49.636665,50.856667,50.856667,3552900
2015-08-14,50.953335,51.563332,50.553333,51.176666,51.176666,1651500
2015-08-17,51.066666,52.333332,50.756668,52.066666,52.066666,2019300
2015-08-18,51.723331,52.536667,50.973331,51.470001,51.470001,2574600
2015-08-19,51.166668,51.406666,50.599998,50.753334,50.753334,3060000
2015-08-20,50.363335,50.536667,48.500000,48.950001,48.950001,4304100
2015-08-21,48.063332,48.259998,45.213333,46.876667,46.876667,7944000
2015-08-24,44.130001,45.996666,42.333332,43.493332,43.493332,7876200
2015-08-25,45.400002,47.036667,43.700001,43.986668,43.986668,5853300
2015-08-26,45.443333,46.016666,43.860001,45.763332,45.763332,4181400
2015-08-27,46.656666,48.286667,46.500000,47.576668,47.576668,4444200
2015-08-28,47.493332,48.213333,46.726665,47.326668,47.326668,2982600
2015-08-31,46.743332,47.950001,46.713333,46.913334,46.913334,2209800
2015-09-01,45.900002,46.700001,45.066666,45.506668,45.506668,2793900
2015-09-02,46.233334,46.873333,45.520000,46.459999,46.459999,2205600
2015-09-03,46.796665,47.216667,45.396667,45.590000,45.590000,3000000
2015-09-04,45.000000,45.876667,44.526669,45.650002,45.650002,3259500
2015-09-08,46.513332,46.573334,45.186668,45.560001,45.560001,3454500
2015-09-09,45.959999,46.169998,45.133331,45.220001,45.220001,2283000
2015-09-10,45.023335,45.763332,44.436668,45.253334,45.253334,2020800
2015-09-11,45.186668,45.253334,44.053333,45.116669,45.116669,2279100
2015-09-14,45.086666,45.779999,44.910000,45.483334,45.483334,2531400
2015-09-15,45.723331,46.873333,45.276669,46.639999,46.639999,2453700
2015-09-16,46.666668,47.939999,45.803333,47.876667,47.876667,3204000
2015-09-17,47.939999,49.583332,47.700001,48.736668,48.736668,3592800
2015-09-18,48.073334,48.830002,46.669998,46.900002,46.900002,4328400
2015-09-21,47.189999,47.810001,46.240002,46.913334,46.913334,3089100
2015-09-22,45.983334,47.259998,45.983334,47.143333,47.143333,1907700
2015-09-23,47.143333,48.400002,47.143333,47.573334,47.573334,1871400
2015-09-24,47.166668,47.223331,46.096668,46.536667,46.536667,2459700
2015-09-25,47.576668,47.716667,46.056667,46.406666,46.406666,2446500
2015-09-28,46.393333,46.393333,42.166668,43.156666,43.156666,5994000
2015-09-29,43.290001,44.566666,42.246666,43.323334,43.323334,3476100
2015-09-30,44.000000,44.906666,43.333332,44.693333,44.693333,2535300
2015-10-01,44.509998,45.000000,43.243332,44.233334,44.233334,3268800
2015-10-02,43.326668,44.143333,42.669998,44.000000,44.000000,2602800
2015-10-05,44.323334,44.566666,43.403332,44.246666,44.246666,2404200
2015-10-06,44.356667,44.740002,42.119999,42.546665,42.546665,4116900
2015-10-07,42.750000,42.930000,39.770000,42.093334,42.093334,6676200
2015-10-08,42.110001,42.273335,40.410000,41.626667,41.626667,3202800
2015-10-09,41.676666,42.730000,41.216667,42.520000,42.520000,3277200
2015-10-12,42.709999,43.856667,42.279999,43.436668,43.436668,2889000
2015-10-13,43.436668,44.496666,43.233334,43.646667,43.646667,3124500
2015-10-14,43.856667,44.006668,42.443333,42.726665,42.726665,2690700
2015-10-15,43.166668,44.426666,42.876667,44.223331,44.223331,2390100
2015-10-16,44.599998,45.360001,43.500000,45.150002,45.150002,2622600
2015-10-19,45.810001,47.560001,45.000000,47.470001,47.470001,3872100
2015-10-20,48.029999,49.279999,45.509998,46.490002,46.490002,5378100
2015-10-21,46.740002,46.950001,45.090000,45.709999,45.709999,2837600
2015-10-22,45.869999,46.279999,45.009998,46.189999,46.189999,7082900
2015-10-23,33.259998,33.529999,29.549999,31.639999,31.639999,36768100
2015-10-26,32.770000,34.099998,31.500000,31.860001,31.860001,14736400
2015-10-27,31.549999,31.700001,30.080000,31.070000,31.070000,7613100
2015-10-28,31.010000,31.379999,30.190001,31.309999,31.309999,4563900
2015-10-29,31.020000,32.290001,31.000000,31.629999,31.629999,3172300
2015-10-30,31.879999,32.040001,31.170000,31.200001,31.200001,2836300
2015-11-02,31.400000,31.719999,31.020000,31.450001,31.450001,3264700
2015-11-03,31.370001,31.690001,31.100000,31.549999,31.549999,2806200
2015-11-04,31.389999,31.719999,29.760000,30.000000,30.000000,6249500
2015-11-05,30.139999,30.370001,29.049999,29.290001,29.290001,5307600
2015-11-06,29.260000,29.740000,29.000000,29.270000,29.270000,3492500
2015-11-09,29.059999,29.150000,28.090000,28.370001,28.370001,4994800
2015-11-10,28.150000,28.639999,27.299999,28.129999,28.129999,4991400
2015-11-11,27.990000,28.080000,26.120001,26.360001,26.360001,6176200
2015-11-12,26.320000,27.170000,26.200001,26.600000,26.600000,5032300
2015-11-13,26.090000,26.209999,24.809999,25.400000,25.400000,6081400
2015-11-16,24.980000,25.500000,24.559999,25.370001,25.370001,4739100
2015-11-17,25.379999,25.650000,24.600000,25.320000,25.320000,3475500
2015-11-18,25.320000,28.000000,25.320000,27.889999,27.889999,6756000
2015-11-19,27.889999,29.290001,27.889999,29.180000,29.180000,7181500
2015-11-20,29.520000,30.780001,28.930000,29.030001,29.030001,6452000
2015-11-23,28.940001,29.889999,28.940001,29.420000,29.420000,3360300
2015-11-24,29.340000,30.549999,29.150000,30.180000,30.180000,3420300
2015-11-25,30.209999,30.600000,29.790001,30.100000,30.100000,2664700
2015-11-27,30.059999,30.780001,29.830000,30.340000,30.340000,1258500
2015-11-30,30.370001,30.590000,30.049999,30.200001,30.200001,2710900
2015-12-01,30.139999,31.660000,30.080000,31.629999,31.629999,4602600
2015-12-02,32.389999,33.250000,31.950001,32.259998,32.259998,5699000
2015-12-03,32.330002,32.700001,29.930000,29.990000,29.990000,6317600
2015-12-04,30.040001,30.670000,29.600000,30.480000,30.480000,3582500
2015-12-07,30.680000,30.750000,29.840000,30.670000,30.670000,2701300
2015-12-08,30.150000,31.090000,29.969999,30.990000,30.990000,3153400
2015-12-09,30.620001,31.200001,29.870001,30.360001,30.360001,2185500
2015-12-10,30.510000,30.840000,30.190001,30.360001,30.360001,1683500
2015-12-11,29.850000,30.170000,29.250000,29.510000,29.510000,3187200
2015-12-14,29.549999,30.240000,28.650000,29.299999,29.299999,2978000
2015-12-15,29.629999,30.230000,29.190001,29.840000,29.840000,2715300
2015-12-16,30.049999,30.799999,30.040001,30.670000,30.670000,2808200
2015-12-17,30.799999,30.870001,30.219999,30.230000,30.230000,2034800
2015-12-18,30.080000,30.650000,29.870001,30.000000,30.000000,3062600
2015-12-21,30.100000,30.260000,29.450001,30.260000,30.260000,1701900
2015-12-22,30.250000,30.700001,29.940001,30.600000,30.600000,1845300
2015-12-23,30.940001,31.110001,30.500000,30.639999,30.639999,2574500
2015-12-24,30.580000,30.830000,30.240000,30.660000,30.660000,1255700
2015-12-28,30.600000,30.889999,30.180000,30.500000,30.500000,1907400
2015-12-29,30.650000,31.540001,30.610001,31.530001,31.530001,2180900
2015-12-30,31.410000,31.620001,30.990000,31.049999,31.049999,1949800
2015-12-31,30.879999,31.110001,30.200001,30.209999,30.209999,3063700
2016-01-04,29.400000,29.969999,29.049999,29.959999,29.959999,2973100
2016-01-05,29.959999,30.469999,29.070000,29.129999,29.129999,2437200
2016-01-06,28.799999,29.320000,28.570000,28.870001,28.870001,2660900
2016-01-07,27.980000,28.860001,27.809999,27.940001,27.940001,3602100
2016-01-08,28.040001,28.280001,26.459999,26.770000,26.770000,3383900
2016-01-11,26.920000,27.260000,26.389999,27.120001,27.120001,2066200
2016-01-12,27.590000,27.969999,26.870001,27.379999,27.379999,1558700
2016-01-13,27.620001,27.680000,26.469999,26.740000,26.740000,2201000
2016-01-14,26.750000,26.850000,25.469999,26.389999,26.389999,2905700
2016-01-15,25.600000,27.209999,25.570000,26.990000,26.990000,3513000
2016-01-19,27.250000,28.129999,26.700001,27.309999,27.309999,3138500
2016-01-20,26.860001,27.930000,25.559999,27.530001,27.530001,2733700
2016-01-21,27.540001,28.250000,27.080000,28.020000,28.020000,2911700
2016-01-22,27.870001,28.389999,26.790001,27.480000,27.480000,3925700
2016-01-25,27.469999,27.700001,27.010000,27.240000,27.240000,1734100
2016-01-26,27.309999,28.530001,27.110001,27.809999,27.809999,2464000
2016-01-27,27.670000,28.040001,27.139999,27.469999,27.469999,2258800
2016-01-28,28.250000,28.250000,26.900000,27.000000,27.000000,2834300
2016-01-29,27.180000,28.209999,27.070000,28.190001,28.190001,3092700
2016-02-01,28.059999,28.990000,27.809999,28.790001,28.790001,2031900
2016-02-02,28.690001,29.930000,28.620001,29.070000,29.070000,2768300
2016-02-03,29.180000,29.280001,27.879999,29.129999,29.129999,3264800
2016-02-04,28.760000,29.120001,27.500000,29.080000,29.080000,3576400
2016-02-05,28.320000,29.040001,27.580000,27.660000,27.660000,3513300
2016-02-08,27.219999,27.480000,26.049999,26.850000,26.850000,4301900
2016-02-09,26.620001,27.500000,26.379999,26.879999,26.879999,3741200
2016-02-10,27.230000,28.139999,27.010000,27.170000,27.170000,4569700
2016-02-11,29.299999,30.350000,26.350000,28.240000,28.240000,12055600
2016-02-12,28.680000,30.490000,27.780001,30.379999,30.379999,5908800
2016-02-16,31.010000,31.910000,30.969999,31.389999,31.389999,4035100
2016-02-17,31.559999,33.070000,31.510000,32.619999,32.619999,3754100
2016-02-18,32.830002,32.919998,31.879999,32.009998,32.009998,2549000
2016-02-19,31.879999,31.879999,31.100000,31.879999,31.879999,1565500
2016-02-22,32.240002,32.650002,32.060001,32.430000,32.430000,1574900
2016-02-23,32.419998,32.680000,32.200001,32.220001,32.220001,1459100
2016-02-24,31.940001,32.689999,31.670000,32.580002,32.580002,1580700
2016-02-25,32.830002,33.470001,32.619999,33.000000,33.000000,2012700
2016-02-26,33.250000,33.250000,32.700001,32.930000,32.930000,1675300
2016-02-29,33.049999,33.299999,32.910000,32.919998,32.919998,1863000
2016-03-01,33.099998,33.680000,32.220001,33.540001,33.540001,2194900
2016-03-02,33.480000,33.599998,33.070000,33.590000,33.590000,1965800
2016-03-03,33.520000,33.889999,33.110001,33.779999,33.779999,2668100
2016-03-04,33.770000,34.270000,33.330002,33.720001,33.720001,1804800
2016-03-07,33.439999,33.660000,32.509998,32.669998,32.669998,2230700
2016-03-08,32.549999,32.549999,31.400000,31.450001,31.450001,2517400
2016-03-09,31.500000,31.510000,30.549999,31.379999,31.379999,2938000
2016-03-10,31.520000,32.259998,31.420000,32.020000,32.020000,2117300
2016-03-11,32.169998,32.759998,31.930000,32.330002,32.330002,1738000
2016-03-14,32.169998,32.459999,31.480000,31.530001,31.530001,1968900
2016-03-15,31.600000,32.770000,31.570000,32.369999,32.369999,1373700
2016-03-16,32.340000,32.580002,31.110001,31.389999,31.389999,2156200
2016-03-17,31.280001,33.139999,31.200001,33.110001,33.110001,3533600
2016-03-18,33.049999,33.360001,32.939999,32.939999,32.939999,3080300
2016-03-21,32.980000,33.180000,32.389999,32.500000,32.500000,1351500
2016-03-22,32.299999,32.299999,30.879999,31.059999,31.059999,3778200
2016-03-23,30.799999,30.870001,29.860001,30.230000,30.230000,3595100
2016-03-24,30.150000,30.299999,29.580000,30.219999,30.219999,2299500
2016-03-28,30.420000,31.370001,30.420000,30.780001,30.780001,2414400
2016-03-29,30.719999,30.889999,30.000000,30.780001,30.780001,2744000
2016-03-30,31.010000,31.540001,31.010000,31.290001,31.290001,1802200
2016-03-31,31.299999,31.780001,30.309999,30.450001,30.450001,4379700
2016-04-01,30.450001,30.670000,29.889999,30.320000,30.320000,2371400
2016-04-04,30.320000,30.320000,28.360001,28.510000,28.510000,5050500
2016-04-05,28.180000,28.600000,27.959999,28.360001,28.360001,2774000
2016-04-06,28.389999,28.490000,27.820000,28.410000,28.410000,3288500
2016-04-07,27.780001,27.870001,26.850000,27.309999,27.309999,6609700
2016-04-08,27.620001,27.690001,26.510000,26.700001,26.700001,3265200
2016-04-11,26.690001,27.209999,26.200001,26.260000,26.260000,3430700
2016-04-12,26.290001,27.379999,25.889999,27.080000,27.080000,3810600
2016-04-13,27.370001,28.379999,27.340000,28.299999,28.299999,3760900
2016-04-14,28.389999,29.000000,28.250000,28.309999,28.309999,3290400
2016-04-15,28.209999,28.790001,28.049999,28.690001,28.690001,3108000
2016-04-18,28.650000,29.510000,28.540001,29.360001,29.360001,3059700
2016-04-19,29.549999,29.770000,29.200001,29.510000,29.510000,3196900
2016-04-20,29.850000,30.150000,29.639999,30.040001,30.040001,2950300
2016-04-21,30.379999,30.900000,29.910000,30.799999,30.799999,6072500
2016-04-22,32.869999,33.599998,31.770000,32.730000,32.730000,9867500
2016-04-25,32.799999,33.830002,32.700001,33.540001,33.540001,5067300
2016-04-26,33.509998,34.200001,33.509998,34.060001,34.060001,4171800
2016-04-27,34.049999,34.099998,33.470001,33.730000,33.730000,2274600
2016-04-28,33.400002,34.160000,33.320000,33.400002,33.400002,2333600
2016-04-29,33.410000,33.480000,32.509998,33.049999,33.049999,2533800
2016-05-02,33.099998,34.029999,33.060001,33.900002,33.900002,2640200
2016-05-03,33.610001,33.750000,32.560001,32.660000,32.660000,3055800
2016-05-04,32.590000,33.209999,32.310001,32.799999,32.799999,2512400
2016-05-05,32.490002,32.599998,31.370001,31.540001,31.540001,3481500
2016-05-06,31.480000,31.530001,30.490000,31.430000,31.430000,2455400
2016-05-09,31.559999,32.389999,31.469999,32.160000,32.160000,1838400
2016-05-10,32.169998,32.549999,31.809999,31.980000,31.980000,1595500
2016-05-11,31.559999,31.700001,30.639999,30.680000,30.680000,2505600
2016-05-12,30.860001,31.670000,30.730000,31.440001,31.440001,1876500
2016-05-13,31.240000,32.230000,30.650000,30.990000,30.990000,2155500
2016-05-16,30.920000,31.309999,30.530001,31.040001,31.040001,1841600
2016-05-17,31.000000,31.230000,29.990000,30.080000,30.080000,3216800
2016-05-18,29.990000,30.000000,28.770000,29.030001,29.030001,3713000
2016-05-19,28.980000,29.730000,28.900000,29.440001,29.440001,1826100
2016-05-20,29.440001,30.059999,29.200001,29.980000,29.980000,2407200
2016-05-23,30.100000,30.330000,29.639999,29.670000,29.670000,1583600
2016-05-24,29.549999,29.940001,29.469999,29.580000,29.580000,2178000
2016-05-25,29.660000,30.020000,29.400000,29.719999,29.719999,1388100
2016-05-26,29.930000,30.430000,29.850000,30.190001,30.190001,2236500
2016-05-27,30.160000,30.830000,30.139999,30.680000,30.680000,1705300
2016-05-31,30.860001,31.209999,30.600000,31.170000,31.170000,2387900
2016-06-01,30.969999,31.680000,30.799999,31.469999,31.469999,2108200
2016-06-02,31.430000,31.770000,31.240000,31.660000,31.660000,2350900
2016-06-03,31.500000,32.029999,31.309999,31.840000,31.840000,1889000
2016-06-06,31.500000,31.600000,30.760000,31.559999,31.559999,2260700
2016-06-07,31.400000,31.600000,31.209999,31.290001,31.290001,5632200
2016-06-08,31.309999,31.490000,30.270000,30.340000,30.340000,4006800
2016-06-09,30.299999,30.730000,29.850000,30.650000,30.650000,3048900
2016-06-10,30.379999,30.500000,29.620001,29.750000,29.750000,2247100
2016-06-13,29.530001,29.820000,29.010000,29.049999,29.049999,1697700
2016-06-14,28.969999,29.370001,28.809999,29.070000,29.070000,2016200
2016-06-15,29.360001,29.870001,29.180000,29.240000,29.240000,1700000
2016-06-16,29.139999,29.170000,28.570000,28.969999,28.969999,1417500
2016-06-17,28.910000,29.410000,28.809999,28.990000,28.990000,1700500
2016-06-20,29.430000,29.780001,29.340000,29.540001,29.540001,1733600
2016-06-21,29.639999,29.830000,29.299999,29.440001,29.440001,1224500
2016-06-22,29.440001,29.469999,29.049999,29.059999,29.059999,1645900
2016-06-23,29.389999,29.680000,29.170000,29.299999,29.299999,2223800
2016-06-24,28.100000,28.910000,28.100000,28.200001,28.200001,3648700
2016-06-27,28.000000,28.080000,26.920000,27.260000,27.260000,2700400
2016-06-28,27.660000,28.230000,27.480000,28.160000,28.160000,2236600
2016-06-29,28.580000,30.150000,28.459999,30.040001,30.040001,3492800
2016-06-30,30.010000,30.070000,29.360001,29.719999,29.719999,2777700
2016-07-01,29.719999,30.240000,29.209999,29.379999,29.379999,2025800
2016-07-05,29.299999,29.379999,28.799999,29.010000,29.010000,1823000
2016-07-06,28.920000,29.610001,28.650000,29.520000,29.520000,2598000
2016-07-07,29.500000,30.270000,29.500000,30.040001,30.040001,1674200
2016-07-08,30.420000,31.150000,30.400000,30.790001,30.790001,1802700
2016-07-11,30.790001,31.670000,30.790001,31.120001,31.120001,1781800
2016-07-12,31.120001,32.639999,31.100000,32.520000,32.520000,3680200
2016-07-13,32.529999,32.630001,31.650000,32.520000,32.520000,2073400
2016-07-14,32.410000,32.660000,31.750000,32.000000,32.000000,2522500
2016-07-15,31.990000,32.669998,31.870001,32.389999,32.389999,2694400
2016-07-18,32.320000,32.709999,32.139999,32.580002,32.580002,2314900
2016-07-19,32.599998,32.630001,31.889999,31.940001,31.940001,1890600
2016-07-20,32.150002,32.619999,32.009998,32.279999,32.279999,1926400
2016-07-21,32.299999,32.540001,31.850000,32.180000,32.180000,3722300
2016-07-22,27.360001,27.389999,24.160000,24.990000,24.990000,32840600
2016-07-25,25.180000,25.389999,24.100000,24.379999,24.379999,9285000
2016-07-26,24.500000,24.760000,24.250000,24.360001,24.360001,4185100
2016-07-27,24.629999,24.709999,24.129999,24.330000,24.330000,3578800
2016-07-28,24.500000,24.590000,24.030001,24.049999,24.049999,3004400
2016-07-29,24.040001,24.270000,23.700001,24.020000,24.020000,3488700
2016-08-01,23.820000,24.160000,23.549999,23.809999,23.809999,3298100
2016-08-02,23.750000,23.809999,22.809999,22.879999,22.879999,3796500
2016-08-03,22.549999,23.870001,22.500000,23.520000,23.520000,2953500
2016-08-04,23.590000,23.990000,23.299999,23.420000,23.420000,2640400
2016-08-05,23.639999,23.950001,23.469999,23.520000,23.520000,2218900
2016-08-08,23.690001,24.040001,23.600000,23.650000,23.650000,1942500
2016-08-09,23.610001,23.830000,23.350000,23.459999,23.459999,2107200
2016-08-10,23.590000,23.889999,23.520000,23.610001,23.610001,2018300
2016-08-11,23.950001,24.930000,23.840000,24.780001,24.780001,4948400
2016-08-12,24.620001,25.430000,24.500000,25.320000,25.320000,4410900
2016-08-15,25.340000,25.920000,25.100000,25.180000,25.180000,4118700
2016-08-16,25.000000,25.200001,24.549999,24.750000,24.750000,4569900
2016-08-17,24.750000,24.940001,24.520000,24.559999,24.559999,2066400
2016-08-18,24.760000,25.260000,24.730000,24.920000,24.920000,3264200
2016-08-19,24.910000,25.350000,24.860001,25.040001,25.040001,2218300
2016-08-22,25.139999,25.420000,24.639999,24.879999,24.879999,2112600
2016-08-23,25.230000,25.480000,25.150000,25.180000,25.180000,2447000
2016-08-24,25.180000,25.480000,24.830000,24.900000,24.900000,1603800
2016-08-25,24.900000,25.299999,24.830000,24.910000,24.910000,1816600
2016-08-26,24.820000,25.100000,24.520000,24.719999,24.719999,1354200
2016-08-29,24.799999,25.049999,24.790001,24.930000,24.930000,980300
2016-08-30,24.830000,24.950001,24.650000,24.709999,24.709999,1530200
2016-08-31,24.670000,24.860001,24.100000,24.309999,24.309999,1984200
2016-09-01,24.299999,24.540001,24.000000,24.459999,24.459999,2052300
2016-09-02,24.490000,24.700001,24.209999,24.370001,24.370001,1293000
2016-09-06,24.410000,24.500000,24.120001,24.299999,24.299999,1614100
2016-09-07,24.250000,24.350000,24.090000,24.320000,24.320000,2383800
2016-09-08,24.250000,24.400000,24.010000,24.110001,24.110001,1803400
2016-09-09,24.000000,24.000000,23.480000,23.480000,23.480000,1904700
2016-09-12,23.320000,23.820000,23.230000,23.719999,23.719999,2306200
2016-09-13,23.450001,23.650000,22.770000,23.090000,23.090000,3374600
2016-09-14,23.090000,23.150000,22.600000,22.870001,22.870001,2560300
2016-09-15,22.700001,23.340000,22.440001,23.250000,23.250000,3294800
2016-09-16,23.129999,23.129999,22.620001,22.840000,22.840000,3539600
2016-09-19,22.980000,23.370001,22.820000,23.129999,23.129999,2530900
2016-09-20,23.299999,23.340000,23.090000,23.230000,23.230000,2423700
2016-09-21,22.090000,22.350000,20.900000,21.219999,21.219999,13164900
2016-09-22,21.299999,21.980000,21.049999,21.930000,21.930000,5713100
2016-09-23,21.900000,22.600000,21.840000,22.090000,22.090000,3794200
2016-09-26,22.000000,22.209999,21.879999,22.020000,22.020000,2137100
2016-09-27,22.000000,22.240000,21.820000,22.160000,22.160000,2478300
2016-09-28,22.280001,22.740000,22.180000,22.480000,22.480000,2581500
2016-09-29,22.370001,22.450001,21.900000,21.910000,21.910000,2733900
2016-09-30,22.500000,23.139999,22.360001,22.900000,22.900000,3755600
2016-10-03,22.900000,23.129999,22.840000,23.049999,23.049999,2403900
2016-10-04,23.080000,23.250000,22.719999,23.129999,23.129999,2260500
2016-10-05,23.139999,23.430000,22.969999,23.020000,23.020000,2253100
2016-10-06,22.879999,22.950001,22.570000,22.870001,22.870001,1475600
2016-10-07,22.930000,22.950001,22.740000,22.900000,22.900000,1721700
2016-10-10,22.940001,23.389999,22.930000,23.040001,23.040001,2077300
2016-10-11,22.900000,22.990000,22.440001,22.590000,22.590000,1746400
2016-10-12,22.639999,23.309999,22.540001,23.080000,23.080000,1734400
2016-10-13,22.879999,22.920000,22.309999,22.750000,22.750000,1956600
2016-10-14,22.940001,23.150000,22.760000,22.830000,22.830000,1895700
2016-10-17,22.770000,22.889999,22.020000,22.120001,22.120001,2972400
2016-10-18,22.320000,22.760000,22.290001,22.670000,22.670000,3987400
2016-10-19,22.799999,23.200001,22.790001,22.920000,22.920000,3718500
2016-10-20,22.910000,23.100000,22.559999,22.940001,22.940001,5581700
2016-10-21,19.230000,19.920000,18.809999,18.980000,18.980000,24659100
2016-10-24,19.120001,19.379999,19.020000,19.340000,19.340000,6248800
2016-10-25,19.040001,19.790001,19.020000,19.770000,19.770000,4630300
2016-10-26,19.799999,20.540001,19.750000,20.080000,20.080000,4222400
2016-10-27,20.190001,20.600000,20.080000,20.330000,20.330000,2507100
2016-10-28,20.360001,21.000000,20.360001,20.799999,20.799999,3140000
2016-10-31,20.809999,21.230000,20.700001,21.030001,21.030001,2893600
2016-11-01,21.059999,21.469999,20.540001,20.719999,20.719999,2726500
2016-11-02,20.490000,21.100000,20.340000,20.420000,20.420000,2589700
2016-11-03,20.129999,20.180000,19.590000,19.620001,19.620001,2758500
2016-11-04,19.650000,20.280001,19.650000,19.950001,19.950001,2636100
2016-11-07,20.010000,20.820000,20.010000,20.540001,20.540001,2644300
2016-11-08,20.459999,21.040001,20.309999,20.930000,20.930000,2018000
2016-11-09,20.250000,21.469999,20.010000,21.200001,21.200001,2760300
2016-11-10,21.370001,22.020000,21.200001,21.410000,21.410000,2758600
2016-11-11,21.709999,21.870001,21.459999,21.709999,21.709999,1965600
2016-11-14,21.760000,22.450001,21.750000,21.990000,21.990000,2027400
2016-11-15,22.150000,22.440001,21.730000,22.180000,22.180000,1952800
2016-11-16,22.120001,22.600000,22.120001,22.240000,22.240000,2347700
2016-11-17,22.230000,22.740000,22.200001,22.540001,22.540001,1900000
2016-11-18,22.480000,22.559999,22.110001,22.230000,22.230000,1528600
2016-11-21,22.200001,22.500000,22.200001,22.280001,22.280001,2000600
2016-11-22,22.299999,22.639999,22.250000,22.370001,22.370001,1586700
2016-11-23,22.299999,22.840000,22.299999,22.719999,22.719999,1829600
2016-11-25,22.650000,22.680000,22.040001,22.139999,22.139999,1176200
2016-11-28,22.139999,22.410000,21.969999,22.280001,22.280001,2347800
2016-11-29,22.209999,22.250000,21.330000,21.480000,21.480000,3593200
2016-11-30,21.480000,23.090000,21.420000,22.780001,22.780001,6723100
2016-12-01,24.719999,26.480000,24.650000,26.400000,26.400000,13015700
2016-12-02,25.870001,26.570000,25.580000,26.160000,26.160000,4738400
2016-12-05,26.059999,26.350000,25.980000,26.139999,26.139999,3107900
2016-12-06,26.200001,26.510000,25.959999,26.500000,26.500000,3280400
2016-12-07,26.559999,27.410000,26.510000,27.330000,27.330000,2924600
2016-12-08,27.219999,27.760000,27.200001,27.540001,27.540001,2412700
2016-12-09,27.570000,27.650000,26.920000,27.209999,27.209999,1737200
2016-12-12,26.990000,26.990000,26.170000,26.410000,26.410000,1568000
2016-12-13,26.219999,26.760000,26.139999,26.160000,26.160000,1381800
2016-12-14,26.230000,26.299999,25.770000,26.020000,26.020000,1373000
2016-12-15,26.100000,26.200001,25.480000,25.610001,25.610001,2034500
2016-12-16,25.670000,25.670000,25.150000,25.170000,25.170000,2477900
2016-12-19,25.219999,25.580000,25.030001,25.340000,25.340000,1454100
2016-12-20,25.350000,25.469999,24.910000,25.180000,25.180000,1658300
2016-12-21,25.190001,25.200001,24.670000,25.129999,25.129999,1153200
2016-12-22,24.959999,24.959999,23.959999,24.049999,24.049999,2185000
2016-12-23,24.469999,24.860001,24.400000,24.480000,24.480000,1485100
2016-12-27,24.450001,25.010000,24.450001,24.590000,24.590000,1183300
2016-12-28,24.660000,24.850000,24.330000,24.600000,24.600000,1043500
2016-12-29,24.709999,24.930000,24.440001,24.650000,24.650000,744400
2016-12-30,24.709999,24.850000,24.510000,24.580000,24.580000,1171400
2017-01-03,25.000000,25.240000,24.620001,24.889999,24.889999,1147700
2017-01-04,24.959999,25.670000,24.959999,25.610001,25.610001,1391300
2017-01-05,25.240000,25.299999,24.680000,25.219999,25.219999,1482000
2017-01-06,25.360001,25.490000,24.930000,25.030001,25.030001,1419900
2017-01-09,24.990000,25.180000,24.840000,25.150000,25.150000,1091800
2017-01-10,25.250000,25.860001,25.250000,25.620001,25.620001,977400
2017-01-11,25.540001,25.760000,25.160000,25.240000,25.240000,1245400
2017-01-12,25.020000,25.610001,24.910000,25.510000,25.510000,1132300
2017-01-13,25.620001,25.860001,25.240000,25.459999,25.459999,1080000
2017-01-17,25.170000,25.590000,25.070000,25.270000,25.270000,1801300
2017-01-18,25.400000,25.440001,24.730000,25.230000,25.230000,2069400
2017-01-19,25.340000,25.480000,24.400000,24.549999,24.549999,1699400
2017-01-20,24.760000,25.110001,24.639999,24.969999,24.969999,1419600
2017-01-23,24.780001,25.000000,24.330000,24.860001,24.860001,1617600
2017-01-24,24.980000,25.959999,24.940001,25.900000,25.900000,2091700
2017-01-25,26.080000,26.400000,25.580000,25.780001,25.780001,1558200
2017-01-26,25.620001,25.730000,24.940001,24.980000,24.980000,1672000
2017-01-27,24.900000,25.600000,24.889999,24.969999,24.969999,1788000
2017-01-30,24.750000,25.030001,24.320000,24.920000,24.920000,1935500
2017-01-31,24.500000,25.129999,24.160000,25.120001,25.120001,2926000
2017-02-01,25.070000,25.080000,24.250000,24.290001,24.290001,2178800
2017-02-02,24.059999,24.370001,23.620001,23.660000,23.660000,2277600
2017-02-03,23.520000,23.930000,23.100000,23.510000,23.510000,2184600
2017-02-06,23.500000,23.580000,23.139999,23.260000,23.260000,1947000
2017-02-07,23.230000,23.230000,22.570000,22.590000,22.590000,2777500
2017-02-08,22.700001,22.770000,22.309999,22.540001,22.540001,4168100
2017-02-09,22.540001,23.530001,22.530001,23.280001,23.280001,4509200
2017-02-10,26.299999,28.500000,26.260000,27.780001,27.780001,13166300
2017-02-13,27.799999,27.799999,26.900000,26.990000,26.990000,4599300
2017-02-14,26.780001,26.870001,26.500000,26.639999,26.639999,3076300
2017-02-15,26.360001,26.850000,26.330000,26.389999,26.389999,1866200
2017-02-16,26.389999,26.530001,25.520000,25.570000,25.570000,2727600
2017-02-17,25.570000,26.290001,25.500000,26.280001,26.280001,2409800
2017-02-21,26.420000,26.760000,26.299999,26.459999,26.459999,2092200
2017-02-22,26.360001,26.610001,26.299999,26.500000,26.500000,1260600
2017-02-23,26.559999,26.799999,26.200001,26.219999,26.219999,1783900
2017-02-24,26.160000,26.780001,25.850000,26.500000,26.500000,2303600
2017-02-27,26.389999,26.610001,26.150000,26.480000,26.480000,1900900
2017-02-28,26.309999,26.360001,25.620001,25.670000,25.670000,1639000
2017-03-01,26.000000,26.250000,25.480000,25.740000,25.740000,1926000
2017-03-02,25.730000,26.250000,25.680000,25.860001,25.860001,2132900
2017-03-03,25.980000,26.340000,25.490000,25.590000,25.590000,2258200
2017-03-06,25.410000,25.549999,25.190001,25.459999,25.459999,1202800
2017-03-07,25.309999,25.469999,25.160000,25.260000,25.260000,1221700
2017-03-08,25.270000,26.110001,25.270000,25.940001,25.940001,1543800
2017-03-09,25.940001,26.160000,25.660000,25.730000,25.730000,1238700
2017-03-10,25.610001,26.280001,25.559999,26.240000,26.240000,1364700
2017-03-13,26.200001,26.540001,26.139999,26.459999,26.459999,1745100
2017-03-14,26.340000,26.780001,26.160000,26.160000,26.160000,1345900
2017-03-15,26.379999,27.629999,26.230000,27.410000,27.410000,2524600
2017-03-16,27.440001,28.030001,27.280001,27.650000,27.650000,3556000
2017-03-17,27.639999,28.290001,27.639999,27.920000,27.920000,3450500
2017-03-20,27.830000,27.860001,27.170000,27.379999,27.379999,1354600
2017-03-21,27.480000,27.490000,26.410000,26.870001,26.870001,1455800
2017-03-22,26.340000,27.580000,26.120001,27.530001,27.530001,1706200
2017-03-23,27.650000,27.850000,27.320000,27.440001,27.440001,1323100
2017-03-24,28.500000,28.959999,27.870001,28.870001,28.870001,3537400
2017-03-27,28.510000,29.240000,28.430000,28.879999,28.879999,1959600
2017-03-28,28.990000,30.000000,28.990000,29.959999,29.959999,2360200
2017-03-29,28.030001,29.280001,27.670000,28.540001,28.540001,6743400
2017-03-30,28.230000,28.510000,27.520000,27.760000,27.760000,2602400
2017-03-31,27.799999,27.940001,27.270000,27.450001,27.450001,3027900
2017-04-03,27.600000,27.600000,26.719999,26.799999,26.799999,2680200
2017-04-04,26.700001,26.770000,26.020000,26.209999,26.209999,3157200
2017-04-05,26.280001,26.620001,25.969999,26.090000,26.090000,2512800
2017-04-06,26.219999,26.400000,25.510000,25.570000,25.570000,3300700
2017-04-07,25.430000,25.469999,24.639999,24.850000,24.850000,5550900
2017-04-10,25.209999,25.780001,24.959999,25.389999,25.389999,3764700
2017-04-11,25.400000,25.520000,25.080000,25.180000,25.180000,1895500
2017-04-12,25.350000,25.469999,25.040001,25.160000,25.160000,1976200
2017-04-13,25.200001,25.410000,24.879999,24.969999,24.969999,1678900
2017-04-17,25.010000,25.889999,25.010000,25.549999,25.549999,5487900
2017-04-18,25.600000,25.600000,24.750000,24.889999,24.889999,3688700
2017-04-19,25.100000,26.080000,24.959999,25.910000,25.910000,3836400
2017-04-20,25.990000,26.430000,25.709999,26.150000,26.150000,6765300
2017-04-21,26.420000,26.510000,25.160000,25.480000,25.480000,9863900
2017-04-24,25.959999,26.290001,25.639999,26.059999,26.059999,4627900
2017-04-25,26.110001,26.250000,25.750000,25.799999,25.799999,2894100
2017-04-26,25.830000,26.090000,25.480000,25.490000,25.490000,2850400
2017-04-27,25.570000,25.600000,24.959999,25.250000,25.250000,2619400
2017-04-28,25.139999,25.350000,24.730000,25.250000,25.250000,3145900
2017-05-01,25.430000,25.760000,25.000000,25.469999,25.469999,2359000
2017-05-02,25.570000,25.719999,24.940001,25.139999,25.139999,2324200
2017-05-03,25.000000,25.010000,24.240000,24.450001,24.450001,3773400
2017-05-04,24.600000,24.740000,23.950001,24.240000,24.240000,2955600
2017-05-05,24.260000,24.580000,24.059999,24.570000,24.570000,1971800
2017-05-08,24.620001,24.790001,24.160000,24.309999,24.309999,2469700
2017-05-09,24.360001,24.730000,24.230000,24.299999,24.299999,2480600
2017-05-10,24.200001,25.120001,24.200001,24.980000,24.980000,2770000
2017-05-11,24.850000,24.860001,23.799999,24.129999,24.129999,3367300
2017-05-12,24.000000,24.290001,23.480000,23.850000,23.850000,4525500
2017-05-15,23.850000,24.660000,23.770000,24.379999,24.379999,3544100
2017-05-16,24.270000,24.510000,24.080000,24.160000,24.160000,4163700
2017-05-17,24.160000,24.170000,23.309999,23.350000,23.350000,3249000
2017-05-18,23.360001,23.610001,22.639999,22.990000,22.990000,3456600
2017-05-19,23.010000,23.590000,22.850000,23.450001,23.450001,2227800
2017-05-22,23.480000,23.740000,23.020000,23.160000,23.160000,2441200
2017-05-23,23.450001,23.770000,22.990000,23.650000,23.650000,3232300
2017-05-24,23.580000,24.190001,23.209999,24.110001,24.110001,3166800
2017-05-25,24.299999,24.650000,24.010000,24.150000,24.150000,3408300
2017-05-26,24.250000,24.910000,24.150000,24.879999,24.879999,2781300
2017-05-30,24.969999,25.090000,24.709999,24.870001,24.870001,2672900
2017-05-31,24.980000,26.049999,24.980000,25.520000,25.520000,5657500
2017-06-01,25.840000,26.250000,25.629999,26.219999,26.219999,5131600
2017-06-02,26.309999,26.440001,25.879999,26.410000,26.410000,3758100
2017-06-05,26.850000,27.389999,26.590000,27.230000,27.230000,4688300
2017-06-06,26.950001,27.240000,26.540001,26.750000,26.750000,3630500
2017-06-07,26.959999,27.100000,26.389999,26.400000,26.400000,3157300
2017-06-08,26.490000,26.850000,26.209999,26.700001,26.700001,2674200
2017-06-09,26.840000,27.580000,26.760000,27.320000,27.320000,3094900
2017-06-12,27.120001,27.770000,27.120001,27.290001,27.290001,2806500
2017-06-13,27.430000,27.950001,27.219999,27.760000,27.760000,2653400
2017-06-14,27.950001,27.950001,27.670000,27.920000,27.920000,2263500
2017-06-15,27.650000,28.180000,27.510000,27.889999,27.889999,2966800
2017-06-16,27.870001,27.870001,27.290001,27.459999,27.459999,3148800
2017-06-19,27.530001,27.700001,27.150000,27.440001,27.440001,2568600
2017-06-20,27.270000,27.360001,26.230000,26.350000,26.350000,2862600
2017-06-21,26.240000,26.879999,26.190001,26.870001,26.870001,1644700
2017-06-22,26.780001,28.200001,26.690001,27.900000,27.900000,3791500
2017-06-23,27.780001,28.850000,27.520000,28.850000,28.850000,5299500
2017-06-26,28.920000,29.190001,28.590000,28.660000,28.660000,3671700
2017-06-27,28.750000,29.260000,28.750000,28.900000,28.900000,1685900
2017-06-28,29.000000,29.350000,28.910000,29.049999,29.049999,3224100
2017-06-29,29.100000,29.440001,28.879999,29.200001,29.200001,1630000
2017-06-30,29.459999,29.750000,29.230000,29.500000,29.500000,1651400
2017-07-03,29.680000,29.900000,29.520000,29.730000,29.730000,1241500
2017-07-05,29.629999,29.629999,28.959999,29.049999,29.049999,2162400
2017-07-06,28.820000,29.129999,28.500000,28.570000,28.570000,1798700
2017-07-07,28.500000,29.350000,28.430000,29.219999,29.219999,1925500
2017-07-10,28.990000,29.190001,28.760000,28.959999,28.959999,2427200
2017-07-11,28.799999,28.799999,27.650000,28.010000,28.010000,3894000
2017-07-12,27.559999,28.520000,27.559999,28.309999,28.309999,2148000
2017-07-13,28.440001,28.580000,28.230000,28.379999,28.379999,1685500
2017-07-14,28.500000,29.000000,28.379999,28.760000,28.760000,2330100
2017-07-17,28.559999,28.990000,28.559999,28.670000,28.670000,1540200
2017-07-18,29.080000,29.180000,28.559999,28.740000,28.740000,2203500
2017-07-19,28.889999,28.980000,28.230000,28.570000,28.570000,2838200
2017-07-20,28.709999,28.790001,28.240000,28.309999,28.309999,4759000
2017-07-21,28.330000,29.040001,26.559999,28.500000,28.500000,9642900
2017-07-24,28.100000,28.600000,28.000000,28.120001,28.120001,3092000
2017-07-25,28.139999,29.549999,28.129999,29.389999,29.389999,3273100
2017-07-26,29.290001,29.379999,28.650000,28.670000,28.670000,1777500
2017-07-27,28.620001,28.730000,27.959999,28.170000,28.170000,2196000
2017-07-28,27.639999,28.570000,27.639999,28.510000,28.510000,1704700
2017-07-31,28.490000,28.610001,27.889999,28.090000,28.090000,2067900
2017-08-01,28.120001,28.400000,27.799999,27.930000,27.930000,1430000
2017-08-02,27.790001,28.000000,27.450001,27.520000,27.520000,2493000
2017-08-03,27.520000,28.190001,27.520000,27.760000,27.760000,1219100
2017-08-04,27.770000,27.969999,27.580000,27.940001,27.940001,1011800
2017-08-07,28.100000,28.209999,27.700001,27.799999,27.799999,1335000
2017-08-08,28.040001,28.860001,27.910000,28.690001,28.690001,2050800
2017-08-09,28.360001,28.870001,27.920000,28.760000,28.760000,1946600
2017-08-10,28.580000,28.879999,28.330000,28.610001,28.610001,1358600
2017-08-11,28.530001,29.370001,28.450001,29.330000,29.330000,2117500
2017-08-14,29.400000,29.469999,28.650000,28.719999,28.719999,1716400
2017-08-15,28.610001,28.610001,27.820000,28.040001,28.040001,1559000
2017-08-16,28.240000,28.330000,27.920000,27.920000,27.920000,910900
2017-08-17,27.799999,27.959999,27.370001,27.400000,27.400000,1380800
2017-08-18,27.139999,27.370001,26.469999,26.950001,26.950001,2883000
2017-08-21,26.950001,26.950001,26.320000,26.430000,26.430000,1958200
2017-08-22,26.889999,27.309999,26.540001,26.730000,26.730000,2084900
2017-08-23,26.690001,27.070000,26.629999,26.910000,26.910000,1183600
2017-08-24,27.240000,27.440001,26.840000,27.170000,27.170000,1195700
2017-08-25,27.250000,27.780001,27.070000,27.549999,27.549999,1509700
2017-08-28,27.559999,27.629999,27.030001,27.270000,27.270000,1358100
2017-08-29,26.889999,26.980000,26.680000,26.820000,26.820000,1230400
2017-08-30,26.750000,26.760000,25.799999,26.120001,26.120001,3875700
2017-08-31,26.139999,26.490000,26.129999,26.430000,26.430000,1241700
2017-09-01,26.580000,26.940001,26.510000,26.750000,26.750000,1187400
2017-09-05,26.730000,26.850000,25.770000,26.040001,26.040001,1917500
2017-09-06,26.150000,26.719999,26.070000,26.540001,26.540001,1448300
2017-09-07,26.549999,26.549999,25.450001,25.680000,25.680000,2414200
2017-09-08,25.639999,26.280001,25.639999,25.950001,25.950001,1493300
2017-09-11,25.879999,26.299999,25.860001,26.080000,26.080000,1761100
2017-09-12,26.270000,26.480000,26.080000,26.090000,26.090000,1087500
2017-09-13,26.139999,26.200001,25.600000,25.740000,25.740000,2577100
2017-09-14,26.139999,26.400000,25.660000,26.049999,26.049999,3124400
2017-09-15,26.020000,26.700001,25.950001,26.389999,26.389999,2308000
2017-09-18,26.450001,26.740000,26.059999,26.070000,26.070000,1393100
2017-09-19,26.120001,26.290001,25.400000,25.760000,25.760000,2075000
2017-09-20,25.770000,26.000000,25.620001,25.790001,25.790001,1467600
2017-09-21,25.940001,26.129999,25.510000,25.559999,25.559999,965100
2017-09-22,25.410000,25.450001,24.540001,24.820000,24.820000,3962100
2017-09-25,24.820000,25.160000,24.400000,24.580000,24.580000,4212400
2017-09-26,24.700001,24.740000,24.020000,24.299999,24.299999,3392500
2017-09-27,24.280001,25.080000,24.280001,24.990000,24.990000,1899100
2017-09-28,24.980000,25.160000,24.500000,24.760000,24.760000,2331100
2017-09-29,24.809999,25.290001,24.730000,25.090000,25.090000,1765700
2017-10-02,25.100000,25.150000,24.490000,24.580000,24.580000,3599600
2017-10-03,24.600000,25.000000,24.580000,24.820000,24.820000,2181800
2017-10-04,24.840000,25.139999,24.709999,24.780001,24.780001,2190000
2017-10-05,24.870001,24.910000,24.370001,24.910000,24.910000,3100000
2017-10-06,24.799999,25.540001,24.670000,25.510000,25.510000,2784600
2017-10-09,25.639999,25.639999,24.980000,25.090000,25.090000,1327600
2017-10-10,25.219999,25.590000,25.180000,25.459999,25.459999,1537700
2017-10-11,25.400000,25.410000,24.740000,24.840000,24.840000,2231800
2017-10-12,24.740000,24.940001,24.320000,24.389999,24.389999,1700800
2017-10-13,24.490000,24.540001,24.230000,24.350000,24.350000,1965100
2017-10-16,24.139999,24.459999,23.900000,24.180000,24.180000,2682400
2017-10-17,24.280001,24.870001,24.280001,24.790001,24.790001,2259100
2017-10-18,24.879999,25.150000,24.700001,25.090000,25.090000,3073300
2017-10-19,25.200001,25.290001,24.000000,24.030001,24.030001,6924400
2017-10-20,31.049999,34.330002,30.070000,33.990002,33.990002,35080800
2017-10-23,33.560001,34.869999,33.560001,33.970001,33.970001,10971800
2017-10-24,33.900002,34.299999,33.290001,33.470001,33.470001,4948300
2017-10-25,33.419998,33.849998,33.209999,33.500000,33.500000,3722600
2017-10-26,33.279999,33.529999,32.669998,32.759998,32.759998,3205200
2017-10-27,32.540001,33.000000,32.529999,32.939999,32.939999,3726900
2017-10-30,32.730000,33.410000,32.660000,33.040001,33.040001,5490000
2017-10-31,32.939999,33.000000,31.690001,31.920000,31.920000,2844900
2017-11-01,31.830000,32.959999,31.750000,32.549999,32.549999,2690600
2017-11-02,31.820000,32.410000,31.639999,31.910000,31.910000,5179200
2017-11-03,31.969999,32.000000,31.260000,31.260000,31.260000,2818700
2017-11-06,31.299999,31.360001,30.959999,31.059999,31.059999,3479800
2017-11-07,30.850000,31.330000,30.410000,31.219999,31.219999,2548500
2017-11-08,31.110001,31.120001,30.740000,30.920000,30.920000,2385500
2017-11-09,30.700001,31.590000,30.629999,31.180000,31.180000,3021200
2017-11-10,30.920000,32.169998,30.920000,32.000000,32.000000,2391600
2017-11-13,31.930000,32.650002,31.930000,32.459999,32.459999,1724700
2017-11-14,32.180000,32.529999,32.160000,32.299999,32.299999,1571400
2017-11-15,32.200001,32.880001,32.200001,32.439999,32.439999,2481500
2017-11-16,32.430000,33.029999,32.430000,32.799999,32.799999,1257000
2017-11-17,33.150002,33.759998,32.970001,33.619999,33.619999,2385700
2017-11-20,33.650002,33.919998,33.220001,33.709999,33.709999,2250500
2017-11-21,33.180000,33.610001,33.000000,33.180000,33.180000,1943900
2017-11-22,33.200001,33.830002,33.200001,33.669998,33.669998,1145900
2017-11-24,33.779999,33.970001,33.500000,33.540001,33.540001,380000
2017-11-27,33.650002,34.950001,33.650002,34.689999,34.689999,3332600
2017-11-28,34.639999,34.860001,34.259998,34.610001,34.610001,2635200
2017-11-29,34.650002,35.320000,34.169998,34.560001,34.560001,5716900
2017-11-30,34.840000,35.799999,34.619999,35.099998,35.099998,2286500
2017-12-01,35.270000,35.660000,34.619999,35.450001,35.450001,2441700
2017-12-04,35.639999,36.430000,35.119999,35.180000,35.180000,4130500
2017-12-05,35.130001,35.500000,34.369999,34.389999,34.389999,2101500
2017-12-06,34.730000,35.020000,34.279999,34.889999,34.889999,1473900
2017-12-07,35.130001,35.459999,34.759998,35.369999,35.369999,1234900
2017-12-08,35.610001,35.990002,35.570000,35.639999,35.639999,1658300
2017-12-11,36.009998,36.509998,35.860001,36.439999,36.439999,1615600
2017-12-12,36.340000,36.540001,36.040001,36.310001,36.310001,1314500
2017-12-13,36.369999,36.799999,36.070000,36.700001,36.700001,1057800
2017-12-14,36.950001,37.660000,36.820000,36.919998,36.919998,1813100
2017-12-15,37.590000,38.410000,37.549999,38.130001,38.130001,2895200
2017-12-18,37.939999,38.310001,37.599998,37.970001,37.970001,2342000
2017-12-19,38.000000,38.029999,37.470001,37.610001,37.610001,1639700
2017-12-20,37.549999,37.860001,37.270000,37.580002,37.580002,1267000
2017-12-21,37.520000,38.330002,37.430000,38.220001,38.220001,3044100
2017-12-22,37.779999,38.340000,37.020000,38.320000,38.320000,1807100
2017-12-26,38.250000,38.919998,38.029999,38.660000,38.660000,1084500
2017-12-27,38.619999,38.869999,38.330002,38.439999,38.439999,826800
2017-12-28,38.160000,38.610001,38.160000,38.520000,38.520000,555900
2017-12-29,38.630001,38.770000,37.820000,37.840000,37.840000,920300
2018-01-02,38.000000,38.560001,37.970001,38.450001,38.450001,1426300
2018-01-03,38.509998,39.709999,38.349998,38.730000,38.730000,1944600
2018-01-04,38.730000,39.049999,37.770000,38.250000,38.250000,2518000
2018-01-05,38.049999,38.389999,37.680000,37.799999,37.799999,1696500
2018-01-08,37.770000,38.680000,37.770000,37.990002,37.990002,1644300
2018-01-09,37.959999,38.740002,37.959999,38.259998,38.259998,1244900
2018-01-10,38.119999,38.799999,38.119999,38.720001,38.720001,1698800
2018-01-11,38.910000,39.029999,38.509998,38.689999,38.689999,863800
2018-01-12,38.750000,38.950001,38.139999,38.549999,38.549999,1525500
2018-01-16,38.330002,38.630001,37.799999,37.910000,37.910000,1359400
2018-01-17,38.450001,39.619999,38.290001,39.090000,39.090000,2162400
2018-01-18,39.139999,39.660000,39.090000,39.619999,39.619999,3394700
2018-01-19,39.799999,40.450001,39.500000,40.369999,40.369999,1936400
2018-01-22,40.299999,40.709999,40.209999,40.540001,40.540001,1174600
2018-01-23,40.540001,41.009998,40.259998,40.950001,40.950001,1385100
2018-01-24,41.169998,41.279999,40.490002,40.509998,40.509998,842600
2018-01-25,40.830002,40.959999,40.380001,40.689999,40.689999,1135400
2018-01-26,40.900002,40.950001,40.400002,40.889999,40.889999,868500
2018-01-29,41.130001,41.180000,40.310001,40.840000,40.840000,1702900
2018-01-30,40.630001,40.880001,40.220001,40.230000,40.230000,1608300
2018-01-31,40.330002,41.580002,40.330002,41.189999,41.189999,2222000
2018-02-01,40.509998,41.169998,39.799999,40.950001,40.950001,1376400
2018-02-02,40.939999,41.250000,40.490002,40.570000,40.570000,1641200
2018-02-05,39.889999,40.799999,39.439999,39.490002,39.490002,1938400
2018-02-06,38.599998,41.540001,37.009998,40.419998,40.419998,3474900
2018-02-07,40.340000,41.439999,40.340000,40.959999,40.959999,2207200
2018-02-08,41.000000,41.240002,38.130001,38.180000,38.180000,4183200
2018-02-09,41.020000,42.730000,39.209999,41.060001,41.060001,8151700
2018-02-12,41.180000,42.099998,38.689999,40.000000,40.000000,4740100
2018-02-13,40.020000,40.560001,39.770000,40.150002,40.150002,2746800
2018-02-14,39.740002,40.630001,39.509998,40.369999,40.369999,2508400
2018-02-15,40.570000,40.669998,39.150002,39.470001,39.470001,3247600
2018-02-16,39.259998,40.000000,38.810001,39.189999,39.189999,2556800
2018-02-20,38.830002,38.930000,38.090000,38.660000,38.660000,2972100
2018-02-21,38.700001,39.599998,38.430000,38.959999,38.959999,1957600
2018-02-22,39.299999,39.299999,38.150002,38.209999,38.209999,1678000
2018-02-23,38.590000,39.980000,38.450001,39.770000,39.770000,3373500
2018-02-26,40.009998,41.119999,39.799999,40.860001,40.860001,2881200
2018-02-27,41.259998,42.450001,40.900002,41.029999,41.029999,2542000
2018-02-28,41.070000,41.299999,40.720001,40.919998,40.919998,2760800
2018-03-01,40.950001,41.200001,40.580002,40.950001,40.950001,1758200
2018-03-02,40.139999,41.520000,39.860001,41.400002,41.400002,2877900
2018-03-05,41.110001,41.599998,40.669998,40.720001,40.720001,2182200
2018-03-06,40.830002,41.180000,40.169998,41.180000,41.180000,1488100
2018-03-07,40.619999,41.279999,40.480000,41.189999,41.189999,1250800
2018-03-08,41.500000,41.529999,40.590000,40.770000,40.770000,961400
2018-03-09,41.130001,41.509998,40.900002,41.380001,41.380001,1387800
2018-03-12,41.450001,41.459999,40.439999,40.450001,40.450001,1590200
2018-03-13,40.830002,41.320000,40.669998,40.930000,40.930000,1738200
2018-03-14,41.240002,41.419998,39.970001,40.080002,40.080002,1291100
2018-03-15,40.259998,40.630001,40.009998,40.110001,40.110001,1714600
2018-03-16,40.070000,40.650002,39.750000,40.459999,40.459999,3249000
2018-03-19,40.150002,40.360001,39.119999,39.259998,39.259998,1762000
2018-03-20,39.439999,40.189999,39.150002,40.110001,40.110001,1584700
2018-03-21,40.139999,40.849998,39.970001,40.660000,40.660000,1815000
2018-03-22,40.180000,40.639999,39.450001,39.470001,39.470001,1483700
2018-03-23,39.730000,39.770000,38.009998,38.040001,38.040001,2047500
2018-03-26,38.599998,39.080002,38.169998,38.790001,38.790001,2062200
2018-03-27,38.849998,39.200001,38.320000,38.500000,38.500000,1553800
2018-03-28,38.580002,39.119999,38.200001,38.360001,38.360001,1633300
2018-03-29,38.639999,39.230000,38.500000,38.889999,38.889999,1382300
2018-04-02,38.799999,39.020000,37.820000,38.080002,38.080002,1750700
2018-04-03,38.080002,39.189999,38.080002,39.009998,39.009998,1551100
2018-04-04,38.500000,40.099998,38.500000,40.009998,40.009998,1232700
2018-04-05,40.220001,41.090000,40.220001,41.020000,41.020000,1599900
2018-04-06,40.630001,41.459999,39.980000,40.259998,40.259998,2534100
2018-04-09,40.639999,40.990002,40.320000,40.330002,40.330002,1268800
2018-04-10,40.660000,41.520000,40.380001,41.430000,41.430000,1605800
2018-04-11,41.139999,42.349998,41.139999,42.189999,42.189999,2445600
2018-04-12,42.270000,42.599998,41.939999,42.320000,42.320000,2259800
2018-04-13,42.669998,42.880001,41.869999,41.980000,41.980000,1980600
2018-04-16,42.220001,42.880001,42.040001,42.400002,42.400002,1742100
2018-04-17,42.689999,43.080002,42.009998,42.450001,42.450001,2617200
2018-04-18,42.570000,42.750000,42.009998,42.209999,42.209999,2224800
2018-04-19,42.310001,42.580002,41.369999,42.080002,42.080002,8502000
2018-04-20,31.629999,32.200001,29.719999,30.700001,30.700001,37140800
2018-04-23,30.990000,30.990000,29.110001,29.120001,29.120001,12968100
2018-04-24,29.150000,29.780001,28.930000,29.209999,29.209999,5485600
2018-04-25,29.129999,29.490000,29.030001,29.219999,29.219999,3637400
2018-04-26,29.270000,29.530001,28.900000,29.139999,29.139999,3889700
2018-04-27,29.209999,29.639999,28.820000,29.080000,29.080000,5856400
2018-04-30,29.090000,29.340000,28.469999,28.500000,28.500000,3556100
2018-05-01,28.440001,28.450001,27.879999,28.160000,28.160000,3574800
2018-05-02,28.129999,28.480000,28.049999,28.090000,28.090000,3154000
2018-05-03,27.889999,28.030001,27.420000,27.490000,27.490000,3135700
2018-05-04,27.450001,28.799999,27.360001,28.670000,28.670000,3858600
2018-05-07,28.770000,29.129999,28.660000,29.049999,29.049999,4024000
2018-05-08,29.049999,29.809999,29.020000,29.790001,29.790001,3256200
2018-05-09,29.870001,30.080000,29.100000,29.260000,29.260000,5198700
2018-05-10,29.260000,29.520000,28.860001,29.320000,29.320000,2877500
2018-05-11,29.389999,29.570000,29.000000,29.020000,29.020000,2574400
2018-05-14,29.049999,29.270000,28.860001,28.930000,28.930000,3113600
2018-05-15,29.049999,29.670000,28.879999,29.459999,29.459999,1989700
2018-05-16,29.750000,30.290001,29.400000,30.120001,30.120001,2301600
2018-05-17,30.120001,30.510000,30.030001,30.240000,30.240000,3394200
2018-05-18,30.250000,30.570000,30.139999,30.400000,30.400000,2411000
2018-05-21,30.600000,30.600000,30.309999,30.459999,30.459999,2801700
2018-05-22,30.490000,30.540001,30.080000,30.160000,30.160000,1821400
2018-05-23,30.150000,30.670000,29.959999,30.190001,30.190001,2170000
2018-05-24,30.209999,30.510000,29.760000,30.260000,30.260000,2071100
2018-05-25,30.389999,31.150000,30.370001,30.809999,30.809999,2043700
2018-05-29,30.510000,30.740000,29.620001,29.799999,29.799999,2691000
2018-05-30,30.000000,30.110001,29.680000,29.850000,29.850000,1545500
2018-05-31,29.900000,29.969999,29.040001,29.059999,29.059999,2170800
2018-06-01,29.330000,29.549999,28.700001,29.469999,29.469999,3309300
2018-06-04,29.549999,29.559999,28.980000,29.360001,29.360001,2715600
2018-06-05,29.410000,29.969999,29.049999,29.549999,29.549999,4276700
2018-06-06,29.459999,29.900000,28.450001,28.570000,28.570000,4763500
2018-06-07,28.580000,28.780001,28.120001,28.320000,28.320000,3506500
2018-06-08,28.250000,29.100000,28.230000,28.770000,28.770000,3534400
2018-06-11,28.830000,29.070000,28.660000,28.760000,28.760000,2157800
2018-06-12,28.799999,29.250000,28.680000,29.100000,29.100000,1957900
2018-06-13,29.160000,29.410000,28.719999,28.820000,28.820000,2125200
2018-06-14,29.049999,29.090000,28.580000,28.980000,28.980000,1834900
2018-06-15,28.950001,29.690001,28.790001,29.430000,29.430000,3002100
2018-06-18,29.180000,29.719999,28.930000,29.650000,29.650000,2423400
2018-06-19,29.260000,29.370001,28.820000,29.280001,29.280001,1923500
2018-06-20,29.270000,29.360001,28.959999,29.170000,29.170000,1036600
2018-06-21,29.580000,30.709999,29.580000,30.370001,30.370001,3693100
2018-06-22,30.610001,30.750000,30.090000,30.420000,30.420000,2509900
2018-06-25,30.400000,30.510000,29.500000,29.510000,29.510000,2282700
2018-06-26,29.520000,30.510000,29.350000,30.350000,30.350000,2522000
2018-06-27,30.309999,30.590000,29.680000,29.680000,29.680000,2020400
2018-06-28,29.900000,30.330000,29.650000,29.809999,29.809999,2197900
2018-06-29,30.450001,30.809999,29.940001,30.010000,30.010000,1699400
2018-07-02,29.530001,30.540001,29.520000,30.450001,30.450001,1602000
2018-07-03,30.570000,31.110001,30.290001,30.700001,30.700001,1541100
2018-07-05,30.889999,31.129999,30.320000,30.850000,30.850000,2412800
2018-07-06,30.770000,31.110001,30.700001,31.000000,31.000000,1677800
2018-07-09,31.610001,31.709999,30.379999,30.940001,30.940001,3262400
2018-07-10,30.980000,31.360001,30.950001,31.290001,31.290001,1731800
2018-07-11,30.990000,31.290001,30.600000,30.980000,30.980000,2210200
2018-07-12,31.090000,31.139999,30.570000,30.959999,30.959999,2974700
2018-07-13,30.959999,31.559999,30.930000,31.290001,31.290001,4519200
2018-07-16,31.680000,31.780001,30.830000,31.070000,31.070000,2528700
2018-07-17,31.080000,31.950001,31.080000,31.850000,31.850000,2985300
2018-07-18,31.980000,32.830002,31.959999,32.650002,32.650002,3776500
2018-07-19,32.500000,33.459999,31.469999,33.250000,33.250000,9447600
2018-07-20,24.110001,26.500000,23.799999,26.270000,26.270000,53680300
2018-07-23,26.170000,27.469999,25.950001,27.320000,27.320000,11665300
2018-07-24,27.459999,27.500000,26.680000,27.040001,27.040001,8345100
2018-07-25,27.000000,27.840000,26.940001,27.639999,27.639999,4075600
2018-07-26,27.209999,28.110001,27.000000,27.680000,27.680000,4064200
2018-07-27,27.740000,29.070000,27.570000,28.020000,28.020000,4071200
2018-07-30,28.040001,28.469999,27.850000,28.100000,28.100000,2806500
2018-07-31,28.100000,28.150000,27.680000,27.719999,27.719999,2280400
2018-08-01,27.670000,28.059999,27.570000,27.730000,27.730000,1862600
2018-08-02,27.500000,28.129999,27.250000,28.090000,28.090000,1893600
2018-08-03,28.170000,28.559999,27.850000,28.120001,28.120001,2179900
2018-08-06,28.030001,28.910000,28.030001,28.799999,28.799999,2618600
2018-08-07,28.840000,28.990000,28.610001,28.950001,28.950001,1897800
2018-08-08,29.000000,29.180000,28.660000,29.080000,29.080000,3851500
2018-08-09,29.080000,29.629999,29.049999,29.440001,29.440001,1938500
2018-08-10,29.270000,29.530001,28.879999,29.290001,29.290001,1541500
2018-08-13,29.299999,29.510000,29.070000,29.139999,29.139999,1251800
2018-08-14,29.299999,29.809999,29.299999,29.660000,29.660000,1519600
2018-08-15,29.500000,29.500000,28.650000,28.820000,28.820000,2052900
2018-08-16,29.160000,29.549999,29.059999,29.350000,29.350000,1941400
2018-08-17,29.330000,30.030001,29.219999,30.000000,30.000000,1631900
2018-08-20,30.030001,30.100000,29.480000,29.600000,29.600000,1771400
2018-08-21,29.590000,29.780001,29.150000,29.330000,29.330000,1875600
2018-08-22,29.299999,29.700001,29.299999,29.360001,29.360001,2147600
2018-08-23,29.299999,29.820000,29.150000,29.600000,29.600000,1983500
2018-08-24,29.469999,29.590000,28.639999,29.260000,29.260000,3271200
2018-08-27,29.370001,30.200001,29.320000,29.790001,29.790001,2875200
2018-08-28,29.969999,30.020000,29.490000,29.760000,29.760000,1600900
2018-08-29,29.450001,29.750000,28.480000,28.850000,28.850000,3179300
2018-08-30,28.770000,29.180000,28.690001,28.860001,28.860001,1427900
2018-08-31,28.840000,29.559999,28.790001,29.480000,29.480000,1437000
2018-09-04,29.480000,29.820000,29.370001,29.580000,29.580000,1746900
2018-09-05,29.500000,29.510000,28.610001,28.690001,28.690001,1494200
2018-09-06,28.770000,28.920000,28.389999,28.400000,28.400000,1197200
2018-09-07,28.299999,28.850000,28.150000,28.230000,28.230000,1341400
2018-09-10,28.469999,28.889999,28.340000,28.780001,28.780001,1065600
2018-09-11,28.600000,28.770000,28.309999,28.700001,28.700001,1544800
2018-09-12,28.330000,28.370001,25.940001,26.420000,26.420000,8148300
2018-09-13,26.379999,26.740000,26.290001,26.650000,26.650000,3385600
2018-09-14,26.799999,27.250000,26.670000,27.209999,27.209999,2089200
2018-09-17,27.100000,27.719999,26.850000,27.500000,27.500000,2047300
2018-09-18,27.580000,28.150000,27.540001,27.980000,27.980000,1643100
2018-09-19,27.940001,28.180000,27.780001,27.840000,27.840000,1554200
2018-09-20,26.719999,26.860001,25.510000,26.580000,26.580000,6539800
2018-09-21,26.670000,27.160000,26.600000,26.980000,26.980000,2609900
2018-09-24,27.000000,27.180000,26.780001,27.100000,27.100000,1515700
2018-09-25,27.120001,27.629999,26.980000,27.350000,27.350000,1768100
2018-09-26,27.139999,27.680000,26.760000,27.459999,27.459999,1188600
2018-09-27,27.139999,27.900000,27.040001,27.740000,27.740000,1539200
2018-09-28,27.740000,28.250000,27.730000,27.930000,27.930000,1275600
2018-10-01,28.110001,28.230000,27.290001,27.309999,27.309999,1305600
2018-10-02,26.580000,27.090000,26.500000,26.740000,26.740000,2330700
2018-10-03,26.469999,26.940001,26.129999,26.629999,26.629999,2043700
2018-10-04,26.580000,26.760000,26.010000,26.389999,26.389999,1972900
2018-10-05,26.320000,26.520000,25.850000,26.070000,26.070000,2095100
2018-10-08,26.000000,26.610001,26.000000,26.530001,26.530001,2528500
2018-10-09,26.200001,27.100000,25.990000,26.549999,26.549999,2254900
2018-10-10,26.430000,26.430000,25.000000,25.000000,25.000000,3491800
2018-10-11,24.840000,25.780001,24.700001,25.190001,25.190001,2991000
2018-10-12,25.600000,26.190001,25.450001,25.639999,25.639999,2756300
2018-10-15,25.590000,26.280001,25.500000,25.760000,25.760000,1981500
2018-10-16,25.980000,26.770000,25.920000,26.750000,26.750000,2289300
2018-10-17,26.629999,26.920000,26.299999,26.690001,26.690001,2156100
2018-10-18,26.780001,26.799999,25.820000,26.120001,26.120001,5118800
2018-10-19,29.629999,31.969999,29.209999,29.719999,29.719999,16665000
2018-10-22,29.910000,30.030001,28.110001,28.250000,28.250000,5952400
2018-10-23,27.879999,27.879999,26.889999,27.500000,27.500000,4071600
2018-10-24,27.450001,27.950001,26.410000,26.469999,26.469999,4267500
2018-10-25,27.240000,27.309999,26.150000,26.520000,26.520000,3805500
2018-10-26,26.190001,26.860001,25.760000,26.580000,26.580000,2540000
2018-10-29,26.580000,27.570000,26.379999,26.790001,26.790001,2704000
2018-10-30,26.980000,28.049999,26.980000,28.020000,28.020000,1765400
2018-10-31,28.170000,28.850000,27.770000,28.570000,28.570000,1936200
2018-11-01,28.639999,29.040001,27.940001,28.870001,28.870001,1964300
2018-11-02,29.000000,29.600000,28.780001,29.240000,29.240000,1876800
2018-11-05,29.459999,30.230000,29.360001,30.120001,30.120001,2464300
2018-11-06,29.969999,30.190001,29.620001,30.150000,30.150000,1255900
2018-11-07,30.120001,30.139999,29.010000,29.230000,29.230000,2133900
2018-11-08,29.270000,29.730000,29.090000,29.660000,29.660000,1278200
2018-11-09,29.490000,29.540001,28.750000,28.950001,28.950001,1533100
2018-11-12,28.910000,29.150000,28.600000,28.850000,28.850000,1646500
2018-11-13,29.040001,29.260000,28.190001,28.309999,28.309999,1267400
2018-11-14,28.730000,29.190001,27.990000,28.360001,28.360001,2634400
2018-11-15,28.209999,28.379999,26.590000,27.459999,27.459999,2792400
2018-11-16,27.290001,27.450001,26.500000,27.290001,27.290001,2583100
2018-11-19,27.290001,27.290001,26.030001,26.270000,26.270000,2183700
2018-11-20,25.510000,26.129999,25.150000,25.879999,25.879999,1706900
2018-11-21,26.330000,27.000000,26.100000,26.690001,26.690001,1615600
2018-11-23,26.459999,26.540001,26.120001,26.200001,26.200001,746800
2018-11-26,26.570000,27.370001,26.420000,27.000000,27.000000,1802300
2018-11-27,26.730000,26.840000,26.030001,26.270000,26.270000,1827100
2018-11-28,26.400000,26.900000,25.980000,26.900000,26.900000,1880200
2018-11-29,26.850000,27.030001,26.540001,26.559999,26.559999,1673800
2018-11-30,26.530001,27.200001,26.450001,27.000000,27.000000,1986900
2018-12-03,27.590000,28.570000,27.520000,28.309999,28.309999,4177200
2018-12-04,28.400000,28.400000,26.540001,26.600000,26.600000,3875000
2018-12-06,25.879999,26.200001,24.920000,26.200001,26.200001,3599000
2018-12-07,26.030001,26.200001,24.410000,24.590000,24.590000,3620600
2018-12-10,24.490000,24.830000,23.740000,24.260000,24.260000,2364400
2018-12-11,24.750000,25.230000,24.340000,24.480000,24.480000,2378700
2018-12-12,24.690001,24.780001,24.090000,24.250000,24.250000,3339400
2018-12-13,24.240000,24.370001,23.410000,23.510000,23.510000,2488300
2018-12-14,23.350000,23.690001,22.709999,22.900000,22.900000,2892600
2018-12-17,22.850000,23.379999,22.350000,22.650000,22.650000,3178700
2018-12-18,22.860001,23.350000,22.730000,23.030001,23.030001,2221500
2018-12-19,23.120001,23.219999,22.200001,22.330000,22.330000,2464300
2018-12-20,22.160000,22.690001,22.040001,22.379999,22.379999,2667400
2018-12-21,22.510000,22.860001,21.990000,22.030001,22.030001,5492000
2018-12-24,21.770000,22.190001,21.450001,21.860001,21.860001,1276100
2018-12-26,21.930000,23.340000,21.930000,23.280001,23.280001,1994500
2018-12-27,22.930000,23.129999,22.270000,23.129999,23.129999,2153100
2018-12-28,23.129999,23.490000,22.809999,23.160000,23.160000,1715200
2018-12-31,23.280001,23.340000,22.719999,22.889999,22.889999,1384500
2019-01-02,22.420000,23.650000,22.209999,23.190001,23.190001,1946900
2019-01-03,23.170000,23.170000,22.230000,22.490000,22.490000,2522400
2019-01-04,22.879999,23.480000,22.870001,23.090000,23.090000,2225100
2019-01-07,23.090000,24.510000,23.090000,24.250000,24.250000,2134800
2019-01-08,24.650000,25.160000,24.350000,24.690001,24.690001,2139600
2019-01-09,25.020000,25.180000,24.629999,24.930000,24.930000,1648300
2019-01-10,24.520000,25.080000,24.290001,24.900000,24.900000,2542500
2019-01-11,25.000000,25.690001,24.879999,25.270000,25.270000,2499100
2019-01-14,25.219999,25.920000,24.760000,24.969999,24.969999,3182100
2019-01-15,24.900000,25.420000,24.889999,25.190001,25.190001,2296700
2019-01-16,25.240000,25.770000,25.190001,25.350000,25.350000,1741500
2019-01-17,25.209999,28.000000,25.209999,26.950001,26.950001,12784200
2019-01-18,26.500000,26.910000,25.990000,26.590000,26.590000,3872600
2019-01-22,26.480000,26.490000,25.240000,25.680000,25.680000,2523800
2019-01-23,25.780001,25.889999,25.260000,25.570000,25.570000,1683800
2019-01-24,25.530001,26.020000,25.450001,26.010000,26.010000,1465700
2019-01-25,26.320000,26.670000,25.950001,26.629999,26.629999,1910100
2019-01-28,26.379999,27.129999,26.340000,26.910000,26.910000,2471100
2019-01-29,26.950001,27.049999,26.480000,26.610001,26.610001,1479800
2019-01-30,26.750000,27.309999,26.559999,27.290001,27.290001,1531900
2019-01-31,26.990000,30.559999,25.680000,27.170000,27.170000,6885700
2019-02-01,27.400000,27.500000,26.080000,26.889999,26.889999,4076700
2019-02-04,26.440001,27.309999,26.400000,27.200001,27.200001,1791300
2019-02-05,27.270000,27.629999,27.040001,27.580000,27.580000,2314900
2019-02-06,27.760000,27.950001,27.150000,27.670000,27.670000,2638000
2019-02-07,27.500000,28.070000,27.100000,27.700001,27.700001,5766700
2019-02-08,32.599998,32.950001,31.340000,31.910000,31.910000,14443000
2019-02-11,32.250000,32.770000,31.549999,32.580002,32.580002,3798700
2019-02-12,32.689999,32.700001,31.900000,31.990000,31.990000,3392100
2019-02-13,32.000000,32.650002,31.750000,32.540001,32.540001,2363400
2019-02-14,32.360001,32.980000,31.889999,32.840000,32.840000,1870900
2019-02-15,32.970001,33.389999,32.750000,32.990002,32.990002,1937800
2019-02-19,32.849998,33.759998,32.619999,33.630001,33.630001,1608400
2019-02-20,33.660000,33.930000,33.380001,33.730000,33.730000,1678000
2019-02-21,33.770000,33.889999,33.459999,33.610001,33.610001,1224000
2019-02-22,33.750000,34.130001,33.529999,33.779999,33.779999,1257500
2019-02-25,33.910000,34.320000,33.820000,34.169998,34.169998,1698200
2019-02-26,34.119999,34.389999,33.720001,33.750000,33.750000,1266100
2019-02-27,33.700001,34.340000,33.669998,34.070000,34.070000,1265100
2019-02-28,34.009998,34.169998,33.619999,33.630001,33.630001,1459600
2019-03-01,34.119999,34.720001,33.889999,34.200001,34.200001,1316100
2019-03-04,34.259998,34.430000,33.740002,34.150002,34.150002,2059500
2019-03-05,33.939999,34.000000,32.990002,33.330002,33.330002,3539300
2019-03-06,33.490002,33.709999,32.740002,32.799999,32.799999,1538600
2019-03-07,32.720001,32.900002,32.139999,32.730000,32.730000,2017700
2019-03-08,32.520000,32.799999,32.220001,32.459999,32.459999,1440500
2019-03-11,32.500000,32.919998,32.340000,32.639999,32.639999,2075300
2019-03-12,32.639999,32.880001,32.349998,32.790001,32.790001,1456400
2019-03-13,32.889999,32.950001,32.669998,32.799999,32.799999,959900
2019-03-14,32.750000,33.000000,32.560001,32.750000,32.750000,1031600
2019-03-15,32.700001,32.880001,32.279999,32.580002,32.580002,1714700
2019-03-18,32.599998,33.189999,32.599998,33.099998,33.099998,1522700
2019-03-19,33.169998,33.270000,32.689999,32.860001,32.860001,1945000
2019-03-20,32.779999,32.970001,32.080002,32.330002,32.330002,1457200
2019-03-21,32.349998,32.619999,32.169998,32.490002,32.490002,2626400
2019-03-22,32.200001,32.200001,30.469999,30.469999,30.469999,2771800
2019-03-25,30.469999,31.219999,30.160000,31.020000,31.020000,2121300
2019-03-26,31.340000,31.870001,31.230000,31.500000,31.500000,1779100
2019-03-27,33.080002,33.450001,31.950001,32.580002,32.580002,2372800
2019-03-28,32.869999,33.480000,32.840000,33.200001,33.200001,1575400
2019-03-29,33.349998,34.000000,32.889999,33.610001,33.610001,2288400
2019-04-01,33.799999,34.439999,33.799999,34.360001,34.360001,1605400
2019-04-02,34.419998,34.820000,34.119999,34.259998,34.259998,2660600
2019-04-03,34.500000,34.910000,34.500000,34.709999,34.709999,1740600
2019-04-04,34.639999,35.000000,34.500000,34.950001,34.950001,1469900
2019-04-05,34.689999,35.000000,34.470001,34.630001,34.630001,1680500
2019-04-08,34.580002,34.730000,34.230000,34.509998,34.509998,1581000
2019-04-09,34.279999,34.529999,33.930000,34.020000,34.020000,1044000
2019-04-10,34.000000,34.450001,33.980000,34.450001,34.450001,993400
2019-04-11,34.470001,34.759998,34.119999,34.349998,34.349998,1471500
2019-04-12,34.459999,34.689999,34.110001,34.410000,34.410000,1129300
2019-04-15,34.700001,34.869999,34.480000,34.840000,34.840000,1678800
2019-04-16,34.869999,35.250000,34.560001,35.080002,35.080002,2478400
2019-04-17,35.290001,35.660000,34.840000,35.279999,35.279999,3438000
2019-04-18,29.639999,32.500000,29.639999,31.600000,31.600000,10441000
2019-04-22,31.360001,31.450001,29.430000,29.770000,29.770000,5504900
2019-04-23,29.799999,30.150000,29.280001,29.889999,29.889999,4507900
2019-04-24,29.910000,31.510000,29.910000,31.160000,31.160000,4486300
2019-04-25,31.139999,31.309999,30.549999,30.600000,30.600000,1234600
2019-04-26,30.700001,31.469999,30.500000,31.160000,31.160000,1793000
2019-04-29,31.070000,31.809999,31.070000,31.629999,31.629999,1514200
2019-04-30,31.690001,31.900000,31.330000,31.660000,31.660000,1186000
2019-05-01,31.690001,31.840000,31.299999,31.299999,31.299999,1222600
2019-05-02,31.299999,31.450001,30.820000,31.400000,31.400000,1643700
2019-05-03,31.480000,32.070000,31.400000,32.009998,32.009998,1560300
2019-05-06,31.340000,31.389999,30.309999,30.520000,30.520000,2374600
2019-05-07,30.290001,30.500000,29.410000,29.709999,29.709999,1751200
2019-05-08,29.650000,30.059999,29.490000,29.530001,29.530001,1448000
2019-05-09,29.490000,29.709999,29.010000,29.410000,29.410000,2229500
2019-05-10,29.250000,29.490000,28.620001,29.459999,29.459999,1651000
2019-05-13,28.760000,28.760000,27.200001,27.590000,27.590000,2467400
2019-05-14,27.700001,28.170000,27.350000,27.969999,27.969999,1904800
2019-05-15,27.620001,28.230000,27.469999,28.090000,28.090000,1554200
2019-05-16,28.209999,28.660000,27.990000,28.360001,28.360001,1582700
2019-05-17,28.059999,28.850000,28.000000,28.240000,28.240000,1407000
2019-05-20,27.950001,28.270000,27.639999,28.070000,28.070000,1093500
2019-05-21,28.190001,28.690001,28.059999,28.580000,28.580000,1108500
2019-05-22,28.469999,29.459999,28.360001,29.360001,29.360001,2100400
2019-05-23,29.160000,29.280001,28.030001,28.110001,28.110001,1961200
2019-05-24,28.250000,28.860001,28.110001,28.780001,28.780001,1435500
2019-05-28,28.820000,29.150000,28.190001,28.230000,28.230000,1221100
2019-05-29,27.879999,28.250000,27.260000,28.190001,28.190001,1516800
2019-05-30,28.230000,28.719999,27.860001,28.000000,28.000000,1461200
2019-05-31,27.500000,28.080000,27.400000,27.930000,27.930000,2004600
2019-06-03,27.850000,28.309999,27.549999,27.799999,27.799999,1866800
2019-06-04,28.400000,29.260000,28.350000,29.090000,29.090000,2746400
2019-06-05,29.370001,29.510000,28.889999,29.430000,29.430000,1563000
2019-06-06,29.500000,30.200001,29.270000,30.010000,30.010000,2430600
2019-06-07,30.209999,30.850000,30.200001,30.680000,30.680000,1628900
2019-06-10,30.680000,30.990000,29.750000,30.040001,30.040001,1318000
2019-06-11,30.330000,30.500000,29.600000,29.690001,29.690001,1780200
2019-06-12,29.670000,30.200001,29.610001,29.950001,29.950001,968800
2019-06-13,30.080000,30.280001,29.900000,30.040001,30.040001,870400
2019-06-14,29.920000,30.950001,29.870001,30.900000,30.900000,1249700
2019-06-17,30.820000,31.360001,30.750000,30.860001,30.860001,1774900
2019-06-18,31.059999,31.820000,30.629999,31.580000,31.580000,1719100
2019-06-19,31.480000,31.490000,30.809999,31.120001,31.120001,1207600
2019-06-20,31.570000,31.910000,31.360001,31.580000,31.580000,984800
2019-06-21,31.320000,31.469999,31.120001,31.340000,31.340000,1265800
2019-06-24,31.260000,31.299999,30.559999,30.690001,30.690001,1311900
2019-06-25,30.700001,30.830000,30.100000,30.110001,30.110001,1286400
2019-06-26,30.250000,30.799999,30.250000,30.700001,30.700001,981900
2019-06-27,31.200001,31.309999,30.870001,30.930000,30.930000,1423600
2019-06-28,31.150000,31.500000,30.930000,31.490000,31.490000,2421700
2019-07-01,31.600000,32.689999,31.600000,32.189999,32.189999,1853500
2019-07-02,32.080002,32.240002,31.730000,32.200001,32.200001,1794300
2019-07-03,32.389999,32.639999,32.209999,32.570000,32.570000,829000
2019-07-05,32.459999,32.779999,32.169998,32.750000,32.750000,1223700
2019-07-08,32.549999,32.840000,32.220001,32.369999,32.369999,828300
2019-07-09,32.160000,32.500000,31.650000,32.060001,32.060001,1243900
2019-07-10,32.250000,33.040001,32.090000,32.619999,32.619999,1911500
2019-07-11,33.200001,33.770000,33.000000,33.650002,33.650002,2415500
2019-07-12,33.730000,34.410000,33.730000,34.110001,34.110001,2753300
2019-07-15,34.270000,34.740002,33.959999,34.259998,34.259998,2029400
2019-07-16,34.349998,34.820000,33.919998,34.560001,34.560001,2751100
2019-07-17,34.410000,34.900002,34.200001,34.430000,34.430000,2315800
2019-07-18,34.220001,34.919998,34.130001,34.840000,34.840000,5567500
2019-07-19,39.520000,40.500000,38.520000,39.009998,39.009998,15680900
2019-07-22,39.250000,40.250000,38.680000,39.630001,39.630001,4799600
2019-07-23,39.799999,40.099998,39.320000,39.700001,39.700001,3573600
2019-07-24,39.650002,40.049999,39.049999,39.540001,39.540001,1960600
2019-07-25,39.540001,40.000000,39.330002,39.470001,39.470001,1746800
2019-07-26,39.500000,39.500000,38.549999,39.110001,39.110001,1783400
2019-07-29,39.110001,39.529999,38.750000,39.480000,39.480000,2436200
2019-07-30,39.099998,39.230000,37.959999,38.189999,38.189999,2256400
2019-07-31,38.340000,38.700001,37.849998,37.939999,37.939999,1779500
2019-08-01,37.900002,38.189999,35.410000,35.630001,35.630001,4162800
2019-08-02,35.500000,35.549999,34.619999,34.950001,34.950001,2133500
2019-08-05,33.880001,34.000000,32.990002,33.349998,33.349998,2954800
2019-08-06,33.790001,34.000000,32.820000,33.560001,33.560001,1671000
2019-08-07,33.200001,33.919998,32.779999,33.779999,33.779999,2405600
2019-08-08,34.200001,34.689999,34.029999,34.430000,34.430000,2648400
2019-08-09,34.290001,34.410000,33.849998,33.939999,33.939999,1688800
2019-08-12,33.549999,33.639999,32.099998,32.099998,32.099998,2918900
2019-08-13,31.980000,33.680000,31.590000,33.020000,33.020000,2967300
2019-08-14,32.180000,32.259998,31.160000,31.180000,31.180000,1935100
2019-08-15,31.190001,31.190001,30.530001,30.750000,30.750000,1746300
2019-08-16,31.049999,31.320000,30.879999,31.020000,31.020000,1742000
2019-08-19,31.650000,31.740000,30.530001,30.930000,30.930000,1793800
2019-08-20,30.790001,30.799999,30.080000,30.400000,30.400000,1839000
2019-08-21,30.770000,31.270000,30.639999,31.100000,31.100000,1573700
2019-08-22,31.190001,31.379999,30.959999,31.090000,31.090000,1451800
2019-08-23,31.000000,31.120001,29.010000,29.190001,29.190001,2639800
2019-08-26,29.629999,29.790001,29.080000,29.700001,29.700001,1192800
2019-08-27,29.930000,30.270000,29.660000,29.830000,29.830000,1112700
2019-08-28,29.660000,30.340000,29.530001,30.290001,30.290001,1760900
2019-08-29,30.750000,31.440001,30.750000,31.299999,31.299999,2139700
2019-08-30,31.639999,31.940001,31.350000,31.660000,31.660000,1688300
2019-09-03,31.340000,31.740000,31.049999,31.299999,31.299999,2516900
2019-09-04,31.889999,32.150002,30.980000,31.740000,31.740000,3690400
2019-09-05,32.180000,34.049999,32.180000,33.919998,33.919998,2242900
2019-09-06,34.070000,34.790001,34.070000,34.740002,34.740002,4036500
2019-09-09,34.840000,36.150002,34.779999,36.060001,36.060001,4546900
2019-09-10,35.889999,36.349998,35.689999,35.770000,35.770000,3650300
2019-09-11,35.900002,36.529999,35.259998,36.480000,36.480000,1724900
2019-09-12,36.580002,36.869999,36.020000,36.669998,36.669998,1231800
2019-09-13,36.830002,37.299999,36.799999,36.869999,36.869999,1473100
2019-09-16,36.540001,37.009998,35.950001,36.090000,36.090000,1472100
2019-09-17,35.939999,36.000000,35.080002,35.279999,35.279999,2353200
2019-09-18,35.200001,35.330002,34.099998,34.549999,34.549999,2215300
2019-09-19,34.619999,35.540001,34.590000,35.419998,35.419998,1772000
2019-09-20,35.700001,36.150002,35.470001,35.619999,35.619999,2348800
2019-09-23,35.709999,36.299999,35.410000,35.639999,35.639999,1639400
2019-09-24,35.869999,36.570000,35.160000,35.490002,35.490002,1706500
2019-09-25,35.860001,36.349998,35.660000,35.919998,35.919998,1006700
2019-09-26,36.270000,36.349998,35.860001,36.279999,36.279999,940000
2019-09-27,36.380001,36.810001,36.250000,36.529999,36.529999,1362700
2019-09-30,36.590000,37.500000,36.549999,37.349998,37.349998,1619800
2019-10-01,37.400002,37.500000,36.450001,36.570000,36.570000,1818000
2019-10-02,36.169998,36.169998,35.330002,35.490002,35.490002,1850800
2019-10-03,35.500000,36.549999,35.230000,36.520000,36.520000,1957200
2019-10-04,36.450001,36.810001,35.900002,36.650002,36.650002,988600
2019-10-07,36.500000,36.860001,36.389999,36.549999,36.549999,862300
2019-10-08,36.020000,36.130001,35.299999,35.570000,35.570000,1896900
2019-10-09,35.919998,36.099998,35.299999,35.900002,35.900002,1469700
2019-10-10,35.889999,36.020000,35.320000,35.869999,35.869999,1277000
2019-10-11,36.490002,37.259998,36.349998,36.560001,36.560001,1553100
2019-10-14,36.389999,36.869999,36.090000,36.669998,36.669998,1384500
2019-10-15,36.880001,37.040001,36.560001,36.689999,36.689999,2186500
2019-10-16,36.590000,37.480000,36.529999,37.220001,37.220001,2255900
2019-10-17,37.580002,38.209999,36.919998,37.139999,37.139999,1996900
2019-10-18,36.540001,37.470001,36.500000,37.189999,37.189999,2354400
2019-10-21,37.560001,37.869999,37.310001,37.500000,37.500000,1489400
2019-10-22,37.930000,38.330002,37.270000,38.000000,38.000000,3399100
2019-10-23,36.709999,38.349998,35.820000,36.720001,36.720001,4423400
2019-10-24,36.610001,37.810001,36.470001,37.520000,37.520000,1968800
2019-10-25,37.259998,38.279999,36.889999,37.889999,37.889999,1537900
2019-10-28,38.020000,38.930000,38.020000,38.459999,38.459999,1660600
2019-10-29,38.459999,38.790001,38.209999,38.270000,38.270000,992000
2019-10-30,38.310001,38.660000,38.160000,38.520000,38.520000,861400
2019-10-31,38.310001,38.330002,37.240002,37.369999,37.369999,1513400
2019-11-01,37.299999,38.180000,37.139999,37.770000,37.770000,1116800
2019-11-04,38.119999,38.459999,37.509998,37.790001,37.790001,943800
2019-11-05,38.119999,39.340000,38.000000,39.310001,39.310001,2163600
2019-11-06,39.299999,39.349998,38.669998,38.820000,38.820000,1186300
2019-11-07,39.369999,39.730000,39.099998,39.340000,39.340000,1052000
2019-11-08,39.250000,39.580002,38.980000,39.529999,39.529999,907400
2019-11-11,39.070000,39.970001,39.000000,39.880001,39.880001,1275300
2019-11-12,39.930000,40.169998,39.340000,39.459999,39.459999,920500
2019-11-13,39.250000,39.450001,38.910000,39.230000,39.230000,922100
2019-11-14,39.209999,40.049999,39.169998,40.020000,40.020000,803500
2019-11-15,40.090000,40.480000,39.889999,40.470001,40.470001,1198200
2019-11-18,40.480000,41.310001,40.169998,41.020000,41.020000,2468000
2019-11-19,41.049999,41.259998,40.480000,40.720001,40.720001,906600
2019-11-20,40.779999,40.959999,39.680000,39.910000,39.910000,1254800
2019-11-21,39.980000,40.000000,39.389999,39.400002,39.400002,1026800
2019-11-22,39.500000,40.090000,39.369999,39.889999,39.889999,626900
2019-11-25,40.259998,40.810001,40.040001,40.580002,40.580002,720600
2019-11-26,40.549999,40.950001,40.160000,40.910000,40.910000,625500
2019-11-27,41.150002,41.250000,40.610001,40.849998,40.849998,679600
2019-11-29,40.799999,40.990002,40.139999,40.220001,40.220001,379700
2019-12-02,40.450001,40.450001,39.480000,39.669998,39.669998,751200
2019-12-03,39.000000,39.200001,38.540001,38.980000,38.980000,1245000
2019-12-04,39.639999,40.310001,39.639999,40.259998,40.259998,1387100
2019-12-05,40.480000,40.660000,40.070000,40.439999,40.439999,1583700
2019-12-06,40.759998,41.000000,39.619999,39.740002,39.740002,1568800
2019-12-09,39.799999,40.560001,39.619999,40.549999,40.549999,1891100
2019-12-10,40.529999,41.209999,40.220001,40.450001,40.450001,3086000
2019-12-11,40.240002,40.900002,40.070000,40.750000,40.750000,1373700
2019-12-12,40.750000,41.700001,40.320000,41.639999,41.639999,1618300
2019-12-13,42.180000,42.220001,41.560001,41.610001,41.610001,1837200
2019-12-16,41.650002,41.950001,41.209999,41.650002,41.650002,1164000
2019-12-17,41.779999,41.970001,41.380001,41.400002,41.400002,858100
2019-12-18,42.000000,43.169998,41.939999,43.080002,43.080002,2088200
2019-12-19,42.919998,43.070000,42.439999,43.029999,43.029999,1019300
2019-12-20,43.090000,44.310001,43.080002,44.209999,44.209999,3630200
2019-12-23,44.389999,44.490002,43.820000,43.959999,43.959999,899500
2019-12-24,43.830002,43.930000,43.220001,43.230000,43.230000,630100
2019-12-26,43.389999,43.759998,43.130001,43.389999,43.389999,931600
2019-12-27,43.580002,43.970001,43.119999,43.689999,43.689999,1029300
2019-12-30,43.669998,43.860001,43.040001,43.490002,43.490002,861600
2019-12-31,43.480000,43.700001,43.119999,43.189999,43.189999,984100
2020-01-02,43.410000,43.410000,42.189999,42.599998,42.599998,1530600
2020-01-03,42.000000,43.160000,41.820000,43.040001,43.040001,1146600
2020-01-06,42.680000,43.919998,42.549999,43.880001,43.880001,1560700
2020-01-07,43.650002,44.290001,43.160000,43.320000,43.320000,1439700
2020-01-08,43.250000,43.430000,42.689999,42.720001,42.720001,1101400
2020-01-09,42.919998,43.279999,42.740002,42.830002,42.830002,1312900
2020-01-10,42.959999,43.000000,42.369999,42.570000,42.570000,1179100
2020-01-13,42.540001,42.669998,41.830002,42.270000,42.270000,1524100
2020-01-14,42.349998,42.740002,42.099998,42.430000,42.430000,1773000
2020-01-15,42.290001,42.599998,42.189999,42.389999,42.389999,1268600
2020-01-16,42.599998,43.240002,42.459999,42.980000,42.980000,1401600
2020-01-17,43.009998,43.099998,41.610001,41.900002,41.900002,2134000
2020-01-21,41.599998,41.689999,40.660000,41.209999,41.209999,2574400
2020-01-22,41.450001,41.770000,41.250000,41.259998,41.259998,1152000
2020-01-23,40.980000,40.980000,39.779999,40.590000,40.590000,2397900
2020-01-24,40.840000,41.130001,39.259998,39.490002,39.490002,2006300
2020-01-27,38.500000,38.919998,37.689999,38.099998,38.099998,1915300
2020-01-28,38.330002,38.689999,37.580002,38.389999,38.389999,2037800
2020-01-29,38.639999,39.259998,38.529999,38.570000,38.570000,2026100
2020-01-30,38.299999,39.000000,38.259998,38.680000,38.680000,1111800
2020-01-31,38.669998,38.790001,37.369999,37.389999,37.389999,1966000
2020-02-03,37.900002,38.389999,37.869999,37.910000,37.910000,1578900
2020-02-04,38.529999,39.360001,38.060001,38.169998,38.169998,1805000
2020-02-05,38.700001,38.750000,37.619999,38.119999,38.119999,1496000
2020-02-06,38.400002,38.660000,37.669998,37.970001,37.970001,3087300
2020-02-07,43.349998,44.500000,39.470001,39.509998,39.509998,8826600
2020-02-10,39.000000,39.580002,37.790001,38.000000,38.000000,3638200
2020-02-11,37.939999,39.049999,37.599998,38.330002,38.330002,2175300
2020-02-12,38.529999,39.369999,38.430000,39.259998,39.259998,2426300
2020-02-13,39.000000,39.200001,38.480000,38.759998,38.759998,2125900
2020-02-14,38.830002,39.000000,37.639999,37.830002,37.830002,1677500
2020-02-18,37.700001,38.150002,37.330002,37.669998,37.669998,1298100
2020-02-19,37.779999,38.299999,37.590000,38.110001,38.110001,1855900
2020-02-20,38.000000,38.450001,37.790001,38.180000,38.180000,1479400
2020-02-21,37.860001,38.009998,36.740002,36.900002,36.900002,1980800
2020-02-24,35.169998,35.470001,33.540001,34.139999,34.139999,3243500
2020-02-25,34.200001,34.200001,32.799999,32.810001,32.810001,2209600
2020-02-26,32.939999,34.130001,32.910000,33.430000,33.430000,1762500
2020-02-27,32.430000,33.750000,31.750000,32.549999,32.549999,2900700
2020-02-28,31.500000,33.130001,31.360001,33.080002,33.080002,3001500
2020-03-02,33.180000,33.849998,32.459999,33.830002,33.830002,2877700
2020-03-03,33.480000,34.099998,30.570000,31.500000,31.500000,2818000
2020-03-04,31.629999,33.049999,31.000000,32.919998,32.919998,2535200
2020-03-05,32.000000,32.220001,31.030001,31.350000,31.350000,2352900
2020-03-06,30.620001,31.299999,30.200001,31.080000,31.080000,1839600
2020-03-09,29.490000,29.780001,27.530001,27.770000,27.770000,2687100
2020-03-10,29.010000,30.010000,28.620001,29.879999,29.879999,2837900
2020-03-11,28.820000,29.059999,27.309999,27.910000,27.910000,3224700
2020-03-12,26.000000,27.760000,25.000000,25.530001,25.530001,3254800
2020-03-13,26.600000,26.760000,24.410000,26.430000,26.430000,2636100
2020-03-16,23.129999,24.280001,21.139999,21.209999,21.209999,2656200
2020-03-17,21.730000,21.860001,19.799999,20.610001,20.610001,4260400
2020-03-18,19.379999,20.700001,17.059999,20.650000,20.650000,2746700
2020-03-19,20.440001,22.020000,19.010000,21.059999,21.059999,2750100
2020-03-20,21.260000,22.930000,20.959999,21.110001,21.110001,4704500
2020-03-23,20.940001,21.070000,19.020000,20.660000,20.660000,2660000
2020-03-24,22.070000,23.370001,21.629999,23.290001,23.290001,1855200
2020-03-25,23.879999,26.030001,23.350000,24.600000,24.600000,3466200
2020-03-26,25.000000,26.770000,24.950001,26.700001,26.700001,2374800
2020-03-27,25.250000,25.770000,24.500000,24.799999,24.799999,1953400
2020-03-30,24.959999,25.250000,24.080000,24.540001,24.540001,1396400
2020-03-31,24.469999,24.760000,23.450001,23.740000,23.740000,1762900
2020-04-01,22.549999,23.340000,21.500000,21.610001,21.610001,2012400
2020-04-02,21.420000,22.520000,21.230000,22.430000,22.430000,4076700
2020-04-03,22.350000,22.530001,21.020000,21.639999,21.639999,2326900
2020-04-06,22.650000,23.820000,22.590000,23.700001,23.700001,2904500
2020-04-07,25.559999,25.840000,24.080000,24.260000,24.260000,2604200
2020-04-08,24.500000,25.940001,24.290001,25.730000,25.730000,2312500
2020-04-09,26.450001,27.200001,26.020000,26.400000,26.400000,2038000
2020-04-13,26.299999,26.379999,24.820000,25.389999,25.389999,1747700
2020-04-14,25.570000,26.820000,25.389999,26.709999,26.709999,1786600
2020-04-15,25.230000,25.480000,24.730000,24.990000,24.990000,1849700
2020-04-16,25.000000,25.120001,24.230000,24.750000,24.750000,2098200
2020-04-17,25.879999,27.410000,25.570000,26.430000,26.430000,2738500
2020-04-20,26.190001,26.209999,24.860001,25.020000,25.020000,1806800
2020-04-21,24.040001,24.840000,23.980000,24.480000,24.480000,1886600
2020-04-22,25.180000,25.290001,24.500000,25.010000,25.010000,1718500
2020-04-23,25.120001,25.580000,24.620001,24.730000,24.730000,1741600
2020-04-24,25.809999,26.650000,25.139999,25.600000,25.600000,5362200
2020-04-27,25.900000,26.770000,25.340000,26.500000,26.500000,2299200
2020-04-28,27.100000,28.350000,26.940001,28.120001,28.120001,2794900
2020-04-29,29.030001,30.370001,28.820000,30.260000,30.260000,2663200
2020-04-30,29.850000,30.250000,28.160000,28.180000,28.180000,2990700
2020-05-01,27.440001,27.680000,26.639999,27.290001,27.290001,1472100
2020-05-04,26.790001,27.340000,25.950001,26.270000,26.270000,1978600
2020-05-05,26.870001,28.049999,26.709999,26.750000,26.750000,2160300
2020-05-06,26.870001,27.240000,26.090000,26.260000,26.260000,1448500
2020-05-07,26.780001,27.469999,26.730000,26.840000,26.840000,1255900
2020-05-08,27.510000,28.490000,27.500000,28.000000,28.000000,2152900
2020-05-11,28.000000,28.139999,26.809999,27.600000,27.600000,2986700
2020-05-12,27.850000,27.889999,25.920000,25.969999,25.969999,2094300
2020-05-13,25.629999,25.629999,23.889999,24.330000,24.330000,3561400
2020-05-14,23.730000,25.129999,22.610001,24.959999,24.959999,2133300
2020-05-15,24.570000,25.250000,24.090000,24.910000,24.910000,1382800
2020-05-18,26.480000,27.760000,26.309999,27.320000,27.320000,1932700
2020-05-19,27.330000,27.340000,26.719999,26.770000,26.770000,1330700
2020-05-20,27.370001,28.270000,27.209999,28.059999,28.059999,1518200
2020-05-21,28.049999,29.190001,28.049999,29.110001,29.110001,1947800
2020-05-22,29.160000,29.490000,28.780001,29.270000,29.270000,1763500
2020-05-26,31.049999,31.480000,30.469999,31.020000,31.020000,1835300
2020-05-27,31.790001,32.959999,30.850000,32.830002,32.830002,2472200
2020-05-28,33.000000,33.150002,31.510000,31.610001,31.610001,3163900
2020-05-29,31.299999,31.870001,30.900000,31.320000,31.320000,1940600
2020-06-01,31.320000,32.139999,31.010000,32.099998,32.099998,1609400
2020-06-02,32.349998,32.860001,32.180000,32.720001,32.720001,1238700
2020-06-03,33.169998,34.730000,33.160000,34.650002,34.650002,2386600
2020-06-04,34.439999,35.070000,33.700001,34.389999,34.389999,1901200
2020-06-05,36.090000,36.990002,35.189999,35.520000,35.520000,1784600
2020-06-08,36.110001,36.740002,35.750000,36.740002,36.740002,1633700
2020-06-09,35.910000,35.990002,34.799999,35.360001,35.360001,1273300
2020-06-10,35.380001,35.450001,34.049999,34.310001,34.310001,1564400
2020-06-11,32.320000,32.480000,30.930000,31.120001,31.120001,1640600
2020-06-12,32.599998,32.919998,30.850000,31.820000,31.820000,1687800
2020-06-15,30.690001,33.299999,30.400000,33.220001,33.220001,1826300
2020-06-16,34.500000,35.040001,32.959999,33.849998,33.849998,1474500
2020-06-17,34.189999,34.279999,33.020000,33.150002,33.150002,1357400
2020-06-18,32.599998,33.410000,32.189999,32.529999,32.529999,1402800
2020-06-19,33.029999,33.209999,30.750000,31.110001,31.110001,2196000
2020-06-22,31.180000,31.510000,30.410000,31.320000,31.320000,1158700
2020-06-23,31.910000,32.090000,31.280001,31.600000,31.600000,1476300
2020-06-24,31.200001,31.309999,29.940001,30.400000,30.400000,1742800
2020-06-25,30.240000,30.260000,29.330000,30.139999,30.139999,2218400
2020-06-26,29.870001,30.200001,29.010000,29.290001,29.290001,2250400
2020-06-29,29.730000,30.920000,29.170000,30.870001,30.870001,1690300
2020-06-30,30.660000,31.490000,30.150000,31.379999,31.379999,2856100
2020-07-01,31.379999,31.719999,29.820000,30.160000,30.160000,2498900
2020-07-02,31.000000,31.570000,30.150000,30.240000,30.240000,1575000
2020-07-06,30.920000,31.030001,29.240000,29.700001,29.700001,1495700
2020-07-07,29.500000,29.830000,28.389999,28.570000,28.570000,1852300
2020-07-08,28.510000,28.809999,27.820000,28.299999,28.299999,1902600
2020-07-09,28.340000,28.410000,27.030001,27.740000,27.740000,1692300
2020-07-10,27.850000,28.980000,27.670000,28.910000,28.910000,2101400
2020-07-13,28.969999,29.610001,28.340000,28.660000,28.660000,1919700
2020-07-14,28.730000,28.990000,27.580000,27.950001,27.950001,1752400
2020-07-15,28.860001,29.920000,28.730000,29.660000,29.660000,1984100
2020-07-16,28.379999,29.420000,28.230000,29.209999,29.209999,1254100
2020-07-17,29.139999,29.160000,28.209999,28.309999,28.309999,1460900
2020-07-20,28.150000,28.280001,27.520000,28.110001,28.110001,1713000
2020-07-21,28.530001,30.180000,28.160000,29.600000,29.600000,2554100
2020-07-22,29.389999,30.969999,29.389999,30.780001,30.780001,2602300
2020-07-23,30.799999,31.980000,30.559999,31.070000,31.070000,3053300
2020-07-24,34.009998,34.009998,29.940001,30.240000,30.240000,5561700
2020-07-27,30.240000,30.860001,29.250000,29.379999,29.379999,2596500
2020-07-28,29.330000,29.950001,29.240000,29.430000,29.430000,1408800
2020-07-29,29.690001,30.730000,29.520000,30.420000,30.420000,1263500
2020-07-30,29.910000,29.990000,29.100000,29.530001,29.530001,1086200
2020-07-31,29.559999,29.680000,28.809999,29.280001,29.280001,1225700
2020-08-03,29.400000,29.469999,28.559999,28.980000,28.980000,1730300
2020-08-04,28.820000,29.150000,28.610001,28.799999,28.799999,1354300
2020-08-05,28.990000,30.110001,28.870001,29.900000,29.900000,1272800
2020-08-06,29.750000,29.799999,28.430000,28.620001,28.620001,1427700
2020-08-07,28.500000,29.250000,28.030001,29.209999,29.209999,1547600
2020-08-10,29.629999,30.780001,29.540001,30.110001,30.110001,1891300
2020-08-11,30.600000,31.590000,30.450001,30.750000,30.750000,1346000
2020-08-12,31.030001,31.030001,29.730000,30.340000,30.340000,1141400
2020-08-13,30.110001,30.299999,29.780001,30.030001,30.030001,615900
2020-08-14,29.900000,30.280001,29.610001,29.770000,29.770000,946600
2020-08-17,29.889999,29.930000,29.400000,29.620001,29.620001,604100
2020-08-18,29.469999,29.590000,28.780001,29.219999,29.219999,1022300
2020-08-19,29.190001,29.610001,28.920000,29.219999,29.219999,933800
2020-08-20,28.920000,29.469999,28.750000,29.320000,29.320000,1231400
2020-08-21,29.400000,29.870001,28.879999,28.879999,28.879999,1019300
2020-08-24,29.000000,30.000000,28.719999,29.920000,29.920000,1211200
2020-08-25,30.150000,30.360001,29.450001,29.760000,29.760000,926900
2020-08-26,29.740000,30.320000,29.700001,30.100000,30.100000,1915100
2020-08-27,30.459999,30.980000,30.340000,30.590000,30.590000,1503100
2020-08-28,30.830000,31.190001,30.570000,31.030001,31.030001,1067700
2020-08-31,31.049999,31.049999,29.840000,29.850000,29.850000,997500
2020-09-01,29.770000,30.500000,29.379999,30.389999,30.389999,1162400
2020-09-02,30.629999,30.809999,30.010000,30.440001,30.440001,1104600
2020-09-03,30.639999,30.870001,29.570000,29.709999,29.709999,878400
2020-09-04,30.250000,30.250000,29.090000,29.719999,29.719999,1157000
2020-09-08,29.350000,30.120001,28.900000,29.900000,29.900000,1116800
2020-09-09,29.940001,30.080000,29.230000,29.250000,29.250000,938600
2020-09-10,29.620001,30.440001,29.299999,29.920000,29.920000,1231400
2020-09-11,30.260000,31.469999,30.000000,30.990000,30.990000,1522900
2020-09-14,31.120001,32.049999,30.950001,31.889999,31.889999,1198600
2020-09-15,32.000000,32.040001,31.330000,31.600000,31.600000,988500
2020-09-16,32.049999,33.490002,31.830000,32.840000,32.840000,1889300
2020-09-17,32.299999,32.669998,31.639999,31.860001,31.860001,1551600
2020-09-18,31.850000,31.850000,30.250000,30.790001,30.790001,2253200
2020-09-21,29.809999,30.010000,28.450001,29.340000,29.340000,1763800
2020-09-22,29.410000,30.389999,29.219999,30.370001,30.370001,1815200
2020-09-23,30.930000,31.889999,30.670000,30.709999,30.709999,2252300
2020-09-24,30.559999,30.950001,29.100000,30.059999,30.059999,4336600
2020-09-25,29.860001,30.260000,29.530001,30.190001,30.190001,1322500
2020-09-28,30.790001,30.950001,29.629999,29.670000,29.670000,2057500
2020-09-29,29.510000,29.620001,28.250000,28.610001,28.610001,2108500
2020-09-30,28.549999,30.379999,28.549999,30.219999,30.219999,3050600
2020-10-01,30.950001,31.930000,30.160000,31.530001,31.530001,2067500
2020-10-02,30.400000,32.349998,30.309999,32.250000,32.250000,1433600
2020-10-05,32.660000,32.930000,32.150002,32.320000,32.320000,1359900
2020-10-06,32.639999,33.189999,31.790001,31.889999,31.889999,1194200
2020-10-07,32.459999,33.330002,32.160000,33.110001,33.110001,1362700
2020-10-08,33.340000,33.970001,33.299999,33.570000,33.570000,1427000
2020-10-09,33.700001,33.840000,32.840000,32.980000,32.980000,1108700
2020-10-12,33.180000,33.340000,32.619999,32.790001,32.790001,1283500
2020-10-13,32.669998,32.880001,31.809999,31.940001,31.940001,1456900
2020-10-14,32.000000,32.410000,31.700001,31.799999,31.799999,1252800
2020-10-15,31.330000,32.810001,31.129999,32.720001,32.720001,1308300
2020-10-16,32.820000,33.290001,32.150002,33.099998,33.099998,1035400
2020-10-19,33.290001,34.680000,33.290001,34.349998,34.349998,1981700
2020-10-20,34.439999,34.980000,34.099998,34.160000,34.160000,1557600
2020-10-21,33.980000,34.970001,33.750000,34.299999,34.299999,1911500
2020-10-22,34.590000,34.959999,33.820000,34.549999,34.549999,1751900
2020-10-23,34.849998,34.939999,34.080002,34.220001,34.220001,1339700
2020-10-26,33.830002,34.240002,33.330002,34.230000,34.230000,1580700
2020-10-27,34.560001,36.119999,34.400002,35.959999,35.959999,2302300
2020-10-28,34.650002,35.180000,33.369999,33.430000,33.430000,2352200
2020-10-29,33.439999,35.139999,33.299999,34.910000,34.910000,2270400
2020-10-30,32.500000,33.779999,31.309999,31.709999,31.709999,3912800
2020-11-02,31.920000,32.180000,30.379999,30.520000,30.520000,2361000
2020-11-03,30.500000,31.379999,30.209999,31.020000,31.020000,3693100
2020-11-04,30.930000,31.280001,30.090000,30.980000,30.980000,1633000
2020-11-05,31.120001,31.620001,30.879999,31.350000,31.350000,1072900
2020-11-06,31.510000,31.750000,30.059999,30.160000,30.160000,1515000
2020-11-09,32.209999,35.119999,32.209999,34.220001,34.220001,2965500
2020-11-10,34.070000,35.389999,32.650002,32.759998,32.759998,2276400
2020-11-11,33.040001,33.080002,31.180000,31.870001,31.870001,2584800
2020-11-12,31.629999,32.200001,30.910000,31.240000,31.240000,1152800
2020-11-13,31.570000,32.270000,31.570000,31.879999,31.879999,1121500
2020-11-16,33.000000,34.689999,32.779999,34.480000,34.480000,1908300
2020-11-17,34.220001,34.820000,33.700001,34.509998,34.509998,1265600
2020-11-18,34.430000,34.779999,33.970001,34.160000,34.160000,1402900
2020-11-19,33.910000,34.029999,32.750000,33.230000,33.230000,1102200
2020-11-20,33.389999,33.580002,32.689999,33.009998,33.009998,1495500
2020-11-23,33.419998,33.939999,33.040001,33.810001,33.810001,748700
2020-11-24,34.490002,34.849998,34.060001,34.470001,34.470001,1280500
2020-11-25,34.590000,34.619999,34.080002,34.450001,34.450001,860100
2020-11-27,34.490002,34.619999,34.029999,34.490002,34.490002,561800
2020-11-30,34.410000,34.410000,33.330002,33.470001,33.470001,780400
2020-12-01,33.799999,34.230000,33.000000,33.709999,33.709999,809000
2020-12-02,33.849998,33.849998,32.959999,33.080002,33.080002,1114000
2020-12-03,33.209999,34.290001,33.209999,34.220001,34.220001,1374700
2020-12-04,34.470001,36.750000,34.450001,36.700001,36.700001,1934500
2020-12-07,36.500000,37.430000,35.939999,37.360001,37.360001,2130400
2020-12-08,37.000000,37.400002,36.389999,37.070000,37.070000,1177900
2020-12-09,37.470001,37.480000,36.939999,37.070000,37.070000,1027600
2020-12-10,37.049999,37.209999,36.139999,36.580002,36.580002,1033200
2020-12-11,36.220001,36.869999,35.060001,35.209999,35.209999,1397100
2020-12-14,35.529999,35.700001,34.720001,34.820000,34.820000,748700
2020-12-15,35.049999,35.820000,34.700001,35.820000,35.820000,1260600
2020-12-16,35.980000,36.630001,35.200001,36.320000,36.320000,1431700
2020-12-17,36.639999,36.849998,36.139999,36.369999,36.369999,811100
2020-12-18,36.490002,37.070000,35.830002,36.529999,36.529999,3049600
2020-12-21,35.950001,36.779999,35.560001,36.630001,36.630001,747600
2020-12-22,36.660000,36.779999,35.919998,36.230000,36.230000,571100
2020-12-23,36.459999,37.000000,36.310001,36.639999,36.639999,502700
2020-12-24,36.450001,36.590000,36.000000,36.119999,36.119999,210100
2020-12-28,36.400002,36.779999,36.099998,36.270000,36.270000,470600
2020-12-29,36.450001,36.450001,35.459999,35.599998,35.599998,778600
2020-12-30,35.639999,36.369999,35.639999,36.020000,36.020000,577400
2020-12-31,36.119999,36.400002,35.599998,35.939999,35.939999,710600
2021-01-04,36.200001,36.459999,34.630001,34.869999,34.869999,1334600
2021-01-05,34.669998,35.639999,34.570000,35.380001,35.380001,972900
2021-01-06,35.810001,37.840000,35.779999,37.459999,37.459999,1928300
2021-01-07,37.509998,38.209999,37.099998,37.470001,37.470001,2804000
2021-01-08,37.669998,37.730000,36.189999,36.669998,36.669998,1261300
2021-01-11,36.500000,37.650002,36.189999,37.520000,37.520000,1139100
2021-01-12,37.770000,39.070000,37.619999,38.680000,38.680000,1425200
2021-01-13,38.410000,38.529999,36.840000,36.950001,36.950001,968900
2021-01-14,37.570000,38.130001,37.230000,37.330002,37.330002,760200
2021-01-15,37.150002,37.560001,36.480000,36.660000,36.660000,973900
2021-01-19,36.740002,37.720001,36.000000,36.110001,36.110001,2866300
2021-01-20,36.240002,37.009998,36.000000,36.490002,36.490002,1114600
2021-01-21,36.799999,36.970001,36.119999,36.709999,36.709999,977000
2021-01-22,36.110001,36.790001,35.900002,36.560001,36.560001,1116800
2021-01-25,36.599998,37.980000,36.450001,37.220001,37.220001,1674900
2021-01-26,37.779999,37.919998,36.000000,36.130001,36.130001,987500
2021-01-27,35.509998,35.889999,34.689999,34.900002,34.900002,1257800
2021-01-28,35.150002,35.310001,34.560001,34.910000,34.910000,1001600
2021-01-29,34.959999,35.610001,34.240002,34.480000,34.480000,1042600
2021-02-01,34.549999,34.799999,33.799999,34.509998,34.509998,1783900
2021-02-02,34.950001,35.209999,34.320000,34.750000,34.750000,1518600
2021-02-03,35.060001,35.880001,34.919998,35.799999,35.799999,1688000
2021-02-04,36.480000,37.930000,36.220001,37.180000,37.180000,2767800
2021-02-05,34.090000,37.650002,34.049999,37.250000,37.250000,3840700
2021-02-08,37.310001,37.599998,36.169998,36.430000,36.430000,1742000
2021-02-09,36.389999,36.730000,35.009998,35.320000,35.320000,1620600
2021-02-10,35.730000,36.090000,35.160000,35.240002,35.240002,1284300
2021-02-11,35.299999,36.650002,34.880001,36.439999,36.439999,1823800
2021-02-12,36.570000,36.980000,36.180000,36.930000,36.930000,1991300
2021-02-16,37.500000,37.720001,36.410000,36.430000,36.430000,1770600
2021-02-17,36.259998,36.630001,35.779999,36.119999,36.119999,882300
2021-02-18,36.139999,36.400002,35.259998,36.259998,36.259998,919600
2021-02-19,36.490002,37.220001,36.389999,36.610001,36.610001,1229400
2021-02-22,36.139999,37.430000,36.070000,37.240002,37.240002,1038300
2021-02-23,36.669998,37.660000,35.820000,37.410000,37.410000,982800
2021-02-24,37.430000,38.209999,37.169998,38.020000,38.020000,868900
2021-02-25,38.020000,38.560001,36.240002,36.680000,36.680000,991300
2021-02-26,36.799999,37.299999,36.189999,36.599998,36.599998,977400
2021-03-01,37.259998,39.290001,37.130001,38.950001,38.950001,1473700
2021-03-02,39.029999,39.380001,37.669998,38.080002,38.080002,1788400
2021-03-03,38.310001,38.750000,37.680000,37.880001,37.880001,812400
2021-03-04,37.860001,38.090000,35.939999,36.759998,36.759998,1334700
2021-03-05,37.110001,37.349998,35.779999,36.980000,36.980000,1185200
2021-03-08,37.230000,38.480000,37.099998,37.439999,37.439999,1223100
2021-03-09,37.970001,38.970001,37.580002,37.840000,37.840000,1169900
2021-03-10,38.029999,39.040001,37.840000,38.139999,38.139999,933900
2021-03-11,38.369999,38.560001,37.500000,38.099998,38.099998,1359000
2021-03-12,38.310001,39.330002,37.970001,39.250000,39.250000,1796600
2021-03-15,39.160000,42.150002,39.160000,41.869999,41.869999,2638200
2021-03-16,41.930000,42.020000,39.650002,40.020000,40.020000,1327900
2021-03-17,39.900002,41.509998,39.880001,41.200001,41.200001,1712300
2021-03-18,41.169998,42.349998,41.099998,41.599998,41.599998,1465300
2021-03-19,41.770000,41.980000,40.860001,41.299999,41.299999,1611100
2021-03-22,41.209999,42.200001,41.029999,42.139999,42.139999,919100
2021-03-23,41.580002,42.299999,40.230000,40.709999,40.709999,2331400
2021-03-24,41.040001,41.770000,40.849998,40.900002,40.900002,2062300
2021-03-25,40.290001,41.720001,40.029999,41.340000,41.340000,2929700
2021-03-26,41.599998,42.349998,41.000000,42.250000,42.250000,1511100
2021-03-29,42.189999,43.270000,41.230000,41.369999,41.369999,2158700
2021-03-30,41.669998,43.279999,41.650002,43.000000,43.000000,1784600
2021-03-31,42.880001,43.360001,41.709999,41.709999,41.709999,2599900
2021-04-01,42.099998,42.160000,41.279999,41.580002,41.580002,2124900
2021-04-05,42.000000,42.500000,41.500000,41.869999,41.869999,1185500
2021-04-06,42.220001,42.910000,42.000000,42.540001,42.540001,1520600
2021-04-07,42.750000,43.639999,42.610001,43.419998,43.419998,2001400
2021-04-08,43.340000,43.430000,42.169998,42.570000,42.570000,1223600
2021-04-09,42.889999,43.320000,42.450001,43.169998,43.169998,1357900
2021-04-12,42.900002,44.150002,42.779999,44.099998,44.099998,1087300
2021-04-13,43.990002,44.040001,42.919998,43.820000,43.820000,864900
2021-04-14,44.029999,44.720001,43.869999,44.509998,44.509998,1349000
2021-04-15,44.680000,45.150002,44.040001,44.259998,44.259998,1397800
2021-04-16,44.750000,45.419998,44.500000,44.820000,44.820000,1552400
2021-04-19,44.779999,45.230000,43.810001,43.980000,43.980000,2624200
2021-04-20,43.599998,44.490002,42.880001,43.480000,43.480000,1683400
2021-04-21,43.549999,44.490002,43.070000,44.169998,44.169998,2318500
2021-04-22,44.169998,45.380001,44.080002,44.509998,44.509998,2727600
2021-04-23,50.130001,53.139999,49.709999,51.900002,51.900002,11691000
2021-04-26,52.209999,52.810001,48.599998,48.750000,48.750000,5619500
2021-04-27,48.750000,50.439999,48.740002,49.330002,49.330002,2114600
2021-04-28,49.080002,49.639999,48.240002,48.860001,48.860001,1535500
2021-04-29,49.369999,49.369999,48.610001,48.959999,48.959999,883100
2021-04-30,48.770000,49.070000,48.279999,48.490002,48.490002,1258100
2021-05-03,48.660000,49.470001,48.380001,48.720001,48.720001,1630300
2021-05-04,48.529999,48.950001,48.169998,48.860001,48.860001,1188500
2021-05-05,48.709999,49.360001,48.380001,48.919998,48.919998,1076200
2021-05-06,49.340000,49.500000,48.650002,49.180000,49.180000,1287300
2021-05-07,49.139999,50.160000,48.619999,49.590000,49.590000,1806600
2021-05-10,49.599998,50.650002,49.599998,49.970001,49.970001,1589200
2021-05-11,49.150002,49.689999,48.020000,49.099998,49.099998,1553100
2021-05-12,48.770000,48.869999,46.520000,46.730000,46.730000,1492600
2021-05-13,47.230000,48.000000,46.770000,47.480000,47.480000,783900
2021-05-14,47.310001,48.830002,47.310001,48.500000,48.500000,1259800
2021-05-17,48.919998,49.380001,48.389999,49.180000,49.180000,1030900
2021-05-18,49.090000,49.500000,47.830002,47.950001,47.950001,1062800
2021-05-19,47.009998,47.169998,46.290001,46.660000,46.660000,1181300
2021-05-20,46.680000,46.779999,45.490002,46.439999,46.439999,1216200
2021-05-21,46.810001,46.919998,45.500000,45.639999,45.639999,1509300
2021-05-24,46.169998,46.820000,45.750000,46.669998,46.669998,1119100
2021-05-25,46.939999,47.290001,46.560001,46.599998,46.599998,738300
2021-05-26,47.060001,47.959999,46.799999,47.430000,47.430000,1496200
2021-05-27,47.900002,47.930000,47.180000,47.689999,47.689999,914900
2021-05-28,47.889999,47.930000,46.919998,47.500000,47.500000,638300
2021-06-01,47.759998,47.820000,47.080002,47.340000,47.340000,709300
2021-06-02,47.200001,47.430000,46.130001,46.419998,46.419998,999800
2021-06-03,46.240002,46.680000,45.689999,46.630001,46.630001,788700
2021-06-04,46.750000,46.759998,45.650002,46.389999,46.389999,961700
2021-06-07,46.419998,47.200001,46.310001,46.709999,46.709999,1835800
2021-06-08,46.919998,48.810001,46.560001,48.560001,48.560001,1548800
2021-06-09,48.419998,48.740002,47.939999,48.150002,48.150002,1182600
2021-06-10,48.480000,48.549999,47.139999,47.840000,47.840000,873600
2021-06-11,47.990002,50.080002,47.939999,49.959999,49.959999,1558100
2021-06-14,50.009998,50.369999,48.540001,48.959999,48.959999,1167800
2021-06-15,48.950001,49.110001,47.889999,49.099998,49.099998,823600
2021-06-16,49.119999,49.459999,47.910000,49.250000,49.250000,1084600
2021-06-17,48.450001,49.230000,47.139999,47.810001,47.810001,1378600
2021-06-18,47.360001,47.790001,46.820000,47.020000,47.020000,1619900
2021-06-21,47.459999,48.259998,47.189999,48.180000,48.180000,756100
2021-06-22,47.840000,48.500000,47.459999,48.160000,48.160000,916700
2021-06-23,48.680000,49.430000,48.369999,49.029999,49.029999,745300
2021-06-24,49.029999,49.220001,48.529999,48.770000,48.770000,752500
2021-06-25,50.000000,51.119999,49.590000,50.240002,50.240002,1982900
2021-06-28,49.970001,50.240002,48.759998,49.509998,49.509998,1137100
2021-06-29,49.840000,50.000000,48.689999,48.950001,48.950001,681900
2021-06-30,48.650002,49.970001,48.419998,49.830002,49.830002,1796300
2021-07-01,50.009998,51.480000,49.770000,50.849998,50.849998,1349500
2021-07-02,50.919998,50.919998,50.099998,50.660000,50.660000,706000
2021-07-06,50.660000,50.799999,48.599998,49.549999,49.549999,1058300
2021-07-07,49.090000,49.619999,47.900002,48.820000,48.820000,1219000
2021-07-08,47.700001,48.849998,46.880001,48.660000,48.660000,782700
2021-07-09,49.150002,49.980000,48.939999,49.570000,49.570000,883200
2021-07-12,49.450001,49.930000,48.950001,49.810001,49.810001,601700
2021-07-13,49.540001,49.860001,48.570000,49.040001,49.040001,1436400
2021-07-14,49.459999,49.790001,49.040001,49.099998,49.099998,1181600
2021-07-15,49.180000,49.330002,47.799999,48.610001,48.610001,969900
2021-07-16,49.099998,49.169998,46.959999,47.110001,47.110001,1380400
2021-07-19,45.930000,47.230000,45.279999,46.070000,46.070000,1585600
2021-07-20,46.430000,49.259998,46.430000,48.770000,48.770000,2139100
2021-07-21,49.090000,50.570000,49.009998,50.259998,50.259998,1974600
2021-07-22,50.740002,51.650002,50.459999,51.209999,51.209999,3270600
2021-07-23,53.709999,55.869999,52.400002,54.220001,54.220001,4958100
2021-07-26,54.000000,54.560001,52.790001,54.200001,54.200001,1509100
2021-07-27,53.849998,53.869999,51.930000,52.810001,52.810001,1733000
2021-07-28,52.959999,53.189999,52.000000,52.509998,52.509998,1523600
2021-07-29,53.099998,53.990002,52.830002,53.709999,53.709999,953400
2021-07-30,53.139999,54.430000,53.040001,53.680000,53.680000,1333500
2021-08-02,54.259998,55.799999,54.259998,54.540001,54.540001,996700
2021-08-03,54.910000,55.380001,53.860001,54.119999,54.119999,1442800
2021-08-04,53.630001,54.480000,52.680000,52.830002,52.830002,1447600
2021-08-05,52.700001,54.099998,52.700001,53.540001,53.540001,674500
2021-08-06,53.779999,54.450001,53.410000,53.919998,53.919998,821700
2021-08-09,53.630001,54.060001,52.820000,53.349998,53.349998,922400
2021-08-10,53.250000,54.410000,53.110001,53.799999,53.799999,749500
2021-08-11,53.459999,53.720001,53.119999,53.560001,53.560001,552200
2021-08-12,53.830002,53.889999,52.860001,53.700001,53.700001,908900
2021-08-13,53.860001,53.860001,52.820000,53.330002,53.330002,911900
2021-08-16,52.919998,53.200001,51.779999,52.779999,52.779999,761100
2021-08-17,52.090000,52.389999,49.169998,49.720001,49.720001,1411500
2021-08-18,49.240002,50.580002,49.200001,49.660000,49.660000,851800
2021-08-19,48.720001,49.980000,48.430000,49.430000,49.430000,845200
2021-08-20,49.740002,50.419998,49.310001,50.389999,50.389999,912900
2021-08-23,51.169998,51.410000,50.669998,50.759998,50.759998,888900
2021-08-24,50.669998,51.720001,50.669998,51.180000,51.180000,588100
2021-08-25,51.740002,51.740002,50.709999,51.270000,51.270000,604300
2021-08-26,50.930000,51.270000,49.590000,50.090000,50.090000,798800
2021-08-27,50.400002,51.150002,50.040001,50.930000,50.930000,693900
2021-08-30,51.000000,51.580002,50.169998,51.180000,51.180000,724500
2021-08-31,50.939999,51.150002,49.820000,50.430000,50.430000,945600
2021-09-01,51.000000,51.389999,50.160000,50.209999,50.209999,988900
2021-09-02,50.279999,50.540001,49.220001,49.709999,49.709999,1324200
2021-09-03,49.450001,49.709999,48.799999,49.029999,49.029999,735700
2021-09-07,48.980000,48.980000,47.169998,47.299999,47.299999,1190100
2021-09-08,47.070000,47.349998,45.830002,46.549999,46.549999,1452800
2021-09-09,46.430000,47.590000,46.430000,46.980000,46.980000,1058500
2021-09-10,47.259998,47.430000,46.689999,46.740002,46.740002,832100
2021-09-13,46.980000,47.110001,45.480000,46.130001,46.130001,1913500
2021-09-14,46.080002,46.709999,45.520000,46.169998,46.169998,986500
2021-09-15,46.169998,46.209999,44.860001,45.410000,45.410000,1542500
2021-09-16,45.470001,46.110001,44.919998,45.000000,45.000000,1182800
2021-09-17,45.070000,46.000000,44.770000,45.220001,45.220001,2042000
2021-09-20,44.160000,44.950001,43.650002,44.830002,44.830002,1553700
2021-09-21,45.310001,45.860001,44.419998,44.459999,44.459999,1249400
2021-09-22,44.779999,46.630001,44.779999,45.849998,45.849998,1677700
2021-09-23,46.279999,47.290001,46.090000,46.119999,46.119999,1407900
2021-09-24,44.750000,44.779999,43.000000,44.410000,44.410000,2473500
2021-09-27,44.320000,44.970001,43.619999,43.740002,43.740002,1975500
2021-09-28,43.660000,44.099998,43.029999,43.150002,43.150002,1676600
2021-09-29,43.380001,43.669998,42.799999,42.880001,42.880001,991900
2021-09-30,43.070000,44.299999,42.000000,42.119999,42.119999,2892600
2021-10-01,42.299999,43.139999,41.200001,42.490002,42.490002,2262700
2021-10-04,42.369999,42.790001,41.590000,41.740002,41.740002,1820100
2021-10-05,41.500000,42.470001,41.349998,41.830002,41.830002,1495400
2021-10-06,41.209999,41.740002,40.910000,41.619999,41.619999,1210200
2021-10-07,42.150002,42.910000,42.040001,42.509998,42.509998,1043600
2021-10-08,42.630001,42.830002,41.810001,41.970001,41.970001,1258900
2021-10-11,41.950001,42.450001,41.029999,41.080002,41.080002,706200
2021-10-12,40.910000,41.590000,40.849998,41.230000,41.230000,1091400
2021-10-13,41.540001,42.549999,41.180000,42.450001,42.450001,1163200
2021-10-14,43.150002,44.459999,42.799999,43.910000,43.910000,2999200
2021-10-15,44.310001,45.040001,44.099998,44.610001,44.610001,1597100
2021-10-18,44.189999,44.310001,43.099998,43.660000,43.660000,1203100
2021-10-19,45.389999,45.389999,43.279999,43.630001,43.630001,1053200
2021-10-20,44.000000,44.939999,43.860001,44.160000,44.160000,1641800
2021-10-21,44.340000,45.779999,44.299999,45.669998,45.669998,1743100
2021-10-22,45.230000,46.029999,44.820000,45.779999,45.779999,1447600
2021-10-25,46.029999,46.380001,45.599998,46.250000,46.250000,1713700
2021-10-26,46.380001,46.939999,45.630001,46.119999,46.119999,1643500
2021-10-27,46.070000,46.270000,44.730000,44.810001,44.810001,1554700
2021-10-28,45.380001,46.029999,44.980000,45.930000,45.930000,2587900
2021-10-29,49.480000,50.810001,45.430000,46.209999,46.209999,5669000
2021-11-01,46.060001,48.250000,46.060001,47.790001,47.790001,2432900
2021-11-02,46.360001,47.430000,45.369999,45.430000,45.430000,2105600
2021-11-03,45.740002,47.919998,45.740002,47.580002,47.580002,2045000
2021-11-04,47.810001,48.389999,47.049999,47.139999,47.139999,1248900
2021-11-05,47.730000,48.689999,47.730000,48.000000,48.000000,944100
2021-11-08,47.959999,48.189999,46.610001,47.410000,47.410000,1189500
2021-11-09,47.349998,47.970001,47.040001,47.400002,47.400002,1095700
2021-11-10,46.930000,48.029999,46.730000,47.439999,47.439999,1046900
2021-11-11,47.790001,47.840000,47.259998,47.360001,47.360001,438900
2021-11-12,47.470001,47.970001,47.369999,47.689999,47.689999,670800
2021-11-15,47.799999,47.849998,46.669998,46.930000,46.930000,850200
2021-11-16,47.279999,48.599998,47.099998,48.009998,48.009998,1039500
2021-11-17,47.910000,48.080002,47.180000,47.590000,47.590000,833900
2021-11-18,48.119999,48.689999,47.410000,47.849998,47.849998,1282400
2021-11-19,47.380001,47.889999,47.020000,47.790001,47.790001,1092700
2021-11-22,48.020000,49.040001,47.540001,48.730000,48.730000,1264700
2021-11-23,48.340000,48.500000,47.029999,47.259998,47.259998,1903600
2021-11-24,45.959999,47.910000,45.560001,47.770000,47.770000,1138400
2021-11-26,46.000000,46.750000,45.759998,46.000000,46.000000,830400
2021-11-29,46.740002,47.240002,45.740002,46.520000,46.520000,1308700
2021-11-30,46.070000,46.090000,44.200001,44.919998,44.919998,1662000
2021-12-01,46.599998,47.410000,44.520000,44.580002,44.580002,1602000
2021-12-02,44.639999,45.380001,44.070000,45.029999,45.029999,1419900
2021-12-03,45.070000,45.310001,43.259998,43.849998,43.849998,1291000
2021-12-06,44.349998,44.950001,43.590000,44.480000,44.480000,1164300
2021-12-07,45.270000,47.349998,45.259998,46.700001,46.700001,1225600
2021-12-08,46.680000,47.349998,46.349998,46.570000,46.570000,878200
2021-12-09,46.080002,46.750000,45.660000,45.700001,45.700001,608700
2021-12-10,46.189999,46.189999,45.110001,45.349998,45.349998,930000
2021-12-13,45.099998,45.369999,43.080002,43.660000,43.660000,1170300
2021-12-14,43.180000,44.000000,43.110001,43.270000,43.270000,973800
2021-12-15,43.029999,43.220001,41.689999,43.040001,43.040001,1089600
2021-12-16,43.220001,43.439999,41.599998,41.689999,41.689999,826000
2021-12-17,41.580002,42.230000,41.150002,41.689999,41.689999,2048400
2021-12-20,40.860001,41.130001,39.419998,40.160000,40.160000,1185400
2021-12-21,41.099998,41.549999,40.740002,41.110001,41.110001,1715800
2021-12-22,41.320000,41.959999,41.070000,41.610001,41.610001,891500
2021-12-23,41.650002,42.810001,41.650002,42.270000,42.270000,1603600
2021-12-27,42.509998,43.009998,42.160000,43.000000,43.000000,899300
2021-12-28,42.970001,43.639999,42.970001,43.369999,43.369999,1275800
2021-12-29,43.509998,44.230000,43.250000,43.830002,43.830002,727600
2021-12-30,43.700001,44.259998,43.580002,43.580002,43.580002,567600
2021-12-31,43.279999,43.680000,43.009998,43.400002,43.400002,704400
2022-01-03,43.820000,44.529999,43.540001,44.459999,44.459999,1513200
2022-01-04,45.400002,46.990002,45.209999,46.439999,46.439999,1410400
2022-01-05,46.400002,46.770000,45.040001,45.290001,45.290001,2479100
2022-01-06,45.660000,46.570000,44.889999,46.310001,46.310001,1418500
2022-01-07,46.330002,46.880001,45.930000,46.040001,46.040001,1512900
2022-01-10,45.259998,45.419998,43.240002,44.660000,44.660000,1690700
2022-01-11,44.790001,44.919998,43.880001,44.880001,44.880001,852400
2022-01-12,45.110001,45.849998,44.689999,45.310001,45.310001,867400
2022-01-13,44.709999,45.709999,44.119999,44.310001,44.310001,1249200
2022-01-14,43.590000,43.810001,42.650002,43.630001,43.630001,1166400
2022-01-18,42.959999,44.310001,42.500000,43.709999,43.709999,1244600
2022-01-19,43.869999,44.509998,43.419998,43.439999,43.439999,769800
2022-01-20,43.770000,43.930000,41.639999,41.770000,41.770000,927800
2022-01-21,41.310001,42.209999,40.680000,41.189999,41.189999,1172400
2022-01-24,40.060001,43.349998,39.849998,43.240002,43.240002,2259000
2022-01-25,42.529999,42.869999,41.150002,42.279999,42.279999,1568400
2022-01-26,43.049999,43.209999,41.020000,41.299999,41.299999,1320800
2022-01-27,41.639999,42.130001,40.720001,41.049999,41.049999,997200
2022-01-28,40.980000,41.340000,39.299999,41.320000,41.320000,1611800
2022-01-31,41.040001,42.099998,40.639999,42.000000,42.000000,1136100
2022-02-01,42.119999,42.610001,41.529999,42.459999,42.459999,1426300
2022-02-02,42.840000,42.930000,41.750000,42.490002,42.490002,1971700
2022-02-03,41.959999,42.700001,41.590000,41.700001,41.700001,1740200
2022-02-04,44.599998,45.009998,43.250000,44.430000,44.430000,3710400
2022-02-07,44.570000,45.310001,43.990002,44.959999,44.959999,1776000
2022-02-08,44.959999,46.400002,44.369999,46.279999,46.279999,2043200
2022-02-09,46.840000,47.669998,46.549999,47.419998,47.419998,1662100
2022-02-10,46.320000,49.889999,46.220001,48.209999,48.209999,2121200
2022-02-11,48.320000,48.650002,47.180000,47.240002,47.240002,1604800
2022-02-14,47.099998,48.180000,46.549999,46.939999,46.939999,1270000
2022-02-15,47.549999,48.180000,47.459999,47.910000,47.910000,1470800
2022-02-16,47.740002,49.189999,47.360001,48.939999,48.939999,1027100
2022-02-17,48.570000,49.080002,47.330002,47.509998,47.509998,1144400
2022-02-18,47.750000,48.009998,46.759998,47.720001,47.720001,1205900
2022-02-22,47.500000,48.650002,46.970001,47.430000,47.430000,1172100
2022-02-23,47.860001,47.880001,45.500000,45.639999,45.639999,1218800
2022-02-24,44.119999,46.240002,44.040001,46.040001,46.040001,1361600
2022-02-25,45.959999,47.529999,45.560001,47.490002,47.490002,1256300
2022-02-28,46.509998,47.480000,45.779999,45.980000,45.980000,1976600
2022-03-01,45.450001,45.880001,41.209999,41.509998,41.509998,3108200
2022-03-02,41.689999,43.810001,41.689999,43.639999,43.639999,2786900
2022-03-03,43.570000,43.750000,40.599998,40.770000,40.770000,2064600
2022-03-04,40.000000,40.369999,36.880001,37.439999,37.439999,3354600
2022-03-07,37.270000,37.270000,33.500000,34.259998,34.259998,4346000
2022-03-08,35.849998,38.180000,34.970001,37.040001,37.040001,3288700
2022-03-09,38.570000,39.930000,37.700001,37.910000,37.910000,2034100
2022-03-10,37.200001,38.060001,36.740002,37.869999,37.869999,1059200
2022-03-11,38.320000,38.439999,37.139999,37.340000,37.340000,1274200
2022-03-14,37.619999,38.000000,35.730000,35.880001,35.880001,1683900
2022-03-15,36.139999,37.340000,36.040001,37.150002,37.150002,1302200
2022-03-16,37.930000,39.990002,37.930000,39.049999,39.049999,1356400
2022-03-17,38.480000,39.310001,38.160000,39.020000,39.020000,955600
2022-03-18,38.689999,39.630001,38.490002,39.570000,39.570000,1614800
2022-03-21,39.540001,40.230000,39.020000,39.730000,39.730000,1490500
2022-03-22,40.209999,41.570000,40.209999,41.340000,41.340000,2364600
2022-03-23,41.000000,41.410000,39.689999,39.810001,39.810001,1137300
2022-03-24,39.930000,40.160000,39.450001,39.889999,39.889999,1058000
2022-03-25,40.230000,40.480000,39.630001,40.400002,40.400002,1017600
2022-03-28,40.290001,40.639999,39.599998,40.630001,40.630001,932600
2022-03-29,41.650002,43.250000,41.500000,42.500000,42.500000,1479800
2022-03-30,42.060001,42.060001,41.230000,41.389999,41.389999,1243800
2022-03-31,41.080002,41.540001,40.680000,40.759998,40.759998,1403800
2022-04-01,40.980000,41.220001,40.549999,40.910000,40.910000,1091800
2022-04-04,40.910000,41.709999,40.639999,40.900002,40.900002,1203900
2022-04-05,40.779999,41.189999,39.680000,40.029999,40.029999,1574700
2022-04-06,39.549999,39.770000,38.009998,38.630001,38.630001,1302200
2022-04-07,38.169998,38.680000,37.320000,38.360001,38.360001,1099900
2022-04-08,38.340000,38.930000,37.570000,37.810001,37.810001,1411500
2022-04-11,37.320000,38.709999,37.290001,37.860001,37.860001,1031900
2022-04-12,38.110001,38.980000,37.619999,37.680000,37.680000,881400
2022-04-13,37.709999,39.009998,37.619999,38.919998,38.919998,911600
2022-04-14,39.020000,39.950001,38.619999,39.770000,39.770000,1291900
2022-04-18,39.650002,39.799999,38.740002,39.759998,39.759998,1337300
2022-04-19,39.869999,41.630001,39.700001,41.520000,41.520000,1523300
2022-04-20,41.830002,42.299999,41.150002,41.189999,41.189999,1324400
2022-04-21,41.869999,42.410000,40.980000,41.180000,41.180000,1250900
2022-04-22,41.000000,41.400002,39.700001,39.720001,39.720001,1397200
2022-04-25,38.910000,39.689999,38.310001,39.240002,39.240002,1998100
2022-04-26,38.740002,38.919998,37.180000,37.410000,37.410000,2397400
2022-04-27,39.380001,40.799999,39.000000,39.270000,39.270000,2729100
2022-04-28,39.419998,40.160000,38.299999,39.730000,39.730000,1522400
2022-04-29,39.220001,39.740002,38.180000,38.299999,38.299999,1477400
2022-05-02,38.290001,39.700001,38.110001,39.660000,39.660000,1295000
2022-05-03,39.730000,39.849998,38.349998,39.090000,39.090000,966700
2022-05-04,39.020000,40.160000,38.070000,40.130001,40.130001,951700
2022-05-05,39.529999,39.689999,37.790001,38.270000,38.270000,931900
2022-05-06,37.580002,37.730000,36.580002,37.230000,37.230000,1177900
2022-05-09,36.389999,37.459999,35.509998,35.790001,35.790001,1027600
2022-05-10,36.209999,36.669998,34.840000,36.009998,36.009998,1153200
2022-05-11,36.250000,37.080002,35.439999,35.509998,35.509998,1239200
2022-05-12,35.279999,37.189999,35.110001,36.480000,36.480000,1613400
2022-05-13,37.009998,38.520000,37.009998,37.889999,37.889999,1357100
2022-05-16,37.660000,38.049999,36.619999,36.840000,36.840000,1066700
2022-05-17,37.570000,38.279999,36.910000,38.220001,38.220001,1075700
2022-05-18,37.200001,38.459999,36.860001,37.049999,37.049999,1236900
2022-05-19,36.500000,37.099998,35.700001,35.900002,35.900002,1456800
2022-05-20,36.470001,36.630001,34.720001,36.130001,36.130001,1370600
2022-05-23,36.110001,36.689999,35.580002,36.349998,36.349998,1181100
2022-05-24,35.560001,35.849998,34.049999,34.680000,34.680000,1179400
2022-05-25,34.070000,36.230000,34.070000,35.970001,35.970001,1290600
2022-05-26,36.590000,38.599998,36.330002,37.680000,37.680000,1160600
2022-05-27,37.869999,39.310001,37.820000,39.240002,39.240002,1113700
2022-05-31,39.250000,39.790001,38.389999,39.400002,39.400002,1765900
2022-06-01,39.790001,40.150002,38.570000,39.250000,39.250000,898800
2022-06-02,39.490002,41.290001,39.220001,41.259998,41.259998,1175600
2022-06-03,40.869999,41.490002,40.340000,41.270000,41.270000,751900
2022-06-06,41.630001,41.830002,40.919998,41.200001,41.200001,1002600
2022-06-07,40.549999,42.490002,40.310001,42.340000,42.340000,1419200
2022-06-08,41.830002,42.830002,41.590000,41.840000,41.840000,1212100
2022-06-09,41.509998,42.070000,41.209999,41.349998,41.349998,1094200
2022-06-10,40.500000,40.889999,39.400002,39.419998,39.419998,954400
2022-06-13,38.020000,38.320000,36.279999,36.720001,36.720001,2032400
2022-06-14,36.799999,37.590000,36.680000,37.029999,37.029999,1223600
2022-06-15,38.630001,38.630001,37.160000,37.919998,37.919998,1637000
2022-06-16,36.630001,36.639999,35.029999,35.400002,35.400002,1256400
2022-06-17,35.549999,36.869999,35.349998,36.470001,36.470001,1528800
2022-06-21,37.029999,37.480000,36.270000,36.700001,36.700001,1010000
2022-06-22,36.200001,36.410000,35.700001,36.020000,36.020000,929300
2022-06-23,36.430000,36.889999,35.980000,36.669998,36.669998,1621200
2022-06-24,37.220001,38.869999,37.220001,38.580002,38.580002,1161300
2022-06-27,38.740002,39.080002,37.939999,38.540001,38.540001,1106500
2022-06-28,38.700001,39.610001,37.360001,37.380001,37.380001,1284700
2022-06-29,37.549999,37.549999,36.360001,36.889999,36.889999,767300
2022-06-30,36.099998,36.209999,34.650002,35.580002,35.580002,1765900
2022-07-01,35.349998,35.509998,34.220001,35.290001,35.290001,1416200
2022-07-05,34.549999,36.820000,34.549999,36.470001,36.470001,1282100
2022-07-06,36.290001,36.889999,35.240002,35.790001,35.790001,1432300
2022-07-07,36.060001,37.040001,35.939999,37.000000,37.000000,1171300
2022-07-08,36.880001,37.060001,36.230000,36.939999,36.939999,709200
2022-07-11,36.380001,36.820000,36.000000,36.400002,36.400002,650000
2022-07-12,36.299999,37.310001,36.049999,36.400002,36.400002,786500
2022-07-13,35.750000,37.139999,35.500000,36.959999,36.959999,775700
2022-07-14,36.340000,36.740002,35.900002,36.599998,36.599998,552000
2022-07-15,37.139999,37.369999,36.240002,36.720001,36.720001,1356900
2022-07-18,37.349998,37.900002,36.959999,37.119999,37.119999,1486200
2022-07-19,35.180000,38.250000,35.169998,37.910000,37.910000,3839800
2022-07-20,37.810001,38.779999,37.689999,38.630001,38.630001,1721500
2022-07-21,38.540001,38.799999,38.150002,38.529999,38.529999,1151600
2022-07-22,38.619999,38.790001,37.840000,38.279999,38.279999,1390100
2022-07-25,38.150002,38.369999,37.189999,37.910000,37.910000,1988500
2022-07-26,37.009998,37.410000,35.080002,35.660000,35.660000,4652700
2022-07-27,36.090000,36.619999,33.509998,36.410000,36.410000,3824600
2022-07-28,36.599998,38.060001,36.520000,37.860001,37.860001,2130300
2022-07-29,38.160000,38.270000,37.599998,37.959999,37.959999,1921900
2022-08-01,37.680000,38.459999,37.259998,38.290001,38.290001,1394800
2022-08-02,38.080002,38.150002,37.480000,37.570000,37.570000,1068600
2022-08-03,37.880001,38.869999,37.799999,38.560001,38.560001,1052900
2022-08-04,38.549999,39.410000,38.200001,39.380001,39.380001,1060400
2022-08-05,39.000000,39.610001,38.869999,39.330002,39.330002,808100
2022-08-08,39.560001,40.369999,39.410000,39.480000,39.480000,938200
2022-08-09,39.200001,39.270000,37.799999,38.240002,38.240002,1250500
2022-08-10,39.250000,40.130001,39.090000,39.250000,39.250000,1454300
2022-08-11,39.750000,40.480000,39.349998,40.000000,40.000000,1567200
2022-08-12,40.439999,40.439999,39.849998,40.209999,40.209999,1098900
2022-08-15,40.009998,40.380001,39.830002,40.200001,40.200001,1629000
2022-08-16,40.000000,41.619999,39.990002,41.540001,41.540001,1299100
2022-08-17,41.220001,41.279999,40.049999,40.509998,40.509998,897000
2022-08-18,40.080002,40.540001,39.799999,40.320000,40.320000,930500
2022-08-19,40.130001,40.200001,39.290001,39.490002,39.490002,845300
2022-08-22,38.740002,39.160000,38.419998,38.910000,38.910000,992200
2022-08-23,39.240002,39.490002,38.549999,38.689999,38.689999,1085800
2022-08-24,38.619999,39.299999,38.480000,38.990002,38.990002,939600
2022-08-25,39.080002,40.230000,38.939999,39.689999,39.689999,1291100
2022-08-26,39.779999,39.840000,38.410000,38.520000,38.520000,835900
2022-08-29,38.020000,39.029999,37.860001,38.669998,38.669998,858400
2022-08-30,39.119999,39.290001,38.259998,38.279999,38.279999,735400
2022-08-31,38.310001,38.700001,37.779999,37.799999,37.799999,1313800
2022-09-01,37.500000,37.650002,36.810001,37.529999,37.529999,1117300
2022-09-02,37.939999,38.169998,36.889999,37.160000,37.160000,1151400
2022-09-06,37.320000,37.490002,36.029999,37.029999,37.029999,2022700
2022-09-07,36.860001,38.020000,36.860001,37.759998,37.759998,1618100
2022-09-08,37.270000,37.490002,35.900002,37.090000,37.090000,1535500
2022-09-09,37.470001,38.330002,37.450001,38.070000,38.070000,1387000
2022-09-12,38.490002,39.400002,38.490002,38.939999,38.939999,1327100
2022-09-13,37.310001,37.650002,36.110001,36.349998,36.349998,1585000
2022-09-14,36.500000,36.770000,35.900002,36.340000,36.340000,1383900
2022-09-15,36.000000,36.799999,35.869999,36.160000,36.160000,1136800
2022-09-16,35.720001,36.480000,35.369999,35.860001,35.860001,2226300
2022-09-19,35.570000,37.000000,35.570000,36.849998,36.849998,1346800
2022-09-20,36.290001,36.720001,36.090000,36.290001,36.290001,994200
2022-09-21,36.590000,37.110001,35.849998,35.889999,35.889999,844100
2022-09-22,36.090000,36.209999,35.160000,35.279999,35.279999,876100
2022-09-23,34.529999,34.669998,33.400002,33.919998,33.919998,1708300
2022-09-26,33.680000,33.990002,32.660000,32.950001,32.950001,1741200
2022-09-27,33.349998,33.680000,32.639999,33.340000,33.340000,1288000
2022-09-28,33.599998,34.590000,33.520000,34.389999,34.389999,1837300
2022-09-29,33.830002,34.160000,33.230000,34.099998,34.099998,1049800
2022-09-30,32.090000,33.029999,31.280001,31.719999,31.719999,3717700
2022-10-03,32.160000,32.700001,31.910000,32.150002,32.150002,1950000
2022-10-04,32.990002,34.090000,32.990002,34.090000,34.090000,2049000
2022-10-05,33.590000,35.090000,33.590000,34.939999,34.939999,1499200
2022-10-06,34.880001,35.270000,34.410000,34.880001,34.880001,790300
2022-10-07,34.230000,34.439999,33.889999,34.380001,34.380001,983900
2022-10-10,34.279999,34.439999,32.939999,33.619999,33.619999,1445000
2022-10-11,33.400002,34.700001,33.330002,34.119999,34.119999,1302100
2022-10-12,34.240002,34.820000,33.970001,34.610001,34.610001,1495400
2022-10-13,33.970001,35.380001,33.400002,34.930000,34.930000,1648700
2022-10-14,35.230000,35.580002,34.340000,34.700001,34.700001,1369200
2022-10-17,35.480000,35.639999,34.849998,35.419998,35.419998,2062300
2022-10-18,36.509998,36.959999,35.459999,35.930000,35.930000,1916100
2022-10-19,35.650002,36.180000,35.240002,35.700001,35.700001,1289500
2022-10-20,36.150002,36.470001,33.709999,33.830002,33.830002,3371900
2022-10-21,33.830002,35.169998,33.630001,34.900002,34.900002,2200400
2022-10-24,34.900002,35.169998,34.150002,34.680000,34.680000,2481000
2022-10-25,34.650002,36.080002,34.650002,35.930000,35.930000,3715000
2022-10-26,33.700001,34.779999,32.299999,32.410000,32.410000,7211000
2022-10-27,32.820000,33.200001,32.009998,32.639999,32.639999,2785900
2022-10-28,32.610001,33.669998,32.160000,33.360001,33.360001,2048300
2022-10-31,33.290001,34.750000,33.169998,34.430000,34.430000,2702600
2022-11-01,34.400002,35.340000,34.230000,35.230000,35.230000,2468400
2022-11-02,35.029999,36.080002,34.779999,34.860001,34.860001,3509800
2022-11-03,34.520000,35.360001,33.770000,34.820000,34.820000,1402700
2022-11-04,35.750000,36.830002,35.630001,36.520000,36.520000,2314700
2022-11-07,36.880001,36.880001,35.099998,35.730000,35.730000,1302700
2022-11-08,36.130001,36.400002,35.290001,35.830002,35.830002,1052400
2022-11-09,35.349998,35.939999,35.110001,35.549999,35.549999,1300600
2022-11-10,36.919998,37.750000,36.889999,37.750000,37.750000,1399200
2022-11-11,38.099998,39.849998,38.020000,39.570000,39.570000,2414400
2022-11-14,39.209999,39.779999,39.070000,39.180000,39.180000,1550300
2022-11-15,40.299999,41.299999,40.060001,40.240002,40.240002,1913800
2022-11-16,39.500000,40.040001,39.310001,39.779999,39.779999,1061000
2022-11-17,39.070000,39.970001,38.810001,39.889999,39.889999,1419300
2022-11-18,40.700001,40.900002,39.619999,39.840000,39.840000,1274500
2022-11-21,39.500000,39.750000,38.619999,39.090000,39.090000,1112000
2022-11-22,39.250000,40.220001,38.990002,40.139999,40.139999,1383900
2022-11-23,39.970001,40.599998,39.759998,40.099998,40.099998,690400
2022-11-25,40.090000,40.380001,40.000000,40.099998,40.099998,467700
2022-11-28,39.689999,40.389999,39.570000,39.750000,39.750000,1380800
2022-11-29,39.709999,40.560001,39.630001,40.369999,40.369999,1357300
2022-11-30,40.889999,42.290001,40.779999,42.169998,42.169998,3042600
2022-12-01,42.330002,43.490002,42.130001,42.980000,42.980000,2074300
2022-12-02,42.459999,43.450001,42.459999,43.230000,43.230000,1017600
2022-12-05,42.889999,42.889999,41.630001,41.750000,41.750000,835800
2022-12-06,42.009998,42.959999,41.970001,42.939999,42.939999,1770400
2022-12-07,42.680000,43.049999,42.290001,42.509998,42.509998,770600
2022-12-08,42.860001,43.450001,42.430000,43.360001,43.360001,1187000
2022-12-09,42.849998,42.980000,42.020000,42.250000,42.250000,1188400
2022-12-12,42.520000,42.750000,42.240002,42.560001,42.560001,929100
2022-12-13,43.660000,44.340000,41.939999,42.340000,42.340000,1773300
2022-12-14,42.630001,42.889999,41.950001,42.389999,42.389999,750200
2022-12-15,41.540001,42.070000,40.840000,41.900002,41.900002,1027700
2022-12-16,41.340000,41.750000,40.720001,41.080002,41.080002,2340600
2022-12-19,41.000000,41.340000,40.730000,40.959999,40.959999,1012500
2022-12-20,40.840000,41.200001,40.250000,40.389999,40.389999,1291800
2022-12-21,41.799999,43.000000,41.799999,42.070000,42.070000,1935000
2022-12-22,41.689999,42.279999,41.400002,42.180000,42.180000,1163500
2022-12-23,41.959999,42.180000,41.439999,42.000000,42.000000,832500
2022-12-27,42.290001,42.660000,41.980000,42.509998,42.509998,978400
2022-12-28,42.560001,42.630001,41.410000,41.619999,41.619999,954800
2022-12-29,41.610001,42.220001,41.549999,41.889999,41.889999,961000
2022-12-30,41.349998,42.009998,41.220001,41.950001,41.950001,1024000
2023-01-03,42.419998,42.549999,41.540001,41.830002,41.830002,1550600
2023-01-04,42.380001,43.939999,42.200001,43.450001,43.450001,1858500
2023-01-05,42.810001,43.549999,42.070000,43.220001,43.220001,1360700
2023-01-06,44.060001,44.730000,43.580002,44.590000,44.590000,1612000
2023-01-09,44.529999,46.049999,43.970001,45.779999,45.779999,2245800
2023-01-10,45.880001,46.369999,45.439999,46.220001,46.220001,1698100
2023-01-11,46.299999,46.720001,46.049999,46.480000,46.480000,1088100
2023-01-12,46.590000,46.830002,45.740002,46.189999,46.189999,2299700
2023-01-13,45.939999,46.680000,45.730000,46.560001,46.560001,2423800
2023-01-17,46.230000,46.889999,46.150002,46.220001,46.220001,1902900
2023-01-18,45.560001,46.410000,45.410000,46.060001,46.060001,2150500
2023-01-19,45.459999,45.980000,45.060001,45.880001,45.880001,1702800
2023-01-20,46.540001,46.990002,45.849998,46.619999,46.619999,1246000
2023-01-23,48.939999,49.400002,48.020000,48.750000,48.750000,3174300
2023-01-24,48.230000,49.029999,48.009998,48.490002,48.490002,1156500
2023-01-25,47.889999,48.439999,47.290001,48.110001,48.110001,1599500
2023-01-26,48.630001,49.000000,47.480000,47.889999,47.889999,912800
2023-01-27,47.849998,48.209999,47.410000,47.480000,47.480000,1672300
2023-01-30,46.880001,48.180000,46.799999,47.650002,47.650002,1786000
2023-01-31,47.660000,48.380001,47.650002,48.150002,48.150002,2295900
2023-02-01,48.160000,49.549999,47.650002,49.220001,49.220001,3165100
2023-02-02,49.160000,49.560001,48.480000,49.180000,49.180000,2288000
2023-02-03,45.799999,47.180000,44.470001,44.680000,44.680000,6590400
2023-02-06,44.450001,45.380001,44.150002,44.790001,44.790001,2799200
2023-02-07,44.380001,45.080002,43.750000,45.009998,45.009998,2041000
2023-02-08,44.470001,44.529999,43.220001,44.189999,44.189999,2534200
2023-02-09,44.830002,45.340000,43.950001,44.110001,44.110001,1609100
2023-02-10,43.700001,44.139999,43.270000,43.779999,43.779999,2228200
2023-02-13,43.950001,44.799999,43.799999,44.750000,44.750000,1694600
2023-02-14,44.259998,45.200001,44.080002,45.070000,45.070000,1969000
2023-02-15,44.599998,45.599998,44.560001,45.330002,45.330002,1306600
2023-02-16,45.230000,45.669998,44.580002,44.580002,44.580002,1377900
2023-02-17,44.500000,45.000000,44.340000,44.720001,44.720001,1136300
2023-02-21,44.470001,44.580002,43.520000,43.540001,43.540001,1387000
2023-02-22,43.549999,44.099998,43.549999,43.889999,43.889999,1160100
2023-02-23,44.320000,44.520000,43.630001,44.240002,44.240002,1180300
2023-02-24,43.590000,44.029999,43.240002,43.880001,43.880001,1200500
2023-02-27,44.500000,44.689999,43.889999,43.939999,43.939999,1020500
2023-02-28,44.110001,44.709999,43.990002,44.509998,44.509998,1381000
2023-03-01,44.660000,45.430000,44.660000,45.320000,45.320000,1184300
2023-03-02,45.000000,46.080002,44.660000,45.939999,45.939999,1189200
2023-03-03,45.930000,46.060001,45.500000,45.869999,45.869999,1507900
2023-03-06,45.759998,45.849998,44.849998,45.040001,45.040001,1549300
2023-03-07,45.040001,45.490002,44.439999,44.509998,44.509998,1228400
2023-03-08,44.340000,44.610001,43.970001,44.340000,44.340000,1530300
2023-03-09,44.419998,44.680000,43.250000,43.340000,43.340000,1635100
2023-03-10,43.599998,43.900002,42.400002,42.980000,42.980000,1939500
2023-03-13,42.220001,42.759998,41.580002,41.660000,41.660000,1701300
2023-03-14,42.549999,43.310001,42.430000,43.080002,43.080002,1562500
2023-03-15,42.090000,43.279999,41.560001,43.220001,43.220001,1834600
2023-03-16,43.049999,44.830002,42.779999,44.709999,44.709999,1908000
2023-03-17,44.459999,44.730000,43.939999,44.439999,44.439999,1847900
2023-03-20,44.779999,45.040001,43.480000,44.000000,44.000000,1243600
2023-03-21,44.919998,45.490002,44.849998,45.270000,45.270000,1233900
2023-03-22,45.070000,45.410000,44.320000,44.340000,44.340000,1144500
2023-03-23,44.799999,45.639999,44.090000,44.459999,44.459999,1368500
2023-03-24,43.840000,45.049999,43.669998,44.910000,44.910000,1455400
2023-03-27,45.290001,45.290001,44.130001,44.669998,44.669998,1236800
2023-03-28,44.790001,45.779999,44.430000,45.750000,45.750000,1788400
2023-03-29,46.259998,46.680000,45.639999,46.150002,46.150002,1553600
2023-03-30,46.459999,46.959999,46.439999,46.529999,46.529999,965500
2023-03-31,46.709999,47.700001,46.709999,47.520000,47.520000,1605300
2023-04-03,47.259998,47.570000,46.880001,47.500000,47.500000,1113000
2023-04-04,47.419998,47.509998,46.430000,46.830002,46.830002,1908800
2023-04-05,46.180000,46.439999,45.990002,46.310001,46.310001,1265000
2023-04-06,46.049999,46.220001,45.639999,46.169998,46.169998,1479200
2023-04-10,45.990002,47.139999,45.669998,47.080002,47.080002,1277200
2023-04-11,47.430000,49.139999,47.419998,48.700001,48.700001,2477100
2023-04-12,49.169998,49.410000,48.430000,48.500000,48.500000,1838400
2023-04-13,48.939999,48.950001,48.189999,48.520000,48.520000,1544100
2023-04-14,48.799999,49.689999,48.660000,49.500000,49.500000,1567800
2023-04-17,49.599998,49.980000,49.099998,49.259998,49.259998,1924100
2023-04-18,49.400002,50.099998,49.160000,49.959999,49.959999,2562500
2023-04-19,50.049999,50.169998,49.250000,49.799999,49.799999,1404600
2023-04-20,49.910000,50.790001,49.709999,49.990002,49.990002,1236400
2023-04-21,49.910000,50.430000,49.720001,50.290001,50.290001,1437600
2023-04-24,50.139999,50.299999,49.660000,50.169998,50.169998,1614500
2023-04-25,50.299999,50.520000,48.970001,49.169998,49.169998,2815500
2023-04-26,48.869999,50.330002,48.869999,50.020000,50.020000,2565200
2023-04-27,48.810001,50.090000,47.000000,49.869999,49.869999,3511400
2023-04-28,51.259998,53.389999,50.779999,53.189999,53.189999,5623000
2023-05-01,53.500000,54.360001,52.820000,53.139999,53.139999,3078100
2023-05-02,53.119999,53.220001,51.820000,53.009998,53.009998,2319800
2023-05-03,52.799999,54.270000,52.660000,53.529999,53.529999,1954900
2023-05-04,53.130001,53.270000,51.320000,51.970001,51.970001,2334200
2023-05-05,52.470001,52.910000,51.709999,51.840000,51.840000,1890400
2023-05-08,52.070000,52.820000,51.689999,52.410000,52.410000,1480300
2023-05-09,52.299999,52.889999,52.130001,52.709999,52.709999,1195100
2023-05-10,53.230000,53.450001,51.919998,52.570000,52.570000,1322600
2023-05-11,52.560001,52.880001,52.130001,52.500000,52.500000,1700900
2023-05-12,52.509998,53.290001,52.380001,53.220001,53.220001,2201600
2023-05-15,53.320000,54.770000,53.220001,54.740002,54.740002,2500000
2023-05-16,54.029999,54.580002,53.169998,53.450001,53.450001,1767000
2023-05-17,53.590000,53.930000,53.419998,53.830002,53.830002,1169000
2023-05-18,53.900002,54.439999,53.790001,54.020000,54.020000,1441100
2023-05-19,53.029999,53.349998,50.959999,51.939999,51.939999,3183400
2023-05-22,51.810001,52.410000,51.209999,51.220001,51.220001,1725500
2023-05-23,51.000000,51.720001,50.820000,51.119999,51.119999,1439000
2023-05-24,51.290001,51.400002,50.340000,50.840000,50.840000,1668500
2023-05-25,51.000000,51.919998,50.740002,51.669998,51.669998,1379500
2023-05-26,51.459999,51.869999,50.860001,51.070000,51.070000,1759900
2023-05-30,51.360001,52.180000,51.240002,51.459999,51.459999,1805100
2023-05-31,51.090000,51.549999,50.700001,51.369999,51.369999,1796100
2023-06-01,51.029999,51.180000,50.250000,50.439999,50.439999,1357200
2023-06-02,51.410000,52.200001,50.799999,51.990002,51.990002,1749600
2023-06-05,51.590000,52.360001,51.209999,51.590000,51.590000,1313900
2023-06-06,51.700001,53.959999,51.700001,53.279999,53.279999,2415800
2023-06-07,53.150002,54.349998,52.900002,54.189999,54.189999,2490900
2023-06-08,54.290001,54.689999,53.330002,53.610001,53.610001,1692600
2023-06-09,53.810001,54.209999,53.509998,53.799999,53.799999,1079700
2023-06-12,54.090000,54.090000,52.570000,52.790001,52.790001,1634800
2023-06-13,52.830002,52.830002,51.639999,52.200001,52.200001,2214600
2023-06-14,52.180000,53.540001,52.169998,53.080002,53.080002,2031900
2023-06-15,52.610001,52.799999,51.730000,52.570000,52.570000,2529900
2023-06-16,52.959999,53.200001,51.400002,51.779999,51.779999,2109800
2023-06-20,51.490002,51.790001,50.450001,50.490002,50.490002,2641400
2023-06-21,50.840000,51.369999,50.650002,51.259998,51.259998,1287800
2023-06-22,51.139999,51.520000,50.820000,51.509998,51.509998,1052500
2023-06-23,50.860001,51.220001,50.480000,50.779999,50.779999,1344800
2023-06-26,51.090000,51.380001,50.180000,50.270000,50.270000,1574600
2023-06-27,50.869999,51.150002,50.020000,50.320000,50.320000,1495000
2023-06-28,50.349998,50.880001,50.310001,50.450001,50.450001,1630600
2023-06-29,50.619999,51.110001,49.779999,50.330002,50.330002,1701900
2023-06-30,50.500000,52.910000,50.259998,52.660000,52.660000,3321900
2023-07-03,52.730000,54.470001,52.689999,53.500000,53.500000,1364000
2023-07-05,53.419998,53.669998,52.360001,52.540001,52.540001,1450700
2023-07-06,51.779999,52.619999,51.650002,52.450001,52.450001,1383600
2023-07-07,52.349998,52.790001,51.330002,51.500000,51.500000,1467400
2023-07-10,51.549999,52.389999,51.419998,51.900002,51.900002,2011900
2023-07-11,52.070000,52.480000,51.639999,52.029999,52.029999,1304400
2023-07-12,52.500000,52.770000,51.580002,52.220001,52.220001,1617900
2023-07-13,52.150002,52.830002,51.770000,52.520000,52.520000,1158000
2023-07-14,52.619999,52.680000,51.599998,52.230000,52.230000,1281900
2023-07-17,52.200001,53.430000,51.939999,52.900002,52.900002,1568800
2023-07-18,52.900002,55.009998,52.799999,53.900002,53.900002,3105600
2023-07-19,53.840000,54.820000,53.840000,54.259998,54.259998,1687300
2023-07-20,54.259998,55.520000,53.180000,53.250000,53.250000,1898000
2023-07-21,53.730000,53.730000,52.009998,52.020000,52.020000,2026100
2023-07-24,52.209999,53.490002,52.209999,53.209999,53.209999,2210400
2023-07-25,53.360001,53.400002,52.160000,52.169998,52.169998,1843500
2023-07-26,52.029999,53.150002,51.759998,52.779999,52.779999,1653100
2023-07-27,52.410000,52.709999,50.779999,51.110001,51.110001,3230100
2023-07-28,54.500000,56.290001,54.000000,56.110001,56.110001,6143700
2023-07-31,56.470001,56.529999,55.000000,55.580002,55.580002,2127600
2023-08-01,55.360001,56.470001,55.209999,55.580002,55.580002,2182600
2023-08-02,55.150002,55.459999,54.119999,54.189999,54.189999,1394800
2023-08-03,54.330002,54.610001,53.290001,54.480000,54.480000,1935200
2023-08-04,54.720001,55.169998,54.060001,54.189999,54.189999,941400
2023-08-07,54.490002,54.709999,53.480000,54.279999,54.279999,1301900
2023-08-08,53.730000,55.000000,52.950001,54.750000,54.750000,1939600
2023-08-09,54.740002,54.790001,53.599998,54.000000,54.000000,1329800
2023-08-10,54.389999,55.619999,54.150002,54.669998,54.669998,2493600
2023-08-11,54.270000,54.430000,52.980000,53.320000,53.320000,1981000
2023-08-14,53.099998,53.380001,52.160000,53.189999,53.189999,1561900
2023-08-15,52.590000,53.040001,52.439999,52.480000,52.480000,1231700
2023-08-16,52.419998,52.750000,51.730000,51.750000,51.750000,1699700
2023-08-17,52.070000,52.139999,50.939999,51.070000,51.070000,1339100
2023-08-18,50.560001,51.090000,49.900002,50.910000,50.910000,2346600
2023-08-21,51.180000,51.720001,50.500000,51.410000,51.410000,1367100
2023-08-22,50.700001,50.700001,49.759998,50.150002,50.150002,1232000
2023-08-23,48.340000,50.570000,48.000000,50.290001,50.290001,1904100
2023-08-24,50.270000,50.369999,48.259998,48.480000,48.480000,1901700
2023-08-25,48.709999,48.970001,47.900002,48.389999,48.389999,1591600
2023-08-28,48.549999,49.240002,48.070000,48.279999,48.279999,1713000
2023-08-29,48.450001,49.790001,48.209999,49.770000,49.770000,1461900
2023-08-30,49.580002,50.240002,49.439999,50.090000,50.090000,1299100
2023-08-31,50.200001,50.459999,49.840000,50.310001,50.310001,1606800
2023-09-01,50.570000,51.630001,50.419998,51.560001,51.560001,1879200
2023-09-05,51.270000,51.630001,50.060001,50.430000,50.430000,2074500
2023-09-06,50.320000,50.380001,48.500000,48.889999,48.889999,2419700
2023-09-07,48.520000,49.400002,48.119999,49.270000,49.270000,1905700
2023-09-08,49.310001,49.450001,48.590000,49.040001,49.040001,1169900
2023-09-11,49.349998,49.580002,48.709999,49.029999,49.029999,1763300
2023-09-12,48.939999,49.730000,48.820000,49.110001,49.110001,1345700
2023-09-13,48.750000,48.939999,46.000000,47.139999,47.139999,4413300
2023-09-14,47.369999,47.750000,46.959999,47.439999,47.439999,2003100
2023-09-15,47.250000,47.470001,46.860001,47.380001,47.380001,2922300
2023-09-18,48.480000,48.619999,46.590000,47.009998,47.009998,1842000
2023-09-19,46.910000,48.169998,46.910000,47.840000,47.840000,1823400
2023-09-20,47.980000,48.270000,47.430000,47.580002,47.580002,1452600
2023-09-21,47.299999,48.549999,47.250000,47.799999,47.799999,2419500
2023-09-22,48.189999,48.369999,47.330002,47.650002,47.650002,1443000
2023-09-25,47.090000,48.599998,47.090000,48.049999,48.049999,1778300
2023-09-26,47.849998,48.060001,46.900002,47.160000,47.160000,1396900
2023-09-27,47.240002,47.480000,46.680000,47.070000,47.070000,1275200
2023-09-28,47.139999,48.070000,47.139999,47.860001,47.860001,1600200
2023-09-29,49.950001,50.619999,48.910000,48.950001,48.950001,2332000
2023-10-02,48.730000,49.310001,48.520000,48.930000,48.930000,1573600
2023-10-03,48.650002,48.990002,47.900002,48.400002,48.400002,1303300
2023-10-04,48.380001,48.840000,47.770000,48.820000,48.820000,1271600
2023-10-05,48.689999,48.849998,47.880001,47.970001,47.970001,1104700
2023-10-06,47.730000,48.759998,47.279999,48.560001,48.560001,1181400
2023-10-09,48.180000,48.180000,47.049999,47.900002,47.900002,1284400
2023-10-10,48.290001,49.360001,47.650002,48.669998,48.669998,1247200
2023-10-11,48.700001,49.029999,47.930000,48.480000,48.480000,1064600
2023-10-12,48.779999,48.950001,47.660000,48.459999,48.459999,1603100
2023-10-13,48.259998,48.580002,47.750000,48.090000,48.090000,1469200
2023-10-16,48.549999,49.730000,48.549999,49.400002,49.400002,1729300
2023-10-17,49.349998,50.990002,49.049999,50.480000,50.480000,2413100
2023-10-18,50.220001,50.380001,48.759998,49.189999,49.189999,2293500
2023-10-19,49.150002,49.820000,48.759998,48.779999,48.779999,1544200
2023-10-20,48.730000,48.990002,48.130001,48.430000,48.430000,1792900
2023-10-23,48.250000,48.310001,47.349998,48.020000,48.020000,2437200
2023-10-24,48.720001,49.080002,48.330002,48.619999,48.619999,2131400
2023-10-25,48.380001,49.349998,47.930000,47.959999,47.959999,2012100
2023-10-26,47.759998,48.110001,46.669998,46.779999,46.779999,3165900
2023-10-27,46.240002,49.799999,45.580002,46.099998,46.099998,6774100
2023-10-30,46.669998,48.630001,46.590000,48.090000,48.090000,3394900
2023-10-31,48.090000,48.279999,47.590000,48.220001,48.220001,2003300
2023-11-01,48.119999,48.419998,46.060001,46.500000,46.500000,2349300
2023-11-02,46.599998,47.340000,46.080002,47.150002,47.150002,2288700
2023-11-03,47.880001,48.340000,47.330002,47.700001,47.700001,2252900
2023-11-06,47.980000,49.240002,47.980000,49.160000,49.160000,1777400
2023-11-07,49.099998,50.450001,49.099998,50.189999,50.189999,1980000
2023-11-08,50.220001,50.950001,49.939999,50.009998,50.009998,1219900
2023-11-09,50.349998,50.980000,49.490002,49.639999,49.639999,1683900
2023-11-10,49.639999,50.040001,49.060001,50.029999,50.029999,1369500
2023-11-13,49.799999,50.000000,49.080002,49.430000,49.430000,1533800
2023-11-14,50.310001,51.180000,50.160000,50.889999,50.889999,1864900
2023-11-15,51.500000,53.279999,51.259998,52.549999,52.549999,2811100
2023-11-16,52.040001,52.380001,51.330002,51.610001,51.610001,1698200
2023-11-17,52.270000,52.549999,52.099998,52.540001,52.540001,1911900
2023-11-20,52.500000,54.630001,52.490002,54.480000,54.480000,2045500
2023-11-21,54.500000,54.570000,54.099998,54.549999,54.549999,1169900
2023-11-22,55.000000,55.459999,54.799999,55.110001,55.110001,1207800
2023-11-24,54.950001,56.049999,54.950001,56.009998,56.009998,582700
2023-11-27,55.700001,57.459999,55.509998,57.110001,57.110001,1770600
2023-11-28,57.099998,57.860001,57.060001,57.500000,57.500000,2774700
2023-11-29,58.099998,59.189999,58.000000,58.639999,58.639999,2701300
2023-11-30,58.709999,58.990002,58.049999,58.910000,58.910000,1995000
2023-12-01,58.860001,59.299999,58.169998,59.150002,59.150002,2121200
2023-12-04,58.779999,59.990002,58.779999,59.830002,59.830002,1741500
2023-12-05,59.419998,59.889999,58.950001,59.860001,59.860001,1591500
2023-12-06,60.009998,60.320000,59.099998,59.310001,59.310001,1561600
2023-12-07,59.189999,60.209999,58.810001,59.740002,59.740002,1398700
2023-12-08,59.630001,60.610001,59.580002,60.430000,60.430000,955000
2023-12-11,60.580002,61.330002,60.570000,60.779999,60.779999,1408600
2023-12-12,60.959999,61.009998,60.470001,60.660000,60.660000,1384800
2023-12-13,60.669998,61.570000,60.669998,61.509998,61.509998,1989500
2023-12-14,62.240002,63.240002,61.770000,62.599998,62.599998,1575800
2023-12-15,62.330002,62.459999,61.419998,61.709999,61.709999,4754700
2023-12-18,61.599998,62.860001,61.480000,62.080002,62.080002,1343600
2023-12-19,62.900002,63.990002,62.779999,63.750000,63.750000,1974900
2023-12-20,63.299999,63.910000,63.020000,63.070000,63.070000,1424400
2023-12-21,63.669998,63.930000,63.450001,63.810001,63.810001,1127600
2023-12-22,61.270000,62.900002,60.810001,62.169998,62.169998,2198800
2023-12-26,62.369999,62.980000,62.130001,62.669998,62.669998,829300
2023-12-27,62.639999,63.000000,62.310001,62.660000,62.660000,711800
2023-12-28,62.820000,62.849998,62.259998,62.560001,62.560001,890100
2023-12-29,62.340000,62.860001,62.250000,62.340000,62.340000,546200
2024-01-02,62.000000,62.540001,61.700001,62.130001,62.130001,1089100
2024-01-03,61.470001,61.490002,60.830002,60.950001,60.950001,1288800
2024-01-04,60.590000,61.410000,60.270000,60.330002,60.330002,1155500
2024-01-05,60.330002,61.130001,60.160000,60.400002,60.400002,1086700
2024-01-08,60.990002,63.099998,60.939999,62.869999,62.869999,2156000
2024-01-09,62.490002,62.820000,62.160000,62.540001,62.540001,1100100
2024-01-10,62.759998,63.099998,62.400002,62.959999,62.959999,887300
2024-01-11,63.040001,63.639999,62.450001,63.619999,63.619999,816600
2024-01-12,63.900002,64.000000,62.599998,63.200001,63.200001,951900
2024-01-16,62.650002,63.029999,62.220001,62.869999,62.869999,1138800
2024-01-17,62.790001,63.689999,62.020000,63.090000,63.090000,1385900
2024-01-18,63.360001,64.120003,62.439999,64.070000,64.070000,1332800
2024-01-19,64.250000,64.860001,63.680000,64.820000,64.820000,952600
2024-01-22,65.000000,65.169998,63.349998,63.540001,63.540001,1446700
2024-01-23,63.779999,64.070000,61.990002,62.110001,62.110001,1477400
2024-01-24,62.439999,62.549999,61.189999,61.299999,61.299999,1359600
2024-01-25,61.619999,62.029999,61.110001,61.900002,61.900002,1532600
2024-01-26,62.389999,63.139999,62.270000,62.880001,62.880001,973300
2024-01-29,62.939999,63.990002,62.939999,63.840000,63.840000,1778200
2024-01-30,63.599998,64.010002,63.410000,63.840000,63.840000,1360600
2024-01-31,63.669998,63.950001,62.320000,62.439999,62.439999,1830900
2024-02-01,62.919998,64.000000,62.480000,63.599998,63.599998,3356400
2024-02-02,58.750000,59.500000,56.860001,57.040001,57.040001,8326200
2024-02-05,56.740002,58.860001,56.580002,58.169998,58.169998,4095900
2024-02-06,58.540001,58.889999,57.349998,57.730000,57.730000,3157900
2024-02-07,57.500000,57.919998,56.889999,57.049999,57.049999,2190300
2024-02-08,57.639999,58.389999,57.099998,57.970001,57.970001,2065600
2024-02-09,57.990002,58.970001,57.950001,58.910000,58.910000,1382200
2024-02-12,58.950001,59.709999,58.750000,59.340000,59.340000,1680500
2024-02-13,57.980000,59.080002,57.709999,59.060001,59.060001,1801300
2024-02-14,59.650002,59.910000,58.680000,59.630001,59.630001,1926100
2024-02-15,60.520000,60.970001,60.040001,60.330002,60.330002,1598100
2024-02-16,60.060001,60.200001,59.169998,59.660000,59.660000,1172700
2024-02-20,59.200001,59.480000,57.689999,58.130001,58.130001,1705000
2024-02-21,57.910000,59.029999,57.830002,58.770000,58.770000,1177400
2024-02-22,59.230000,59.950001,59.080002,59.380001,59.380001,1154700
2024-02-23,59.720001,60.380001,59.470001,60.200001,60.200001,988700
2024-02-26,60.200001,61.029999,60.139999,60.500000,60.500000,992900
2024-02-27,60.669998,60.939999,60.279999,60.900002,60.900002,1479400
2024-02-28,60.400002,62.189999,60.400002,61.720001,61.720001,1257400
2024-02-29,62.180000,62.709999,61.500000,61.810001,61.810001,1783100
2024-03-01,61.959999,62.849998,61.419998,62.330002,62.330002,1354400
2024-03-04,62.549999,62.689999,60.110001,60.439999,60.439999,2187500
2024-03-05,59.849998,61.349998,59.330002,60.639999,60.639999,1496100
2024-03-06,61.290001,61.369999,59.540001,60.810001,60.810001,1333400
2024-03-07,61.070000,61.250000,60.509998,61.139999,61.139999,1415700
2024-03-08,61.029999,61.529999,59.930000,60.049999,60.049999,2122000